ISO-10303-21;
HEADER;
FILE_DESCRIPTION (( 'STEP AP214' ),
    '1' );
FILE_NAME ('tail_esp32_waveshare_holder.STEP',
    '2026-09-25T07:36:06',
    ( '' ),
    ( '' ),
    'SwSTEP 2.0',
    'SolidWorks 2026',
    '' );
FILE_SCHEMA (( 'AUTOMOTIVE_DESIGN' ));
ENDSEC;

DATA;
#1 = VECTOR ( 'NONE', #1502, 1000.000000000000000 ) ;
#2 = ORIENTED_EDGE ( 'NONE', *, *, #2110, .F. ) ;
#3 = ADVANCED_FACE ( 'NONE', ( #925 ), #52, .F. ) ;
#4 = EDGE_CURVE ( 'NONE', #1578, #948, #1460, .T. ) ;
#5 = LINE ( 'NONE', #341, #910 ) ;
#6 = FACE_BOUND ( 'NONE', #2255, .T. ) ;
#7 = VERTEX_POINT ( 'NONE', #1651 ) ;
#8 = EDGE_CURVE ( 'NONE', #448, #1478, #2026, .T. ) ;
#9 = ORIENTED_EDGE ( 'NONE', *, *, #1457, .T. ) ;
#10 = ORIENTED_EDGE ( 'NONE', *, *, #716, .F. ) ;
#11 = CYLINDRICAL_SURFACE ( 'NONE', #667, 0.9999999999999991118 ) ;
#12 = PRODUCT ( 'tail_esp32_waveshare_holder', 'tail_esp32_waveshare_holder', '', ( #1630 ) ) ;
#13 = LINE ( 'NONE', #22, #842 ) ;
#14 = FACE_OUTER_BOUND ( 'NONE', #1462, .T. ) ;
#15 = LINE ( 'NONE', #720, #2163 ) ;
#16 = EDGE_CURVE ( 'NONE', #1847, #379, #1472, .T. ) ;
#17 = EDGE_LOOP ( 'NONE', ( #1911, #2243, #2030, #705, #1340, #278, #1074, #736, #504, #2266 ) ) ;
#18 = ORIENTED_EDGE ( 'NONE', *, *, #608, .T. ) ;
#19 = CARTESIAN_POINT ( 'NONE',  ( -79.23205080756885366, -0.9999999999999900080, 0.000000000000000000 ) ) ;
#20 = VECTOR ( 'NONE', #157, 1000.000000000000000 ) ;
#21 = LINE ( 'NONE', #2155, #770 ) ;
#22 = CARTESIAN_POINT ( 'NONE',  ( -77.49999999999997158, 8.249999999999996447, 0.000000000000000000 ) ) ;
#23 = FACE_BOUND ( 'NONE', #517, .T. ) ;
#24 = ORIENTED_EDGE ( 'NONE', *, *, #963, .F. ) ;
#25 = VERTEX_POINT ( 'NONE', #894 ) ;
#26 = DIRECTION ( 'NONE',  ( 0.000000000000000000, -0.000000000000000000, -1.000000000000000000 ) ) ;
#27 = EDGE_CURVE ( 'NONE', #468, #1012, #15, .T. ) ;
#28 = ORIENTED_EDGE ( 'NONE', *, *, #2299, .T. ) ;
#29 = PLANE ( 'NONE',  #1973 ) ;
#30 = VECTOR ( 'NONE', #1948, 1000.000000000000227 ) ;
#31 = VECTOR ( 'NONE', #2190, 1000.000000000000000 ) ;
#32 = EDGE_CURVE ( 'NONE', #838, #2173, #2253, .T. ) ;
#33 = CARTESIAN_POINT ( 'NONE',  ( -20.00000000000000000, 11.24999999999999467, 2.000000000000000000 ) ) ;
#34 = VECTOR ( 'NONE', #407, 1000.000000000000000 ) ;
#35 = VECTOR ( 'NONE', #932, 1000.000000000000000 ) ;
#36 = VECTOR ( 'NONE', #1484, 1000.000000000000000 ) ;
#37 = CARTESIAN_POINT ( 'NONE',  ( -77.50000000000001421, 11.24999999999999467, 2.000000000000000000 ) ) ;
#38 = LINE ( 'NONE', #1842, #334 ) ;
#39 = DIRECTION ( 'NONE',  ( -0.000000000000000000, -0.000000000000000000, -1.000000000000000000 ) ) ;
#40 = CARTESIAN_POINT ( 'NONE',  ( -18.36434405146887627, 5.249999999999995559, 2.000000000000000000 ) ) ;
#41 = ORIENTED_EDGE ( 'NONE', *, *, #2165, .T. ) ;
#42 = ORIENTED_EDGE ( 'NONE', *, *, #537, .T. ) ;
#43 = ORIENTED_EDGE ( 'NONE', *, *, #716, .T. ) ;
#44 = CARTESIAN_POINT ( 'NONE',  ( -21.82844566660662977, -0.9999999999999241718, 2.000000000000000000 ) ) ;
#45 = VERTEX_POINT ( 'NONE', #1339 ) ;
#46 = EDGE_LOOP ( 'NONE', ( #860, #951 ) ) ;
#47 = LINE ( 'NONE', #1889, #1261 ) ;
#48 = ADVANCED_FACE ( 'NONE', ( #973 ), #2051, .T. ) ;
#49 = CARTESIAN_POINT ( 'NONE',  ( -21.82844566660662622, 7.249999999999999112, 2.000000000000000000 ) ) ;
#50 = CARTESIAN_POINT ( 'NONE',  ( -18.36434405146886917, -7.250000000000004441, 2.000000000000000000 ) ) ;
#51 = FACE_OUTER_BOUND ( 'NONE', #111, .T. ) ;
#52 = PLANE ( 'NONE',  #1467 ) ;
#53 = ORIENTED_EDGE ( 'NONE', *, *, #1828, .F. ) ;
#54 = CARTESIAN_POINT ( 'NONE',  ( 0.000000000000000000, -12.00000000000000000, 0.000000000000000000 ) ) ;
#55 = ORIENTED_EDGE ( 'NONE', *, *, #623, .F. ) ;
#56 = DIRECTION ( 'NONE',  ( 1.000000000000000000, 0.000000000000000000, 0.000000000000000000 ) ) ;
#57 = EDGE_CURVE ( 'NONE', #948, #1335, #1029, .T. ) ;
#58 = CARTESIAN_POINT ( 'NONE',  ( -23.74999999999999289, 11.24999999999999467, 2.000000000000000000 ) ) ;
#59 = CARTESIAN_POINT ( 'NONE',  ( -78.50000000000001421, 11.24999999999999467, 0.000000000000000000 ) ) ;
#60 = CARTESIAN_POINT ( 'NONE',  ( -20.09639485903775125, 4.249999999999996447, 2.000000000000000000 ) ) ;
#61 = CARTESIAN_POINT ( 'NONE',  ( -10.00000000000000000, 14.99999999999999645, 2.000000000000000000 ) ) ;
#62 = ORIENTED_EDGE ( 'NONE', *, *, #2154, .T. ) ;
#63 = DIRECTION ( 'NONE',  ( 0.000000000000000000, -1.000000000000000000, 0.000000000000000000 ) ) ;
#64 = VERTEX_POINT ( 'NONE', #1162 ) ;
#65 = LINE ( 'NONE', #428, #519 ) ;
#66 = VECTOR ( 'NONE', #2303, 1000.000000000000227 ) ;
#67 = VECTOR ( 'NONE', #934, 1000.000000000000000 ) ;
#68 = CIRCLE ( 'NONE', #1297, 1.000000000000000000 ) ;
#69 = EDGE_LOOP ( 'NONE', ( #2264, #388, #1431, #2105 ) ) ;
#70 = CYLINDRICAL_SURFACE ( 'NONE', #251, 1.000000000000000888 ) ;
#71 = PLANE ( 'NONE',  #283 ) ;
#72 = VECTOR ( 'NONE', #1623, 1000.000000000000114 ) ;
#73 = ADVANCED_FACE ( 'NONE', ( #1357 ), #778, .F. ) ;
#74 = DIRECTION ( 'NONE',  ( 1.000000000000000000, 0.000000000000000000, 0.000000000000000000 ) ) ;
#75 = STYLED_ITEM ( 'NONE', ( #907 ), #1937 ) ;
#76 = ORIENTED_EDGE ( 'NONE', *, *, #1792, .F. ) ;
#77 = DIRECTION ( 'NONE',  ( 0.000000000000000000, 0.000000000000000000, 1.000000000000000000 ) ) ;
#78 = ORIENTED_EDGE ( 'NONE', *, *, #1444, .T. ) ;
#79 = CARTESIAN_POINT ( 'NONE',  ( -77.50000000000004263, -8.250000000000003553, 2.000000000000000000 ) ) ;
#80 = ORIENTED_EDGE ( 'NONE', *, *, #265, .T. ) ;
#81 = PLANE ( 'NONE',  #2053 ) ;
#82 = CARTESIAN_POINT ( 'NONE',  ( 6.000000000000000000, -2.444036937190193349E-14, 2.000000000000000000 ) ) ;
#83 = ORIENTED_EDGE ( 'NONE', *, *, #1604, .T. ) ;
#84 = DIRECTION ( 'NONE',  ( -0.000000000000000000, -0.000000000000000000, -1.000000000000000000 ) ) ;
#85 = ADVANCED_FACE ( 'NONE', ( #1858 ), #2038, .T. ) ;
#86 = ORIENTED_EDGE ( 'NONE', *, *, #1093, .F. ) ;
#87 = FACE_OUTER_BOUND ( 'NONE', #546, .T. ) ;
#88 = VERTEX_POINT ( 'NONE', #1500 ) ;
#89 = FACE_OUTER_BOUND ( 'NONE', #399, .T. ) ;
#90 = CARTESIAN_POINT ( 'NONE',  ( -80.99999999999998579, 14.99999999999998757, 2.000000000000000000 ) ) ;
#91 = CIRCLE ( 'NONE', #1997, 1.000000000000000888 ) ;
#92 = VERTEX_POINT ( 'NONE', #1846 ) ;
#93 = LINE ( 'NONE', #1164, #20 ) ;
#94 = ORIENTED_EDGE ( 'NONE', *, *, #790, .T. ) ;
#95 = DIRECTION ( 'NONE',  ( 0.000000000000000000, 0.000000000000000000, 1.000000000000000000 ) ) ;
#96 = ORIENTED_EDGE ( 'NONE', *, *, #682, .T. ) ;
#97 = CARTESIAN_POINT ( 'NONE',  ( -20.00000000000000000, -11.25000000000000533, 2.000000000000000000 ) ) ;
#98 = EDGE_CURVE ( 'NONE', #2173, #872, #1663, .T. ) ;
#99 = EDGE_CURVE ( 'NONE', #1053, #1963, #2064, .T. ) ;
#100 = AXIS2_PLACEMENT_3D ( 'NONE', #1732, #1982, #26 ) ;
#101 = AXIS2_PLACEMENT_3D ( 'NONE', #389, #1461, #74 ) ;
#102 = ORIENTED_EDGE ( 'NONE', *, *, #16, .T. ) ;
#103 = LINE ( 'NONE', #1561, #586 ) ;
#104 = DIRECTION ( 'NONE',  ( 0.000000000000000000, 0.000000000000000000, 1.000000000000000000 ) ) ;
#105 = VECTOR ( 'NONE', #1546, 1000.000000000000227 ) ;
#106 = CARTESIAN_POINT ( 'NONE',  ( -20.00000000000000000, 11.24999999999999467, 0.000000000000000000 ) ) ;
#107 = DIRECTION ( 'NONE',  ( 0.5000000000000008882, -0.8660254037844382635, 0.000000000000000000 ) ) ;
#108 = VECTOR ( 'NONE', #349, 1000.000000000000114 ) ;
#109 = ORIENTED_EDGE ( 'NONE', *, *, #126, .F. ) ;
#110 = DIRECTION ( 'NONE',  ( 1.000000000000000000, 0.000000000000000000, 0.000000000000000000 ) ) ;
#111 = EDGE_LOOP ( 'NONE', ( #800, #1855, #10, #1240 ) ) ;
#112 = VECTOR ( 'NONE', #404, 1000.000000000000000 ) ;
#113 = PLANE ( 'NONE',  #1706 ) ;
#114 = EDGE_CURVE ( 'NONE', #2322, #1411, #246, .T. ) ;
#115 = CARTESIAN_POINT ( 'NONE',  ( -77.50000000000001421, -1.999999999999974909, 0.000000000000000000 ) ) ;
#116 = CARTESIAN_POINT ( 'NONE',  ( -10.00000000000000000, 11.99999999999999645, 2.000000000000000000 ) ) ;
#117 = CARTESIAN_POINT ( 'NONE',  ( -75.76794919243116055, -5.249999999999999112, 2.000000000000000000 ) ) ;
#118 = VERTEX_POINT ( 'NONE', #274 ) ;
#119 = CARTESIAN_POINT ( 'NONE',  ( 0.000000000000000000, 7.000000000000000000, 2.000000000000000000 ) ) ;
#120 = ORIENTED_EDGE ( 'NONE', *, *, #2224, .F. ) ;
#121 = EDGE_LOOP ( 'NONE', ( #169, #690, #1251, #505, #2054, #2183 ) ) ;
#122 = CARTESIAN_POINT ( 'NONE',  ( -18.36434405146887627, 5.249999999999995559, 0.000000000000000000 ) ) ;
#123 = PLANE ( 'NONE',  #2281 ) ;
#124 = CARTESIAN_POINT ( 'NONE',  ( -80.99999999999998579, 14.99999999999998757, 2.000000000000000000 ) ) ;
#125 = CARTESIAN_POINT ( 'NONE',  ( -77.50000000000001421, -11.25000000000000711, 0.000000000000000000 ) ) ;
#126 = EDGE_CURVE ( 'NONE', #2296, #1740, #461, .T. ) ;
#127 = CARTESIAN_POINT ( 'NONE',  ( -79.23205080756892471, -5.249999999999999112, 0.000000000000000000 ) ) ;
#128 = LINE ( 'NONE', #302, #1433 ) ;
#129 = EDGE_CURVE ( 'NONE', #2249, #448, #264, .T. ) ;
#130 = DIRECTION ( 'NONE',  ( 0.4999999999999988898, 0.8660254037844393737, -0.000000000000000000 ) ) ;
#131 = CARTESIAN_POINT ( 'NONE',  ( -1.000000000000048850, -7.000000000000000000, 0.000000000000000000 ) ) ;
#132 = ORIENTED_EDGE ( 'NONE', *, *, #1953, .T. ) ;
#133 = FACE_OUTER_BOUND ( 'NONE', #1849, .T. ) ;
#134 = VERTEX_POINT ( 'NONE', #946 ) ;
#135 = VECTOR ( 'NONE', #84, 1000.000000000000000 ) ;
#136 = EDGE_LOOP ( 'NONE', ( #605, #2088, #615, #2000 ) ) ;
#137 = DIRECTION ( 'NONE',  ( 0.000000000000000000, 0.000000000000000000, 1.000000000000000000 ) ) ;
#138 = CARTESIAN_POINT ( 'NONE',  ( -77.50000000000000000, 1.999999999999994449, 2.000000000000000000 ) ) ;
#139 = DIRECTION ( 'NONE',  ( -0.8660254037844381525, -0.5000000000000008882, 0.000000000000000000 ) ) ;
#140 = LINE ( 'NONE', #115, #291 ) ;
#141 = AXIS2_PLACEMENT_3D ( 'NONE', #1571, #2313, #1204 ) ;
#142 = CARTESIAN_POINT ( 'NONE',  ( 0.000000000000000000, 0.000000000000000000, 2.000000000000000000 ) ) ;
#143 = ORIENTED_EDGE ( 'NONE', *, *, #196, .F. ) ;
#144 = DIRECTION ( 'NONE',  ( -1.000000000000000000, 0.000000000000000000, 0.000000000000000000 ) ) ;
#145 = VECTOR ( 'NONE', #1087, 1000.000000000000000 ) ;
#146 = EDGE_CURVE ( 'NONE', #156, #2092, #821, .T. ) ;
#147 = ORIENTED_EDGE ( 'NONE', *, *, #1313, .T. ) ;
#148 = VECTOR ( 'NONE', #2025, 1000.000000000000227 ) ;
#149 = EDGE_LOOP ( 'NONE', ( #1619, #1704, #1899, #538 ) ) ;
#150 = FACE_OUTER_BOUND ( 'NONE', #417, .T. ) ;
#151 = AXIS2_PLACEMENT_3D ( 'NONE', #1901, #469, #1657 ) ;
#152 = DIRECTION ( 'NONE',  ( 0.000000000000000000, 0.000000000000000000, 1.000000000000000000 ) ) ;
#153 = PLANE ( 'NONE',  #1300 ) ;
#154 = CARTESIAN_POINT ( 'NONE',  ( -8.000000000000000000, 7.332110811570580046E-14, 2.000000000000000000 ) ) ;
#155 = DIRECTION ( 'NONE',  ( -0.000000000000000000, -0.000000000000000000, -1.000000000000000000 ) ) ;
#156 = VERTEX_POINT ( 'NONE', #810 ) ;
#157 = DIRECTION ( 'NONE',  ( -0.000000000000000000, -0.000000000000000000, -1.000000000000000000 ) ) ;
#158 = ORIENTED_EDGE ( 'NONE', *, *, #201, .F. ) ;
#159 = ADVANCED_FACE ( 'NONE', ( #1511 ), #71, .T. ) ;
#160 = ORIENTED_EDGE ( 'NONE', *, *, #1063, .T. ) ;
#161 = CARTESIAN_POINT ( 'NONE',  ( 0.9999999999999512612, -7.000000000000000000, 2.000000000000000000 ) ) ;
#162 = DIRECTION ( 'NONE',  ( -0.000000000000000000, -0.000000000000000000, -1.000000000000000000 ) ) ;
#163 = CARTESIAN_POINT ( 'NONE',  ( -20.09639485903775480, 2.000000000000073275, 2.000000000000000000 ) ) ;
#164 = CARTESIAN_POINT ( 'NONE',  ( -18.36434405146887627, 5.249999999999995559, 2.000000000000000000 ) ) ;
#165 = DIRECTION ( 'NONE',  ( 0.000000000000000000, 0.000000000000000000, 1.000000000000000000 ) ) ;
#166 = CARTESIAN_POINT ( 'NONE',  ( -20.09639485903775480, 8.249999999999998224, 2.000000000000000000 ) ) ;
#167 = VERTEX_POINT ( 'NONE', #637 ) ;
#168 = PLANE ( 'NONE',  #237 ) ;
#169 = ORIENTED_EDGE ( 'NONE', *, *, #32, .T. ) ;
#170 = VERTEX_POINT ( 'NONE', #2219 ) ;
#171 = LINE ( 'NONE', #122, #474 ) ;
#172 = CIRCLE ( 'NONE', #689, 1.000000000000000888 ) ;
#173 = EDGE_CURVE ( 'NONE', #1850, #633, #2238, .T. ) ;
#174 = EDGE_CURVE ( 'NONE', #1921, #2322, #1140, .T. ) ;
#175 = CARTESIAN_POINT ( 'NONE',  ( -73.75000000000000000, -11.25000000000000711, 2.000000000000000000 ) ) ;
#176 = FACE_BOUND ( 'NONE', #981, .T. ) ;
#177 = ORIENTED_EDGE ( 'NONE', *, *, #1952, .F. ) ;
#178 = VECTOR ( 'NONE', #565, 1000.000000000000000 ) ;
#179 = VERTEX_POINT ( 'NONE', #82 ) ;
#180 = AXIS2_PLACEMENT_3D ( 'NONE', #267, #77, #768 ) ;
#181 = VECTOR ( 'NONE', #1469, 1000.000000000000000 ) ;
#182 = VERTEX_POINT ( 'NONE', #983 ) ;
#183 = FILL_AREA_STYLE ('',( #1421 ) ) ;
#184 = VECTOR ( 'NONE', #1639, 999.9999999999998863 ) ;
#185 = VECTOR ( 'NONE', #1170, 1000.000000000000000 ) ;
#186 = CIRCLE ( 'NONE', #180, 1.000000000000000888 ) ;
#187 = EDGE_CURVE ( 'NONE', #1990, #1320, #1362, .T. ) ;
#188 = DIRECTION ( 'NONE',  ( -0.000000000000000000, -0.000000000000000000, -1.000000000000000000 ) ) ;
#189 = DIRECTION ( 'NONE',  ( -0.000000000000000000, -0.000000000000000000, -1.000000000000000000 ) ) ;
#190 = PLANE ( 'NONE',  #1368 ) ;
#191 = DIRECTION ( 'NONE',  ( -0.8660254037844387076, 0.4999999999999997780, 0.000000000000000000 ) ) ;
#192 = ORIENTED_EDGE ( 'NONE', *, *, #851, .F. ) ;
#193 = ORIENTED_EDGE ( 'NONE', *, *, #416, .F. ) ;
#194 = LINE ( 'NONE', #44, #286 ) ;
#195 = PRODUCT_DEFINITION_SHAPE ( 'NONE', 'NONE',  #2251 ) ;
#196 = EDGE_CURVE ( 'NONE', #1375, #2208, #1185, .T. ) ;
#197 = DIRECTION ( 'NONE',  ( 1.000000000000000000, 0.000000000000000000, 0.000000000000000000 ) ) ;
#198 = CARTESIAN_POINT ( 'NONE',  ( -73.75000000000000000, -11.25000000000000711, 2.000000000000000000 ) ) ;
#199 = ORIENTED_EDGE ( 'NONE', *, *, #1507, .T. ) ;
#200 = DIRECTION ( 'NONE',  ( 0.000000000000000000, 0.000000000000000000, 1.000000000000000000 ) ) ;
#201 = EDGE_CURVE ( 'NONE', #1190, #88, #2273, .T. ) ;
#202 = CARTESIAN_POINT ( 'NONE',  ( -4.888073874380386697E-14, -7.000000000000000000, 2.000000000000000000 ) ) ;
#203 = ORIENTED_EDGE ( 'NONE', *, *, #992, .T. ) ;
#204 = DIRECTION ( 'NONE',  ( 0.000000000000000000, 1.000000000000000000, 0.000000000000000000 ) ) ;
#205 = CARTESIAN_POINT ( 'NONE',  ( -18.36434405146887983, -0.9999999999999249489, 0.000000000000000000 ) ) ;
#206 = LINE ( 'NONE', #359, #31 ) ;
#207 = CARTESIAN_POINT ( 'NONE',  ( -19.00000000000000000, 11.24999999999999467, 2.000000000000000000 ) ) ;
#208 = EDGE_LOOP ( 'NONE', ( #666, #1773, #676, #1352 ) ) ;
#209 = DIRECTION ( 'NONE',  ( 0.000000000000000000, -1.000000000000000000, 0.000000000000000000 ) ) ;
#210 = ORIENTED_EDGE ( 'NONE', *, *, #1253, .T. ) ;
#211 = ORIENTED_EDGE ( 'NONE', *, *, #650, .F. ) ;
#212 = DIRECTION ( 'NONE',  ( 0.8660254037844377084, -0.5000000000000015543, 0.000000000000000000 ) ) ;
#213 = AXIS2_PLACEMENT_3D ( 'NONE', #1893, #2260, #452 ) ;
#214 = EDGE_CURVE ( 'NONE', #221, #1526, #128, .T. ) ;
#215 = EDGE_LOOP ( 'NONE', ( #2206, #1258, #1061, #2007 ) ) ;
#216 = CARTESIAN_POINT ( 'NONE',  ( 0.000000000000000000, -10.00000000000000000, 2.000000000000000000 ) ) ;
#217 = AXIS2_PLACEMENT_3D ( 'NONE', #2193, #1860, #2184 ) ;
#218 = AXIS2_PLACEMENT_3D ( 'NONE', #142, #478, #822 ) ;
#219 = CARTESIAN_POINT ( 'NONE',  ( -23.74999999999999289, 11.24999999999999467, 2.000000000000000000 ) ) ;
#220 = DIRECTION ( 'NONE',  ( -1.000000000000000000, 0.000000000000000000, 0.000000000000000000 ) ) ;
#221 = VERTEX_POINT ( 'NONE', #831 ) ;
#222 = CARTESIAN_POINT ( 'NONE',  ( -80.99999999999998579, 14.99999999999998757, 0.000000000000000000 ) ) ;
#223 = DIRECTION ( 'NONE',  ( 0.8660254037844387076, -0.4999999999999997780, 0.000000000000000000 ) ) ;
#224 = ORIENTED_EDGE ( 'NONE', *, *, #1005, .F. ) ;
#225 = EDGE_CURVE ( 'NONE', #882, #1012, #1544, .T. ) ;
#226 = CARTESIAN_POINT ( 'NONE',  ( -80.99999999999998579, -15.00000000000000000, 0.000000000000000000 ) ) ;
#227 = CARTESIAN_POINT ( 'NONE',  ( -18.36434405146887983, -0.9999999999999249489, 2.000000000000000000 ) ) ;
#228 = CARTESIAN_POINT ( 'NONE',  ( -79.23205080756885366, 1.000000000000003997, 2.000000000000000000 ) ) ;
#229 = DIRECTION ( 'NONE',  ( -0.000000000000000000, -0.000000000000000000, -1.000000000000000000 ) ) ;
#230 = LINE ( 'NONE', #1652, #67 ) ;
#231 = EDGE_LOOP ( 'NONE', ( #427, #826, #1010, #1512 ) ) ;
#232 = CARTESIAN_POINT ( 'NONE',  ( -23.74999999999998934, -11.25000000000000533, 0.000000000000000000 ) ) ;
#233 = ORIENTED_EDGE ( 'NONE', *, *, #779, .F. ) ;
#234 = CARTESIAN_POINT ( 'NONE',  ( -18.36434405146887627, 5.249999999999995559, 2.000000000000000000 ) ) ;
#235 = EDGE_CURVE ( 'NONE', #1963, #413, #2290, .T. ) ;
#236 = EDGE_CURVE ( 'NONE', #1888, #793, #314, .T. ) ;
#237 = AXIS2_PLACEMENT_3D ( 'NONE', #1587, #2320, #1351 ) ;
#238 = LINE ( 'NONE', #1254, #1744 ) ;
#239 = ORIENTED_EDGE ( 'NONE', *, *, #2138, .F. ) ;
#240 = LINE ( 'NONE', #944, #516 ) ;
#241 = DIRECTION ( 'NONE',  ( -0.000000000000000000, -0.000000000000000000, -1.000000000000000000 ) ) ;
#242 = DIRECTION ( 'NONE',  ( 1.000000000000000000, 0.000000000000000000, 0.000000000000000000 ) ) ;
#243 = ORIENTED_EDGE ( 'NONE', *, *, #2323, .T. ) ;
#244 = DIRECTION ( 'NONE',  ( 1.000000000000000000, 0.000000000000000000, 0.000000000000000000 ) ) ;
#245 = ORIENTED_EDGE ( 'NONE', *, *, #762, .F. ) ;
#246 = CIRCLE ( 'NONE', #2084, 1.000000000000000888 ) ;
#247 = DIRECTION ( 'NONE',  ( 0.8660254037844385966, -0.5000000000000000000, 0.000000000000000000 ) ) ;
#248 = VECTOR ( 'NONE', #923, 1000.000000000000000 ) ;
#249 = FACE_OUTER_BOUND ( 'NONE', #1787, .T. ) ;
#250 = VECTOR ( 'NONE', #414, 1000.000000000000000 ) ;
#251 = AXIS2_PLACEMENT_3D ( 'NONE', #1499, #763, #589 ) ;
#252 = EDGE_CURVE ( 'NONE', #1202, #679, #1175, .T. ) ;
#253 = LINE ( 'NONE', #263, #2097 ) ;
#254 = CARTESIAN_POINT ( 'NONE',  ( -76.50000000000001421, -11.25000000000000711, 2.000000000000000000 ) ) ;
#255 = AXIS2_PLACEMENT_3D ( 'NONE', #1532, #1033, #1006 ) ;
#256 = ORIENTED_EDGE ( 'NONE', *, *, #1646, .T. ) ;
#257 = LINE ( 'NONE', #781, #1134 ) ;
#258 = ORIENTED_EDGE ( 'NONE', *, *, #236, .F. ) ;
#259 = ORIENTED_EDGE ( 'NONE', *, *, #554, .F. ) ;
#260 = ORIENTED_EDGE ( 'NONE', *, *, #2225, .F. ) ;
#261 = LINE ( 'NONE', #1496, #1334 ) ;
#262 = PLANE ( 'NONE',  #1553 ) ;
#263 = CARTESIAN_POINT ( 'NONE',  ( -79.23205080756883945, 5.249999999999993783, 2.000000000000000000 ) ) ;
#264 = LINE ( 'NONE', #116, #617 ) ;
#265 = EDGE_CURVE ( 'NONE', #1419, #329, #1624, .T. ) ;
#266 = ORIENTED_EDGE ( 'NONE', *, *, #1857, .F. ) ;
#267 = CARTESIAN_POINT ( 'NONE',  ( -77.50000000000001421, -11.25000000000000711, 2.000000000000000000 ) ) ;
#268 = EDGE_CURVE ( 'NONE', #118, #170, #5, .T. ) ;
#269 = ORIENTED_EDGE ( 'NONE', *, *, #429, .T. ) ;
#270 = DIRECTION ( 'NONE',  ( -0.000000000000000000, -0.000000000000000000, -1.000000000000000000 ) ) ;
#271 = PLANE ( 'NONE',  #1037 ) ;
#272 = ORIENTED_EDGE ( 'NONE', *, *, #2123, .F. ) ;
#273 = CARTESIAN_POINT ( 'NONE',  ( -21.82844566660662977, -0.9999999999999241718, 2.000000000000000000 ) ) ;
#274 = CARTESIAN_POINT ( 'NONE',  ( -75.76794919243116055, -7.249999999999999112, 2.000000000000000000 ) ) ;
#275 = LINE ( 'NONE', #812, #105 ) ;
#276 = ORIENTED_EDGE ( 'NONE', *, *, #129, .F. ) ;
#277 = DIRECTION ( 'NONE',  ( -0.000000000000000000, -0.000000000000000000, -1.000000000000000000 ) ) ;
#278 = ORIENTED_EDGE ( 'NONE', *, *, #2323, .F. ) ;
#279 = ADVANCED_FACE ( 'NONE', ( #2112 ), #500, .T. ) ;
#280 = EDGE_CURVE ( 'NONE', #1450, #1038, #1758, .T. ) ;
#281 = ORIENTED_EDGE ( 'NONE', *, *, #1236, .F. ) ;
#282 = CARTESIAN_POINT ( 'NONE',  ( -80.99999999999998579, -15.00000000000000000, 2.000000000000000000 ) ) ;
#283 = AXIS2_PLACEMENT_3D ( 'NONE', #1533, #1488, #602 ) ;
#284 = CARTESIAN_POINT ( 'NONE',  ( -10.00000000000000000, -15.00000000000000000, 2.000000000000000000 ) ) ;
#285 = CIRCLE ( 'NONE', #1776, 1.000000000000000000 ) ;
#286 = VECTOR ( 'NONE', #1984, 1000.000000000000000 ) ;
#287 = LINE ( 'NONE', #460, #185 ) ;
#288 = DIRECTION ( 'NONE',  ( 0.000000000000000000, -1.000000000000000000, 0.000000000000000000 ) ) ;
#289 = VECTOR ( 'NONE', #1949, 1000.000000000000227 ) ;
#290 = CARTESIAN_POINT ( 'NONE',  ( -77.49999999999997158, 8.249999999999996447, 2.000000000000000000 ) ) ;
#291 = VECTOR ( 'NONE', #636, 1000.000000000000114 ) ;
#292 = ORIENTED_EDGE ( 'NONE', *, *, #920, .F. ) ;
#293 = LINE ( 'NONE', #2276, #1653 ) ;
#294 = VERTEX_POINT ( 'NONE', #154 ) ;
#295 = ORIENTED_EDGE ( 'NONE', *, *, #594, .T. ) ;
#296 = FACE_OUTER_BOUND ( 'NONE', #358, .T. ) ;
#297 = LINE ( 'NONE', #840, #108 ) ;
#298 = PLANE ( 'NONE',  #2052 ) ;
#299 = EDGE_CURVE ( 'NONE', #977, #1230, #1031, .T. ) ;
#300 = DIRECTION ( 'NONE',  ( 0.8660254037844382635, -0.5000000000000004441, 0.000000000000000000 ) ) ;
#301 = CARTESIAN_POINT ( 'NONE',  ( -73.75000000000000000, 11.24999999999999467, 2.000000000000000000 ) ) ;
#302 = CARTESIAN_POINT ( 'NONE',  ( -77.50000000000000000, 1.999999999999994449, 2.000000000000000000 ) ) ;
#303 = DIRECTION ( 'NONE',  ( 0.000000000000000000, -1.000000000000000000, 0.000000000000000000 ) ) ;
#304 = ADVANCED_FACE ( 'NONE', ( #870 ), #1584, .T. ) ;
#305 = VERTEX_POINT ( 'NONE', #1958 ) ;
#306 = DIRECTION ( 'NONE',  ( 1.000000000000000000, 0.000000000000000000, -0.000000000000000000 ) ) ;
#307 = ORIENTED_EDGE ( 'NONE', *, *, #1767, .F. ) ;
#308 = VERTEX_POINT ( 'NONE', #350 ) ;
#309 = CYLINDRICAL_SURFACE ( 'NONE', #657, 1.000000000000000000 ) ;
#310 = LINE ( 'NONE', #1440, #989 ) ;
#311 = CARTESIAN_POINT ( 'NONE',  ( -10.00000000000000000, 14.99999999999999645, 0.000000000000000000 ) ) ;
#312 = EDGE_CURVE ( 'NONE', #1250, #1106, #1056, .T. ) ;
#313 = ADVANCED_FACE ( 'NONE', ( #1598 ), #1605, .T. ) ;
#314 = LINE ( 'NONE', #1408, #324 ) ;
#315 = PLANE ( 'NONE',  #1071 ) ;
#316 = ORIENTED_EDGE ( 'NONE', *, *, #1041, .T. ) ;
#317 = CARTESIAN_POINT ( 'NONE',  ( -79.23205080756883945, 7.250000000000001776, 2.000000000000000000 ) ) ;
#318 = ORIENTED_EDGE ( 'NONE', *, *, #98, .F. ) ;
#319 = ORIENTED_EDGE ( 'NONE', *, *, #280, .F. ) ;
#320 = CARTESIAN_POINT ( 'NONE',  ( 1.000000000000000000, 7.000000000000000000, 2.000000000000000000 ) ) ;
#321 = DIRECTION ( 'NONE',  ( 0.000000000000000000, -1.000000000000000000, 0.000000000000000000 ) ) ;
#322 = FACE_OUTER_BOUND ( 'NONE', #1002, .T. ) ;
#323 = DIRECTION ( 'NONE',  ( 0.8660254037844382635, -0.5000000000000004441, 0.000000000000000000 ) ) ;
#324 = VECTOR ( 'NONE', #2126, 1000.000000000000000 ) ;
#325 = AXIS2_PLACEMENT_3D ( 'NONE', #163, #904, #1004 ) ;
#326 = EDGE_CURVE ( 'NONE', #1424, #1188, #206, .T. ) ;
#327 = CARTESIAN_POINT ( 'NONE',  ( -79.23205080756883945, 5.249999999999993783, 2.000000000000000000 ) ) ;
#328 = CARTESIAN_POINT ( 'NONE',  ( -77.49999999999997158, 8.249999999999996447, 2.000000000000000000 ) ) ;
#329 = VERTEX_POINT ( 'NONE', #59 ) ;
#330 = CARTESIAN_POINT ( 'NONE',  ( -75.76794919243116055, -7.249999999999999112, 0.000000000000000000 ) ) ;
#331 = AXIS2_PLACEMENT_3D ( 'NONE', #2003, #1823, #223 ) ;
#332 = ORIENTED_EDGE ( 'NONE', *, *, #268, .T. ) ;
#333 = ORIENTED_EDGE ( 'NONE', *, *, #27, .F. ) ;
#334 = VECTOR ( 'NONE', #1112, 1000.000000000000000 ) ;
#335 = ORIENTED_EDGE ( 'NONE', *, *, #1986, .F. ) ;
#336 = CYLINDRICAL_SURFACE ( 'NONE', #1600, 1.000000000000000000 ) ;
#337 = VECTOR ( 'NONE', #2177, 1000.000000000000000 ) ;
#338 = FACE_OUTER_BOUND ( 'NONE', #988, .T. ) ;
#339 = LINE ( 'NONE', #2135, #401 ) ;
#340 = CARTESIAN_POINT ( 'NONE',  ( -75.76794919243116055, -0.9999999999999870104, 2.000000000000000000 ) ) ;
#341 = CARTESIAN_POINT ( 'NONE',  ( -75.76794919243116055, -7.249999999999999112, 2.000000000000000000 ) ) ;
#342 = CARTESIAN_POINT ( 'NONE',  ( -21.82844566660662622, 5.249999999999995559, 0.000000000000000000 ) ) ;
#343 = ORIENTED_EDGE ( 'NONE', *, *, #1418, .F. ) ;
#344 = DIRECTION ( 'NONE',  ( -0.8660254037844383745, 0.5000000000000003331, 0.000000000000000000 ) ) ;
#345 = EDGE_LOOP ( 'NONE', ( #1679, #896, #387, #2056 ) ) ;
#346 = VERTEX_POINT ( 'NONE', #1638 ) ;
#347 = PLANE ( 'NONE',  #878 ) ;
#348 = EDGE_CURVE ( 'NONE', #1427, #882, #754, .T. ) ;
#349 = DIRECTION ( 'NONE',  ( 0.8660254037844381525, -0.5000000000000008882, 0.000000000000000000 ) ) ;
#350 = CARTESIAN_POINT ( 'NONE',  ( 8.000000000000000000, -2.431790469198719834E-14, 2.000000000000000000 ) ) ;
#351 = DIRECTION ( 'NONE',  ( -1.541976423090495387E-16, 1.000000000000000000, -0.000000000000000000 ) ) ;
#352 = ORIENTED_EDGE ( 'NONE', *, *, #1077, .F. ) ;
#353 = ORIENTED_EDGE ( 'NONE', *, *, #1322, .T. ) ;
#354 = ORIENTED_EDGE ( 'NONE', *, *, #369, .T. ) ;
#355 = DIRECTION ( 'NONE',  ( 0.000000000000000000, 1.000000000000000000, 0.000000000000000000 ) ) ;
#356 = VECTOR ( 'NONE', #344, 1000.000000000000227 ) ;
#357 = EDGE_CURVE ( 'NONE', #1682, #787, #1458, .T. ) ;
#358 = EDGE_LOOP ( 'NONE', ( #2114, #260, #1607, #571 ) ) ;
#359 = CARTESIAN_POINT ( 'NONE',  ( -73.75000000000000000, 11.24999999999999467, 0.000000000000000000 ) ) ;
#360 = FACE_OUTER_BOUND ( 'NONE', #701, .T. ) ;
#361 = ORIENTED_EDGE ( 'NONE', *, *, #173, .T. ) ;
#362 = LINE ( 'NONE', #222, #940 ) ;
#363 = VECTOR ( 'NONE', #1832, 1000.000000000000000 ) ;
#364 = ORIENTED_EDGE ( 'NONE', *, *, #2124, .T. ) ;
#365 = VECTOR ( 'NONE', #1698, 1000.000000000000000 ) ;
#366 = EDGE_LOOP ( 'NONE', ( #1554, #527, #1231, #1788 ) ) ;
#367 = DIRECTION ( 'NONE',  ( -0.000000000000000000, -0.000000000000000000, -1.000000000000000000 ) ) ;
#368 = VECTOR ( 'NONE', #942, 1000.000000000000000 ) ;
#369 = EDGE_CURVE ( 'NONE', #1453, #1874, #285, .T. ) ;
#370 = VECTOR ( 'NONE', #1717, 1000.000000000000000 ) ;
#371 = EDGE_CURVE ( 'NONE', #2208, #482, #718, .T. ) ;
#372 = DIRECTION ( 'NONE',  ( -1.541976423090495387E-16, 1.000000000000000000, -0.000000000000000000 ) ) ;
#373 = CARTESIAN_POINT ( 'NONE',  ( -6.000000000000000888, 7.344357279562053561E-14, 2.000000000000000000 ) ) ;
#374 = FACE_BOUND ( 'NONE', #1091, .T. ) ;
#375 = ORIENTED_EDGE ( 'NONE', *, *, #964, .F. ) ;
#376 = CARTESIAN_POINT ( 'NONE',  ( 0.000000000000000000, 0.000000000000000000, 0.000000000000000000 ) ) ;
#377 = EDGE_LOOP ( 'NONE', ( #1865, #917, #746, #600, #2018, #1615 ) ) ;
#378 = DIRECTION ( 'NONE',  ( 1.000000000000000000, 0.000000000000000000, 0.000000000000000000 ) ) ;
#379 = VERTEX_POINT ( 'NONE', #899 ) ;
#380 = LINE ( 'NONE', #2195, #1907 ) ;
#381 = DIRECTION ( 'NONE',  ( -0.8660254037844387076, 0.4999999999999997780, 0.000000000000000000 ) ) ;
#382 = CARTESIAN_POINT ( 'NONE',  ( 8.000000000000000000, -2.431790469198719834E-14, 2.000000000000000000 ) ) ;
#383 = ADVANCED_FACE ( 'NONE', ( #408 ), #1089, .F. ) ;
#384 = EDGE_CURVE ( 'NONE', #1190, #430, #1422, .T. ) ;
#385 = DIRECTION ( 'NONE',  ( -1.000000000000000000, 0.000000000000000000, 0.000000000000000000 ) ) ;
#386 = DIRECTION ( 'NONE',  ( 0.8660254037844384856, 0.5000000000000001110, 0.000000000000000000 ) ) ;
#387 = ORIENTED_EDGE ( 'NONE', *, *, #1766, .T. ) ;
#388 = ORIENTED_EDGE ( 'NONE', *, *, #453, .F. ) ;
#389 = CARTESIAN_POINT ( 'NONE',  ( 0.000000000000000000, 7.000000000000000000, 2.000000000000000000 ) ) ;
#390 = EDGE_LOOP ( 'NONE', ( #403, #1163, #967, #1442 ) ) ;
#391 = ORIENTED_EDGE ( 'NONE', *, *, #724, .F. ) ;
#392 = LINE ( 'NONE', #1277, #2285 ) ;
#393 = VECTOR ( 'NONE', #277, 1000.000000000000000 ) ;
#394 = CARTESIAN_POINT ( 'NONE',  ( -21.82844566660663332, -5.249999999999999112, 2.000000000000000000 ) ) ;
#395 = CARTESIAN_POINT ( 'NONE',  ( -80.99999999999998579, -15.00000000000000000, 0.000000000000000000 ) ) ;
#396 = VERTEX_POINT ( 'NONE', #219 ) ;
#397 = EDGE_CURVE ( 'NONE', #1495, #167, #892, .T. ) ;
#398 = CLOSED_SHELL ( 'NONE', ( #751, #1304, #1278, #1974, #891, #1609, #1531, #1918, #1178, #2279, #1149, #3, #526, #2262, #383, #868, #1723, #488, #73, #750, #2261, #1822, #1121, #1904, #553, #1872, #1361, #902, #2002, #1647, #738, #819, #85, #1720, #1779, #1432, #945, #1193, #498, #48, #313, #1195, #1108, #2210, #304, #159, #510, #684, #540, #976, #279, #1678, #1244, #2248, #1107, #1065, #1864, #1428, #1829, #1136, #668, #1734, #1337, #919, #2020, #1754, #888, #651 ) ) ;
#399 = EDGE_LOOP ( 'NONE', ( #1799, #364, #544, #86 ) ) ;
#400 = CARTESIAN_POINT ( 'NONE',  ( 7.000000000000000000, -2.444036937190193349E-14, 0.000000000000000000 ) ) ;
#401 = VECTOR ( 'NONE', #139, 1000.000000000000000 ) ;
#402 = AXIS2_PLACEMENT_3D ( 'NONE', #2298, #1942, #693 ) ;
#403 = ORIENTED_EDGE ( 'NONE', *, *, #1322, .F. ) ;
#404 = DIRECTION ( 'NONE',  ( -0.000000000000000000, -0.000000000000000000, -1.000000000000000000 ) ) ;
#405 = AXIS2_PLACEMENT_3D ( 'NONE', #97, #1517, #450 ) ;
#406 = VECTOR ( 'NONE', #572, 1000.000000000000000 ) ;
#407 = DIRECTION ( 'NONE',  ( -0.000000000000000000, -0.000000000000000000, -1.000000000000000000 ) ) ;
#408 = FACE_OUTER_BOUND ( 'NONE', #215, .T. ) ;
#409 = DIRECTION ( 'NONE',  ( 1.000000000000000000, 0.000000000000000000, 0.000000000000000000 ) ) ;
#410 = ORIENTED_EDGE ( 'NONE', *, *, #1646, .F. ) ;
#411 = ORIENTED_EDGE ( 'NONE', *, *, #1040, .F. ) ;
#412 = CARTESIAN_POINT ( 'NONE',  ( -1.000000000000048850, -7.000000000000000000, 2.000000000000000000 ) ) ;
#413 = VERTEX_POINT ( 'NONE', #1448 ) ;
#414 = DIRECTION ( 'NONE',  ( -0.000000000000000000, -0.000000000000000000, -1.000000000000000000 ) ) ;
#415 = EDGE_CURVE ( 'NONE', #1038, #1509, #1793, .T. ) ;
#416 = EDGE_CURVE ( 'NONE', #776, #2232, #1803, .T. ) ;
#417 = EDGE_LOOP ( 'NONE', ( #1385, #1772, #2143, #1575 ) ) ;
#418 = CYLINDRICAL_SURFACE ( 'NONE', #1111, 1.000000000000000000 ) ;
#419 = EDGE_CURVE ( 'NONE', #1230, #977, #473, .T. ) ;
#420 = DIRECTION ( 'NONE',  ( -0.000000000000000000, -0.000000000000000000, -1.000000000000000000 ) ) ;
#421 = ORIENTED_EDGE ( 'NONE', *, *, #2062, .F. ) ;
#422 = CARTESIAN_POINT ( 'NONE',  ( -10.00000000000000000, 11.99999999999999645, 0.000000000000000000 ) ) ;
#423 = CARTESIAN_POINT ( 'NONE',  ( -75.76794919243116055, -5.249999999999999112, 0.000000000000000000 ) ) ;
#424 = CARTESIAN_POINT ( 'NONE',  ( -21.82844566660662622, 5.249999999999995559, 0.000000000000000000 ) ) ;
#425 = EDGE_LOOP ( 'NONE', ( #1309, #1132 ) ) ;
#426 = CARTESIAN_POINT ( 'NONE',  ( -77.50000000000001421, 11.24999999999999467, 0.000000000000000000 ) ) ;
#427 = ORIENTED_EDGE ( 'NONE', *, *, #326, .F. ) ;
#428 = CARTESIAN_POINT ( 'NONE',  ( -18.36434405146886917, -5.250000000000003553, 2.000000000000000000 ) ) ;
#429 = EDGE_CURVE ( 'NONE', #92, #1072, #728, .T. ) ;
#430 = VERTEX_POINT ( 'NONE', #2012 ) ;
#431 = LINE ( 'NONE', #228, #35 ) ;
#432 = DIRECTION ( 'NONE',  ( -0.000000000000000000, -0.000000000000000000, -1.000000000000000000 ) ) ;
#433 = EDGE_LOOP ( 'NONE', ( #678, #96, #1095, #2158 ) ) ;
#434 = DIRECTION ( 'NONE',  ( 0.000000000000000000, 0.000000000000000000, 1.000000000000000000 ) ) ;
#435 = ORIENTED_EDGE ( 'NONE', *, *, #623, .T. ) ;
#436 = DIRECTION ( 'NONE',  ( -0.8660254037844381525, -0.5000000000000007772, 0.000000000000000000 ) ) ;
#437 = VECTOR ( 'NONE', #1890, 1000.000000000000000 ) ;
#438 = AXIS2_PLACEMENT_3D ( 'NONE', #1648, #1067, #909 ) ;
#439 = EDGE_CURVE ( 'NONE', #1478, #1913, #2181, .T. ) ;
#440 = VECTOR ( 'NONE', #351, 1000.000000000000000 ) ;
#441 = ORIENTED_EDGE ( 'NONE', *, *, #1093, .T. ) ;
#442 = CARTESIAN_POINT ( 'NONE',  ( -80.99999999999998579, -15.00000000000000000, 2.000000000000000000 ) ) ;
#443 = EDGE_CURVE ( 'NONE', #525, #1688, #13, .T. ) ;
#444 = CARTESIAN_POINT ( 'NONE',  ( -77.50000000000001421, -11.25000000000000711, 0.000000000000000000 ) ) ;
#445 = VECTOR ( 'NONE', #980, 1000.000000000000000 ) ;
#446 = ORIENTED_EDGE ( 'NONE', *, *, #1693, .F. ) ;
#447 = DIRECTION ( 'NONE',  ( 1.000000000000000000, 0.000000000000000000, -0.000000000000000000 ) ) ;
#448 = VERTEX_POINT ( 'NONE', #1613 ) ;
#449 = ORIENTED_EDGE ( 'NONE', *, *, #174, .T. ) ;
#450 = DIRECTION ( 'NONE',  ( 1.000000000000000000, 0.000000000000000000, 0.000000000000000000 ) ) ;
#451 = DIRECTION ( 'NONE',  ( -0.000000000000000000, -0.000000000000000000, -1.000000000000000000 ) ) ;
#452 = DIRECTION ( 'NONE',  ( 0.000000000000000000, -0.000000000000000000, 1.000000000000000000 ) ) ;
#453 = EDGE_CURVE ( 'NONE', #1138, #413, #1435, .T. ) ;
#454 = EDGE_LOOP ( 'NONE', ( #343, #1122, #1315, #979 ) ) ;
#455 = CARTESIAN_POINT ( 'NONE',  ( -21.82844566660662977, 1.000000000000073719, 2.000000000000000000 ) ) ;
#456 = ORIENTED_EDGE ( 'NONE', *, *, #1750, .T. ) ;
#457 = ORIENTED_EDGE ( 'NONE', *, *, #1267, .F. ) ;
#458 = FACE_OUTER_BOUND ( 'NONE', #1736, .T. ) ;
#459 = ORIENTED_EDGE ( 'NONE', *, *, #1521, .T. ) ;
#460 = CARTESIAN_POINT ( 'NONE',  ( 0.000000000000000000, 10.00000000000000000, 0.000000000000000000 ) ) ;
#461 = LINE ( 'NONE', #1524, #2316 ) ;
#462 = AXIS2_PLACEMENT_3D ( 'NONE', #376, #200, #1081 ) ;
#463 = FACE_OUTER_BOUND ( 'NONE', #852, .T. ) ;
#464 = ORIENTED_EDGE ( 'NONE', *, *, #114, .F. ) ;
#465 = FACE_BOUND ( 'NONE', #121, .T. ) ;
#466 = EDGE_CURVE ( 'NONE', #1213, #1411, #1269, .T. ) ;
#467 = ORIENTED_EDGE ( 'NONE', *, *, #1520, .F. ) ;
#468 = VERTEX_POINT ( 'NONE', #394 ) ;
#469 = DIRECTION ( 'NONE',  ( 1.000000000000000000, 0.000000000000000000, -0.000000000000000000 ) ) ;
#470 = DIRECTION ( 'NONE',  ( 1.000000000000000000, 3.469446951953614189E-17, 0.000000000000000000 ) ) ;
#471 = VECTOR ( 'NONE', #288, 1000.000000000000000 ) ;
#472 = CARTESIAN_POINT ( 'NONE',  ( -21.82844566660662622, 5.249999999999995559, 2.000000000000000000 ) ) ;
#473 = CIRCLE ( 'NONE', #1328, 1.000000000000000888 ) ;
#474 = VECTOR ( 'NONE', #876, 1000.000000000000000 ) ;
#475 = DIRECTION ( 'NONE',  ( -0.8660254037844385966, 0.5000000000000002220, 0.000000000000000000 ) ) ;
#476 = DIRECTION ( 'NONE',  ( 0.8660254037844384856, -0.5000000000000004441, 0.000000000000000000 ) ) ;
#477 = AXIS2_PLACEMENT_3D ( 'NONE', #847, #2101, #490 ) ;
#478 = DIRECTION ( 'NONE',  ( -0.000000000000000000, -0.000000000000000000, -1.000000000000000000 ) ) ;
#479 = VECTOR ( 'NONE', #508, 1000.000000000000000 ) ;
#480 = EDGE_LOOP ( 'NONE', ( #1603, #1967 ) ) ;
#481 = FACE_BOUND ( 'NONE', #1126, .T. ) ;
#482 = VERTEX_POINT ( 'NONE', #1099 ) ;
#483 = VECTOR ( 'NONE', #1730, 1000.000000000000000 ) ;
#484 = ORIENTED_EDGE ( 'NONE', *, *, #1932, .T. ) ;
#485 = CARTESIAN_POINT ( 'NONE',  ( -75.76794919243116055, -7.249999999999999112, 2.000000000000000000 ) ) ;
#486 = EDGE_CURVE ( 'NONE', #1246, #618, #1817, .T. ) ;
#487 = LINE ( 'NONE', #694, #1739 ) ;
#488 = ADVANCED_FACE ( 'NONE', ( #249 ), #262, .F. ) ;
#489 = PLANE ( 'NONE',  #2057 ) ;
#490 = DIRECTION ( 'NONE',  ( -1.000000000000000000, 0.000000000000000000, 0.000000000000000000 ) ) ;
#491 = ORIENTED_EDGE ( 'NONE', *, *, #1677, .T. ) ;
#492 = CARTESIAN_POINT ( 'NONE',  ( -20.00000000000000000, 11.24999999999999467, 0.000000000000000000 ) ) ;
#493 = VERTEX_POINT ( 'NONE', #958 ) ;
#494 = ORIENTED_EDGE ( 'NONE', *, *, #806, .T. ) ;
#495 = CARTESIAN_POINT ( 'NONE',  ( -23.74999999999999289, 11.24999999999999467, 2.000000000000000000 ) ) ;
#496 = DIRECTION ( 'NONE',  ( 0.000000000000000000, 0.000000000000000000, 1.000000000000000000 ) ) ;
#497 = CARTESIAN_POINT ( 'NONE',  ( -21.82844566660663332, -5.249999999999999112, 2.000000000000000000 ) ) ;
#498 = ADVANCED_FACE ( 'NONE', ( #1673 ), #1508, .T. ) ;
#499 = CARTESIAN_POINT ( 'NONE',  ( -77.50000000000001421, -1.999999999999974909, 2.000000000000000000 ) ) ;
#500 = PLANE ( 'NONE',  #581 ) ;
#501 = CYLINDRICAL_SURFACE ( 'NONE', #218, 10.00000000000000000 ) ;
#502 = ORIENTED_EDGE ( 'NONE', *, *, #635, .T. ) ;
#503 = LINE ( 'NONE', #330, #2312 ) ;
#504 = ORIENTED_EDGE ( 'NONE', *, *, #1596, .F. ) ;
#505 = ORIENTED_EDGE ( 'NONE', *, *, #697, .T. ) ;
#506 = LINE ( 'NONE', #1398, #775 ) ;
#507 = CARTESIAN_POINT ( 'NONE',  ( 0.9999999999999512612, -7.000000000000000000, 0.000000000000000000 ) ) ;
#508 = DIRECTION ( 'NONE',  ( -0.000000000000000000, -0.000000000000000000, -1.000000000000000000 ) ) ;
#509 = VECTOR ( 'NONE', #1046, 999.9999999999998863 ) ;
#510 = ADVANCED_FACE ( 'NONE', ( #2061 ), #1618, .T. ) ;
#511 = DIRECTION ( 'NONE',  ( -0.000000000000000000, 0.000000000000000000, -1.000000000000000000 ) ) ;
#512 = VERTEX_POINT ( 'NONE', #1719 ) ;
#513 = LINE ( 'NONE', #1951, #356 ) ;
#514 = VECTOR ( 'NONE', #2068, 1000.000000000000000 ) ;
#515 = ORIENTED_EDGE ( 'NONE', *, *, #622, .F. ) ;
#516 = VECTOR ( 'NONE', #1662, 1000.000000000000000 ) ;
#517 = EDGE_LOOP ( 'NONE', ( #2014, #2043 ) ) ;
#518 = CARTESIAN_POINT ( 'NONE',  ( -75.76794919243108950, 5.249999999999989342, 2.000000000000000000 ) ) ;
#519 = VECTOR ( 'NONE', #2226, 1000.000000000000000 ) ;
#520 = FACE_OUTER_BOUND ( 'NONE', #1329, .T. ) ;
#521 = CARTESIAN_POINT ( 'NONE',  ( -80.99999999999998579, 14.99999999999998757, 0.000000000000000000 ) ) ;
#522 = CARTESIAN_POINT ( 'NONE',  ( -75.76794919243116055, -0.9999999999999870104, 2.000000000000000000 ) ) ;
#523 = DIRECTION ( 'NONE',  ( 0.5000000000000005551, 0.8660254037844383745, -0.000000000000000000 ) ) ;
#524 = DIRECTION ( 'NONE',  ( 0.8660254037844390407, -0.4999999999999994449, 0.000000000000000000 ) ) ;
#525 = VERTEX_POINT ( 'NONE', #2109 ) ;
#526 = ADVANCED_FACE ( 'NONE', ( #322 ), #1402, .F. ) ;
#527 = ORIENTED_EDGE ( 'NONE', *, *, #312, .F. ) ;
#528 = ORIENTED_EDGE ( 'NONE', *, *, #1885, .F. ) ;
#529 = DIRECTION ( 'NONE',  ( -0.000000000000000000, -0.000000000000000000, -1.000000000000000000 ) ) ;
#530 = ORIENTED_EDGE ( 'NONE', *, *, #1885, .T. ) ;
#531 = CARTESIAN_POINT ( 'NONE',  ( -10.00000000000000000, 14.99999999999999645, 2.000000000000000000 ) ) ;
#532 = CARTESIAN_POINT ( 'NONE',  ( -73.75000000000000000, 11.24999999999999467, 0.000000000000000000 ) ) ;
#533 = EDGE_LOOP ( 'NONE', ( #1923, #629, #491, #1935 ) ) ;
#534 = CARTESIAN_POINT ( 'NONE',  ( -76.50000000000001421, -11.25000000000000711, 0.000000000000000000 ) ) ;
#535 = APPLICATION_CONTEXT ( 'automotive_design' ) ;
#536 = ORIENTED_EDGE ( 'NONE', *, *, #2145, .T. ) ;
#537 = EDGE_CURVE ( 'NONE', #308, #179, #2048, .T. ) ;
#538 = ORIENTED_EDGE ( 'NONE', *, *, #1660, .F. ) ;
#539 = DIRECTION ( 'NONE',  ( -0.8660254037844380415, 0.5000000000000011102, 0.000000000000000000 ) ) ;
#540 = ADVANCED_FACE ( 'NONE', ( #867 ), #2098, .T. ) ;
#541 = CARTESIAN_POINT ( 'NONE',  ( -18.36434405146887627, 7.249999999999997335, 0.000000000000000000 ) ) ;
#542 = CARTESIAN_POINT ( 'NONE',  ( 7.000000000000000000, -2.444036937190193349E-14, 0.000000000000000000 ) ) ;
#543 = CARTESIAN_POINT ( 'NONE',  ( -75.76794919243108950, 7.249999999999989342, 2.000000000000000000 ) ) ;
#544 = ORIENTED_EDGE ( 'NONE', *, *, #187, .F. ) ;
#545 = AXIS2_PLACEMENT_3D ( 'NONE', #1798, #672, #1030 ) ;
#546 = EDGE_LOOP ( 'NONE', ( #1284, #1781, #94, #721 ) ) ;
#547 = ORIENTED_EDGE ( 'NONE', *, *, #1750, .F. ) ;
#548 =( NAMED_UNIT ( * ) PLANE_ANGLE_UNIT ( ) SI_UNIT ( $, .RADIAN. ) );
#549 = AXIS2_PLACEMENT_3D ( 'NONE', #1114, #2228, #220 ) ;
#550 = CARTESIAN_POINT ( 'NONE',  ( -77.49999999999995737, 4.249999999999992006, 2.000000000000000000 ) ) ;
#551 = CIRCLE ( 'NONE', #405, 1.000000000000000888 ) ;
#552 = EDGE_CURVE ( 'NONE', #2230, #1228, #339, .T. ) ;
#553 = ADVANCED_FACE ( 'NONE', ( #1367 ), #856, .F. ) ;
#554 = EDGE_CURVE ( 'NONE', #1012, #669, #829, .T. ) ;
#555 = DIRECTION ( 'NONE',  ( 1.221636250687892726E-16, -1.000000000000000000, 0.000000000000000000 ) ) ;
#556 = FACE_OUTER_BOUND ( 'NONE', #2160, .T. ) ;
#557 = ORIENTED_EDGE ( 'NONE', *, *, #1266, .T. ) ;
#558 = VERTEX_POINT ( 'NONE', #1743 ) ;
#559 = ORIENTED_EDGE ( 'NONE', *, *, #8, .F. ) ;
#560 = FACE_OUTER_BOUND ( 'NONE', #1493, .T. ) ;
#561 = VERTEX_POINT ( 'NONE', #472 ) ;
#562 = DIRECTION ( 'NONE',  ( 0.000000000000000000, 0.000000000000000000, 1.000000000000000000 ) ) ;
#563 = EDGE_CURVE ( 'NONE', #379, #1509, #487, .T. ) ;
#564 = CARTESIAN_POINT ( 'NONE',  ( -18.36434405146886917, -7.250000000000004441, 0.000000000000000000 ) ) ;
#565 = DIRECTION ( 'NONE',  ( -0.000000000000000000, -0.000000000000000000, -1.000000000000000000 ) ) ;
#566 = PLANE ( 'NONE',  #2136 ) ;
#567 = ORIENTED_EDGE ( 'NONE', *, *, #1366, .F. ) ;
#568 = EDGE_LOOP ( 'NONE', ( #648, #1572, #1838, #903 ) ) ;
#569 = VERTEX_POINT ( 'NONE', #2287 ) ;
#570 =( NAMED_UNIT ( * ) SI_UNIT ( $, .STERADIAN. ) SOLID_ANGLE_UNIT ( ) );
#571 = ORIENTED_EDGE ( 'NONE', *, *, #699, .T. ) ;
#572 = DIRECTION ( 'NONE',  ( -1.000000000000000000, -0.000000000000000000, -0.000000000000000000 ) ) ;
#573 = LINE ( 'NONE', #382, #34 ) ;
#574 = CARTESIAN_POINT ( 'NONE',  ( -21.82844566660662977, 1.000000000000073719, 2.000000000000000000 ) ) ;
#575 = CARTESIAN_POINT ( 'NONE',  ( -20.09639485903775480, 2.000000000000073275, 2.000000000000000000 ) ) ;
#576 = ORIENTED_EDGE ( 'NONE', *, *, #1707, .F. ) ;
#577 = EDGE_CURVE ( 'NONE', #1939, #776, #2271, .T. ) ;
#578 = EDGE_CURVE ( 'NONE', #1850, #2172, #2200, .T. ) ;
#579 = PLANE ( 'NONE',  #2278 ) ;
#580 = ORIENTED_EDGE ( 'NONE', *, *, #1137, .T. ) ;
#581 = AXIS2_PLACEMENT_3D ( 'NONE', #327, #130, #1035 ) ;
#582 = ORIENTED_EDGE ( 'NONE', *, *, #1953, .F. ) ;
#583 = VECTOR ( 'NONE', #1835, 1000.000000000000227 ) ;
#584 = ORIENTED_EDGE ( 'NONE', *, *, #1088, .T. ) ;
#585 = LINE ( 'NONE', #205, #1073 ) ;
#586 = VECTOR ( 'NONE', #451, 1000.000000000000000 ) ;
#587 =( GEOMETRIC_REPRESENTATION_CONTEXT ( 3 ) GLOBAL_UNCERTAINTY_ASSIGNED_CONTEXT ( ( #752 ) ) GLOBAL_UNIT_ASSIGNED_CONTEXT ( ( #1454, #548, #570 ) ) REPRESENTATION_CONTEXT ( 'NONE', 'WORKASPACE' ) );
#588 = ORIENTED_EDGE ( 'NONE', *, *, #2301, .T. ) ;
#589 = DIRECTION ( 'NONE',  ( -1.000000000000000000, 0.000000000000000000, 0.000000000000000000 ) ) ;
#590 = ORIENTED_EDGE ( 'NONE', *, *, #1016, .F. ) ;
#591 = CARTESIAN_POINT ( 'NONE',  ( -73.75000000000000000, -11.25000000000000711, 0.000000000000000000 ) ) ;
#592 = VERTEX_POINT ( 'NONE', #521 ) ;
#593 = DIRECTION ( 'NONE',  ( 1.000000000000000000, 0.000000000000000000, 0.000000000000000000 ) ) ;
#594 = EDGE_CURVE ( 'NONE', #625, #2151, #1625, .T. ) ;
#595 = VERTEX_POINT ( 'NONE', #1905 ) ;
#596 = FACE_OUTER_BOUND ( 'NONE', #1498, .T. ) ;
#597 = ORIENTED_EDGE ( 'NONE', *, *, #820, .F. ) ;
#598 = DIRECTION ( 'NONE',  ( 0.8660254037844384856, -0.5000000000000002220, 0.000000000000000000 ) ) ;
#599 = DIRECTION ( 'NONE',  ( 1.000000000000000000, 0.000000000000000000, -0.000000000000000000 ) ) ;
#600 = ORIENTED_EDGE ( 'NONE', *, *, #214, .F. ) ;
#601 = FACE_OUTER_BOUND ( 'NONE', #231, .T. ) ;
#602 = DIRECTION ( 'NONE',  ( -0.8660254037844385966, -0.5000000000000002220, 0.000000000000000000 ) ) ;
#603 = ORIENTED_EDGE ( 'NONE', *, *, #2224, .T. ) ;
#604 = LINE ( 'NONE', #1319, #1542 ) ;
#605 = ORIENTED_EDGE ( 'NONE', *, *, #1468, .F. ) ;
#606 = EDGE_CURVE ( 'NONE', #468, #305, #2300, .T. ) ;
#607 = LINE ( 'NONE', #2247, #848 ) ;
#608 = EDGE_CURVE ( 'NONE', #1026, #1080, #310, .T. ) ;
#609 = DIRECTION ( 'NONE',  ( 0.5000000000000001110, 0.8660254037844387076, -0.000000000000000000 ) ) ;
#610 = AXIS2_PLACEMENT_3D ( 'NONE', #2115, #1211, #144 ) ;
#611 = LINE ( 'NONE', #755, #2166 ) ;
#612 = CARTESIAN_POINT ( 'NONE',  ( -20.09639485903775480, 8.249999999999998224, 0.000000000000000000 ) ) ;
#613 = ORIENTED_EDGE ( 'NONE', *, *, #2153, .T. ) ;
#614 = CARTESIAN_POINT ( 'NONE',  ( -20.09639485903775125, 4.249999999999996447, 2.000000000000000000 ) ) ;
#615 = ORIENTED_EDGE ( 'NONE', *, *, #1778, .T. ) ;
#616 = CYLINDRICAL_SURFACE ( 'NONE', #953, 1.000000000000000888 ) ;
#617 = VECTOR ( 'NONE', #1687, 1000.000000000000000 ) ;
#618 = VERTEX_POINT ( 'NONE', #1082 ) ;
#619 = CYLINDRICAL_SURFACE ( 'NONE', #1946, 1.000000000000000888 ) ;
#620 = VECTOR ( 'NONE', #1194, 1000.000000000000000 ) ;
#621 = CARTESIAN_POINT ( 'NONE',  ( -21.82844566660663332, -7.250000000000007994, 2.000000000000000000 ) ) ;
#622 = EDGE_CURVE ( 'NONE', #1411, #2322, #698, .T. ) ;
#623 = EDGE_CURVE ( 'NONE', #118, #167, #683, .T. ) ;
#624 = VECTOR ( 'NONE', #1563, 1000.000000000000000 ) ;
#625 = VERTEX_POINT ( 'NONE', #1389 ) ;
#626 = DIRECTION ( 'NONE',  ( -0.8660254037844387076, -0.4999999999999997780, 0.000000000000000000 ) ) ;
#627 = CARTESIAN_POINT ( 'NONE',  ( 0.9999999999999512612, -7.000000000000000000, 2.000000000000000000 ) ) ;
#628 = CIRCLE ( 'NONE', #1519, 1.000000000000000000 ) ;
#629 = ORIENTED_EDGE ( 'NONE', *, *, #1636, .F. ) ;
#630 = DIRECTION ( 'NONE',  ( -0.8660254037844387076, 0.4999999999999997780, 0.000000000000000000 ) ) ;
#631 = ORIENTED_EDGE ( 'NONE', *, *, #1807, .F. ) ;
#632 = CARTESIAN_POINT ( 'NONE',  ( -10.00000000000000000, 11.99999999999999645, 2.000000000000000000 ) ) ;
#633 = VERTEX_POINT ( 'NONE', #507 ) ;
#634 = DIRECTION ( 'NONE',  ( -0.000000000000000000, -0.000000000000000000, -1.000000000000000000 ) ) ;
#635 = EDGE_CURVE ( 'NONE', #793, #512, #1218, .T. ) ;
#636 = DIRECTION ( 'NONE',  ( 0.8660254037844388186, 0.4999999999999996114, 0.000000000000000000 ) ) ;
#637 = CARTESIAN_POINT ( 'NONE',  ( -75.76794919243116055, -7.249999999999999112, 0.000000000000000000 ) ) ;
#638 = PLANE ( 'NONE',  #1703 ) ;
#639 = EDGE_LOOP ( 'NONE', ( #259, #333, #2257, #132 ) ) ;
#640 = CARTESIAN_POINT ( 'NONE',  ( -79.23205080756885366, 1.000000000000003997, 2.000000000000000000 ) ) ;
#641 = ORIENTED_EDGE ( 'NONE', *, *, #1853, .F. ) ;
#642 = DIRECTION ( 'NONE',  ( 1.000000000000000000, 0.000000000000000000, -0.000000000000000000 ) ) ;
#643 = FACE_OUTER_BOUND ( 'NONE', #1481, .T. ) ;
#644 = DIRECTION ( 'NONE',  ( 1.000000000000000000, 0.000000000000000000, 0.000000000000000000 ) ) ;
#645 = EDGE_CURVE ( 'NONE', #346, #182, #1145, .T. ) ;
#646 = CIRCLE ( 'NONE', #1582, 1.000000000000000888 ) ;
#647 = DIRECTION ( 'NONE',  ( -0.000000000000000000, -0.000000000000000000, -1.000000000000000000 ) ) ;
#648 = ORIENTED_EDGE ( 'NONE', *, *, #173, .F. ) ;
#649 = DIRECTION ( 'NONE',  ( -0.000000000000000000, -0.000000000000000000, -1.000000000000000000 ) ) ;
#650 = EDGE_CURVE ( 'NONE', #1682, #294, #2324, .T. ) ;
#651 = ADVANCED_FACE ( 'NONE', ( #1452 ), #1632, .T. ) ;
#652 = ORIENTED_EDGE ( 'NONE', *, *, #1253, .F. ) ;
#653 = DIRECTION ( 'NONE',  ( -1.000000000000000000, 0.000000000000000000, 0.000000000000000000 ) ) ;
#654 = DIRECTION ( 'NONE',  ( -0.000000000000000000, -0.000000000000000000, -1.000000000000000000 ) ) ;
#655 = DIRECTION ( 'NONE',  ( 0.000000000000000000, 0.000000000000000000, 1.000000000000000000 ) ) ;
#656 = VECTOR ( 'NONE', #39, 1000.000000000000000 ) ;
#657 = AXIS2_PLACEMENT_3D ( 'NONE', #1215, #1203, #2283 ) ;
#658 = DIRECTION ( 'NONE',  ( -0.000000000000000000, -0.000000000000000000, -1.000000000000000000 ) ) ;
#659 = DIRECTION ( 'NONE',  ( 1.000000000000000000, 0.000000000000000000, 0.000000000000000000 ) ) ;
#660 = VECTOR ( 'NONE', #1606, 1000.000000000000000 ) ;
#661 = CARTESIAN_POINT ( 'NONE',  ( -20.09639485903775835, -4.249999999999998224, 0.000000000000000000 ) ) ;
#662 = DIRECTION ( 'NONE',  ( -0.000000000000000000, -0.000000000000000000, -1.000000000000000000 ) ) ;
#663 = AXIS2_PLACEMENT_3D ( 'NONE', #1466, #562, #2137 ) ;
#664 = EDGE_LOOP ( 'NONE', ( #1049, #1715, #2325, #1752 ) ) ;
#665 = CYLINDRICAL_SURFACE ( 'NONE', #610, 1.000000000000000000 ) ;
#666 = ORIENTED_EDGE ( 'NONE', *, *, #682, .F. ) ;
#667 = AXIS2_PLACEMENT_3D ( 'NONE', #723, #1620, #1800 ) ;
#668 = ADVANCED_FACE ( 'NONE', ( #2174 ), #579, .T. ) ;
#669 = VERTEX_POINT ( 'NONE', #1296 ) ;
#670 = DIRECTION ( 'NONE',  ( -0.000000000000000000, -0.000000000000000000, -1.000000000000000000 ) ) ;
#671 = DIRECTION ( 'NONE',  ( 0.8660254037844382635, 0.5000000000000006661, 0.000000000000000000 ) ) ;
#672 = DIRECTION ( 'NONE',  ( -1.000000000000000000, 0.000000000000000000, 0.000000000000000000 ) ) ;
#673 = CARTESIAN_POINT ( 'NONE',  ( -78.50000000000001421, -11.25000000000000711, 0.000000000000000000 ) ) ;
#674 = DIRECTION ( 'NONE',  ( 1.000000000000000000, 0.000000000000000000, 0.000000000000000000 ) ) ;
#675 = CARTESIAN_POINT ( 'NONE',  ( -77.50000000000001421, -1.999999999999974909, 2.000000000000000000 ) ) ;
#676 = ORIENTED_EDGE ( 'NONE', *, *, #1165, .T. ) ;
#677 = CARTESIAN_POINT ( 'NONE',  ( 0.000000000000000000, 0.000000000000000000, 0.000000000000000000 ) ) ;
#678 = ORIENTED_EDGE ( 'NONE', *, *, #1474, .T. ) ;
#679 = VERTEX_POINT ( 'NONE', #766 ) ;
#680 = DIRECTION ( 'NONE',  ( -0.000000000000000000, -0.000000000000000000, -1.000000000000000000 ) ) ;
#681 = CARTESIAN_POINT ( 'NONE',  ( -79.23205080756892471, -7.249999999999997335, 0.000000000000000000 ) ) ;
#682 = EDGE_CURVE ( 'NONE', #1202, #1419, #1489, .T. ) ;
#683 = LINE ( 'NONE', #841, #2009 ) ;
#684 = ADVANCED_FACE ( 'NONE', ( #1116 ), #1308, .T. ) ;
#685 = FACE_OUTER_BOUND ( 'NONE', #1867, .T. ) ;
#686 = FACE_OUTER_BOUND ( 'NONE', #664, .T. ) ;
#687 = ORIENTED_EDGE ( 'NONE', *, *, #225, .F. ) ;
#688 = DIRECTION ( 'NONE',  ( 0.000000000000000000, 1.000000000000000000, 0.000000000000000000 ) ) ;
#689 = AXIS2_PLACEMENT_3D ( 'NONE', #426, #434, #593 ) ;
#690 = ORIENTED_EDGE ( 'NONE', *, *, #98, .T. ) ;
#691 = ORIENTED_EDGE ( 'NONE', *, *, #851, .T. ) ;
#692 = PLANE ( 'NONE',  #1066 ) ;
#693 = DIRECTION ( 'NONE',  ( -1.000000000000000000, 0.000000000000000000, 0.000000000000000000 ) ) ;
#694 = CARTESIAN_POINT ( 'NONE',  ( -77.50000000000004263, -4.249999999999994671, 0.000000000000000000 ) ) ;
#695 = ORIENTED_EDGE ( 'NONE', *, *, #963, .T. ) ;
#696 = CARTESIAN_POINT ( 'NONE',  ( -10.00000000000000000, -12.00000000000000000, 2.000000000000000000 ) ) ;
#697 = EDGE_CURVE ( 'NONE', #1249, #1635, #2016, .T. ) ;
#698 = CIRCLE ( 'NONE', #1814, 1.000000000000000888 ) ;
#699 = EDGE_CURVE ( 'NONE', #2092, #1595, #230, .T. ) ;
#700 = DIRECTION ( 'NONE',  ( -1.000000000000000000, 0.000000000000000000, 0.000000000000000000 ) ) ;
#701 = EDGE_LOOP ( 'NONE', ( #1844, #547, #269, #580 ) ) ;
#702 = VECTOR ( 'NONE', #1079, 1000.000000000000114 ) ;
#703 = EDGE_LOOP ( 'NONE', ( #2305, #1771, #1156, #2102, #2067, #2006 ) ) ;
#704 = VECTOR ( 'NONE', #1206, 1000.000000000000114 ) ;
#705 = ORIENTED_EDGE ( 'NONE', *, *, #1604, .F. ) ;
#706 = DIRECTION ( 'NONE',  ( 0.000000000000000000, 0.000000000000000000, 1.000000000000000000 ) ) ;
#707 = PLANE ( 'NONE',  #1780 ) ;
#708 = ORIENTED_EDGE ( 'NONE', *, *, #2138, .T. ) ;
#709 = EDGE_CURVE ( 'NONE', #1106, #2095, #1476, .T. ) ;
#710 = DIRECTION ( 'NONE',  ( 0.000000000000000000, 1.000000000000000000, 0.000000000000000000 ) ) ;
#711 = CARTESIAN_POINT ( 'NONE',  ( -21.82844566660662622, 7.249999999999999112, 2.000000000000000000 ) ) ;
#712 = ORIENTED_EDGE ( 'NONE', *, *, #2179, .F. ) ;
#713 = ORIENTED_EDGE ( 'NONE', *, *, #486, .F. ) ;
#714 = ORIENTED_EDGE ( 'NONE', *, *, #146, .F. ) ;
#715 = DIRECTION ( 'NONE',  ( -1.000000000000000000, 0.000000000000000000, 0.000000000000000000 ) ) ;
#716 = EDGE_CURVE ( 'NONE', #595, #2308, #914, .T. ) ;
#717 = LINE ( 'NONE', #1305, #181 ) ;
#718 = LINE ( 'NONE', #574, #363 ) ;
#719 = CARTESIAN_POINT ( 'NONE',  ( -78.50000000000001421, -11.25000000000000711, 2.000000000000000000 ) ) ;
#720 = CARTESIAN_POINT ( 'NONE',  ( -21.82844566660663332, -5.249999999999999112, 2.000000000000000000 ) ) ;
#721 = ORIENTED_EDGE ( 'NONE', *, *, #1707, .T. ) ;
#722 = ORIENTED_EDGE ( 'NONE', *, *, #1930, .T. ) ;
#723 = CARTESIAN_POINT ( 'NONE',  ( -7.000000000000000888, 7.332110811570580046E-14, 2.000000000000000000 ) ) ;
#724 = EDGE_CURVE ( 'NONE', #179, #1453, #968, .T. ) ;
#725 = EDGE_CURVE ( 'NONE', #1246, #221, #1465, .T. ) ;
#726 = PRODUCT_DEFINITION_FORMATION_WITH_SPECIFIED_SOURCE ( 'ANY', '', #12, .NOT_KNOWN. ) ;
#727 = LINE ( 'NONE', #1447, #145 ) ;
#728 = LINE ( 'NONE', #1784, #2321 ) ;
#729 = CARTESIAN_POINT ( 'NONE',  ( 0.000000000000000000, 0.000000000000000000, 2.000000000000000000 ) ) ;
#730 = EDGE_LOOP ( 'NONE', ( #927, #1968 ) ) ;
#731 = VECTOR ( 'NONE', #879, 1000.000000000000000 ) ;
#732 = ORIENTED_EDGE ( 'NONE', *, *, #1223, .F. ) ;
#733 = DIRECTION ( 'NONE',  ( -0.8660254037844387076, -0.4999999999999997780, 0.000000000000000000 ) ) ;
#734 = ORIENTED_EDGE ( 'NONE', *, *, #1077, .T. ) ;
#735 = CARTESIAN_POINT ( 'NONE',  ( -79.23205080756883945, 5.249999999999993783, 2.000000000000000000 ) ) ;
#736 = ORIENTED_EDGE ( 'NONE', *, *, #1692, .F. ) ;
#737 = VECTOR ( 'NONE', #1324, 1000.000000000000000 ) ;
#738 = ADVANCED_FACE ( 'NONE', ( #596 ), #616, .F. ) ;
#739 = DIRECTION ( 'NONE',  ( -1.000000000000000000, 0.000000000000000000, 0.000000000000000000 ) ) ;
#740 = VECTOR ( 'NONE', #436, 1000.000000000000227 ) ;
#741 = CARTESIAN_POINT ( 'NONE',  ( -18.36434405146886917, -5.250000000000003553, 0.000000000000000000 ) ) ;
#742 = FACE_BOUND ( 'NONE', #1586, .T. ) ;
#743 = EDGE_LOOP ( 'NONE', ( #41, #897, #1955, #245 ) ) ;
#744 = ORIENTED_EDGE ( 'NONE', *, *, #201, .T. ) ;
#745 = DIRECTION ( 'NONE',  ( -0.000000000000000000, -0.000000000000000000, -1.000000000000000000 ) ) ;
#746 = ORIENTED_EDGE ( 'NONE', *, *, #1377, .F. ) ;
#747 = FACE_OUTER_BOUND ( 'NONE', #743, .T. ) ;
#748 = ORIENTED_EDGE ( 'NONE', *, *, #2124, .F. ) ;
#749 = DIRECTION ( 'NONE',  ( 0.000000000000000000, 1.000000000000000000, 0.000000000000000000 ) ) ;
#750 = ADVANCED_FACE ( 'NONE', ( #2197 ), #2021, .F. ) ;
#751 = ADVANCED_FACE ( 'NONE', ( #1301 ), #1131, .F. ) ;
#752 = UNCERTAINTY_MEASURE_WITH_UNIT (LENGTH_MEASURE( 1.000000000000000082E-05 ), #1454, 'distance_accuracy_value', 'NONE');
#753 = CARTESIAN_POINT ( 'NONE',  ( -10.00000000000000000, -12.00000000000000000, 2.000000000000000000 ) ) ;
#754 = LINE ( 'NONE', #741, #2086 ) ;
#755 = CARTESIAN_POINT ( 'NONE',  ( -75.76794919243116055, 1.000000000000013101, 0.000000000000000000 ) ) ;
#756 = DIRECTION ( 'NONE',  ( -1.000000000000000000, 0.000000000000000000, 0.000000000000000000 ) ) ;
#757 = ORIENTED_EDGE ( 'NONE', *, *, #1722, .F. ) ;
#758 = ORIENTED_EDGE ( 'NONE', *, *, #1766, .F. ) ;
#759 = DIRECTION ( 'NONE',  ( 0.000000000000000000, 0.000000000000000000, 1.000000000000000000 ) ) ;
#760 = ORIENTED_EDGE ( 'NONE', *, *, #2301, .F. ) ;
#761 = LINE ( 'NONE', #2199, #72 ) ;
#762 = EDGE_CURVE ( 'NONE', #294, #780, #1691, .T. ) ;
#763 = DIRECTION ( 'NONE',  ( -0.000000000000000000, -0.000000000000000000, -1.000000000000000000 ) ) ;
#764 = DIRECTION ( 'NONE',  ( -0.000000000000000000, 1.000000000000000000, -0.000000000000000000 ) ) ;
#765 = AXIS2_PLACEMENT_3D ( 'NONE', #1696, #104, #659 ) ;
#766 = CARTESIAN_POINT ( 'NONE',  ( -78.50000000000001421, 11.24999999999999467, 2.000000000000000000 ) ) ;
#767 = ORIENTED_EDGE ( 'NONE', *, *, #782, .F. ) ;
#768 = DIRECTION ( 'NONE',  ( 1.000000000000000000, 0.000000000000000000, 0.000000000000000000 ) ) ;
#769 = ORIENTED_EDGE ( 'NONE', *, *, #1504, .F. ) ;
#770 = VECTOR ( 'NONE', #889, 1000.000000000000000 ) ;
#771 = DIRECTION ( 'NONE',  ( -0.000000000000000000, -0.000000000000000000, -1.000000000000000000 ) ) ;
#772 = LINE ( 'NONE', #1530, #36 ) ;
#773 = VECTOR ( 'NONE', #470, 1000.000000000000000 ) ;
#774 = VECTOR ( 'NONE', #381, 1000.000000000000227 ) ;
#775 = VECTOR ( 'NONE', #839, 1000.000000000000227 ) ;
#776 = VERTEX_POINT ( 'NONE', #1516 ) ;
#777 = CARTESIAN_POINT ( 'NONE',  ( -7.000000000000000888, 7.332110811570580046E-14, 0.000000000000000000 ) ) ;
#778 = PLANE ( 'NONE',  #213 ) ;
#779 = EDGE_CURVE ( 'NONE', #448, #1271, #2245, .T. ) ;
#780 = VERTEX_POINT ( 'NONE', #1790 ) ;
#781 = CARTESIAN_POINT ( 'NONE',  ( -20.09639485903775480, -8.250000000000008882, 2.000000000000000000 ) ) ;
#782 = EDGE_CURVE ( 'NONE', #2065, #1335, #717, .T. ) ;
#783 = VERTEX_POINT ( 'NONE', #2205 ) ;
#784 = CARTESIAN_POINT ( 'NONE',  ( -20.00000000000000000, -11.25000000000000533, 2.000000000000000000 ) ) ;
#785 = DIRECTION ( 'NONE',  ( 0.8660254037844384856, 0.5000000000000001110, 0.000000000000000000 ) ) ;
#786 = DIRECTION ( 'NONE',  ( -0.000000000000000000, 0.000000000000000000, -1.000000000000000000 ) ) ;
#787 = VERTEX_POINT ( 'NONE', #1626 ) ;
#788 = DIRECTION ( 'NONE',  ( 0.000000000000000000, 0.000000000000000000, 1.000000000000000000 ) ) ;
#789 = CARTESIAN_POINT ( 'NONE',  ( 0.000000000000000000, 0.000000000000000000, 0.000000000000000000 ) ) ;
#790 = EDGE_CURVE ( 'NONE', #1228, #561, #2188, .T. ) ;
#791 = ORIENTED_EDGE ( 'NONE', *, *, #2078, .T. ) ;
#792 = FACE_OUTER_BOUND ( 'NONE', #639, .T. ) ;
#793 = VERTEX_POINT ( 'NONE', #753 ) ;
#794 = EDGE_CURVE ( 'NONE', #179, #308, #1434, .T. ) ;
#795 = ORIENTED_EDGE ( 'NONE', *, *, #2073, .T. ) ;
#796 = DIRECTION ( 'NONE',  ( 0.000000000000000000, 1.000000000000000000, 0.000000000000000000 ) ) ;
#797 = ORIENTED_EDGE ( 'NONE', *, *, #1016, .T. ) ;
#798 = DIRECTION ( 'NONE',  ( -0.000000000000000000, -0.000000000000000000, -1.000000000000000000 ) ) ;
#799 = DIRECTION ( 'NONE',  ( 0.000000000000000000, -1.000000000000000000, 0.000000000000000000 ) ) ;
#800 = ORIENTED_EDGE ( 'NONE', *, *, #299, .T. ) ;
#801 = CARTESIAN_POINT ( 'NONE',  ( -20.09639485903775480, -8.250000000000008882, 2.000000000000000000 ) ) ;
#802 = EDGE_LOOP ( 'NONE', ( #307, #177, #1969, #875 ) ) ;
#803 = CARTESIAN_POINT ( 'NONE',  ( -8.000000000000000000, 7.332110811570580046E-14, 2.000000000000000000 ) ) ;
#804 = ORIENTED_EDGE ( 'NONE', *, *, #486, .T. ) ;
#805 = FACE_OUTER_BOUND ( 'NONE', #2241, .T. ) ;
#806 = EDGE_CURVE ( 'NONE', #1228, #872, #1289, .T. ) ;
#807 = VECTOR ( 'NONE', #1731, 1000.000000000000000 ) ;
#808 = VECTOR ( 'NONE', #2119, 1000.000000000000000 ) ;
#809 = DIRECTION ( 'NONE',  ( 1.000000000000000000, 0.000000000000000000, 0.000000000000000000 ) ) ;
#810 = CARTESIAN_POINT ( 'NONE',  ( -80.99999999999998579, 14.99999999999998757, 2.000000000000000000 ) ) ;
#811 = VECTOR ( 'NONE', #854, 1000.000000000000000 ) ;
#812 = CARTESIAN_POINT ( 'NONE',  ( -21.82844566660662622, 5.249999999999995559, 2.000000000000000000 ) ) ;
#813 = ORIENTED_EDGE ( 'NONE', *, *, #577, .F. ) ;
#814 = LINE ( 'NONE', #1491, #1 ) ;
#815 = ORIENTED_EDGE ( 'NONE', *, *, #1857, .T. ) ;
#816 = CARTESIAN_POINT ( 'NONE',  ( -21.82844566660662977, -0.9999999999999241718, 0.000000000000000000 ) ) ;
#817 = DIRECTION ( 'NONE',  ( -0.5000000000000003331, -0.8660254037844385966, 0.000000000000000000 ) ) ;
#818 = CARTESIAN_POINT ( 'NONE',  ( -79.23205080756885366, 1.000000000000003997, 2.000000000000000000 ) ) ;
#819 = ADVANCED_FACE ( 'NONE', ( #2168 ), #1783, .F. ) ;
#820 = EDGE_CURVE ( 'NONE', #308, #1874, #573, .T. ) ;
#821 = LINE ( 'NONE', #90, #1288 ) ;
#822 = DIRECTION ( 'NONE',  ( -1.000000000000000000, 0.000000000000000000, 0.000000000000000000 ) ) ;
#823 = ORIENTED_EDGE ( 'NONE', *, *, #1581, .T. ) ;
#824 = FACE_BOUND ( 'NONE', #1883, .T. ) ;
#825 = ORIENTED_EDGE ( 'NONE', *, *, #429, .F. ) ;
#826 = ORIENTED_EDGE ( 'NONE', *, *, #1843, .F. ) ;
#827 = CARTESIAN_POINT ( 'NONE',  ( -75.76794919243108950, 5.249999999999989342, 0.000000000000000000 ) ) ;
#828 = DIRECTION ( 'NONE',  ( -0.4999999999999998335, 0.8660254037844388186, 0.000000000000000000 ) ) ;
#829 = LINE ( 'NONE', #1917, #1290 ) ;
#830 = CARTESIAN_POINT ( 'NONE',  ( -10.00000000000000000, 14.99999999999999645, 2.000000000000000000 ) ) ;
#831 = CARTESIAN_POINT ( 'NONE',  ( -77.50000000000000000, 1.999999999999994449, 2.000000000000000000 ) ) ;
#832 = EDGE_CURVE ( 'NONE', #1394, #838, #21, .T. ) ;
#833 = DIRECTION ( 'NONE',  ( 1.000000000000000000, 0.000000000000000000, 0.000000000000000000 ) ) ;
#834 = FACE_OUTER_BOUND ( 'NONE', #1455, .T. ) ;
#835 = EDGE_LOOP ( 'NONE', ( #2280, #411, #410, #502 ) ) ;
#836 = FACE_BOUND ( 'NONE', #2022, .T. ) ;
#837 = ORIENTED_EDGE ( 'NONE', *, *, #114, .T. ) ;
#838 = VERTEX_POINT ( 'NONE', #541 ) ;
#839 = DIRECTION ( 'NONE',  ( -0.8660254037844390407, -0.4999999999999992228, 0.000000000000000000 ) ) ;
#840 = CARTESIAN_POINT ( 'NONE',  ( -79.23205080756892471, -7.249999999999997335, 2.000000000000000000 ) ) ;
#841 = CARTESIAN_POINT ( 'NONE',  ( -75.76794919243116055, -7.249999999999999112, 2.000000000000000000 ) ) ;
#842 = VECTOR ( 'NONE', #1965, 1000.000000000000227 ) ;
#843 = AXIS2_PLACEMENT_3D ( 'NONE', #37, #188, #898 ) ;
#844 = ORIENTED_EDGE ( 'NONE', *, *, #779, .T. ) ;
#845 = FACE_OUTER_BOUND ( 'NONE', #933, .T. ) ;
#846 = VECTOR ( 'NONE', #1487, 1000.000000000000114 ) ;
#847 = CARTESIAN_POINT ( 'NONE',  ( 7.000000000000000000, -2.444036937190193349E-14, 2.000000000000000000 ) ) ;
#848 = VECTOR ( 'NONE', #634, 1000.000000000000000 ) ;
#849 = ORIENTED_EDGE ( 'NONE', *, *, #27, .T. ) ;
#850 = FACE_BOUND ( 'NONE', #730, .T. ) ;
#851 = EDGE_CURVE ( 'NONE', #558, #396, #1987, .T. ) ;
#852 = EDGE_LOOP ( 'NONE', ( #687, #1568, #1451, #849 ) ) ;
#853 = EDGE_LOOP ( 'NONE', ( #603, #722, #881, #2282 ) ) ;
#854 = DIRECTION ( 'NONE',  ( -0.000000000000000000, -0.000000000000000000, -1.000000000000000000 ) ) ;
#855 = EDGE_CURVE ( 'NONE', #1375, #25, #727, .T. ) ;
#856 = CYLINDRICAL_SURFACE ( 'NONE', #141, 0.9999999999999991118 ) ;
#857 = LINE ( 'NONE', #2259, #1560 ) ;
#858 = DIRECTION ( 'NONE',  ( -0.8660254037844381525, -0.5000000000000007772, 0.000000000000000000 ) ) ;
#859 = FACE_BOUND ( 'NONE', #2221, .T. ) ;
#860 = ORIENTED_EDGE ( 'NONE', *, *, #1150, .T. ) ;
#861 = FACE_OUTER_BOUND ( 'NONE', #1808, .T. ) ;
#862 = ORIENTED_EDGE ( 'NONE', *, *, #2078, .F. ) ;
#863 = ORIENTED_EDGE ( 'NONE', *, *, #397, .F. ) ;
#864 = FACE_OUTER_BOUND ( 'NONE', #1373, .T. ) ;
#865 = DIRECTION ( 'NONE',  ( -0.8660254037844387076, -0.4999999999999997780, 0.000000000000000000 ) ) ;
#866 = EDGE_CURVE ( 'NONE', #1740, #1427, #2180, .T. ) ;
#867 = FACE_OUTER_BOUND ( 'NONE', #390, .T. ) ;
#868 = ADVANCED_FACE ( 'NONE', ( #2082 ), #298, .F. ) ;
#869 = CARTESIAN_POINT ( 'NONE',  ( -18.36434405146887983, 1.000000000000075051, 2.000000000000000000 ) ) ;
#870 = FACE_OUTER_BOUND ( 'NONE', #1924, .T. ) ;
#871 = CARTESIAN_POINT ( 'NONE',  ( -18.36434405146887983, -0.9999999999999249489, 2.000000000000000000 ) ) ;
#872 = VERTEX_POINT ( 'NONE', #1119 ) ;
#873 = LINE ( 'NONE', #1000, #1018 ) ;
#874 = ORIENTED_EDGE ( 'NONE', *, *, #415, .F. ) ;
#875 = ORIENTED_EDGE ( 'NONE', *, *, #384, .T. ) ;
#876 = DIRECTION ( 'NONE',  ( 0.000000000000000000, 1.000000000000000000, 0.000000000000000000 ) ) ;
#877 = EDGE_CURVE ( 'NONE', #872, #1249, #1480, .T. ) ;
#878 = AXIS2_PLACEMENT_3D ( 'NONE', #1191, #1414, #1054 ) ;
#879 = DIRECTION ( 'NONE',  ( -0.000000000000000000, -0.000000000000000000, -1.000000000000000000 ) ) ;
#880 = LINE ( 'NONE', #1449, #289 ) ;
#881 = ORIENTED_EDGE ( 'NONE', *, *, #1150, .F. ) ;
#882 = VERTEX_POINT ( 'NONE', #1718 ) ;
#883 = VECTOR ( 'NONE', #1695, 1000.000000000000000 ) ;
#884 = ORIENTED_EDGE ( 'NONE', *, *, #1366, .T. ) ;
#885 = SURFACE_STYLE_USAGE ( .BOTH. , #1774 ) ;
#886 = VECTOR ( 'NONE', #355, 1000.000000000000000 ) ;
#887 = VERTEX_POINT ( 'NONE', #1957 ) ;
#888 = ADVANCED_FACE ( 'NONE', ( #1903 ), #2327, .T. ) ;
#889 = DIRECTION ( 'NONE',  ( -0.000000000000000000, -0.000000000000000000, -1.000000000000000000 ) ) ;
#890 = PRODUCT_RELATED_PRODUCT_CATEGORY ( 'part', '', ( #12 ) ) ;
#891 = ADVANCED_FACE ( 'NONE', ( #520 ), #1192, .F. ) ;
#892 = LINE ( 'NONE', #1415, #1255 ) ;
#893 = CARTESIAN_POINT ( 'NONE',  ( -76.50000000000001421, 11.24999999999999467, 2.000000000000000000 ) ) ;
#894 = CARTESIAN_POINT ( 'NONE',  ( -20.09639485903775480, 2.000000000000073275, 0.000000000000000000 ) ) ;
#895 =( NAMED_UNIT ( * ) PLANE_ANGLE_UNIT ( ) SI_UNIT ( $, .RADIAN. ) );
#896 = ORIENTED_EDGE ( 'NONE', *, *, #1052, .F. ) ;
#897 = ORIENTED_EDGE ( 'NONE', *, *, #357, .T. ) ;
#898 = DIRECTION ( 'NONE',  ( -1.000000000000000000, 0.000000000000000000, 0.000000000000000000 ) ) ;
#899 = CARTESIAN_POINT ( 'NONE',  ( -77.50000000000004263, -4.249999999999994671, 0.000000000000000000 ) ) ;
#900 = LINE ( 'NONE', #1614, #1259 ) ;
#901 = ORIENTED_EDGE ( 'NONE', *, *, #174, .F. ) ;
#902 = ADVANCED_FACE ( 'NONE', ( #1570 ), #1540, .T. ) ;
#903 = ORIENTED_EDGE ( 'NONE', *, *, #1622, .F. ) ;
#904 = DIRECTION ( 'NONE',  ( 0.5000000000000004441, -0.8660254037844384856, 0.000000000000000000 ) ) ;
#905 = VECTOR ( 'NONE', #1039, 1000.000000000000000 ) ;
#906 = ORIENTED_EDGE ( 'NONE', *, *, #369, .F. ) ;
#907 = PRESENTATION_STYLE_ASSIGNMENT (( #885 ) ) ;
#908 = CARTESIAN_POINT ( 'NONE',  ( -4.888073874380386697E-14, -7.000000000000000000, 0.000000000000000000 ) ) ;
#909 = DIRECTION ( 'NONE',  ( 1.000000000000000000, 0.000000000000000000, 0.000000000000000000 ) ) ;
#910 = VECTOR ( 'NONE', #710, 1000.000000000000000 ) ;
#911 = CARTESIAN_POINT ( 'NONE',  ( -10.00000000000000000, 14.99999999999999645, 2.000000000000000000 ) ) ;
#912 = CARTESIAN_POINT ( 'NONE',  ( -4.888073874380386697E-14, -7.000000000000000000, 2.000000000000000000 ) ) ;
#913 = EDGE_LOOP ( 'NONE', ( #1343, #1950, #691, #1529 ) ) ;
#914 = CIRCLE ( 'NONE', #1032, 1.000000000000000888 ) ;
#915 = ORIENTED_EDGE ( 'NONE', *, *, #1377, .T. ) ;
#916 = LINE ( 'NONE', #54, #886 ) ;
#917 = ORIENTED_EDGE ( 'NONE', *, *, #2034, .F. ) ;
#918 = CIRCLE ( 'NONE', #1594, 1.000000000000000000 ) ;
#919 = ADVANCED_FACE ( 'NONE', ( #2311 ), #707, .T. ) ;
#920 = EDGE_CURVE ( 'NONE', #64, #1700, #297, .T. ) ;
#921 = DIRECTION ( 'NONE',  ( -1.000000000000000000, 0.000000000000000000, 0.000000000000000000 ) ) ;
#922 = AXIS2_PLACEMENT_3D ( 'NONE', #1881, #1346, #809 ) ;
#923 = DIRECTION ( 'NONE',  ( -0.000000000000000000, -0.000000000000000000, -1.000000000000000000 ) ) ;
#924 = CARTESIAN_POINT ( 'NONE',  ( -79.23205080756885366, -0.9999999999999900080, 2.000000000000000000 ) ) ;
#925 = FACE_OUTER_BOUND ( 'NONE', #1588, .T. ) ;
#926 = VERTEX_POINT ( 'NONE', #681 ) ;
#927 = ORIENTED_EDGE ( 'NONE', *, *, #1295, .T. ) ;
#928 = CARTESIAN_POINT ( 'NONE',  ( -73.75000000000000000, -11.25000000000000711, 2.000000000000000000 ) ) ;
#929 = DIRECTION ( 'NONE',  ( 0.000000000000000000, 1.000000000000000000, 0.000000000000000000 ) ) ;
#930 = EDGE_CURVE ( 'NONE', #170, #1847, #2081, .T. ) ;
#931 = CARTESIAN_POINT ( 'NONE',  ( -79.23205080756892471, -5.249999999999999112, 2.000000000000000000 ) ) ;
#932 = DIRECTION ( 'NONE',  ( 0.000000000000000000, -1.000000000000000000, 0.000000000000000000 ) ) ;
#933 = EDGE_LOOP ( 'NONE', ( #863, #1501, #1142, #435 ) ) ;
#934 = DIRECTION ( 'NONE',  ( -0.000000000000000000, -0.000000000000000000, -1.000000000000000000 ) ) ;
#935 = ORIENTED_EDGE ( 'NONE', *, *, #930, .F. ) ;
#936 = DIRECTION ( 'NONE',  ( -0.000000000000000000, -0.000000000000000000, -1.000000000000000000 ) ) ;
#937 = ORIENTED_EDGE ( 'NONE', *, *, #2153, .F. ) ;
#938 = DIRECTION ( 'NONE',  ( 1.000000000000000000, 0.000000000000000000, 0.000000000000000000 ) ) ;
#939 = DIRECTION ( 'NONE',  ( 1.000000000000000000, 0.000000000000000000, 0.000000000000000000 ) ) ;
#940 = VECTOR ( 'NONE', #209, 1000.000000000000000 ) ;
#941 = EDGE_CURVE ( 'NONE', #1250, #558, #1765, .T. ) ;
#942 = DIRECTION ( 'NONE',  ( -0.8660254037844382635, -0.5000000000000006661, 0.000000000000000000 ) ) ;
#943 = ORIENTED_EDGE ( 'NONE', *, *, #832, .F. ) ;
#944 = CARTESIAN_POINT ( 'NONE',  ( -75.76794919243108950, 5.249999999999989342, 2.000000000000000000 ) ) ;
#945 = ADVANCED_FACE ( 'NONE', ( #338 ), #123, .T. ) ;
#946 = CARTESIAN_POINT ( 'NONE',  ( -1.000000000000000000, 7.000000000000000000, 0.000000000000000000 ) ) ;
#947 = VECTOR ( 'NONE', #1007, 1000.000000000000114 ) ;
#948 = VERTEX_POINT ( 'NONE', #2270 ) ;
#949 = DIRECTION ( 'NONE',  ( -0.000000000000000000, -0.000000000000000000, -1.000000000000000000 ) ) ;
#950 = VECTOR ( 'NONE', #189, 1000.000000000000000 ) ;
#951 = ORIENTED_EDGE ( 'NONE', *, *, #1828, .T. ) ;
#952 = AXIS2_PLACEMENT_3D ( 'NONE', #1275, #715, #1970 ) ;
#953 = AXIS2_PLACEMENT_3D ( 'NONE', #784, #2058, #1669 ) ;
#954 = CARTESIAN_POINT ( 'NONE',  ( 6.000000000000000000, -2.444036937190193349E-14, 2.000000000000000000 ) ) ;
#955 = ORIENTED_EDGE ( 'NONE', *, *, #1348, .T. ) ;
#956 = LINE ( 'NONE', #1671, #740 ) ;
#957 = VECTOR ( 'NONE', #662, 1000.000000000000000 ) ;
#958 = CARTESIAN_POINT ( 'NONE',  ( -75.76794919243108950, 7.249999999999989342, 0.000000000000000000 ) ) ;
#959 = AXIS2_PLACEMENT_3D ( 'NONE', #550, #1221, #2008 ) ;
#960 = ORIENTED_EDGE ( 'NONE', *, *, #552, .T. ) ;
#961 = LINE ( 'NONE', #395, #737 ) ;
#962 = DIRECTION ( 'NONE',  ( -0.000000000000000000, -0.000000000000000000, -1.000000000000000000 ) ) ;
#963 = EDGE_CURVE ( 'NONE', #221, #1359, #1045, .T. ) ;
#964 = EDGE_CURVE ( 'NONE', #1154, #633, #1109, .T. ) ;
#965 = EDGE_LOOP ( 'NONE', ( #43, #1210 ) ) ;
#966 = LINE ( 'NONE', #1680, #1802 ) ;
#967 = ORIENTED_EDGE ( 'NONE', *, *, #196, .T. ) ;
#968 = LINE ( 'NONE', #954, #1403 ) ;
#969 = ORIENTED_EDGE ( 'NONE', *, *, #1681, .F. ) ;
#970 = DIRECTION ( 'NONE',  ( -0.000000000000000000, -0.000000000000000000, -1.000000000000000000 ) ) ;
#971 = ORIENTED_EDGE ( 'NONE', *, *, #1040, .T. ) ;
#972 = CARTESIAN_POINT ( 'NONE',  ( -75.76794919243116055, -0.9999999999999870104, 0.000000000000000000 ) ) ;
#973 = FACE_OUTER_BOUND ( 'NONE', #1043, .T. ) ;
#974 = ORIENTED_EDGE ( 'NONE', *, *, #126, .T. ) ;
#975 = DIRECTION ( 'NONE',  ( -0.000000000000000000, -0.000000000000000000, -1.000000000000000000 ) ) ;
#976 = ADVANCED_FACE ( 'NONE', ( #1658 ), #1135, .T. ) ;
#977 = VERTEX_POINT ( 'NONE', #1169 ) ;
#978 = DIRECTION ( 'NONE',  ( -1.000000000000000000, 0.000000000000000000, 0.000000000000000000 ) ) ;
#979 = ORIENTED_EDGE ( 'NONE', *, *, #855, .T. ) ;
#980 = DIRECTION ( 'NONE',  ( -0.000000000000000000, -0.000000000000000000, -1.000000000000000000 ) ) ;
#981 = EDGE_LOOP ( 'NONE', ( #239, #1160, #1726, #76, #825, #1702 ) ) ;
#982 = LINE ( 'NONE', #1891, #883 ) ;
#983 = CARTESIAN_POINT ( 'NONE',  ( -1.000000000000000000, 7.000000000000000000, 2.000000000000000000 ) ) ;
#984 = DIRECTION ( 'NONE',  ( 0.8660254037844381525, 0.5000000000000007772, 0.000000000000000000 ) ) ;
#985 = VERTEX_POINT ( 'NONE', #1945 ) ;
#986 = CARTESIAN_POINT ( 'NONE',  ( -77.50000000000004263, -4.249999999999994671, 2.000000000000000000 ) ) ;
#987 = VECTOR ( 'NONE', #2072, 1000.000000000000000 ) ;
#988 = EDGE_LOOP ( 'NONE', ( #1862, #528, #1566, #1729 ) ) ;
#989 = VECTOR ( 'NONE', #300, 1000.000000000000227 ) ;
#990 = CARTESIAN_POINT ( 'NONE',  ( -77.50000000000004263, -8.250000000000003553, 2.000000000000000000 ) ) ;
#991 = EDGE_CURVE ( 'NONE', #1188, #1106, #1245, .T. ) ;
#992 = EDGE_CURVE ( 'NONE', #1158, #525, #1927, .T. ) ;
#993 = VECTOR ( 'NONE', #798, 1000.000000000000000 ) ;
#994 = VECTOR ( 'NONE', #1908, 1000.000000000000000 ) ;
#995 = CARTESIAN_POINT ( 'NONE',  ( 0.000000000000000000, 11.99999999999999645, 0.000000000000000000 ) ) ;
#996 = DIRECTION ( 'NONE',  ( 0.000000000000000000, 0.000000000000000000, 1.000000000000000000 ) ) ;
#997 = CIRCLE ( 'NONE', #2277, 1.000000000000000888 ) ;
#998 = CYLINDRICAL_SURFACE ( 'NONE', #477, 1.000000000000000000 ) ;
#999 = ORIENTED_EDGE ( 'NONE', *, *, #453, .T. ) ;
#1000 = CARTESIAN_POINT ( 'NONE',  ( -1.000000000000000000, 7.000000000000000000, 2.000000000000000000 ) ) ;
#1001 = VERTEX_POINT ( 'NONE', #522 ) ;
#1002 = EDGE_LOOP ( 'NONE', ( #1654, #233, #276, #78 ) ) ;
#1003 = LINE ( 'NONE', #827, #370 ) ;
#1004 = DIRECTION ( 'NONE',  ( 0.8660254037844383745, 0.5000000000000003331, 0.000000000000000000 ) ) ;
#1005 = EDGE_CURVE ( 'NONE', #1359, #1053, #1811, .T. ) ;
#1006 = DIRECTION ( 'NONE',  ( -1.000000000000000000, 0.000000000000000000, 0.000000000000000000 ) ) ;
#1007 = DIRECTION ( 'NONE',  ( -0.8660254037844383745, -0.5000000000000003331, 0.000000000000000000 ) ) ;
#1008 = CARTESIAN_POINT ( 'NONE',  ( -77.50000000000004263, -4.249999999999994671, 2.000000000000000000 ) ) ;
#1009 = FACE_OUTER_BOUND ( 'NONE', #1179, .T. ) ;
#1010 = ORIENTED_EDGE ( 'NONE', *, *, #1520, .T. ) ;
#1011 = FACE_OUTER_BOUND ( 'NONE', #2275, .T. ) ;
#1012 = VERTEX_POINT ( 'NONE', #2035 ) ;
#1013 = EDGE_LOOP ( 'NONE', ( #354, #795 ) ) ;
#1014 = CARTESIAN_POINT ( 'NONE',  ( 0.000000000000000000, 7.000000000000000000, 0.000000000000000000 ) ) ;
#1015 = DIRECTION ( 'NONE',  ( 1.000000000000000000, 0.000000000000000000, 0.000000000000000000 ) ) ;
#1016 = EDGE_CURVE ( 'NONE', #2232, #783, #1086, .T. ) ;
#1017 = LINE ( 'NONE', #273, #1369 ) ;
#1018 = VECTOR ( 'NONE', #649, 1000.000000000000000 ) ;
#1019 = EDGE_CURVE ( 'NONE', #7, #493, #38, .T. ) ;
#1020 = CARTESIAN_POINT ( 'NONE',  ( -77.50000000000001421, 11.24999999999999467, 2.000000000000000000 ) ) ;
#1021 = DIRECTION ( 'NONE',  ( 0.8660254037844387076, -0.4999999999999997780, 0.000000000000000000 ) ) ;
#1022 = ORIENTED_EDGE ( 'NONE', *, *, #1243, .T. ) ;
#1023 = CARTESIAN_POINT ( 'NONE',  ( -20.09639485903775480, 8.249999999999998224, 2.000000000000000000 ) ) ;
#1024 = APPLICATION_CONTEXT ( 'automotive_design' ) ;
#1025 = ORIENTED_EDGE ( 'NONE', *, *, #2108, .F. ) ;
#1026 = VERTEX_POINT ( 'NONE', #816 ) ;
#1027 = CARTESIAN_POINT ( 'NONE',  ( -18.36434405146887983, 1.000000000000075051, 2.000000000000000000 ) ) ;
#1028 = DIRECTION ( 'NONE',  ( 0.5000000000000006661, -0.8660254037844382635, 0.000000000000000000 ) ) ;
#1029 = CIRCLE ( 'NONE', #1812, 10.00000000000000000 ) ;
#1030 = DIRECTION ( 'NONE',  ( 0.000000000000000000, 0.000000000000000000, 1.000000000000000000 ) ) ;
#1031 = CIRCLE ( 'NONE', #2235, 1.000000000000000888 ) ;
#1032 = AXIS2_PLACEMENT_3D ( 'NONE', #106, #95, #1330 ) ;
#1033 = DIRECTION ( 'NONE',  ( -0.000000000000000000, -0.000000000000000000, -1.000000000000000000 ) ) ;
#1034 = VECTOR ( 'NONE', #386, 1000.000000000000227 ) ;
#1035 = DIRECTION ( 'NONE',  ( -0.8660254037844393737, 0.4999999999999988898, 0.000000000000000000 ) ) ;
#1036 = LINE ( 'NONE', #1920, #1404 ) ;
#1037 = AXIS2_PLACEMENT_3D ( 'NONE', #1331, #817, #598 ) ;
#1038 = VERTEX_POINT ( 'NONE', #1157 ) ;
#1039 = DIRECTION ( 'NONE',  ( 0.000000000000000000, -1.000000000000000000, 0.000000000000000000 ) ) ;
#1040 = EDGE_CURVE ( 'NONE', #1505, #1690, #1264, .T. ) ;
#1041 = EDGE_CURVE ( 'NONE', #1505, #1578, #238, .T. ) ;
#1042 = VERTEX_POINT ( 'NONE', #1768 ) ;
#1043 = EDGE_LOOP ( 'NONE', ( #969, #937, #708, #974 ) ) ;
#1044 = CARTESIAN_POINT ( 'NONE',  ( -76.50000000000001421, -11.25000000000000711, 2.000000000000000000 ) ) ;
#1045 = LINE ( 'NONE', #1755, #1861 ) ;
#1046 = DIRECTION ( 'NONE',  ( 0.8660254037844393737, -0.4999999999999988898, 0.000000000000000000 ) ) ;
#1047 = DIRECTION ( 'NONE',  ( -0.000000000000000000, -0.000000000000000000, -1.000000000000000000 ) ) ;
#1048 = DIRECTION ( 'NONE',  ( 0.000000000000000000, -1.000000000000000000, 0.000000000000000000 ) ) ;
#1049 = ORIENTED_EDGE ( 'NONE', *, *, #443, .F. ) ;
#1050 = PLANE ( 'NONE',  #2267 ) ;
#1051 = ORIENTED_EDGE ( 'NONE', *, *, #782, .T. ) ;
#1052 = EDGE_CURVE ( 'NONE', #2214, #1188, #1187, .T. ) ;
#1053 = VERTEX_POINT ( 'NONE', #1934 ) ;
#1054 = DIRECTION ( 'NONE',  ( 1.541976423090495633E-16, -1.000000000000000000, 0.000000000000000000 ) ) ;
#1055 = CARTESIAN_POINT ( 'NONE',  ( -75.76794919243116055, -5.249999999999999112, 2.000000000000000000 ) ) ;
#1056 = LINE ( 'NONE', #175, #731 ) ;
#1057 = FACE_BOUND ( 'NONE', #2049, .T. ) ;
#1058 = ORIENTED_EDGE ( 'NONE', *, *, #1962, .T. ) ;
#1059 = AXIS2_PLACEMENT_3D ( 'NONE', #1143, #1863, #110 ) ;
#1060 = ORIENTED_EDGE ( 'NONE', *, *, #466, .F. ) ;
#1061 = ORIENTED_EDGE ( 'NONE', *, *, #1507, .F. ) ;
#1062 = DIRECTION ( 'NONE',  ( -1.000000000000000000, -3.469446951953614189E-17, 0.000000000000000000 ) ) ;
#1063 = EDGE_CURVE ( 'NONE', #64, #926, #1172, .T. ) ;
#1064 = AXIS2_PLACEMENT_3D ( 'NONE', #1020, #1562, #674 ) ;
#1065 = ADVANCED_FACE ( 'NONE', ( #834 ), #1735, .T. ) ;
#1066 = AXIS2_PLACEMENT_3D ( 'NONE', #1387, #2118, #2132 ) ;
#1067 = DIRECTION ( 'NONE',  ( 0.000000000000000000, 0.000000000000000000, 1.000000000000000000 ) ) ;
#1068 = DIRECTION ( 'NONE',  ( -0.000000000000000000, -0.000000000000000000, -1.000000000000000000 ) ) ;
#1069 = LINE ( 'NONE', #1785, #660 ) ;
#1070 = ORIENTED_EDGE ( 'NONE', *, *, #2252, .T. ) ;
#1071 = AXIS2_PLACEMENT_3D ( 'NONE', #1895, #107, #984 ) ;
#1072 = VERTEX_POINT ( 'NONE', #1393 ) ;
#1073 = VECTOR ( 'NONE', #749, 1000.000000000000000 ) ;
#1074 = ORIENTED_EDGE ( 'NONE', *, *, #1492, .F. ) ;
#1075 = CARTESIAN_POINT ( 'NONE',  ( -21.82844566660663332, -7.250000000000007994, 2.000000000000000000 ) ) ;
#1076 = VECTOR ( 'NONE', #529, 1000.000000000000000 ) ;
#1077 = EDGE_CURVE ( 'NONE', #1688, #1763, #1226, .T. ) ;
#1078 = DIRECTION ( 'NONE',  ( 0.000000000000000000, 0.000000000000000000, 1.000000000000000000 ) ) ;
#1079 = DIRECTION ( 'NONE',  ( -0.8660254037844380415, 0.5000000000000011102, 0.000000000000000000 ) ) ;
#1080 = VERTEX_POINT ( 'NONE', #2127 ) ;
#1081 = DIRECTION ( 'NONE',  ( 1.000000000000000000, 0.000000000000000000, 0.000000000000000000 ) ) ;
#1082 = CARTESIAN_POINT ( 'NONE',  ( -75.76794919243116055, 1.000000000000013101, 0.000000000000000000 ) ) ;
#1083 = EDGE_LOOP ( 'NONE', ( #1025, #1537, #536, #1629 ) ) ;
#1084 = LINE ( 'NONE', #1263, #1672 ) ;
#1085 = CARTESIAN_POINT ( 'NONE',  ( -79.23205080756883945, 7.250000000000001776, 0.000000000000000000 ) ) ;
#1086 = LINE ( 'NONE', #2011, #2204 ) ;
#1087 = DIRECTION ( 'NONE',  ( -0.000000000000000000, -0.000000000000000000, -1.000000000000000000 ) ) ;
#1088 = EDGE_CURVE ( 'NONE', #561, #2175, #275, .T. ) ;
#1089 = PLANE ( 'NONE',  #1659 ) ;
#1090 = DIRECTION ( 'NONE',  ( 0.000000000000000000, 0.000000000000000000, 1.000000000000000000 ) ) ;
#1091 = EDGE_LOOP ( 'NONE', ( #120, #1602 ) ) ;
#1092 = ORIENTED_EDGE ( 'NONE', *, *, #1041, .F. ) ;
#1093 = EDGE_CURVE ( 'NONE', #2151, #1990, #1036, .T. ) ;
#1094 = CARTESIAN_POINT ( 'NONE',  ( -77.50000000000004263, -4.249999999999994671, 2.000000000000000000 ) ) ;
#1095 = ORIENTED_EDGE ( 'NONE', *, *, #2154, .F. ) ;
#1096 = SURFACE_STYLE_FILL_AREA ( #183 ) ;
#1097 = LINE ( 'NONE', #234, #112 ) ;
#1098 = VECTOR ( 'NONE', #1988, 1000.000000000000000 ) ;
#1099 = CARTESIAN_POINT ( 'NONE',  ( -21.82844566660662977, 1.000000000000073719, 0.000000000000000000 ) ) ;
#1100 = CYLINDRICAL_SURFACE ( 'NONE', #549, 1.000000000000000888 ) ;
#1101 = ORIENTED_EDGE ( 'NONE', *, *, #1390, .F. ) ;
#1102 = AXIS2_PLACEMENT_3D ( 'NONE', #1400, #2107, #1926 ) ;
#1103 = ORIENTED_EDGE ( 'NONE', *, *, #1019, .T. ) ;
#1104 = CARTESIAN_POINT ( 'NONE',  ( -7.000000000000000888, 7.332110811570580046E-14, 2.000000000000000000 ) ) ;
#1105 = AXIS2_PLACEMENT_3D ( 'NONE', #1494, #270, #978 ) ;
#1106 = VERTEX_POINT ( 'NONE', #2274 ) ;
#1107 = ADVANCED_FACE ( 'NONE', ( #686 ), #1372, .T. ) ;
#1108 = ADVANCED_FACE ( 'NONE', ( #463 ), #315, .T. ) ;
#1109 = CIRCLE ( 'NONE', #2093, 1.000000000000000000 ) ;
#1110 = FACE_OUTER_BOUND ( 'NONE', #1282, .T. ) ;
#1111 = AXIS2_PLACEMENT_3D ( 'NONE', #1405, #1985, #921 ) ;
#1112 = DIRECTION ( 'NONE',  ( -0.000000000000000000, -0.000000000000000000, -1.000000000000000000 ) ) ;
#1113 = DIRECTION ( 'NONE',  ( -0.8660254037844389297, 0.4999999999999993894, 0.000000000000000000 ) ) ;
#1114 = CARTESIAN_POINT ( 'NONE',  ( -20.00000000000000000, -11.25000000000000533, 2.000000000000000000 ) ) ;
#1115 = ORIENTED_EDGE ( 'NONE', *, *, #16, .F. ) ;
#1116 = FACE_OUTER_BOUND ( 'NONE', #454, .T. ) ;
#1117 = ORIENTED_EDGE ( 'NONE', *, *, #1677, .F. ) ;
#1118 = DIRECTION ( 'NONE',  ( 0.8660254037844387076, 0.4999999999999997780, 0.000000000000000000 ) ) ;
#1119 = CARTESIAN_POINT ( 'NONE',  ( -21.82844566660662622, 7.249999999999999112, 0.000000000000000000 ) ) ;
#1120 = ORIENTED_EDGE ( 'NONE', *, *, #1444, .F. ) ;
#1121 = ADVANCED_FACE ( 'NONE', ( #1525 ), #998, .F. ) ;
#1122 = ORIENTED_EDGE ( 'NONE', *, *, #1932, .F. ) ;
#1123 = LINE ( 'NONE', #340, #1782 ) ;
#1124 = EDGE_LOOP ( 'NONE', ( #884, #797, #1642, #1058, #1674, #734 ) ) ;
#1125 = LINE ( 'NONE', #2218, #1147 ) ;
#1126 = EDGE_LOOP ( 'NONE', ( #62, #80 ) ) ;
#1127 = ORIENTED_EDGE ( 'NONE', *, *, #2294, .T. ) ;
#1128 = LINE ( 'NONE', #640, #2307 ) ;
#1129 = ORIENTED_EDGE ( 'NONE', *, *, #1930, .F. ) ;
#1130 = ORIENTED_EDGE ( 'NONE', *, *, #466, .T. ) ;
#1131 = CYLINDRICAL_SURFACE ( 'NONE', #1105, 1.000000000000000888 ) ;
#1132 = ORIENTED_EDGE ( 'NONE', *, *, #419, .F. ) ;
#1133 = CARTESIAN_POINT ( 'NONE',  ( -21.82844566660662622, 7.249999999999999112, 2.000000000000000000 ) ) ;
#1134 = VECTOR ( 'NONE', #2222, 1000.000000000000227 ) ;
#1135 = PLANE ( 'NONE',  #1332 ) ;
#1136 = ADVANCED_FACE ( 'NONE', ( #2254 ), #638, .T. ) ;
#1137 = EDGE_CURVE ( 'NONE', #1072, #882, #1725, .T. ) ;
#1138 = VERTEX_POINT ( 'NONE', #675 ) ;
#1139 = DIRECTION ( 'NONE',  ( 0.000000000000000000, 1.000000000000000000, 0.000000000000000000 ) ) ;
#1140 = LINE ( 'NONE', #254, #1775 ) ;
#1141 = DIRECTION ( 'NONE',  ( 0.000000000000000000, 0.000000000000000000, 1.000000000000000000 ) ) ;
#1142 = ORIENTED_EDGE ( 'NONE', *, *, #1722, .T. ) ;
#1143 = CARTESIAN_POINT ( 'NONE',  ( -7.000000000000000888, 7.332110811570580046E-14, 2.000000000000000000 ) ) ;
#1144 = EDGE_LOOP ( 'NONE', ( #1173, #576, #584, #530 ) ) ;
#1145 = CIRCLE ( 'NONE', #101, 1.000000000000000000 ) ;
#1146 = FACE_OUTER_BOUND ( 'NONE', #1486, .T. ) ;
#1147 = VECTOR ( 'NONE', #1650, 1000.000000000000000 ) ;
#1148 = AXIS2_PLACEMENT_3D ( 'NONE', #282, #796, #1180 ) ;
#1149 = ADVANCED_FACE ( 'NONE', ( #1009 ), #501, .T. ) ;
#1150 = EDGE_CURVE ( 'NONE', #134, #1323, #918, .T. ) ;
#1151 = ORIENTED_EDGE ( 'NONE', *, *, #1581, .F. ) ;
#1152 = DIRECTION ( 'NONE',  ( -0.8660254037844377084, 0.5000000000000015543, 0.000000000000000000 ) ) ;
#1153 = CARTESIAN_POINT ( 'NONE',  ( -18.36434405146887627, 7.249999999999997335, 0.000000000000000000 ) ) ;
#1154 = VERTEX_POINT ( 'NONE', #131 ) ;
#1155 = DIRECTION ( 'NONE',  ( -0.000000000000000000, 0.000000000000000000, -1.000000000000000000 ) ) ;
#1156 = ORIENTED_EDGE ( 'NONE', *, *, #866, .T. ) ;
#1157 = CARTESIAN_POINT ( 'NONE',  ( -79.23205080756892471, -5.249999999999999112, 2.000000000000000000 ) ) ;
#1158 = VERTEX_POINT ( 'NONE', #328 ) ;
#1159 = DIRECTION ( 'NONE',  ( 0.8660254037844387076, 0.4999999999999997780, 0.000000000000000000 ) ) ;
#1160 = ORIENTED_EDGE ( 'NONE', *, *, #1791, .F. ) ;
#1161 = CARTESIAN_POINT ( 'NONE',  ( 0.000000000000000000, -12.00000000000000000, 2.000000000000000000 ) ) ;
#1162 = CARTESIAN_POINT ( 'NONE',  ( -79.23205080756892471, -7.249999999999997335, 2.000000000000000000 ) ) ;
#1163 = ORIENTED_EDGE ( 'NONE', *, *, #855, .F. ) ;
#1164 = CARTESIAN_POINT ( 'NONE',  ( -79.23205080756885366, -0.9999999999999900080, 2.000000000000000000 ) ) ;
#1165 = EDGE_CURVE ( 'NONE', #679, #329, #1574, .T. ) ;
#1166 = EDGE_LOOP ( 'NONE', ( #1994, #211 ) ) ;
#1167 = CARTESIAN_POINT ( 'NONE',  ( -18.36434405146886917, -7.250000000000004441, 0.000000000000000000 ) ) ;
#1168 = VECTOR ( 'NONE', #2076, 1000.000000000000000 ) ;
#1169 = CARTESIAN_POINT ( 'NONE',  ( -21.00000000000000000, 11.24999999999999467, 2.000000000000000000 ) ) ;
#1170 = DIRECTION ( 'NONE',  ( 0.000000000000000000, 1.000000000000000000, 0.000000000000000000 ) ) ;
#1171 = DIRECTION ( 'NONE',  ( -0.4999999999999998335, 0.8660254037844388186, 0.000000000000000000 ) ) ;
#1172 = LINE ( 'NONE', #1349, #624 ) ;
#1173 = ORIENTED_EDGE ( 'NONE', *, *, #697, .F. ) ;
#1174 = FACE_BOUND ( 'NONE', #1013, .T. ) ;
#1175 = CIRCLE ( 'NONE', #1064, 1.000000000000000888 ) ;
#1176 = ORIENTED_EDGE ( 'NONE', *, *, #724, .T. ) ;
#1177 = AXIS2_PLACEMENT_3D ( 'NONE', #50, #385, #1078 ) ;
#1178 = ADVANCED_FACE ( 'NONE', ( #859, #1358, #2087, #1057, #374, #556, #2318, #742, #1599, #23, #6, #176, #1966, #1416, #1585, #1628 ), #2171, .T. ) ;
#1179 = EDGE_LOOP ( 'NONE', ( #1293, #767, #266, #2028 ) ) ;
#1180 = DIRECTION ( 'NONE',  ( 0.000000000000000000, -0.000000000000000000, 1.000000000000000000 ) ) ;
#1181 = VECTOR ( 'NONE', #680, 1000.000000000000000 ) ;
#1182 = CARTESIAN_POINT ( 'NONE',  ( -20.00000000000000000, -11.25000000000000533, 2.000000000000000000 ) ) ;
#1183 = VECTOR ( 'NONE', #1833, 1000.000000000000000 ) ;
#1184 = CARTESIAN_POINT ( 'NONE',  ( -18.36434405146886917, -5.250000000000003553, 0.000000000000000000 ) ) ;
#1185 = LINE ( 'NONE', #1724, #947 ) ;
#1186 = COLOUR_RGB ( '',0.7921568627450980005, 0.8196078431372548767, 0.9333333333333333481 ) ;
#1187 = LINE ( 'NONE', #2304, #957 ) ;
#1188 = VERTEX_POINT ( 'NONE', #532 ) ;
#1189 = DIRECTION ( 'NONE',  ( 0.000000000000000000, 0.000000000000000000, 1.000000000000000000 ) ) ;
#1190 = VERTEX_POINT ( 'NONE', #871 ) ;
#1191 = CARTESIAN_POINT ( 'NONE',  ( -23.74999999999999289, 11.24999999999999467, 2.000000000000000000 ) ) ;
#1192 = CYLINDRICAL_SURFACE ( 'NONE', #402, 1.000000000000000000 ) ;
#1193 = ADVANCED_FACE ( 'NONE', ( #1270 ), #190, .T. ) ;
#1194 = DIRECTION ( 'NONE',  ( 0.000000000000000000, -1.000000000000000000, 0.000000000000000000 ) ) ;
#1195 = ADVANCED_FACE ( 'NONE', ( #360 ), #1248, .T. ) ;
#1196 = CARTESIAN_POINT ( 'NONE',  ( -23.74999999999999289, 11.24999999999999467, 0.000000000000000000 ) ) ;
#1197 = CARTESIAN_POINT ( 'NONE',  ( -79.23205080756885366, -0.9999999999999900080, 0.000000000000000000 ) ) ;
#1198 = CARTESIAN_POINT ( 'NONE',  ( -20.09639485903775835, -4.249999999999998224, 2.000000000000000000 ) ) ;
#1199 = ORIENTED_EDGE ( 'NONE', *, *, #384, .F. ) ;
#1200 = CARTESIAN_POINT ( 'NONE',  ( -10.00000000000000000, 14.99999999999999645, 2.000000000000000000 ) ) ;
#1201 = ORIENTED_EDGE ( 'NONE', *, *, #1929, .F. ) ;
#1202 = VERTEX_POINT ( 'NONE', #893 ) ;
#1203 = DIRECTION ( 'NONE',  ( -0.000000000000000000, -0.000000000000000000, -1.000000000000000000 ) ) ;
#1204 = DIRECTION ( 'NONE',  ( -1.000000000000000000, 0.000000000000000000, 0.000000000000000000 ) ) ;
#1205 = VECTOR ( 'NONE', #1118, 1000.000000000000227 ) ;
#1206 = DIRECTION ( 'NONE',  ( 0.8660254037844388186, 0.4999999999999996114, 0.000000000000000000 ) ) ;
#1207 = EDGE_CURVE ( 'NONE', #2095, #1424, #1238, .T. ) ;
#1208 = EDGE_CURVE ( 'NONE', #1810, #1190, #1959, .T. ) ;
#1209 = CARTESIAN_POINT ( 'NONE',  ( 0.000000000000000000, 7.000000000000000000, 0.000000000000000000 ) ) ;
#1210 = ORIENTED_EDGE ( 'NONE', *, *, #2284, .T. ) ;
#1211 = DIRECTION ( 'NONE',  ( -0.000000000000000000, -0.000000000000000000, -1.000000000000000000 ) ) ;
#1212 = DIRECTION ( 'NONE',  ( 0.000000000000000000, 1.000000000000000000, 0.000000000000000000 ) ) ;
#1213 = VERTEX_POINT ( 'NONE', #719 ) ;
#1214 = EDGE_LOOP ( 'NONE', ( #2236, #272, #915, #1981 ) ) ;
#1215 = CARTESIAN_POINT ( 'NONE',  ( -4.888073874380386697E-14, -7.000000000000000000, 2.000000000000000000 ) ) ;
#1216 = DIRECTION ( 'NONE',  ( -0.8660254037844388186, -0.4999999999999996114, 0.000000000000000000 ) ) ;
#1217 = VECTOR ( 'NONE', #764, 1000.000000000000000 ) ;
#1218 = LINE ( 'NONE', #1756, #1859 ) ;
#1219 = AXIS2_PLACEMENT_3D ( 'NONE', #2317, #523, #1237 ) ;
#1220 = ORIENTED_EDGE ( 'NONE', *, *, #1873, .F. ) ;
#1221 = DIRECTION ( 'NONE',  ( -0.5000000000000003331, 0.8660254037844385966, 0.000000000000000000 ) ) ;
#1222 = VECTOR ( 'NONE', #1139, 1000.000000000000000 ) ;
#1223 = EDGE_CURVE ( 'NONE', #669, #985, #880, .T. ) ;
#1224 = EDGE_CURVE ( 'NONE', #2172, #1850, #68, .T. ) ;
#1225 = CARTESIAN_POINT ( 'NONE',  ( -20.00000000000000000, 11.24999999999999467, 2.000000000000000000 ) ) ;
#1226 = LINE ( 'NONE', #2291, #1821 ) ;
#1227 = VECTOR ( 'NONE', #1931, 1000.000000000000000 ) ;
#1228 = VERTEX_POINT ( 'NONE', #711 ) ;
#1229 = DIRECTION ( 'NONE',  ( 0.000000000000000000, 0.000000000000000000, 1.000000000000000000 ) ) ;
#1230 = VERTEX_POINT ( 'NONE', #207 ) ;
#1231 = ORIENTED_EDGE ( 'NONE', *, *, #941, .T. ) ;
#1232 = DIRECTION ( 'NONE',  ( 1.000000000000000000, 0.000000000000000000, 0.000000000000000000 ) ) ;
#1233 = DIRECTION ( 'NONE',  ( -0.4999999999999996114, 0.8660254037844388186, 0.000000000000000000 ) ) ;
#1234 = DIRECTION ( 'NONE',  ( -0.000000000000000000, 0.000000000000000000, -1.000000000000000000 ) ) ;
#1235 = DIRECTION ( 'NONE',  ( 0.000000000000000000, 0.000000000000000000, 1.000000000000000000 ) ) ;
#1236 = EDGE_CURVE ( 'NONE', #7, #1158, #2182, .T. ) ;
#1237 = DIRECTION ( 'NONE',  ( -0.8660254037844382635, 0.5000000000000004441, 0.000000000000000000 ) ) ;
#1238 = LINE ( 'NONE', #1989, #440 ) ;
#1239 = EDGE_LOOP ( 'NONE', ( #597, #42, #1176, #2142 ) ) ;
#1240 = ORIENTED_EDGE ( 'NONE', *, *, #1778, .F. ) ;
#1241 = ORIENTED_EDGE ( 'NONE', *, *, #8, .T. ) ;
#1242 = LINE ( 'NONE', #1579, #1076 ) ;
#1243 = EDGE_CURVE ( 'NONE', #2296, #92, #1069, .T. ) ;
#1244 = ADVANCED_FACE ( 'NONE', ( #14 ), #566, .T. ) ;
#1245 = LINE ( 'NONE', #2227, #1664 ) ;
#1246 = VERTEX_POINT ( 'NONE', #1794 ) ;
#1247 = CARTESIAN_POINT ( 'NONE',  ( -77.49999999999995737, 4.249999999999992006, 2.000000000000000000 ) ) ;
#1248 = PLANE ( 'NONE',  #1900 ) ;
#1249 = VERTEX_POINT ( 'NONE', #342 ) ;
#1250 = VERTEX_POINT ( 'NONE', #198 ) ;
#1251 = ORIENTED_EDGE ( 'NONE', *, *, #877, .T. ) ;
#1252 = PLANE ( 'NONE',  #952 ) ;
#1253 = EDGE_CURVE ( 'NONE', #1509, #926, #900, .T. ) ;
#1254 = CARTESIAN_POINT ( 'NONE',  ( 0.000000000000000000, -12.00000000000000000, 2.000000000000000000 ) ) ;
#1255 = VECTOR ( 'NONE', #1649, 1000.000000000000227 ) ;
#1256 = DIRECTION ( 'NONE',  ( 1.000000000000000000, 1.221636250687892726E-16, 0.000000000000000000 ) ) ;
#1257 = DIRECTION ( 'NONE',  ( 0.000000000000000000, 0.000000000000000000, 1.000000000000000000 ) ) ;
#1258 = ORIENTED_EDGE ( 'NONE', *, *, #1545, .F. ) ;
#1259 = VECTOR ( 'NONE', #1048, 1000.000000000000000 ) ;
#1260 = ORIENTED_EDGE ( 'NONE', *, *, #1207, .T. ) ;
#1261 = VECTOR ( 'NONE', #2080, 1000.000000000000000 ) ;
#1262 = ORIENTED_EDGE ( 'NONE', *, *, #1621, .F. ) ;
#1263 = CARTESIAN_POINT ( 'NONE',  ( -20.09639485903775480, -1.999999999999924061, 2.000000000000000000 ) ) ;
#1264 = LINE ( 'NONE', #2120, #1406 ) ;
#1265 = CARTESIAN_POINT ( 'NONE',  ( -21.82844566660662977, -0.9999999999999241718, 2.000000000000000000 ) ) ;
#1266 = EDGE_CURVE ( 'NONE', #2230, #2173, #1759, .T. ) ;
#1267 = EDGE_CURVE ( 'NONE', #569, #618, #2207, .T. ) ;
#1268 = DIRECTION ( 'NONE',  ( 0.000000000000000000, -1.000000000000000000, 0.000000000000000000 ) ) ;
#1269 = LINE ( 'NONE', #1998, #1098 ) ;
#1270 = FACE_OUTER_BOUND ( 'NONE', #533, .T. ) ;
#1271 = VERTEX_POINT ( 'NONE', #422 ) ;
#1272 = ORIENTED_EDGE ( 'NONE', *, *, #2314, .F. ) ;
#1273 = DIRECTION ( 'NONE',  ( 0.8660254037844387076, 0.4999999999999997780, 0.000000000000000000 ) ) ;
#1274 = ORIENTED_EDGE ( 'NONE', *, *, #2189, .F. ) ;
#1275 = CARTESIAN_POINT ( 'NONE',  ( -75.76794919243116055, -0.9999999999999870104, 2.000000000000000000 ) ) ;
#1276 = ORIENTED_EDGE ( 'NONE', *, *, #635, .F. ) ;
#1277 = CARTESIAN_POINT ( 'NONE',  ( -20.09639485903775480, -8.250000000000008882, 0.000000000000000000 ) ) ;
#1278 = ADVANCED_FACE ( 'NONE', ( #51 ), #70, .F. ) ;
#1279 = DIRECTION ( 'NONE',  ( 1.000000000000000000, 0.000000000000000000, 0.000000000000000000 ) ) ;
#1280 = CARTESIAN_POINT ( 'NONE',  ( -77.50000000000000000, 1.999999999999994449, 0.000000000000000000 ) ) ;
#1281 = ORIENTED_EDGE ( 'NONE', *, *, #577, .T. ) ;
#1282 = EDGE_LOOP ( 'NONE', ( #590, #193, #791, #1307 ) ) ;
#1283 = DIRECTION ( 'NONE',  ( 0.4999999999999998335, -0.8660254037844388186, 0.000000000000000000 ) ) ;
#1284 = ORIENTED_EDGE ( 'NONE', *, *, #877, .F. ) ;
#1285 = DIRECTION ( 'NONE',  ( 0.000000000000000000, 0.000000000000000000, 1.000000000000000000 ) ) ;
#1286 = ORIENTED_EDGE ( 'NONE', *, *, #235, .F. ) ;
#1287 = FACE_OUTER_BOUND ( 'NONE', #136, .T. ) ;
#1288 = VECTOR ( 'NONE', #799, 1000.000000000000000 ) ;
#1289 = LINE ( 'NONE', #1816, #1557 ) ;
#1290 = VECTOR ( 'NONE', #1541, 1000.000000000000000 ) ;
#1291 = CARTESIAN_POINT ( 'NONE',  ( -20.00000000000000000, 11.24999999999999467, 2.000000000000000000 ) ) ;
#1292 = LINE ( 'NONE', #442, #1183 ) ;
#1293 = ORIENTED_EDGE ( 'NONE', *, *, #57, .T. ) ;
#1294 = VECTOR ( 'NONE', #745, 1000.000000000000000 ) ;
#1295 = EDGE_CURVE ( 'NONE', #780, #787, #1559, .T. ) ;
#1296 = CARTESIAN_POINT ( 'NONE',  ( -21.82844566660663332, -7.250000000000007994, 0.000000000000000000 ) ) ;
#1297 = AXIS2_PLACEMENT_3D ( 'NONE', #912, #1090, #1804 ) ;
#1298 = EDGE_LOOP ( 'NONE', ( #1589, #1795, #28, #102, #1876, #210 ) ) ;
#1299 = LINE ( 'NONE', #2176, #1473 ) ;
#1300 = AXIS2_PLACEMENT_3D ( 'NONE', #1919, #2250, #626 ) ;
#1301 = FACE_OUTER_BOUND ( 'NONE', #433, .T. ) ;
#1302 = CARTESIAN_POINT ( 'NONE',  ( -20.09639485903775125, 4.249999999999996447, 0.000000000000000000 ) ) ;
#1303 = VECTOR ( 'NONE', #1701, 1000.000000000000227 ) ;
#1304 = ADVANCED_FACE ( 'NONE', ( #89 ), #1100, .F. ) ;
#1305 = CARTESIAN_POINT ( 'NONE',  ( 0.000000000000000000, 10.00000000000000000, 2.000000000000000000 ) ) ;
#1306 = PLANE ( 'NONE',  #1518 ) ;
#1307 = ORIENTED_EDGE ( 'NONE', *, *, #1807, .T. ) ;
#1308 = PLANE ( 'NONE',  #331 ) ;
#1309 = ORIENTED_EDGE ( 'NONE', *, *, #299, .F. ) ;
#1310 = CARTESIAN_POINT ( 'NONE',  ( -10.00000000000000000, -15.00000000000000000, 0.000000000000000000 ) ) ;
#1311 = ORIENTED_EDGE ( 'NONE', *, *, #1551, .T. ) ;
#1312 = EDGE_CURVE ( 'NONE', #1595, #2161, #961, .T. ) ;
#1313 = EDGE_CURVE ( 'NONE', #618, #1359, #611, .T. ) ;
#1314 = DIRECTION ( 'NONE',  ( -0.000000000000000000, 0.000000000000000000, -1.000000000000000000 ) ) ;
#1315 = ORIENTED_EDGE ( 'NONE', *, *, #1621, .T. ) ;
#1316 = CARTESIAN_POINT ( 'NONE',  ( -73.75000000000000000, 11.24999999999999467, 2.000000000000000000 ) ) ;
#1317 = CARTESIAN_POINT ( 'NONE',  ( -20.09639485903775480, -8.250000000000008882, 2.000000000000000000 ) ) ;
#1318 = ORIENTED_EDGE ( 'NONE', *, *, #1088, .F. ) ;
#1319 = CARTESIAN_POINT ( 'NONE',  ( -21.82844566660662977, 1.000000000000073719, 2.000000000000000000 ) ) ;
#1320 = VERTEX_POINT ( 'NONE', #1510 ) ;
#1321 = LINE ( 'NONE', #1694, #1441 ) ;
#1322 = EDGE_CURVE ( 'NONE', #25, #482, #1675, .T. ) ;
#1323 = VERTEX_POINT ( 'NONE', #2237 ) ;
#1324 = DIRECTION ( 'NONE',  ( 1.000000000000000000, 0.000000000000000000, 0.000000000000000000 ) ) ;
#1325 = DIRECTION ( 'NONE',  ( -0.000000000000000000, -0.000000000000000000, -1.000000000000000000 ) ) ;
#1326 = ORIENTED_EDGE ( 'NONE', *, *, #1952, .T. ) ;
#1327 = PLANE ( 'NONE',  #1355 ) ;
#1328 = AXIS2_PLACEMENT_3D ( 'NONE', #1291, #1977, #197 ) ;
#1329 = EDGE_LOOP ( 'NONE', ( #1564, #361, #375, #1538 ) ) ;
#1330 = DIRECTION ( 'NONE',  ( 1.000000000000000000, 0.000000000000000000, 0.000000000000000000 ) ) ;
#1331 = CARTESIAN_POINT ( 'NONE',  ( -75.76794919243116055, 1.000000000000013101, 2.000000000000000000 ) ) ;
#1332 = AXIS2_PLACEMENT_3D ( 'NONE', #1445, #2203, #786 ) ;
#1333 = DIRECTION ( 'NONE',  ( -0.8660254037844385966, 0.5000000000000000000, 0.000000000000000000 ) ) ;
#1334 = VECTOR ( 'NONE', #970, 1000.000000000000000 ) ;
#1335 = VERTEX_POINT ( 'NONE', #1856 ) ;
#1336 = DIRECTION ( 'NONE',  ( 0.5000000000000002220, 0.8660254037844385966, -0.000000000000000000 ) ) ;
#1337 = ADVANCED_FACE ( 'NONE', ( #2050 ), #81, .T. ) ;
#1338 = EDGE_CURVE ( 'NONE', #512, #1690, #1125, .T. ) ;
#1339 = CARTESIAN_POINT ( 'NONE',  ( -18.36434405146887627, 5.249999999999995559, 2.000000000000000000 ) ) ;
#1340 = ORIENTED_EDGE ( 'NONE', *, *, #1312, .F. ) ;
#1341 = LINE ( 'NONE', #986, #135 ) ;
#1342 = EDGE_LOOP ( 'NONE', ( #2075, #769, #1617, #143, #1262, #158 ) ) ;
#1343 = ORIENTED_EDGE ( 'NONE', *, *, #1207, .F. ) ;
#1344 = CARTESIAN_POINT ( 'NONE',  ( -20.09639485903775480, 8.249999999999998224, 2.000000000000000000 ) ) ;
#1345 = ORIENTED_EDGE ( 'NONE', *, *, #2046, .T. ) ;
#1346 = DIRECTION ( 'NONE',  ( 0.000000000000000000, 0.000000000000000000, 1.000000000000000000 ) ) ;
#1347 = CARTESIAN_POINT ( 'NONE',  ( -79.23205080756885366, 1.000000000000003997, 0.000000000000000000 ) ) ;
#1348 = EDGE_CURVE ( 'NONE', #2092, #1888, #1292, .T. ) ;
#1349 = CARTESIAN_POINT ( 'NONE',  ( -79.23205080756892471, -7.249999999999997335, 2.000000000000000000 ) ) ;
#1350 = ORIENTED_EDGE ( 'NONE', *, *, #2123, .T. ) ;
#1351 = DIRECTION ( 'NONE',  ( 0.8660254037844380415, -0.5000000000000012212, 0.000000000000000000 ) ) ;
#1352 = ORIENTED_EDGE ( 'NONE', *, *, #265, .F. ) ;
#1353 = ORIENTED_EDGE ( 'NONE', *, *, #1622, .T. ) ;
#1354 = DIRECTION ( 'NONE',  ( 0.5000000000000008882, -0.8660254037844381525, 0.000000000000000000 ) ) ;
#1355 = AXIS2_PLACEMENT_3D ( 'NONE', #2055, #447, #1155 ) ;
#1356 = FACE_OUTER_BOUND ( 'NONE', #1144, .T. ) ;
#1357 = FACE_OUTER_BOUND ( 'NONE', #835, .T. ) ;
#1358 = FACE_BOUND ( 'NONE', #2001, .T. ) ;
#1359 = VERTEX_POINT ( 'NONE', #1280 ) ;
#1360 = DIRECTION ( 'NONE',  ( 0.000000000000000000, 0.000000000000000000, 1.000000000000000000 ) ) ;
#1361 = ADVANCED_FACE ( 'NONE', ( #601 ), #1306, .T. ) ;
#1362 = CIRCLE ( 'NONE', #765, 1.000000000000000888 ) ;
#1363 = ORIENTED_EDGE ( 'NONE', *, *, #1692, .T. ) ;
#1364 = ORIENTED_EDGE ( 'NONE', *, *, #235, .T. ) ;
#1365 = CARTESIAN_POINT ( 'NONE',  ( 0.000000000000000000, 0.000000000000000000, 2.000000000000000000 ) ) ;
#1366 = EDGE_CURVE ( 'NONE', #1763, #2232, #2037, .T. ) ;
#1367 = FACE_OUTER_BOUND ( 'NONE', #149, .T. ) ;
#1368 = AXIS2_PLACEMENT_3D ( 'NONE', #40, #700, #1409 ) ;
#1369 = VECTOR ( 'NONE', #323, 1000.000000000000227 ) ;
#1370 = CARTESIAN_POINT ( 'NONE',  ( -10.00000000000000000, 14.99999999999999645, 2.000000000000000000 ) ) ;
#1371 = DIRECTION ( 'NONE',  ( 0.000000000000000000, 1.000000000000000000, 0.000000000000000000 ) ) ;
#1372 = PLANE ( 'NONE',  #1477 ) ;
#1373 = EDGE_LOOP ( 'NONE', ( #2149, #55, #332, #1980 ) ) ;
#1374 = FACE_BOUND ( 'NONE', #965, .T. ) ;
#1375 = VERTEX_POINT ( 'NONE', #575 ) ;
#1376 = DIRECTION ( 'NONE',  ( -0.000000000000000000, -0.000000000000000000, -1.000000000000000000 ) ) ;
#1377 = EDGE_CURVE ( 'NONE', #1526, #1042, #431, .T. ) ;
#1378 = CARTESIAN_POINT ( 'NONE',  ( 7.000000000000000000, -2.444036937190193349E-14, 2.000000000000000000 ) ) ;
#1379 = EDGE_CURVE ( 'NONE', #2175, #45, #1870, .T. ) ;
#1380 = CARTESIAN_POINT ( 'NONE',  ( -21.82844566660662622, 5.249999999999995559, 2.000000000000000000 ) ) ;
#1381 = CARTESIAN_POINT ( 'NONE',  ( -77.50000000000001421, 11.24999999999999467, 0.000000000000000000 ) ) ;
#1382 = CARTESIAN_POINT ( 'NONE',  ( -79.23205080756883945, 7.250000000000001776, 2.000000000000000000 ) ) ;
#1383 = ORIENTED_EDGE ( 'NONE', *, *, #1567, .F. ) ;
#1384 = PLANE ( 'NONE',  #1426 ) ;
#1385 = ORIENTED_EDGE ( 'NONE', *, *, #1645, .F. ) ;
#1386 = ORIENTED_EDGE ( 'NONE', *, *, #866, .F. ) ;
#1387 = CARTESIAN_POINT ( 'NONE',  ( -79.23205080756892471, -7.249999999999997335, 2.000000000000000000 ) ) ;
#1388 = CARTESIAN_POINT ( 'NONE',  ( -77.49999999999997158, 8.249999999999996447, 2.000000000000000000 ) ) ;
#1389 = CARTESIAN_POINT ( 'NONE',  ( -19.00000000000000000, -11.25000000000000533, 2.000000000000000000 ) ) ;
#1390 = EDGE_CURVE ( 'NONE', #1886, #7, #240, .T. ) ;
#1391 = CIRCLE ( 'NONE', #1612, 1.000000000000000000 ) ;
#1392 = CYLINDRICAL_SURFACE ( 'NONE', #1410, 1.000000000000000888 ) ;
#1393 = CARTESIAN_POINT ( 'NONE',  ( -20.09639485903775835, -4.249999999999998224, 2.000000000000000000 ) ) ;
#1394 = VERTEX_POINT ( 'NONE', #1999 ) ;
#1395 = FACE_BOUND ( 'NONE', #1896, .T. ) ;
#1396 = ORIENTED_EDGE ( 'NONE', *, *, #594, .F. ) ;
#1397 = ORIENTED_EDGE ( 'NONE', *, *, #578, .F. ) ;
#1398 = CARTESIAN_POINT ( 'NONE',  ( -77.49999999999997158, 8.249999999999996447, 2.000000000000000000 ) ) ;
#1399 = VECTOR ( 'NONE', #191, 1000.000000000000227 ) ;
#1400 = CARTESIAN_POINT ( 'NONE',  ( -73.75000000000000000, 11.24999999999999467, 2.000000000000000000 ) ) ;
#1401 = AXIS2_PLACEMENT_3D ( 'NONE', #621, #609, #1333 ) ;
#1402 = PLANE ( 'NONE',  #100 ) ;
#1403 = VECTOR ( 'NONE', #771, 1000.000000000000000 ) ;
#1404 = VECTOR ( 'NONE', #1699, 1000.000000000000000 ) ;
#1405 = CARTESIAN_POINT ( 'NONE',  ( 7.000000000000000000, -2.444036937190193349E-14, 2.000000000000000000 ) ) ;
#1406 = VECTOR ( 'NONE', #420, 1000.000000000000000 ) ;
#1407 = EDGE_CURVE ( 'NONE', #1939, #1763, #253, .T. ) ;
#1408 = CARTESIAN_POINT ( 'NONE',  ( -10.00000000000000000, -15.00000000000000000, 2.000000000000000000 ) ) ;
#1409 = DIRECTION ( 'NONE',  ( 0.000000000000000000, 0.000000000000000000, 1.000000000000000000 ) ) ;
#1410 = AXIS2_PLACEMENT_3D ( 'NONE', #33, #1047, #739 ) ;
#1411 = VERTEX_POINT ( 'NONE', #673 ) ;
#1412 = EDGE_LOOP ( 'NONE', ( #1437, #943, #588, #557 ) ) ;
#1413 = ORIENTED_EDGE ( 'NONE', *, *, #1407, .F. ) ;
#1414 = DIRECTION ( 'NONE',  ( -1.000000000000000000, -1.541976423090495633E-16, 0.000000000000000000 ) ) ;
#1415 = CARTESIAN_POINT ( 'NONE',  ( -77.50000000000004263, -8.250000000000003553, 0.000000000000000000 ) ) ;
#1416 = FACE_BOUND ( 'NONE', #1670, .T. ) ;
#1417 = ORIENTED_EDGE ( 'NONE', *, *, #415, .T. ) ;
#1418 = EDGE_CURVE ( 'NONE', #1992, #25, #2289, .T. ) ;
#1419 = VERTEX_POINT ( 'NONE', #2083 ) ;
#1420 = VERTEX_POINT ( 'NONE', #995 ) ;
#1421 = FILL_AREA_STYLE_COLOUR ( '', #1186 ) ;
#1422 = LINE ( 'NONE', #227, #1972 ) ;
#1423 = CARTESIAN_POINT ( 'NONE',  ( -75.76794919243108950, 5.249999999999989342, 2.000000000000000000 ) ) ;
#1424 = VERTEX_POINT ( 'NONE', #1196 ) ;
#1425 = DIRECTION ( 'NONE',  ( 1.000000000000000000, 0.000000000000000000, 0.000000000000000000 ) ) ;
#1426 = AXIS2_PLACEMENT_3D ( 'NONE', #677, #1189, #306 ) ;
#1427 = VERTEX_POINT ( 'NONE', #1184 ) ;
#1428 = ADVANCED_FACE ( 'NONE', ( #845 ), #153, .T. ) ;
#1429 = ORIENTED_EDGE ( 'NONE', *, *, #2032, .F. ) ;
#1430 = CARTESIAN_POINT ( 'NONE',  ( -21.00000000000000000, -11.25000000000000533, 0.000000000000000000 ) ) ;
#1431 = ORIENTED_EDGE ( 'NONE', *, *, #1475, .T. ) ;
#1432 = ADVANCED_FACE ( 'NONE', ( #1356 ), #489, .T. ) ;
#1433 = VECTOR ( 'NONE', #1909, 1000.000000000000000 ) ;
#1434 = CIRCLE ( 'NONE', #438, 1.000000000000000000 ) ;
#1435 = LINE ( 'NONE', #2170, #178 ) ;
#1436 = DIRECTION ( 'NONE',  ( -0.4999999999999994449, -0.8660254037844390407, 0.000000000000000000 ) ) ;
#1437 = ORIENTED_EDGE ( 'NONE', *, *, #32, .F. ) ;
#1438 = APPLICATION_PROTOCOL_DEFINITION ( 'draft international standard', 'automotive_design', 1998, #535 ) ;
#1439 = AXIS2_PLACEMENT_3D ( 'NONE', #777, #788, #409 ) ;
#1440 = CARTESIAN_POINT ( 'NONE',  ( -21.82844566660662977, -0.9999999999999241718, 0.000000000000000000 ) ) ;
#1441 = VECTOR ( 'NONE', #785, 1000.000000000000227 ) ;
#1442 = ORIENTED_EDGE ( 'NONE', *, *, #371, .T. ) ;
#1443 = CARTESIAN_POINT ( 'NONE',  ( -79.23205080756883945, 7.250000000000001776, 2.000000000000000000 ) ) ;
#1444 = EDGE_CURVE ( 'NONE', #2249, #1420, #103, .T. ) ;
#1445 = CARTESIAN_POINT ( 'NONE',  ( -21.82844566660662977, 1.000000000000073719, 2.000000000000000000 ) ) ;
#1446 = PRODUCT_DEFINITION_CONTEXT ( 'detailed design', #1024, 'design' ) ;
#1447 = CARTESIAN_POINT ( 'NONE',  ( -20.09639485903775480, 2.000000000000073275, 2.000000000000000000 ) ) ;
#1448 = CARTESIAN_POINT ( 'NONE',  ( -77.50000000000001421, -1.999999999999974909, 0.000000000000000000 ) ) ;
#1449 = CARTESIAN_POINT ( 'NONE',  ( -21.82844566660663332, -7.250000000000007994, 0.000000000000000000 ) ) ;
#1450 = VERTEX_POINT ( 'NONE', #2111 ) ;
#1451 = ORIENTED_EDGE ( 'NONE', *, *, #1792, .T. ) ;
#1452 = FACE_OUTER_BOUND ( 'NONE', #1214, .T. ) ;
#1453 = VERTEX_POINT ( 'NONE', #1746 ) ;
#1454 =( LENGTH_UNIT ( ) NAMED_UNIT ( * ) SI_UNIT ( .MILLI., .METRE. ) );
#1455 = EDGE_LOOP ( 'NONE', ( #352, #1383, #1127, #1514 ) ) ;
#1456 = LINE ( 'NONE', #696, #2209 ) ;
#1457 = EDGE_CURVE ( 'NONE', #1335, #1420, #287, .T. ) ;
#1458 = LINE ( 'NONE', #373, #656 ) ;
#1459 = DIRECTION ( 'NONE',  ( -0.8660254037844384856, 0.5000000000000002220, 0.000000000000000000 ) ) ;
#1460 = LINE ( 'NONE', #1834, #1550 ) ;
#1461 = DIRECTION ( 'NONE',  ( 0.000000000000000000, 0.000000000000000000, 1.000000000000000000 ) ) ;
#1462 = EDGE_LOOP ( 'NONE', ( #1201, #631, #2246, #1103 ) ) ;
#1463 = FACE_OUTER_BOUND ( 'NONE', #366, .T. ) ;
#1464 = ORIENTED_EDGE ( 'NONE', *, *, #2252, .F. ) ;
#1465 = LINE ( 'NONE', #1483, #2239 ) ;
#1466 = CARTESIAN_POINT ( 'NONE',  ( -7.000000000000000888, 7.332110811570580046E-14, 0.000000000000000000 ) ) ;
#1467 = AXIS2_PLACEMENT_3D ( 'NONE', #1640, #756, #2192 ) ;
#1468 = EDGE_CURVE ( 'NONE', #1230, #2308, #982, .T. ) ;
#1469 = DIRECTION ( 'NONE',  ( -0.000000000000000000, -0.000000000000000000, -1.000000000000000000 ) ) ;
#1470 = AXIS2_PLACEMENT_3D ( 'NONE', #202, #152, #1928 ) ;
#1471 = DIRECTION ( 'NONE',  ( 0.5000000000000016653, 0.8660254037844378194, -0.000000000000000000 ) ) ;
#1472 = LINE ( 'NONE', #423, #1399 ) ;
#1473 = VECTOR ( 'NONE', #212, 1000.000000000000227 ) ;
#1474 = EDGE_CURVE ( 'NONE', #679, #1202, #1902, .T. ) ;
#1475 = EDGE_CURVE ( 'NONE', #1138, #1001, #2272, .T. ) ;
#1476 = LINE ( 'NONE', #591, #365 ) ;
#1477 = AXIS2_PLACEMENT_3D ( 'NONE', #290, #1712, #2074 ) ;
#1478 = VERTEX_POINT ( 'NONE', #830 ) ;
#1479 = CARTESIAN_POINT ( 'NONE',  ( -19.00000000000000000, -11.25000000000000533, 2.000000000000000000 ) ) ;
#1480 = LINE ( 'NONE', #1592, #807 ) ;
#1481 = EDGE_LOOP ( 'NONE', ( #1991, #449, #515, #1060 ) ) ;
#1482 = VECTOR ( 'NONE', #1710, 1000.000000000000000 ) ;
#1483 = CARTESIAN_POINT ( 'NONE',  ( -75.76794919243116055, 1.000000000000013101, 2.000000000000000000 ) ) ;
#1484 = DIRECTION ( 'NONE',  ( 0.000000000000000000, -1.000000000000000000, 0.000000000000000000 ) ) ;
#1485 = VECTOR ( 'NONE', #1376, 1000.000000000000000 ) ;
#1486 = EDGE_LOOP ( 'NONE', ( #1633, #713, #2309, #695 ) ) ;
#1487 = DIRECTION ( 'NONE',  ( -0.8660254037844383745, -0.5000000000000003331, 0.000000000000000000 ) ) ;
#1488 = DIRECTION ( 'NONE',  ( -0.5000000000000002220, 0.8660254037844385966, 0.000000000000000000 ) ) ;
#1489 = LINE ( 'NONE', #2220, #1294 ) ;
#1490 = ORIENTED_EDGE ( 'NONE', *, *, #268, .F. ) ;
#1491 = CARTESIAN_POINT ( 'NONE',  ( -1.000000000000048850, -7.000000000000000000, 2.000000000000000000 ) ) ;
#1492 = EDGE_CURVE ( 'NONE', #1913, #592, #1721, .T. ) ;
#1493 = EDGE_LOOP ( 'NONE', ( #457, #641, #1311, #804 ) ) ;
#1494 = CARTESIAN_POINT ( 'NONE',  ( -77.50000000000001421, 11.24999999999999467, 2.000000000000000000 ) ) ;
#1495 = VERTEX_POINT ( 'NONE', #2063 ) ;
#1496 = CARTESIAN_POINT ( 'NONE',  ( -75.76794919243108950, 5.249999999999989342, 2.000000000000000000 ) ) ;
#1497 = DIRECTION ( 'NONE',  ( 0.000000000000000000, 0.000000000000000000, 1.000000000000000000 ) ) ;
#1498 = EDGE_LOOP ( 'NONE', ( #748, #295, #441, #1272 ) ) ;
#1499 = CARTESIAN_POINT ( 'NONE',  ( -20.00000000000000000, 11.24999999999999467, 2.000000000000000000 ) ) ;
#1500 = CARTESIAN_POINT ( 'NONE',  ( -18.36434405146887983, 1.000000000000075051, 2.000000000000000000 ) ) ;
#1501 = ORIENTED_EDGE ( 'NONE', *, *, #2094, .F. ) ;
#1502 = DIRECTION ( 'NONE',  ( -0.000000000000000000, -0.000000000000000000, -1.000000000000000000 ) ) ;
#1503 = ORIENTED_EDGE ( 'NONE', *, *, #1266, .F. ) ;
#1504 = EDGE_CURVE ( 'NONE', #1683, #1810, #1017, .T. ) ;
#1505 = VERTEX_POINT ( 'NONE', #1161 ) ;
#1506 = FACE_OUTER_BOUND ( 'NONE', #1940, .T. ) ;
#1507 = EDGE_CURVE ( 'NONE', #1478, #156, #1523, .T. ) ;
#1508 = PLANE ( 'NONE',  #1401 ) ;
#1509 = VERTEX_POINT ( 'NONE', #127 ) ;
#1510 = CARTESIAN_POINT ( 'NONE',  ( -19.00000000000000000, -11.25000000000000533, 0.000000000000000000 ) ) ;
#1511 = FACE_OUTER_BOUND ( 'NONE', #802, .T. ) ;
#1512 = ORIENTED_EDGE ( 'NONE', *, *, #1052, .T. ) ;
#1513 = CARTESIAN_POINT ( 'NONE',  ( -20.09639485903775125, 4.249999999999996447, 0.000000000000000000 ) ) ;
#1514 = ORIENTED_EDGE ( 'NONE', *, *, #1407, .T. ) ;
#1515 = AXIS2_PLACEMENT_3D ( 'NONE', #1877, #2031, #2215 ) ;
#1516 = CARTESIAN_POINT ( 'NONE',  ( -77.49999999999995737, 4.249999999999992006, 2.000000000000000000 ) ) ;
#1517 = DIRECTION ( 'NONE',  ( 0.000000000000000000, 0.000000000000000000, 1.000000000000000000 ) ) ;
#1518 = AXIS2_PLACEMENT_3D ( 'NONE', #1316, #2191, #1818 ) ;
#1519 = AXIS2_PLACEMENT_3D ( 'NONE', #1014, #137, #2096 ) ;
#1520 = EDGE_CURVE ( 'NONE', #396, #2214, #1733, .T. ) ;
#1521 = EDGE_CURVE ( 'NONE', #413, #569, #140, .T. ) ;
#1522 = ORIENTED_EDGE ( 'NONE', *, *, #1236, .T. ) ;
#1523 = LINE ( 'NONE', #1370, #994 ) ;
#1524 = CARTESIAN_POINT ( 'NONE',  ( -18.36434405146886917, -7.250000000000004441, 2.000000000000000000 ) ) ;
#1525 = FACE_OUTER_BOUND ( 'NONE', #1239, .T. ) ;
#1526 = VERTEX_POINT ( 'NONE', #818 ) ;
#1527 = LINE ( 'NONE', #1655, #1593 ) ;
#1528 = EDGE_LOOP ( 'NONE', ( #18, #1641, #823, #1840, #353, #1960 ) ) ;
#1529 = ORIENTED_EDGE ( 'NONE', *, *, #1843, .T. ) ;
#1530 = CARTESIAN_POINT ( 'NONE',  ( -73.75000000000000000, 11.24999999999999467, 2.000000000000000000 ) ) ;
#1531 = ADVANCED_FACE ( 'NONE', ( #643 ), #1543, .F. ) ;
#1532 = CARTESIAN_POINT ( 'NONE',  ( -77.50000000000001421, -11.25000000000000711, 2.000000000000000000 ) ) ;
#1533 = CARTESIAN_POINT ( 'NONE',  ( -20.09639485903775480, -1.999999999999924061, 2.000000000000000000 ) ) ;
#1534 = DIRECTION ( 'NONE',  ( 1.000000000000000000, 0.000000000000000000, 0.000000000000000000 ) ) ;
#1535 = ORIENTED_EDGE ( 'NONE', *, *, #99, .T. ) ;
#1536 = FACE_OUTER_BOUND ( 'NONE', #17, .T. ) ;
#1537 = ORIENTED_EDGE ( 'NONE', *, *, #371, .F. ) ;
#1538 = ORIENTED_EDGE ( 'NONE', *, *, #2077, .F. ) ;
#1539 = DIRECTION ( 'NONE',  ( 0.000000000000000000, 0.000000000000000000, 1.000000000000000000 ) ) ;
#1540 = PLANE ( 'NONE',  #1102 ) ;
#1541 = DIRECTION ( 'NONE',  ( 0.000000000000000000, -1.000000000000000000, 0.000000000000000000 ) ) ;
#1542 = VECTOR ( 'NONE', #1837, 1000.000000000000000 ) ;
#1543 = CYLINDRICAL_SURFACE ( 'NONE', #255, 1.000000000000000888 ) ;
#1544 = LINE ( 'NONE', #661, #2198 ) ;
#1545 = EDGE_CURVE ( 'NONE', #156, #592, #857, .T. ) ;
#1546 = DIRECTION ( 'NONE',  ( 0.8660254037844384856, -0.5000000000000001110, 0.000000000000000000 ) ) ;
#1547 = EDGE_LOOP ( 'NONE', ( #224, #24, #1552, #1350 ) ) ;
#1548 = DIRECTION ( 'NONE',  ( 1.000000000000000000, 0.000000000000000000, 0.000000000000000000 ) ) ;
#1549 = EDGE_CURVE ( 'NONE', #558, #2095, #2099, .T. ) ;
#1550 = VECTOR ( 'NONE', #229, 1000.000000000000000 ) ;
#1551 = EDGE_CURVE ( 'NONE', #1001, #1246, #1123, .T. ) ;
#1552 = ORIENTED_EDGE ( 'NONE', *, *, #214, .T. ) ;
#1553 = AXIS2_PLACEMENT_3D ( 'NONE', #284, #1708, #1497 ) ;
#1554 = ORIENTED_EDGE ( 'NONE', *, *, #709, .F. ) ;
#1555 = CARTESIAN_POINT ( 'NONE',  ( -10.00000000000000000, -15.00000000000000000, 2.000000000000000000 ) ) ;
#1556 = CARTESIAN_POINT ( 'NONE',  ( -20.09639485903775125, 4.249999999999996447, 2.000000000000000000 ) ) ;
#1557 = VECTOR ( 'NONE', #2024, 1000.000000000000000 ) ;
#1558 = DIRECTION ( 'NONE',  ( -0.000000000000000000, -0.000000000000000000, -1.000000000000000000 ) ) ;
#1559 = CIRCLE ( 'NONE', #1439, 1.000000000000000000 ) ;
#1560 = VECTOR ( 'NONE', #658, 1000.000000000000000 ) ;
#1561 = CARTESIAN_POINT ( 'NONE',  ( 0.000000000000000000, 11.99999999999999645, 2.000000000000000000 ) ) ;
#1562 = DIRECTION ( 'NONE',  ( 0.000000000000000000, 0.000000000000000000, 1.000000000000000000 ) ) ;
#1563 = DIRECTION ( 'NONE',  ( -0.000000000000000000, -0.000000000000000000, -1.000000000000000000 ) ) ;
#1564 = ORIENTED_EDGE ( 'NONE', *, *, #1224, .T. ) ;
#1565 = LINE ( 'NONE', #317, #905 ) ;
#1566 = ORIENTED_EDGE ( 'NONE', *, *, #1379, .T. ) ;
#1567 = EDGE_CURVE ( 'NONE', #2212, #1688, #1995, .T. ) ;
#1568 = ORIENTED_EDGE ( 'NONE', *, *, #1137, .F. ) ;
#1569 = CARTESIAN_POINT ( 'NONE',  ( 8.000000000000000000, -2.431790469198719834E-14, 0.000000000000000000 ) ) ;
#1570 = FACE_OUTER_BOUND ( 'NONE', #345, .T. ) ;
#1571 = CARTESIAN_POINT ( 'NONE',  ( -7.000000000000000888, 7.332110811570580046E-14, 2.000000000000000000 ) ) ;
#1572 = ORIENTED_EDGE ( 'NONE', *, *, #578, .T. ) ;
#1573 = DIRECTION ( 'NONE',  ( -0.8660254037844387076, 0.4999999999999997780, 0.000000000000000000 ) ) ;
#1574 = LINE ( 'NONE', #1747, #2010 ) ;
#1575 = ORIENTED_EDGE ( 'NONE', *, *, #2094, .T. ) ;
#1576 = DIRECTION ( 'NONE',  ( -0.000000000000000000, -0.000000000000000000, -1.000000000000000000 ) ) ;
#1577 = ORIENTED_EDGE ( 'NONE', *, *, #2179, .T. ) ;
#1578 = VERTEX_POINT ( 'NONE', #216 ) ;
#1579 = CARTESIAN_POINT ( 'NONE',  ( -75.76794919243116055, -0.9999999999999870104, 2.000000000000000000 ) ) ;
#1580 = DIRECTION ( 'NONE',  ( 1.000000000000000000, 0.000000000000000000, 0.000000000000000000 ) ) ;
#1581 = EDGE_CURVE ( 'NONE', #430, #1992, #585, .T. ) ;
#1582 = AXIS2_PLACEMENT_3D ( 'NONE', #1796, #1806, #1425 ) ;
#1583 = PLANE ( 'NONE',  #959 ) ;
#1584 = PLANE ( 'NONE',  #1219 ) ;
#1585 = FACE_BOUND ( 'NONE', #1728, .T. ) ;
#1586 = EDGE_LOOP ( 'NONE', ( #1748, #1397 ) ) ;
#1587 = CARTESIAN_POINT ( 'NONE',  ( -75.76794919243108950, 7.249999999999989342, 2.000000000000000000 ) ) ;
#1588 = EDGE_LOOP ( 'NONE', ( #9, #1120, #1429, #1051 ) ) ;
#1589 = ORIENTED_EDGE ( 'NONE', *, *, #1645, .T. ) ;
#1590 = LINE ( 'NONE', #495, #811 ) ;
#1591 = VECTOR ( 'NONE', #432, 1000.000000000000000 ) ;
#1592 = CARTESIAN_POINT ( 'NONE',  ( -21.82844566660662622, 7.249999999999999112, 0.000000000000000000 ) ) ;
#1593 = VECTOR ( 'NONE', #949, 1000.000000000000000 ) ;
#1594 = AXIS2_PLACEMENT_3D ( 'NONE', #1209, #2113, #1534 ) ;
#1595 = VERTEX_POINT ( 'NONE', #226 ) ;
#1596 = EDGE_CURVE ( 'NONE', #1420, #1271, #2187, .T. ) ;
#1597 = VECTOR ( 'NONE', #1573, 1000.000000000000227 ) ;
#1598 = FACE_OUTER_BOUND ( 'NONE', #1954, .T. ) ;
#1599 = FACE_BOUND ( 'NONE', #425, .T. ) ;
#1600 = AXIS2_PLACEMENT_3D ( 'NONE', #1964, #670, #2144 ) ;
#1601 = ORIENTED_EDGE ( 'NONE', *, *, #2234, .T. ) ;
#1602 = ORIENTED_EDGE ( 'NONE', *, *, #645, .F. ) ;
#1603 = ORIENTED_EDGE ( 'NONE', *, *, #187, .T. ) ;
#1604 = EDGE_CURVE ( 'NONE', #2161, #512, #1644, .T. ) ;
#1605 = PLANE ( 'NONE',  #1177 ) ;
#1606 = DIRECTION ( 'NONE',  ( 0.000000000000000000, 1.000000000000000000, 0.000000000000000000 ) ) ;
#1607 = ORIENTED_EDGE ( 'NONE', *, *, #1348, .F. ) ;
#1608 = ORIENTED_EDGE ( 'NONE', *, *, #129, .T. ) ;
#1609 = ADVANCED_FACE ( 'NONE', ( #685 ), #418, .F. ) ;
#1610 = ORIENTED_EDGE ( 'NONE', *, *, #326, .T. ) ;
#1611 = UNCERTAINTY_MEASURE_WITH_UNIT (LENGTH_MEASURE( 1.000000000000000082E-05 ), #2159, 'distance_accuracy_value', 'NONE');
#1612 = AXIS2_PLACEMENT_3D ( 'NONE', #119, #1229, #1548 ) ;
#1613 = CARTESIAN_POINT ( 'NONE',  ( -10.00000000000000000, 11.99999999999999645, 2.000000000000000000 ) ) ;
#1614 = CARTESIAN_POINT ( 'NONE',  ( -79.23205080756892471, -5.249999999999999112, 0.000000000000000000 ) ) ;
#1615 = ORIENTED_EDGE ( 'NONE', *, *, #1551, .F. ) ;
#1616 = SHAPE_DEFINITION_REPRESENTATION ( #195, #1996 ) ;
#1617 = ORIENTED_EDGE ( 'NONE', *, *, #2145, .F. ) ;
#1618 = PLANE ( 'NONE',  #545 ) ;
#1619 = ORIENTED_EDGE ( 'NONE', *, *, #357, .F. ) ;
#1620 = DIRECTION ( 'NONE',  ( -0.000000000000000000, -0.000000000000000000, -1.000000000000000000 ) ) ;
#1621 = EDGE_CURVE ( 'NONE', #88, #1375, #1801, .T. ) ;
#1622 = EDGE_CURVE ( 'NONE', #633, #1154, #2244, .T. ) ;
#1623 = DIRECTION ( 'NONE',  ( 0.8660254037844381525, -0.5000000000000008882, 0.000000000000000000 ) ) ;
#1624 = CIRCLE ( 'NONE', #1938, 1.000000000000000888 ) ;
#1625 = CIRCLE ( 'NONE', #1697, 1.000000000000000888 ) ;
#1626 = CARTESIAN_POINT ( 'NONE',  ( -6.000000000000000888, 7.344357279562053561E-14, 0.000000000000000000 ) ) ;
#1627 = DIRECTION ( 'NONE',  ( 0.000000000000000000, 0.000000000000000000, 1.000000000000000000 ) ) ;
#1628 = FACE_BOUND ( 'NONE', #377, .T. ) ;
#1629 = ORIENTED_EDGE ( 'NONE', *, *, #1986, .T. ) ;
#1630 = PRODUCT_CONTEXT ( 'NONE', #535, 'mechanical' ) ;
#1631 = VECTOR ( 'NONE', #162, 1000.000000000000000 ) ;
#1632 = PLANE ( 'NONE',  #217 ) ;
#1633 = ORIENTED_EDGE ( 'NONE', *, *, #1313, .F. ) ;
#1634 = CARTESIAN_POINT ( 'NONE',  ( -77.50000000000001421, -11.25000000000000711, 2.000000000000000000 ) ) ;
#1635 = VERTEX_POINT ( 'NONE', #1302 ) ;
#1636 = EDGE_CURVE ( 'NONE', #45, #887, #1097, .T. ) ;
#1637 = CARTESIAN_POINT ( 'NONE',  ( -10.00000000000000000, -15.00000000000000000, 0.000000000000000000 ) ) ;
#1638 = CARTESIAN_POINT ( 'NONE',  ( 1.000000000000000000, 7.000000000000000000, 2.000000000000000000 ) ) ;
#1639 = DIRECTION ( 'NONE',  ( 0.8660254037844393737, -0.4999999999999988898, 0.000000000000000000 ) ) ;
#1640 = CARTESIAN_POINT ( 'NONE',  ( 0.000000000000000000, 10.00000000000000000, 2.000000000000000000 ) ) ;
#1641 = ORIENTED_EDGE ( 'NONE', *, *, #1767, .T. ) ;
#1642 = ORIENTED_EDGE ( 'NONE', *, *, #1929, .T. ) ;
#1643 = CARTESIAN_POINT ( 'NONE',  ( 0.000000000000000000, 10.00000000000000000, 2.000000000000000000 ) ) ;
#1644 = LINE ( 'NONE', #1637, #1668 ) ;
#1645 = EDGE_CURVE ( 'NONE', #926, #1495, #761, .T. ) ;
#1646 = EDGE_CURVE ( 'NONE', #793, #1505, #1456, .T. ) ;
#1647 = ADVANCED_FACE ( 'NONE', ( #1287 ), #1392, .F. ) ;
#1648 = CARTESIAN_POINT ( 'NONE',  ( 7.000000000000000000, -2.444036937190193349E-14, 2.000000000000000000 ) ) ;
#1649 = DIRECTION ( 'NONE',  ( 0.8660254037844387076, 0.4999999999999997780, 0.000000000000000000 ) ) ;
#1650 = DIRECTION ( 'NONE',  ( 1.000000000000000000, 0.000000000000000000, 0.000000000000000000 ) ) ;
#1651 = CARTESIAN_POINT ( 'NONE',  ( -75.76794919243108950, 7.249999999999989342, 2.000000000000000000 ) ) ;
#1652 = CARTESIAN_POINT ( 'NONE',  ( -80.99999999999998579, -15.00000000000000000, 2.000000000000000000 ) ) ;
#1653 = VECTOR ( 'NONE', #1576, 1000.000000000000000 ) ;
#1654 = ORIENTED_EDGE ( 'NONE', *, *, #1596, .T. ) ;
#1655 = CARTESIAN_POINT ( 'NONE',  ( -77.50000000000004263, -8.250000000000003553, 2.000000000000000000 ) ) ;
#1656 = ORIENTED_EDGE ( 'NONE', *, *, #794, .F. ) ;
#1657 = DIRECTION ( 'NONE',  ( -0.000000000000000000, 0.000000000000000000, -1.000000000000000000 ) ) ;
#1658 = FACE_OUTER_BOUND ( 'NONE', #1083, .T. ) ;
#1659 = AXIS2_PLACEMENT_3D ( 'NONE', #911, #555, #1256 ) ;
#1660 = EDGE_CURVE ( 'NONE', #787, #780, #1709, .T. ) ;
#1661 = ORIENTED_EDGE ( 'NONE', *, *, #709, .T. ) ;
#1662 = DIRECTION ( 'NONE',  ( 0.000000000000000000, 1.000000000000000000, 0.000000000000000000 ) ) ;
#1663 = LINE ( 'NONE', #612, #987 ) ;
#1664 = VECTOR ( 'NONE', #321, 1000.000000000000000 ) ;
#1665 = ORIENTED_EDGE ( 'NONE', *, *, #1791, .T. ) ;
#1666 = LINE ( 'NONE', #1479, #2039 ) ;
#1667 = ORIENTED_EDGE ( 'NONE', *, *, #416, .T. ) ;
#1668 = VECTOR ( 'NONE', #2023, 1000.000000000000000 ) ;
#1669 = DIRECTION ( 'NONE',  ( -1.000000000000000000, 0.000000000000000000, 0.000000000000000000 ) ) ;
#1670 = EDGE_LOOP ( 'NONE', ( #862, #813, #2059, #1220, #281, #1101 ) ) ;
#1671 = CARTESIAN_POINT ( 'NONE',  ( -20.09639485903775835, -4.249999999999998224, 2.000000000000000000 ) ) ;
#1672 = VECTOR ( 'NONE', #367, 1000.000000000000000 ) ;
#1673 = FACE_OUTER_BOUND ( 'NONE', #2140, .T. ) ;
#1674 = ORIENTED_EDGE ( 'NONE', *, *, #443, .T. ) ;
#1675 = LINE ( 'NONE', #1845, #846 ) ;
#1676 = DIRECTION ( 'NONE',  ( 0.000000000000000000, 0.000000000000000000, 1.000000000000000000 ) ) ;
#1677 = EDGE_CURVE ( 'NONE', #45, #1394, #2302, .T. ) ;
#1678 = ADVANCED_FACE ( 'NONE', ( #1110 ), #1583, .T. ) ;
#1679 = ORIENTED_EDGE ( 'NONE', *, *, #991, .F. ) ;
#1680 = CARTESIAN_POINT ( 'NONE',  ( -75.76794919243116055, -5.249999999999999112, 2.000000000000000000 ) ) ;
#1681 = EDGE_CURVE ( 'NONE', #985, #1740, #392, .T. ) ;
#1682 = VERTEX_POINT ( 'NONE', #1947 ) ;
#1683 = VERTEX_POINT ( 'NONE', #1265 ) ;
#1684 = CARTESIAN_POINT ( 'NONE',  ( -20.09639485903775480, -1.999999999999924061, 2.000000000000000000 ) ) ;
#1685 = EDGE_LOOP ( 'NONE', ( #243, #1760, #714, #2185 ) ) ;
#1686 = DIRECTION ( 'NONE',  ( -0.000000000000000000, -0.000000000000000000, -1.000000000000000000 ) ) ;
#1687 = DIRECTION ( 'NONE',  ( -1.000000000000000000, -0.000000000000000000, -0.000000000000000000 ) ) ;
#1688 = VERTEX_POINT ( 'NONE', #1085 ) ;
#1689 = CARTESIAN_POINT ( 'NONE',  ( -73.75000000000000000, 11.24999999999999467, 2.000000000000000000 ) ) ;
#1690 = VERTEX_POINT ( 'NONE', #1813 ) ;
#1691 = LINE ( 'NONE', #803, #250 ) ;
#1692 = EDGE_CURVE ( 'NONE', #1271, #1913, #47, .T. ) ;
#1693 = EDGE_CURVE ( 'NONE', #2151, #625, #551, .T. ) ;
#1694 = CARTESIAN_POINT ( 'NONE',  ( -20.09639485903775480, -1.999999999999924061, 0.000000000000000000 ) ) ;
#1695 = DIRECTION ( 'NONE',  ( -0.000000000000000000, -0.000000000000000000, -1.000000000000000000 ) ) ;
#1696 = CARTESIAN_POINT ( 'NONE',  ( -20.00000000000000000, -11.25000000000000533, 0.000000000000000000 ) ) ;
#1697 = AXIS2_PLACEMENT_3D ( 'NONE', #1182, #1235, #378 ) ;
#1698 = DIRECTION ( 'NONE',  ( 1.000000000000000000, 3.469446951953614189E-17, 0.000000000000000000 ) ) ;
#1699 = DIRECTION ( 'NONE',  ( -0.000000000000000000, -0.000000000000000000, -1.000000000000000000 ) ) ;
#1700 = VERTEX_POINT ( 'NONE', #79 ) ;
#1701 = DIRECTION ( 'NONE',  ( 0.8660254037844384856, 0.5000000000000002220, 0.000000000000000000 ) ) ;
#1702 = ORIENTED_EDGE ( 'NONE', *, *, #1243, .F. ) ;
#1703 = AXIS2_PLACEMENT_3D ( 'NONE', #117, #1910, #1021 ) ;
#1704 = ORIENTED_EDGE ( 'NONE', *, *, #650, .T. ) ;
#1705 = CARTESIAN_POINT ( 'NONE',  ( -79.23205080756883945, 5.249999999999993783, 0.000000000000000000 ) ) ;
#1706 = AXIS2_PLACEMENT_3D ( 'NONE', #1344, #1354, #1879 ) ;
#1707 = EDGE_CURVE ( 'NONE', #561, #1249, #607, .T. ) ;
#1708 = DIRECTION ( 'NONE',  ( -1.000000000000000000, 0.000000000000000000, 0.000000000000000000 ) ) ;
#1709 = CIRCLE ( 'NONE', #663, 1.000000000000000000 ) ;
#1710 = DIRECTION ( 'NONE',  ( -1.000000000000000000, -0.000000000000000000, -0.000000000000000000 ) ) ;
#1711 = DIRECTION ( 'NONE',  ( 1.000000000000000000, 0.000000000000000000, 0.000000000000000000 ) ) ;
#1712 = DIRECTION ( 'NONE',  ( 0.4999999999999992784, -0.8660254037844390407, 0.000000000000000000 ) ) ;
#1713 = ORIENTED_EDGE ( 'NONE', *, *, #794, .T. ) ;
#1714 = FACE_BOUND ( 'NONE', #703, .T. ) ;
#1715 = ORIENTED_EDGE ( 'NONE', *, *, #992, .F. ) ;
#1716 = ORIENTED_EDGE ( 'NONE', *, *, #2034, .T. ) ;
#1717 = DIRECTION ( 'NONE',  ( 0.000000000000000000, 1.000000000000000000, 0.000000000000000000 ) ) ;
#1718 = CARTESIAN_POINT ( 'NONE',  ( -20.09639485903775835, -4.249999999999998224, 0.000000000000000000 ) ) ;
#1719 = CARTESIAN_POINT ( 'NONE',  ( -10.00000000000000000, -12.00000000000000000, 0.000000000000000000 ) ) ;
#1720 = ADVANCED_FACE ( 'NONE', ( #805 ), #113, .T. ) ;
#1721 = LINE ( 'NONE', #311, #1227 ) ;
#1722 = EDGE_CURVE ( 'NONE', #1700, #118, #2069, .T. ) ;
#1723 = ADVANCED_FACE ( 'NONE', ( #296 ), #2233, .F. ) ;
#1724 = CARTESIAN_POINT ( 'NONE',  ( -20.09639485903775480, 2.000000000000073275, 2.000000000000000000 ) ) ;
#1725 = LINE ( 'NONE', #1198, #1975 ) ;
#1726 = ORIENTED_EDGE ( 'NONE', *, *, #606, .F. ) ;
#1727 = CARTESIAN_POINT ( 'NONE',  ( 0.000000000000000000, 11.99999999999999645, 2.000000000000000000 ) ) ;
#1728 = EDGE_LOOP ( 'NONE', ( #757, #292, #1464, #319, #712, #1490 ) ) ;
#1729 = ORIENTED_EDGE ( 'NONE', *, *, #1636, .T. ) ;
#1730 = DIRECTION ( 'NONE',  ( -0.000000000000000000, -0.000000000000000000, -1.000000000000000000 ) ) ;
#1731 = DIRECTION ( 'NONE',  ( 0.000000000000000000, -1.000000000000000000, 0.000000000000000000 ) ) ;
#1732 = CARTESIAN_POINT ( 'NONE',  ( -10.00000000000000000, 11.99999999999999645, 2.000000000000000000 ) ) ;
#1733 = LINE ( 'NONE', #301, #1482 ) ;
#1734 = ADVANCED_FACE ( 'NONE', ( #458 ), #2044, .T. ) ;
#1735 = PLANE ( 'NONE',  #1944 ) ;
#1736 = EDGE_LOOP ( 'NONE', ( #652, #874, #1070, #160 ) ) ;
#1737 = CARTESIAN_POINT ( 'NONE',  ( -18.36434405146886917, -7.250000000000004441, 2.000000000000000000 ) ) ;
#1738 = ORIENTED_EDGE ( 'NONE', *, *, #608, .F. ) ;
#1739 = VECTOR ( 'NONE', #733, 1000.000000000000227 ) ;
#1740 = VERTEX_POINT ( 'NONE', #1167 ) ;
#1741 = LINE ( 'NONE', #320, #1485 ) ;
#1742 = VECTOR ( 'NONE', #2047, 1000.000000000000000 ) ;
#1743 = CARTESIAN_POINT ( 'NONE',  ( -23.74999999999998934, -11.25000000000000533, 2.000000000000000000 ) ) ;
#1744 = VECTOR ( 'NONE', #1212, 1000.000000000000000 ) ;
#1745 = AXIS2_PLACEMENT_3D ( 'NONE', #1133, #642, #1314 ) ;
#1746 = CARTESIAN_POINT ( 'NONE',  ( 6.000000000000000000, -2.444036937190193349E-14, 0.000000000000000000 ) ) ;
#1747 = CARTESIAN_POINT ( 'NONE',  ( -78.50000000000001421, 11.24999999999999467, 2.000000000000000000 ) ) ;
#1748 = ORIENTED_EDGE ( 'NONE', *, *, #1224, .F. ) ;
#1749 = CARTESIAN_POINT ( 'NONE',  ( -79.23205080756892471, -5.249999999999999112, 2.000000000000000000 ) ) ;
#1750 = EDGE_CURVE ( 'NONE', #92, #1427, #65, .T. ) ;
#1751 = ORIENTED_EDGE ( 'NONE', *, *, #2110, .T. ) ;
#1752 = ORIENTED_EDGE ( 'NONE', *, *, #1567, .T. ) ;
#1753 = DIRECTION ( 'NONE',  ( -1.000000000000000000, 0.000000000000000000, 0.000000000000000000 ) ) ;
#1754 = ADVANCED_FACE ( 'NONE', ( #1146 ), #271, .T. ) ;
#1755 = CARTESIAN_POINT ( 'NONE',  ( -77.50000000000000000, 1.999999999999994449, 2.000000000000000000 ) ) ;
#1756 = CARTESIAN_POINT ( 'NONE',  ( -10.00000000000000000, -12.00000000000000000, 2.000000000000000000 ) ) ;
#1757 = DIRECTION ( 'NONE',  ( 0.000000000000000000, 0.000000000000000000, 1.000000000000000000 ) ) ;
#1758 = LINE ( 'NONE', #1008, #66 ) ;
#1759 = LINE ( 'NONE', #166, #993 ) ;
#1760 = ORIENTED_EDGE ( 'NONE', *, *, #699, .F. ) ;
#1761 = FACE_BOUND ( 'NONE', #1298, .T. ) ;
#1762 = ORIENTED_EDGE ( 'NONE', *, *, #964, .T. ) ;
#1763 = VERTEX_POINT ( 'NONE', #1705 ) ;
#1764 = LINE ( 'NONE', #1941, #483 ) ;
#1765 = LINE ( 'NONE', #1916, #773 ) ;
#1766 = EDGE_CURVE ( 'NONE', #2214, #1250, #772, .T. ) ;
#1767 = EDGE_CURVE ( 'NONE', #1080, #430, #1321, .T. ) ;
#1768 = CARTESIAN_POINT ( 'NONE',  ( -79.23205080756885366, -0.9999999999999900080, 2.000000000000000000 ) ) ;
#1769 = DIRECTION ( 'NONE',  ( 1.000000000000000000, 0.000000000000000000, 0.000000000000000000 ) ) ;
#1770 = CARTESIAN_POINT ( 'NONE',  ( -20.09639485903775480, -1.999999999999924061, 2.000000000000000000 ) ) ;
#1771 = ORIENTED_EDGE ( 'NONE', *, *, #1681, .T. ) ;
#1772 = ORIENTED_EDGE ( 'NONE', *, *, #1063, .F. ) ;
#1773 = ORIENTED_EDGE ( 'NONE', *, *, #252, .T. ) ;
#1774 = SURFACE_SIDE_STYLE ('',( #1096 ) ) ;
#1775 = VECTOR ( 'NONE', #962, 1000.000000000000000 ) ;
#1776 = AXIS2_PLACEMENT_3D ( 'NONE', #542, #1627, #1279 ) ;
#1777 = VECTOR ( 'NONE', #2152, 1000.000000000000000 ) ;
#1778 = EDGE_CURVE ( 'NONE', #977, #595, #2258, .T. ) ;
#1779 = ADVANCED_FACE ( 'NONE', ( #87 ), #1868, .T. ) ;
#1780 = AXIS2_PLACEMENT_3D ( 'NONE', #2133, #1233, #1216 ) ;
#1781 = ORIENTED_EDGE ( 'NONE', *, *, #806, .F. ) ;
#1782 = VECTOR ( 'NONE', #929, 1000.000000000000000 ) ;
#1783 = CYLINDRICAL_SURFACE ( 'NONE', #843, 1.000000000000000888 ) ;
#1784 = CARTESIAN_POINT ( 'NONE',  ( -18.36434405146886917, -5.250000000000003553, 2.000000000000000000 ) ) ;
#1785 = CARTESIAN_POINT ( 'NONE',  ( -18.36434405146886917, -7.250000000000004441, 2.000000000000000000 ) ) ;
#1786 = MECHANICAL_DESIGN_GEOMETRIC_PRESENTATION_REPRESENTATION (  '', ( #75 ), #587 ) ;
#1787 = EDGE_LOOP ( 'NONE', ( #83, #1276, #258, #1825 ) ) ;
#1788 = ORIENTED_EDGE ( 'NONE', *, *, #1549, .T. ) ;
#1789 = ORIENTED_EDGE ( 'NONE', *, *, #280, .T. ) ;
#1790 = CARTESIAN_POINT ( 'NONE',  ( -8.000000000000000000, 7.332110811570580046E-14, 0.000000000000000000 ) ) ;
#1791 = EDGE_CURVE ( 'NONE', #305, #2104, #2033, .T. ) ;
#1792 = EDGE_CURVE ( 'NONE', #1072, #468, #956, .T. ) ;
#1793 = LINE ( 'NONE', #931, #248 ) ;
#1794 = CARTESIAN_POINT ( 'NONE',  ( -75.76794919243116055, 1.000000000000013101, 2.000000000000000000 ) ) ;
#1795 = ORIENTED_EDGE ( 'NONE', *, *, #397, .T. ) ;
#1796 = CARTESIAN_POINT ( 'NONE',  ( -20.00000000000000000, -11.25000000000000533, 0.000000000000000000 ) ) ;
#1797 = ORIENTED_EDGE ( 'NONE', *, *, #1005, .T. ) ;
#1798 = CARTESIAN_POINT ( 'NONE',  ( -18.36434405146887983, -0.9999999999999249489, 2.000000000000000000 ) ) ;
#1799 = ORIENTED_EDGE ( 'NONE', *, *, #1693, .T. ) ;
#1800 = DIRECTION ( 'NONE',  ( -1.000000000000000000, 0.000000000000000000, 0.000000000000000000 ) ) ;
#1801 = LINE ( 'NONE', #869, #774 ) ;
#1802 = VECTOR ( 'NONE', #630, 1000.000000000000227 ) ;
#1803 = LINE ( 'NONE', #1247, #1894 ) ;
#1804 = DIRECTION ( 'NONE',  ( 1.000000000000000000, 0.000000000000000000, 0.000000000000000000 ) ) ;
#1805 = EDGE_LOOP ( 'NONE', ( #1286, #2292, #1716, #999 ) ) ;
#1806 = DIRECTION ( 'NONE',  ( 0.000000000000000000, 0.000000000000000000, 1.000000000000000000 ) ) ;
#1807 = EDGE_CURVE ( 'NONE', #1886, #783, #261, .T. ) ;
#1808 = EDGE_LOOP ( 'NONE', ( #1129, #1878, #1601, #53 ) ) ;
#1809 = CARTESIAN_POINT ( 'NONE',  ( -18.36434405146887983, 1.000000000000075051, 0.000000000000000000 ) ) ;
#1810 = VERTEX_POINT ( 'NONE', #1684 ) ;
#1811 = LINE ( 'NONE', #1827, #368 ) ;
#1812 = AXIS2_PLACEMENT_3D ( 'NONE', #789, #996, #644 ) ;
#1813 = CARTESIAN_POINT ( 'NONE',  ( 0.000000000000000000, -12.00000000000000000, 0.000000000000000000 ) ) ;
#1814 = AXIS2_PLACEMENT_3D ( 'NONE', #125, #655, #1015 ) ;
#1815 = VECTOR ( 'NONE', #1268, 1000.000000000000000 ) ;
#1816 = CARTESIAN_POINT ( 'NONE',  ( -21.82844566660662622, 7.249999999999999112, 2.000000000000000000 ) ) ;
#1817 = LINE ( 'NONE', #1852, #437 ) ;
#1818 = DIRECTION ( 'NONE',  ( 0.000000000000000000, -0.000000000000000000, -1.000000000000000000 ) ) ;
#1819 = ORIENTED_EDGE ( 'NONE', *, *, #622, .T. ) ;
#1820 = CARTESIAN_POINT ( 'NONE',  ( -19.00000000000000000, 11.24999999999999467, 0.000000000000000000 ) ) ;
#1821 = VECTOR ( 'NONE', #303, 1000.000000000000000 ) ;
#1822 = ADVANCED_FACE ( 'NONE', ( #1506 ), #619, .F. ) ;
#1823 = DIRECTION ( 'NONE',  ( -0.4999999999999998335, -0.8660254037844388186, 0.000000000000000000 ) ) ;
#1824 = AXIS2_PLACEMENT_3D ( 'NONE', #485, #1753, #1539 ) ;
#1825 = ORIENTED_EDGE ( 'NONE', *, *, #2225, .T. ) ;
#1826 = LINE ( 'NONE', #1075, #1777 ) ;
#1827 = CARTESIAN_POINT ( 'NONE',  ( -77.50000000000000000, 1.999999999999994449, 0.000000000000000000 ) ) ;
#1828 = EDGE_CURVE ( 'NONE', #1323, #134, #628, .T. ) ;
#1829 = ADVANCED_FACE ( 'NONE', ( #864 ), #1956, .T. ) ;
#1830 = ORIENTED_EDGE ( 'NONE', *, *, #1267, .T. ) ;
#1831 = DIRECTION ( 'NONE',  ( 0.8660254037844387076, 0.4999999999999997780, 0.000000000000000000 ) ) ;
#1832 = DIRECTION ( 'NONE',  ( -0.000000000000000000, -0.000000000000000000, -1.000000000000000000 ) ) ;
#1833 = DIRECTION ( 'NONE',  ( 1.000000000000000000, 0.000000000000000000, 0.000000000000000000 ) ) ;
#1834 = CARTESIAN_POINT ( 'NONE',  ( 0.000000000000000000, -10.00000000000000000, 2.000000000000000000 ) ) ;
#1835 = DIRECTION ( 'NONE',  ( 0.8660254037844384856, -0.5000000000000001110, 0.000000000000000000 ) ) ;
#1836 = ORIENTED_EDGE ( 'NONE', *, *, #2189, .T. ) ;
#1837 = DIRECTION ( 'NONE',  ( 0.000000000000000000, -1.000000000000000000, 0.000000000000000000 ) ) ;
#1838 = ORIENTED_EDGE ( 'NONE', *, *, #2077, .T. ) ;
#1839 = DIRECTION ( 'NONE',  ( -0.8660254037844384856, 0.5000000000000002220, 0.000000000000000000 ) ) ;
#1840 = ORIENTED_EDGE ( 'NONE', *, *, #1418, .T. ) ;
#1841 = CARTESIAN_POINT ( 'NONE',  ( -10.00000000000000000, 11.99999999999999645, 0.000000000000000000 ) ) ;
#1842 = CARTESIAN_POINT ( 'NONE',  ( -75.76794919243108950, 7.249999999999989342, 2.000000000000000000 ) ) ;
#1843 = EDGE_CURVE ( 'NONE', #396, #1424, #1590, .T. ) ;
#1844 = ORIENTED_EDGE ( 'NONE', *, *, #348, .F. ) ;
#1845 = CARTESIAN_POINT ( 'NONE',  ( -20.09639485903775480, 2.000000000000073275, 0.000000000000000000 ) ) ;
#1846 = CARTESIAN_POINT ( 'NONE',  ( -18.36434405146886917, -5.250000000000003553, 2.000000000000000000 ) ) ;
#1847 = VERTEX_POINT ( 'NONE', #2310 ) ;
#1848 = LINE ( 'NONE', #2029, #1303 ) ;
#1849 = EDGE_LOOP ( 'NONE', ( #1363, #1880, #559, #844 ) ) ;
#1850 = VERTEX_POINT ( 'NONE', #161 ) ;
#1851 = CARTESIAN_POINT ( 'NONE',  ( -21.82844566660663332, -7.250000000000007994, 2.000000000000000000 ) ) ;
#1852 = CARTESIAN_POINT ( 'NONE',  ( -75.76794919243116055, 1.000000000000013101, 2.000000000000000000 ) ) ;
#1853 = EDGE_CURVE ( 'NONE', #1001, #569, #1242, .T. ) ;
#1854 = AXIS2_PLACEMENT_3D ( 'NONE', #1378, #1943, #1580 ) ;
#1855 = ORIENTED_EDGE ( 'NONE', *, *, #1468, .T. ) ;
#1856 = CARTESIAN_POINT ( 'NONE',  ( 0.000000000000000000, 10.00000000000000000, 0.000000000000000000 ) ) ;
#1857 = EDGE_CURVE ( 'NONE', #1578, #2065, #2090, .T. ) ;
#1858 = FACE_OUTER_BOUND ( 'NONE', #1412, .T. ) ;
#1859 = VECTOR ( 'NONE', #2027, 1000.000000000000000 ) ;
#1860 = DIRECTION ( 'NONE',  ( 1.000000000000000000, 0.000000000000000000, -0.000000000000000000 ) ) ;
#1861 = VECTOR ( 'NONE', #654, 1000.000000000000000 ) ;
#1862 = ORIENTED_EDGE ( 'NONE', *, *, #2178, .F. ) ;
#1863 = DIRECTION ( 'NONE',  ( 0.000000000000000000, 0.000000000000000000, 1.000000000000000000 ) ) ;
#1864 = ADVANCED_FACE ( 'NONE', ( #150 ), #692, .T. ) ;
#1865 = ORIENTED_EDGE ( 'NONE', *, *, #1475, .F. ) ;
#1866 = AXIS2_PLACEMENT_3D ( 'NONE', #908, #1757, #56 ) ;
#1867 = EDGE_LOOP ( 'NONE', ( #1713, #2116, #906, #391 ) ) ;
#1868 = PLANE ( 'NONE',  #1745 ) ;
#1869 = EDGE_LOOP ( 'NONE', ( #1151, #1199, #744, #484 ) ) ;
#1870 = LINE ( 'NONE', #60, #148 ) ;
#1871 = DIRECTION ( 'NONE',  ( -0.8660254037844387076, -0.4999999999999997780, 0.000000000000000000 ) ) ;
#1872 = ADVANCED_FACE ( 'NONE', ( #1915 ), #347, .T. ) ;
#1873 = EDGE_CURVE ( 'NONE', #1158, #2212, #506, .T. ) ;
#1874 = VERTEX_POINT ( 'NONE', #1569 ) ;
#1875 = CARTESIAN_POINT ( 'NONE',  ( -79.23205080756883945, 7.250000000000001776, 2.000000000000000000 ) ) ;
#1876 = ORIENTED_EDGE ( 'NONE', *, *, #563, .T. ) ;
#1877 = CARTESIAN_POINT ( 'NONE',  ( 0.000000000000000000, -12.00000000000000000, 2.000000000000000000 ) ) ;
#1878 = ORIENTED_EDGE ( 'NONE', *, *, #645, .T. ) ;
#1879 = DIRECTION ( 'NONE',  ( 0.8660254037844381525, 0.5000000000000008882, 0.000000000000000000 ) ) ;
#1880 = ORIENTED_EDGE ( 'NONE', *, *, #439, .F. ) ;
#1881 = CARTESIAN_POINT ( 'NONE',  ( -77.50000000000001421, 11.24999999999999467, 2.000000000000000000 ) ) ;
#1882 = DIRECTION ( 'NONE',  ( -0.8660254037844383745, 0.5000000000000003331, 0.000000000000000000 ) ) ;
#1883 = EDGE_LOOP ( 'NONE', ( #1762, #1353 ) ) ;
#1884 = LINE ( 'NONE', #2256, #2211 ) ;
#1885 = EDGE_CURVE ( 'NONE', #2175, #1635, #1764, .T. ) ;
#1886 = VERTEX_POINT ( 'NONE', #518 ) ;
#1887 =( GEOMETRIC_REPRESENTATION_CONTEXT ( 3 ) GLOBAL_UNCERTAINTY_ASSIGNED_CONTEXT ( ( #1611 ) ) GLOBAL_UNIT_ASSIGNED_CONTEXT ( ( #2159, #895, #2150 ) ) REPRESENTATION_CONTEXT ( 'NONE', 'WORKASPACE' ) );
#1888 = VERTEX_POINT ( 'NONE', #1555 ) ;
#1889 = CARTESIAN_POINT ( 'NONE',  ( -10.00000000000000000, 14.99999999999999645, 0.000000000000000000 ) ) ;
#1890 = DIRECTION ( 'NONE',  ( -0.000000000000000000, -0.000000000000000000, -1.000000000000000000 ) ) ;
#1891 = CARTESIAN_POINT ( 'NONE',  ( -19.00000000000000000, 11.24999999999999467, 2.000000000000000000 ) ) ;
#1892 = VECTOR ( 'NONE', #1371, 1000.000000000000000 ) ;
#1893 = CARTESIAN_POINT ( 'NONE',  ( -10.00000000000000000, -12.00000000000000000, 2.000000000000000000 ) ) ;
#1894 = VECTOR ( 'NONE', #2156, 1000.000000000000000 ) ;
#1895 = CARTESIAN_POINT ( 'NONE',  ( -20.09639485903775835, -4.249999999999998224, 2.000000000000000000 ) ) ;
#1896 = EDGE_LOOP ( 'NONE', ( #1819, #837 ) ) ;
#1897 = FACE_BOUND ( 'NONE', #480, .T. ) ;
#1898 = AXIS2_PLACEMENT_3D ( 'NONE', #1365, #706, #1232 ) ;
#1899 = ORIENTED_EDGE ( 'NONE', *, *, #762, .T. ) ;
#1900 = AXIS2_PLACEMENT_3D ( 'NONE', #2139, #1436, #524 ) ;
#1901 = CARTESIAN_POINT ( 'NONE',  ( -79.23205080756892471, -5.249999999999999112, 2.000000000000000000 ) ) ;
#1902 = CIRCLE ( 'NONE', #922, 1.000000000000000888 ) ;
#1903 = FACE_OUTER_BOUND ( 'NONE', #1547, .T. ) ;
#1904 = ADVANCED_FACE ( 'NONE', ( #2297 ), #309, .F. ) ;
#1905 = CARTESIAN_POINT ( 'NONE',  ( -21.00000000000000000, 11.24999999999999467, 0.000000000000000000 ) ) ;
#1906 = EDGE_CURVE ( 'NONE', #887, #838, #171, .T. ) ;
#1907 = VECTOR ( 'NONE', #204, 1000.000000000000000 ) ;
#1908 = DIRECTION ( 'NONE',  ( -1.000000000000000000, -1.221636250687892480E-16, 0.000000000000000000 ) ) ;
#1909 = DIRECTION ( 'NONE',  ( -0.8660254037844382635, -0.5000000000000006661, 0.000000000000000000 ) ) ;
#1910 = DIRECTION ( 'NONE',  ( -0.4999999999999998335, -0.8660254037844388186, 0.000000000000000000 ) ) ;
#1911 = ORIENTED_EDGE ( 'NONE', *, *, #57, .F. ) ;
#1912 = FACE_BOUND ( 'NONE', #1528, .T. ) ;
#1913 = VERTEX_POINT ( 'NONE', #1925 ) ;
#1914 = ORIENTED_EDGE ( 'NONE', *, *, #941, .F. ) ;
#1915 = FACE_OUTER_BOUND ( 'NONE', #913, .T. ) ;
#1916 = CARTESIAN_POINT ( 'NONE',  ( -73.75000000000000000, -11.25000000000000711, 2.000000000000000000 ) ) ;
#1917 = CARTESIAN_POINT ( 'NONE',  ( -21.82844566660663332, -5.249999999999999112, 0.000000000000000000 ) ) ;
#1918 = ADVANCED_FACE ( 'NONE', ( #2326 ), #336, .F. ) ;
#1919 = CARTESIAN_POINT ( 'NONE',  ( -77.50000000000004263, -8.250000000000003553, 2.000000000000000000 ) ) ;
#1920 = CARTESIAN_POINT ( 'NONE',  ( -21.00000000000000000, -11.25000000000000533, 2.000000000000000000 ) ) ;
#1921 = VERTEX_POINT ( 'NONE', #1044 ) ;
#1922 = DIRECTION ( 'NONE',  ( 1.000000000000000000, 0.000000000000000000, 0.000000000000000000 ) ) ;
#1923 = ORIENTED_EDGE ( 'NONE', *, *, #1906, .F. ) ;
#1924 = EDGE_LOOP ( 'NONE', ( #1738, #335, #1983, #1326 ) ) ;
#1925 = CARTESIAN_POINT ( 'NONE',  ( -10.00000000000000000, 14.99999999999999645, 0.000000000000000000 ) ) ;
#1926 = DIRECTION ( 'NONE',  ( -0.000000000000000000, 0.000000000000000000, -1.000000000000000000 ) ) ;
#1927 = LINE ( 'NONE', #1388, #1631 ) ;
#1928 = DIRECTION ( 'NONE',  ( 1.000000000000000000, 0.000000000000000000, 0.000000000000000000 ) ) ;
#1929 = EDGE_CURVE ( 'NONE', #783, #493, #1003, .T. ) ;
#1930 = EDGE_CURVE ( 'NONE', #346, #1323, #1741, .T. ) ;
#1931 = DIRECTION ( 'NONE',  ( -1.000000000000000000, -1.221636250687892480E-16, 0.000000000000000000 ) ) ;
#1932 = EDGE_CURVE ( 'NONE', #88, #1992, #2106, .T. ) ;
#1933 = DIRECTION ( 'NONE',  ( 0.000000000000000000, 0.000000000000000000, 1.000000000000000000 ) ) ;
#1934 = CARTESIAN_POINT ( 'NONE',  ( -79.23205080756885366, 1.000000000000003997, 0.000000000000000000 ) ) ;
#1935 = ORIENTED_EDGE ( 'NONE', *, *, #832, .T. ) ;
#1936 = DIRECTION ( 'NONE',  ( 0.000000000000000000, 0.000000000000000000, 1.000000000000000000 ) ) ;
#1937 = MANIFOLD_SOLID_BREP ( 'Boss-Extrude1', #398 ) ;
#1938 = AXIS2_PLACEMENT_3D ( 'NONE', #1381, #1933, #1769 ) ;
#1939 = VERTEX_POINT ( 'NONE', #735 ) ;
#1940 = EDGE_LOOP ( 'NONE', ( #901, #1751, #1130, #464 ) ) ;
#1941 = CARTESIAN_POINT ( 'NONE',  ( -20.09639485903775125, 4.249999999999996447, 2.000000000000000000 ) ) ;
#1942 = DIRECTION ( 'NONE',  ( -0.000000000000000000, -0.000000000000000000, -1.000000000000000000 ) ) ;
#1943 = DIRECTION ( 'NONE',  ( 0.000000000000000000, 0.000000000000000000, 1.000000000000000000 ) ) ;
#1944 = AXIS2_PLACEMENT_3D ( 'NONE', #1382, #2263, #511 ) ;
#1945 = CARTESIAN_POINT ( 'NONE',  ( -20.09639485903775480, -8.250000000000008882, 0.000000000000000000 ) ) ;
#1946 = AXIS2_PLACEMENT_3D ( 'NONE', #2060, #2269, #653 ) ;
#1947 = CARTESIAN_POINT ( 'NONE',  ( -6.000000000000000888, 7.344357279562053561E-14, 2.000000000000000000 ) ) ;
#1948 = DIRECTION ( 'NONE',  ( 0.8660254037844377084, -0.5000000000000015543, 0.000000000000000000 ) ) ;
#1949 = DIRECTION ( 'NONE',  ( 0.8660254037844385966, -0.5000000000000000000, 0.000000000000000000 ) ) ;
#1950 = ORIENTED_EDGE ( 'NONE', *, *, #1549, .F. ) ;
#1951 = CARTESIAN_POINT ( 'NONE',  ( -18.36434405146887627, 7.249999999999997335, 2.000000000000000000 ) ) ;
#1952 = EDGE_CURVE ( 'NONE', #1810, #1080, #1084, .T. ) ;
#1953 = EDGE_CURVE ( 'NONE', #305, #669, #1826, .T. ) ;
#1954 = EDGE_LOOP ( 'NONE', ( #1386, #109, #1022, #456 ) ) ;
#1955 = ORIENTED_EDGE ( 'NONE', *, *, #1295, .F. ) ;
#1956 = PLANE ( 'NONE',  #1824 ) ;
#1957 = CARTESIAN_POINT ( 'NONE',  ( -18.36434405146887627, 5.249999999999995559, 0.000000000000000000 ) ) ;
#1958 = CARTESIAN_POINT ( 'NONE',  ( -21.82844566660663332, -7.250000000000007994, 2.000000000000000000 ) ) ;
#1959 = LINE ( 'NONE', #1770, #1034 ) ;
#1960 = ORIENTED_EDGE ( 'NONE', *, *, #2108, .T. ) ;
#1961 = EDGE_LOOP ( 'NONE', ( #1115, #935, #1577, #1836 ) ) ;
#1962 = EDGE_CURVE ( 'NONE', #493, #525, #2186, .T. ) ;
#1963 = VERTEX_POINT ( 'NONE', #19 ) ;
#1964 = CARTESIAN_POINT ( 'NONE',  ( 0.000000000000000000, 7.000000000000000000, 2.000000000000000000 ) ) ;
#1965 = DIRECTION ( 'NONE',  ( -0.8660254037844390407, -0.4999999999999992228, 0.000000000000000000 ) ) ;
#1966 = FACE_BOUND ( 'NONE', #1342, .T. ) ;
#1967 = ORIENTED_EDGE ( 'NONE', *, *, #2314, .T. ) ;
#1968 = ORIENTED_EDGE ( 'NONE', *, *, #1660, .T. ) ;
#1969 = ORIENTED_EDGE ( 'NONE', *, *, #1208, .T. ) ;
#1970 = DIRECTION ( 'NONE',  ( 0.000000000000000000, 0.000000000000000000, 1.000000000000000000 ) ) ;
#1971 = AXIS2_PLACEMENT_3D ( 'NONE', #1317, #1171, #1871 ) ;
#1972 = VECTOR ( 'NONE', #1068, 1000.000000000000000 ) ;
#1973 = AXIS2_PLACEMENT_3D ( 'NONE', #928, #2162, #1062 ) ;
#1974 = ADVANCED_FACE ( 'NONE', ( #747 ), #11, .F. ) ;
#1975 = VECTOR ( 'NONE', #647, 1000.000000000000000 ) ;
#1976 = VECTOR ( 'NONE', #2122, 1000.000000000000000 ) ;
#1977 = DIRECTION ( 'NONE',  ( 0.000000000000000000, 0.000000000000000000, 1.000000000000000000 ) ) ;
#1978 = DIRECTION ( 'NONE',  ( 1.000000000000000000, 0.000000000000000000, -0.000000000000000000 ) ) ;
#1979 = PRESENTATION_LAYER_ASSIGNMENT (  '', '', ( #75 ) ) ;
#1980 = ORIENTED_EDGE ( 'NONE', *, *, #930, .T. ) ;
#1981 = ORIENTED_EDGE ( 'NONE', *, *, #2217, .T. ) ;
#1982 = DIRECTION ( 'NONE',  ( 0.000000000000000000, -1.000000000000000000, 0.000000000000000000 ) ) ;
#1983 = ORIENTED_EDGE ( 'NONE', *, *, #1504, .T. ) ;
#1984 = DIRECTION ( 'NONE',  ( -0.000000000000000000, -0.000000000000000000, -1.000000000000000000 ) ) ;
#1985 = DIRECTION ( 'NONE',  ( -0.000000000000000000, -0.000000000000000000, -1.000000000000000000 ) ) ;
#1986 = EDGE_CURVE ( 'NONE', #1683, #1026, #194, .T. ) ;
#1987 = LINE ( 'NONE', #58, #2091 ) ;
#1988 = DIRECTION ( 'NONE',  ( -0.000000000000000000, -0.000000000000000000, -1.000000000000000000 ) ) ;
#1989 = CARTESIAN_POINT ( 'NONE',  ( -23.74999999999999289, 11.24999999999999467, 0.000000000000000000 ) ) ;
#1990 = VERTEX_POINT ( 'NONE', #1430 ) ;
#1991 = ORIENTED_EDGE ( 'NONE', *, *, #2062, .T. ) ;
#1992 = VERTEX_POINT ( 'NONE', #1809 ) ;
#1993 = CARTESIAN_POINT ( 'NONE',  ( -75.76794919243108950, 7.249999999999989342, 0.000000000000000000 ) ) ;
#1994 = ORIENTED_EDGE ( 'NONE', *, *, #2165, .F. ) ;
#1995 = LINE ( 'NONE', #1443, #337 ) ;
#1996 = ADVANCED_BREP_SHAPE_REPRESENTATION ( 'tail_esp32_waveshare_holder', ( #1937, #462 ), #1887 ) ;
#1997 = AXIS2_PLACEMENT_3D ( 'NONE', #492, #1936, #1922 ) ;
#1998 = CARTESIAN_POINT ( 'NONE',  ( -78.50000000000001421, -11.25000000000000711, 2.000000000000000000 ) ) ;
#1999 = CARTESIAN_POINT ( 'NONE',  ( -18.36434405146887627, 7.249999999999997335, 2.000000000000000000 ) ) ;
#2000 = ORIENTED_EDGE ( 'NONE', *, *, #2284, .F. ) ;
#2001 = EDGE_LOOP ( 'NONE', ( #467, #192, #1914, #758 ) ) ;
#2002 = ADVANCED_FACE ( 'NONE', ( #1463 ), #29, .T. ) ;
#2003 = CARTESIAN_POINT ( 'NONE',  ( -18.36434405146887983, 1.000000000000075051, 2.000000000000000000 ) ) ;
#2004 = ORIENTED_EDGE ( 'NONE', *, *, #563, .F. ) ;
#2005 = DIRECTION ( 'NONE',  ( 1.000000000000000000, 0.000000000000000000, 0.000000000000000000 ) ) ;
#2006 = ORIENTED_EDGE ( 'NONE', *, *, #554, .T. ) ;
#2007 = ORIENTED_EDGE ( 'NONE', *, *, #439, .T. ) ;
#2008 = DIRECTION ( 'NONE',  ( -0.8660254037844384856, -0.5000000000000002220, 0.000000000000000000 ) ) ;
#2009 = VECTOR ( 'NONE', #1558, 1000.000000000000000 ) ;
#2010 = VECTOR ( 'NONE', #155, 1000.000000000000000 ) ;
#2011 = CARTESIAN_POINT ( 'NONE',  ( -77.49999999999995737, 4.249999999999992006, 0.000000000000000000 ) ) ;
#2012 = CARTESIAN_POINT ( 'NONE',  ( -18.36434405146887983, -0.9999999999999249489, 0.000000000000000000 ) ) ;
#2013 = CARTESIAN_POINT ( 'NONE',  ( -79.23205080756883945, 5.249999999999993783, 0.000000000000000000 ) ) ;
#2014 = ORIENTED_EDGE ( 'NONE', *, *, #1474, .F. ) ;
#2015 = VECTOR ( 'NONE', #247, 1000.000000000000227 ) ;
#2016 = LINE ( 'NONE', #424, #583 ) ;
#2017 = VECTOR ( 'NONE', #539, 1000.000000000000114 ) ;
#2018 = ORIENTED_EDGE ( 'NONE', *, *, #725, .F. ) ;
#2019 = CARTESIAN_POINT ( 'NONE',  ( -20.09639485903775480, -8.250000000000008882, 2.000000000000000000 ) ) ;
#2020 = ADVANCED_FACE ( 'NONE', ( #560 ), #1252, .T. ) ;
#2021 = PLANE ( 'NONE',  #1515 ) ;
#2022 = EDGE_LOOP ( 'NONE', ( #1260, #1610, #2223, #1661 ) ) ;
#2023 = DIRECTION ( 'NONE',  ( 0.000000000000000000, 1.000000000000000000, 0.000000000000000000 ) ) ;
#2024 = DIRECTION ( 'NONE',  ( -0.000000000000000000, -0.000000000000000000, -1.000000000000000000 ) ) ;
#2025 = DIRECTION ( 'NONE',  ( 0.8660254037844387076, 0.4999999999999997780, 0.000000000000000000 ) ) ;
#2026 = LINE ( 'NONE', #61, #1217 ) ;
#2027 = DIRECTION ( 'NONE',  ( -0.000000000000000000, -0.000000000000000000, -1.000000000000000000 ) ) ;
#2028 = ORIENTED_EDGE ( 'NONE', *, *, #4, .T. ) ;
#2029 = CARTESIAN_POINT ( 'NONE',  ( -77.49999999999995737, 4.249999999999992006, 2.000000000000000000 ) ) ;
#2030 = ORIENTED_EDGE ( 'NONE', *, *, #1338, .F. ) ;
#2031 = DIRECTION ( 'NONE',  ( -1.000000000000000000, 0.000000000000000000, 0.000000000000000000 ) ) ;
#2032 = EDGE_CURVE ( 'NONE', #2065, #2249, #380, .T. ) ;
#2033 = LINE ( 'NONE', #1851, #2015 ) ;
#2034 = EDGE_CURVE ( 'NONE', #1042, #1138, #1299, .T. ) ;
#2035 = CARTESIAN_POINT ( 'NONE',  ( -21.82844566660663332, -5.249999999999999112, 0.000000000000000000 ) ) ;
#2036 = ORIENTED_EDGE ( 'NONE', *, *, #1019, .F. ) ;
#2037 = LINE ( 'NONE', #2013, #184 ) ;
#2038 = PLANE ( 'NONE',  #2125 ) ;
#2039 = VECTOR ( 'NONE', #975, 1000.000000000000000 ) ;
#2040 = CIRCLE ( 'NONE', #1059, 1.000000000000000000 ) ;
#2041 = ORIENTED_EDGE ( 'NONE', *, *, #146, .T. ) ;
#2042 = CARTESIAN_POINT ( 'NONE',  ( -21.00000000000000000, -11.25000000000000533, 2.000000000000000000 ) ) ;
#2043 = ORIENTED_EDGE ( 'NONE', *, *, #252, .F. ) ;
#2044 = PLANE ( 'NONE',  #151 ) ;
#2045 = VECTOR ( 'NONE', #1882, 1000.000000000000227 ) ;
#2046 = EDGE_CURVE ( 'NONE', #1690, #948, #916, .T. ) ;
#2047 = DIRECTION ( 'NONE',  ( 0.000000000000000000, 1.000000000000000000, 0.000000000000000000 ) ) ;
#2048 = CIRCLE ( 'NONE', #1854, 1.000000000000000000 ) ;
#2049 = EDGE_LOOP ( 'NONE', ( #1656, #2070 ) ) ;
#2050 = FACE_OUTER_BOUND ( 'NONE', #1805, .T. ) ;
#2051 = PLANE ( 'NONE',  #1971 ) ;
#2052 = AXIS2_PLACEMENT_3D ( 'NONE', #124, #599, #1234 ) ;
#2053 = AXIS2_PLACEMENT_3D ( 'NONE', #924, #1471, #1152 ) ;
#2054 = ORIENTED_EDGE ( 'NONE', *, *, #2178, .T. ) ;
#2055 = CARTESIAN_POINT ( 'NONE',  ( -21.82844566660663332, -5.249999999999999112, 2.000000000000000000 ) ) ;
#2056 = ORIENTED_EDGE ( 'NONE', *, *, #312, .T. ) ;
#2057 = AXIS2_PLACEMENT_3D ( 'NONE', #1380, #1336, #475 ) ;
#2058 = DIRECTION ( 'NONE',  ( -0.000000000000000000, -0.000000000000000000, -1.000000000000000000 ) ) ;
#2059 = ORIENTED_EDGE ( 'NONE', *, *, #2294, .F. ) ;
#2060 = CARTESIAN_POINT ( 'NONE',  ( -77.50000000000001421, -11.25000000000000711, 2.000000000000000000 ) ) ;
#2061 = FACE_OUTER_BOUND ( 'NONE', #1869, .T. ) ;
#2062 = EDGE_CURVE ( 'NONE', #1213, #1921, #997, .T. ) ;
#2063 = CARTESIAN_POINT ( 'NONE',  ( -77.50000000000004263, -8.250000000000003553, 0.000000000000000000 ) ) ;
#2064 = LINE ( 'NONE', #1347, #471 ) ;
#2065 = VERTEX_POINT ( 'NONE', #1643 ) ;
#2066 = CARTESIAN_POINT ( 'NONE',  ( -20.09639485903775480, 8.249999999999998224, 0.000000000000000000 ) ) ;
#2067 = ORIENTED_EDGE ( 'NONE', *, *, #225, .T. ) ;
#2068 = DIRECTION ( 'NONE',  ( -0.000000000000000000, -0.000000000000000000, -1.000000000000000000 ) ) ;
#2069 = LINE ( 'NONE', #990, #2167 ) ;
#2070 = ORIENTED_EDGE ( 'NONE', *, *, #537, .F. ) ;
#2071 = CARTESIAN_POINT ( 'NONE',  ( -18.36434405146887983, 1.000000000000075051, 0.000000000000000000 ) ) ;
#2072 = DIRECTION ( 'NONE',  ( -0.8660254037844381525, -0.5000000000000008882, 0.000000000000000000 ) ) ;
#2073 = EDGE_CURVE ( 'NONE', #1874, #1453, #2201, .T. ) ;
#2074 = DIRECTION ( 'NONE',  ( 0.8660254037844390407, 0.4999999999999992784, 0.000000000000000000 ) ) ;
#2075 = ORIENTED_EDGE ( 'NONE', *, *, #1208, .F. ) ;
#2076 = DIRECTION ( 'NONE',  ( 0.000000000000000000, -1.000000000000000000, 0.000000000000000000 ) ) ;
#2077 = EDGE_CURVE ( 'NONE', #2172, #1154, #814, .T. ) ;
#2078 = EDGE_CURVE ( 'NONE', #776, #1886, #1848, .T. ) ;
#2079 = EDGE_LOOP ( 'NONE', ( #567, #1413, #1281, #1667 ) ) ;
#2080 = DIRECTION ( 'NONE',  ( -0.000000000000000000, 1.000000000000000000, -0.000000000000000000 ) ) ;
#2081 = LINE ( 'NONE', #1055, #808 ) ;
#2082 = FACE_OUTER_BOUND ( 'NONE', #1685, .T. ) ;
#2083 = CARTESIAN_POINT ( 'NONE',  ( -76.50000000000001421, 11.24999999999999467, 0.000000000000000000 ) ) ;
#2084 = AXIS2_PLACEMENT_3D ( 'NONE', #444, #1676, #1711 ) ;
#2085 = DIRECTION ( 'NONE',  ( -0.5000000000000004441, -0.8660254037844384856, 0.000000000000000000 ) ) ;
#2086 = VECTOR ( 'NONE', #1113, 1000.000000000000227 ) ;
#2087 = FACE_BOUND ( 'NONE', #1166, .T. ) ;
#2088 = ORIENTED_EDGE ( 'NONE', *, *, #419, .T. ) ;
#2089 = CARTESIAN_POINT ( 'NONE',  ( -77.49999999999995737, 4.249999999999992006, 0.000000000000000000 ) ) ;
#2090 = CIRCLE ( 'NONE', #1898, 10.00000000000000000 ) ;
#2091 = VECTOR ( 'NONE', #372, 1000.000000000000000 ) ;
#2092 = VERTEX_POINT ( 'NONE', #2231 ) ;
#2093 = AXIS2_PLACEMENT_3D ( 'NONE', #2286, #496, #939 ) ;
#2094 = EDGE_CURVE ( 'NONE', #1700, #1495, #1527, .T. ) ;
#2095 = VERTEX_POINT ( 'NONE', #232 ) ;
#2096 = DIRECTION ( 'NONE',  ( 1.000000000000000000, 0.000000000000000000, 0.000000000000000000 ) ) ;
#2097 = VECTOR ( 'NONE', #1686, 1000.000000000000000 ) ;
#2098 = PLANE ( 'NONE',  #325 ) ;
#2099 = LINE ( 'NONE', #2315, #479 ) ;
#2100 = CARTESIAN_POINT ( 'NONE',  ( -18.36434405146887983, -0.9999999999999249489, 2.000000000000000000 ) ) ;
#2101 = DIRECTION ( 'NONE',  ( -0.000000000000000000, -0.000000000000000000, -1.000000000000000000 ) ) ;
#2102 = ORIENTED_EDGE ( 'NONE', *, *, #348, .T. ) ;
#2103 = DIRECTION ( 'NONE',  ( -1.000000000000000000, 0.000000000000000000, 0.000000000000000000 ) ) ;
#2104 = VERTEX_POINT ( 'NONE', #801 ) ;
#2105 = ORIENTED_EDGE ( 'NONE', *, *, #1853, .T. ) ;
#2106 = LINE ( 'NONE', #1027, #1181 ) ;
#2107 = DIRECTION ( 'NONE',  ( 1.000000000000000000, 0.000000000000000000, -0.000000000000000000 ) ) ;
#2108 = EDGE_CURVE ( 'NONE', #482, #1026, #1884, .T. ) ;
#2109 = CARTESIAN_POINT ( 'NONE',  ( -77.49999999999997158, 8.249999999999996447, 0.000000000000000000 ) ) ;
#2110 = EDGE_CURVE ( 'NONE', #1921, #1213, #186, .T. ) ;
#2111 = CARTESIAN_POINT ( 'NONE',  ( -77.50000000000004263, -4.249999999999994671, 2.000000000000000000 ) ) ;
#2112 = FACE_OUTER_BOUND ( 'NONE', #2079, .T. ) ;
#2113 = DIRECTION ( 'NONE',  ( 0.000000000000000000, 0.000000000000000000, 1.000000000000000000 ) ) ;
#2114 = ORIENTED_EDGE ( 'NONE', *, *, #1312, .T. ) ;
#2115 = CARTESIAN_POINT ( 'NONE',  ( 0.000000000000000000, 7.000000000000000000, 2.000000000000000000 ) ) ;
#2116 = ORIENTED_EDGE ( 'NONE', *, *, #820, .T. ) ;
#2117 = EDGE_LOOP ( 'NONE', ( #1345, #2164, #1092, #971 ) ) ;
#2118 = DIRECTION ( 'NONE',  ( 0.5000000000000008882, 0.8660254037844381525, -0.000000000000000000 ) ) ;
#2119 = DIRECTION ( 'NONE',  ( -0.000000000000000000, -0.000000000000000000, -1.000000000000000000 ) ) ;
#2120 = CARTESIAN_POINT ( 'NONE',  ( 0.000000000000000000, -12.00000000000000000, 2.000000000000000000 ) ) ;
#2121 = CARTESIAN_POINT ( 'NONE',  ( -79.23205080756883945, 5.249999999999993783, 2.000000000000000000 ) ) ;
#2122 = DIRECTION ( 'NONE',  ( 0.000000000000000000, 1.000000000000000000, 0.000000000000000000 ) ) ;
#2123 = EDGE_CURVE ( 'NONE', #1526, #1053, #1128, .T. ) ;
#2124 = EDGE_CURVE ( 'NONE', #625, #1320, #1666, .T. ) ;
#2125 = AXIS2_PLACEMENT_3D ( 'NONE', #2229, #2085, #476 ) ;
#2126 = DIRECTION ( 'NONE',  ( 0.000000000000000000, 1.000000000000000000, 0.000000000000000000 ) ) ;
#2127 = CARTESIAN_POINT ( 'NONE',  ( -20.09639485903775480, -1.999999999999924061, 0.000000000000000000 ) ) ;
#2128 = ORIENTED_EDGE ( 'NONE', *, *, #790, .F. ) ;
#2129 = LINE ( 'NONE', #1749, #1168 ) ;
#2130 = ORIENTED_EDGE ( 'NONE', *, *, #2032, .T. ) ;
#2131 = ORIENTED_EDGE ( 'NONE', *, *, #1379, .F. ) ;
#2132 = DIRECTION ( 'NONE',  ( -0.8660254037844381525, 0.5000000000000008882, 0.000000000000000000 ) ) ;
#2133 = CARTESIAN_POINT ( 'NONE',  ( -77.50000000000001421, -1.999999999999974909, 2.000000000000000000 ) ) ;
#2134 = AXIS2_PLACEMENT_3D ( 'NONE', #138, #1028, #671 ) ;
#2135 = CARTESIAN_POINT ( 'NONE',  ( -20.09639485903775480, 8.249999999999998224, 2.000000000000000000 ) ) ;
#2136 = AXIS2_PLACEMENT_3D ( 'NONE', #1423, #2157, #1257 ) ;
#2137 = DIRECTION ( 'NONE',  ( 1.000000000000000000, 0.000000000000000000, 0.000000000000000000 ) ) ;
#2138 = EDGE_CURVE ( 'NONE', #2104, #2296, #257, .T. ) ;
#2139 = CARTESIAN_POINT ( 'NONE',  ( -18.36434405146886917, -5.250000000000003553, 2.000000000000000000 ) ) ;
#2140 = EDGE_LOOP ( 'NONE', ( #732, #582, #1665, #613 ) ) ;
#2141 = APPLICATION_PROTOCOL_DEFINITION ( 'draft international standard', 'automotive_design', 1998, #1024 ) ;
#2142 = ORIENTED_EDGE ( 'NONE', *, *, #2073, .F. ) ;
#2143 = ORIENTED_EDGE ( 'NONE', *, *, #920, .T. ) ;
#2144 = DIRECTION ( 'NONE',  ( -1.000000000000000000, 0.000000000000000000, 0.000000000000000000 ) ) ;
#2145 = EDGE_CURVE ( 'NONE', #2208, #1683, #604, .T. ) ;
#2146 = EDGE_LOOP ( 'NONE', ( #1364, #459, #1830, #147, #1797, #1535 ) ) ;
#2147 = DIRECTION ( 'NONE',  ( -0.8660254037844389297, 0.4999999999999993894, 0.000000000000000000 ) ) ;
#2148 = DIRECTION ( 'NONE',  ( 0.000000000000000000, 0.000000000000000000, 1.000000000000000000 ) ) ;
#2149 = ORIENTED_EDGE ( 'NONE', *, *, #2299, .F. ) ;
#2150 =( NAMED_UNIT ( * ) SI_UNIT ( $, .STERADIAN. ) SOLID_ANGLE_UNIT ( ) );
#2151 = VERTEX_POINT ( 'NONE', #2042 ) ;
#2152 = DIRECTION ( 'NONE',  ( -0.000000000000000000, -0.000000000000000000, -1.000000000000000000 ) ) ;
#2153 = EDGE_CURVE ( 'NONE', #2104, #985, #2213, .T. ) ;
#2154 = EDGE_CURVE ( 'NONE', #329, #1419, #172, .T. ) ;
#2155 = CARTESIAN_POINT ( 'NONE',  ( -18.36434405146887627, 7.249999999999997335, 2.000000000000000000 ) ) ;
#2156 = DIRECTION ( 'NONE',  ( -0.000000000000000000, -0.000000000000000000, -1.000000000000000000 ) ) ;
#2157 = DIRECTION ( 'NONE',  ( -1.000000000000000000, 0.000000000000000000, 0.000000000000000000 ) ) ;
#2158 = ORIENTED_EDGE ( 'NONE', *, *, #1165, .F. ) ;
#2159 =( LENGTH_UNIT ( ) NAMED_UNIT ( * ) SI_UNIT ( .MILLI., .METRE. ) );
#2160 = EDGE_LOOP ( 'NONE', ( #815, #2130, #1608, #1241, #199, #2041, #955, #2268, #256, #316 ) ) ;
#2161 = VERTEX_POINT ( 'NONE', #1310 ) ;
#2162 = DIRECTION ( 'NONE',  ( -3.469446951953614189E-17, 1.000000000000000000, 0.000000000000000000 ) ) ;
#2163 = VECTOR ( 'NONE', #1325, 1000.000000000000000 ) ;
#2164 = ORIENTED_EDGE ( 'NONE', *, *, #4, .F. ) ;
#2165 = EDGE_CURVE ( 'NONE', #294, #1682, #2040, .T. ) ;
#2166 = VECTOR ( 'NONE', #1459, 1000.000000000000227 ) ;
#2167 = VECTOR ( 'NONE', #1159, 1000.000000000000227 ) ;
#2168 = FACE_OUTER_BOUND ( 'NONE', #208, .T. ) ;
#2169 = DIRECTION ( 'NONE',  ( 0.8660254037844384856, 0.5000000000000002220, 0.000000000000000000 ) ) ;
#2170 = CARTESIAN_POINT ( 'NONE',  ( -77.50000000000001421, -1.999999999999974909, 2.000000000000000000 ) ) ;
#2171 = PLANE ( 'NONE',  #2240 ) ;
#2172 = VERTEX_POINT ( 'NONE', #412 ) ;
#2173 = VERTEX_POINT ( 'NONE', #2066 ) ;
#2174 = FACE_OUTER_BOUND ( 'NONE', #2295, .T. ) ;
#2175 = VERTEX_POINT ( 'NONE', #614 ) ;
#2176 = CARTESIAN_POINT ( 'NONE',  ( -79.23205080756885366, -0.9999999999999900080, 2.000000000000000000 ) ) ;
#2177 = DIRECTION ( 'NONE',  ( -0.000000000000000000, -0.000000000000000000, -1.000000000000000000 ) ) ;
#2178 = EDGE_CURVE ( 'NONE', #1635, #887, #2242, .T. ) ;
#2179 = EDGE_CURVE ( 'NONE', #170, #1450, #966, .T. ) ;
#2180 = LINE ( 'NONE', #564, #1742 ) ;
#2181 = LINE ( 'NONE', #531, #950 ) ;
#2182 = LINE ( 'NONE', #543, #702 ) ;
#2183 = ORIENTED_EDGE ( 'NONE', *, *, #1906, .T. ) ;
#2184 = DIRECTION ( 'NONE',  ( -0.000000000000000000, 0.000000000000000000, -1.000000000000000000 ) ) ;
#2185 = ORIENTED_EDGE ( 'NONE', *, *, #1545, .T. ) ;
#2186 = LINE ( 'NONE', #1993, #2017 ) ;
#2187 = LINE ( 'NONE', #1841, #406 ) ;
#2188 = LINE ( 'NONE', #49, #1815 ) ;
#2189 = EDGE_CURVE ( 'NONE', #1450, #379, #1341, .T. ) ;
#2190 = DIRECTION ( 'NONE',  ( -1.000000000000000000, -0.000000000000000000, -0.000000000000000000 ) ) ;
#2191 = DIRECTION ( 'NONE',  ( 0.000000000000000000, -1.000000000000000000, 0.000000000000000000 ) ) ;
#2192 = DIRECTION ( 'NONE',  ( 0.000000000000000000, 0.000000000000000000, 1.000000000000000000 ) ) ;
#2193 = CARTESIAN_POINT ( 'NONE',  ( -79.23205080756885366, 1.000000000000003997, 2.000000000000000000 ) ) ;
#2194 = ORIENTED_EDGE ( 'NONE', *, *, #1962, .F. ) ;
#2195 = CARTESIAN_POINT ( 'NONE',  ( 0.000000000000000000, 10.00000000000000000, 2.000000000000000000 ) ) ;
#2196 = ORIENTED_EDGE ( 'NONE', *, *, #552, .F. ) ;
#2197 = FACE_OUTER_BOUND ( 'NONE', #2117, .T. ) ;
#2198 = VECTOR ( 'NONE', #858, 1000.000000000000227 ) ;
#2199 = CARTESIAN_POINT ( 'NONE',  ( -79.23205080756892471, -7.249999999999997335, 0.000000000000000000 ) ) ;
#2200 = CIRCLE ( 'NONE', #1470, 1.000000000000000000 ) ;
#2201 = CIRCLE ( 'NONE', #2288, 1.000000000000000000 ) ;
#2202 = AXIS2_PLACEMENT_3D ( 'NONE', #1104, #1141, #242 ) ;
#2203 = DIRECTION ( 'NONE',  ( 1.000000000000000000, 0.000000000000000000, -0.000000000000000000 ) ) ;
#2204 = VECTOR ( 'NONE', #2169, 1000.000000000000227 ) ;
#2205 = CARTESIAN_POINT ( 'NONE',  ( -75.76794919243108950, 5.249999999999989342, 0.000000000000000000 ) ) ;
#2206 = ORIENTED_EDGE ( 'NONE', *, *, #1492, .T. ) ;
#2207 = LINE ( 'NONE', #972, #1222 ) ;
#2208 = VERTEX_POINT ( 'NONE', #455 ) ;
#2209 = VECTOR ( 'NONE', #938, 1000.000000000000000 ) ;
#2210 = ADVANCED_FACE ( 'NONE', ( #792 ), #1327, .T. ) ;
#2211 = VECTOR ( 'NONE', #63, 1000.000000000000000 ) ;
#2212 = VERTEX_POINT ( 'NONE', #1875 ) ;
#2213 = LINE ( 'NONE', #2019, #393 ) ;
#2214 = VERTEX_POINT ( 'NONE', #1689 ) ;
#2215 = DIRECTION ( 'NONE',  ( 0.000000000000000000, 0.000000000000000000, 1.000000000000000000 ) ) ;
#2216 = CARTESIAN_POINT ( 'NONE',  ( -21.00000000000000000, 11.24999999999999467, 2.000000000000000000 ) ) ;
#2217 = EDGE_CURVE ( 'NONE', #1042, #1963, #93, .T. ) ;
#2218 = CARTESIAN_POINT ( 'NONE',  ( -10.00000000000000000, -12.00000000000000000, 0.000000000000000000 ) ) ;
#2219 = CARTESIAN_POINT ( 'NONE',  ( -75.76794919243116055, -5.249999999999999112, 2.000000000000000000 ) ) ;
#2220 = CARTESIAN_POINT ( 'NONE',  ( -76.50000000000001421, 11.24999999999999467, 2.000000000000000000 ) ) ;
#2221 = EDGE_LOOP ( 'NONE', ( #446, #1396 ) ) ;
#2222 = DIRECTION ( 'NONE',  ( 0.8660254037844387076, 0.4999999999999997780, 0.000000000000000000 ) ) ;
#2223 = ORIENTED_EDGE ( 'NONE', *, *, #991, .T. ) ;
#2224 = EDGE_CURVE ( 'NONE', #182, #346, #1391, .T. ) ;
#2225 = EDGE_CURVE ( 'NONE', #1888, #2161, #293, .T. ) ;
#2226 = DIRECTION ( 'NONE',  ( -0.000000000000000000, -0.000000000000000000, -1.000000000000000000 ) ) ;
#2227 = CARTESIAN_POINT ( 'NONE',  ( -73.75000000000000000, 11.24999999999999467, 0.000000000000000000 ) ) ;
#2228 = DIRECTION ( 'NONE',  ( -0.000000000000000000, -0.000000000000000000, -1.000000000000000000 ) ) ;
#2229 = CARTESIAN_POINT ( 'NONE',  ( -18.36434405146887627, 7.249999999999997335, 2.000000000000000000 ) ) ;
#2230 = VERTEX_POINT ( 'NONE', #1023 ) ;
#2231 = CARTESIAN_POINT ( 'NONE',  ( -80.99999999999998579, -15.00000000000000000, 2.000000000000000000 ) ) ;
#2232 = VERTEX_POINT ( 'NONE', #2089 ) ;
#2233 = PLANE ( 'NONE',  #1148 ) ;
#2234 = EDGE_CURVE ( 'NONE', #182, #134, #873, .T. ) ;
#2235 = AXIS2_PLACEMENT_3D ( 'NONE', #1225, #165, #833 ) ;
#2236 = ORIENTED_EDGE ( 'NONE', *, *, #99, .F. ) ;
#2237 = CARTESIAN_POINT ( 'NONE',  ( 1.000000000000000000, 7.000000000000000000, 0.000000000000000000 ) ) ;
#2238 = LINE ( 'NONE', #627, #1591 ) ;
#2239 = VECTOR ( 'NONE', #1839, 1000.000000000000227 ) ;
#2240 = AXIS2_PLACEMENT_3D ( 'NONE', #729, #2148, #1978 ) ;
#2241 = EDGE_LOOP ( 'NONE', ( #318, #1503, #960, #494 ) ) ;
#2242 = LINE ( 'NONE', #1513, #1205 ) ;
#2243 = ORIENTED_EDGE ( 'NONE', *, *, #2046, .F. ) ;
#2244 = CIRCLE ( 'NONE', #1866, 1.000000000000000000 ) ;
#2245 = LINE ( 'NONE', #632, #514 ) ;
#2246 = ORIENTED_EDGE ( 'NONE', *, *, #1390, .T. ) ;
#2247 = CARTESIAN_POINT ( 'NONE',  ( -21.82844566660662622, 5.249999999999995559, 2.000000000000000000 ) ) ;
#2248 = ADVANCED_FACE ( 'NONE', ( #1011 ), #168, .T. ) ;
#2249 = VERTEX_POINT ( 'NONE', #1727 ) ;
#2250 = DIRECTION ( 'NONE',  ( -0.4999999999999998335, 0.8660254037844388186, 0.000000000000000000 ) ) ;
#2251 = PRODUCT_DEFINITION ( 'UNKNOWN', '', #726, #1446 ) ;
#2252 = EDGE_CURVE ( 'NONE', #1038, #64, #2129, .T. ) ;
#2253 = LINE ( 'NONE', #1153, #2045 ) ;
#2254 = FACE_OUTER_BOUND ( 'NONE', #1961, .T. ) ;
#2255 = EDGE_LOOP ( 'NONE', ( #2196, #760, #1117, #2131, #1318, #2128 ) ) ;
#2256 = CARTESIAN_POINT ( 'NONE',  ( -21.82844566660662977, 1.000000000000073719, 0.000000000000000000 ) ) ;
#2257 = ORIENTED_EDGE ( 'NONE', *, *, #606, .T. ) ;
#2258 = LINE ( 'NONE', #2216, #445 ) ;
#2259 = CARTESIAN_POINT ( 'NONE',  ( -80.99999999999998579, 14.99999999999998757, 2.000000000000000000 ) ) ;
#2260 = DIRECTION ( 'NONE',  ( 0.000000000000000000, 1.000000000000000000, 0.000000000000000000 ) ) ;
#2261 = ADVANCED_FACE ( 'NONE', ( #861 ), #665, .F. ) ;
#2262 = ADVANCED_FACE ( 'NONE', ( #133 ), #1050, .F. ) ;
#2263 = DIRECTION ( 'NONE',  ( 1.000000000000000000, 0.000000000000000000, -0.000000000000000000 ) ) ;
#2264 = ORIENTED_EDGE ( 'NONE', *, *, #1521, .F. ) ;
#2265 = FACE_BOUND ( 'NONE', #1124, .T. ) ;
#2266 = ORIENTED_EDGE ( 'NONE', *, *, #1457, .F. ) ;
#2267 = AXIS2_PLACEMENT_3D ( 'NONE', #1200, #2103, #1360 ) ;
#2268 = ORIENTED_EDGE ( 'NONE', *, *, #236, .T. ) ;
#2269 = DIRECTION ( 'NONE',  ( -0.000000000000000000, -0.000000000000000000, -1.000000000000000000 ) ) ;
#2270 = CARTESIAN_POINT ( 'NONE',  ( 0.000000000000000000, -10.00000000000000000, 0.000000000000000000 ) ) ;
#2271 = LINE ( 'NONE', #2121, #509 ) ;
#2272 = LINE ( 'NONE', #499, #704 ) ;
#2273 = LINE ( 'NONE', #2100, #1892 ) ;
#2274 = CARTESIAN_POINT ( 'NONE',  ( -73.75000000000000000, -11.25000000000000711, 0.000000000000000000 ) ) ;
#2275 = EDGE_LOOP ( 'NONE', ( #2194, #2036, #1522, #203 ) ) ;
#2276 = CARTESIAN_POINT ( 'NONE',  ( -10.00000000000000000, -15.00000000000000000, 2.000000000000000000 ) ) ;
#2277 = AXIS2_PLACEMENT_3D ( 'NONE', #1634, #1285, #2005 ) ;
#2278 = AXIS2_PLACEMENT_3D ( 'NONE', #1094, #1283, #1273 ) ;
#2279 = ADVANCED_FACE ( 'NONE', ( #1761, #1912, #465, #850, #824, #1174, #1395, #2293, #1536, #836, #1374, #1897, #481, #1714, #2265, #2306 ), #1384, .F. ) ;
#2280 = ORIENTED_EDGE ( 'NONE', *, *, #1338, .T. ) ;
#2281 = AXIS2_PLACEMENT_3D ( 'NONE', #1556, #828, #865 ) ;
#2282 = ORIENTED_EDGE ( 'NONE', *, *, #2234, .F. ) ;
#2283 = DIRECTION ( 'NONE',  ( -1.000000000000000000, 0.000000000000000000, 0.000000000000000000 ) ) ;
#2284 = EDGE_CURVE ( 'NONE', #2308, #595, #91, .T. ) ;
#2285 = VECTOR ( 'NONE', #1831, 1000.000000000000227 ) ;
#2286 = CARTESIAN_POINT ( 'NONE',  ( -4.888073874380386697E-14, -7.000000000000000000, 0.000000000000000000 ) ) ;
#2287 = CARTESIAN_POINT ( 'NONE',  ( -75.76794919243116055, -0.9999999999999870104, 0.000000000000000000 ) ) ;
#2288 = AXIS2_PLACEMENT_3D ( 'NONE', #400, #759, #244 ) ;
#2289 = LINE ( 'NONE', #2071, #1597 ) ;
#2290 = LINE ( 'NONE', #1197, #30 ) ;
#2291 = CARTESIAN_POINT ( 'NONE',  ( -79.23205080756883945, 7.250000000000001776, 0.000000000000000000 ) ) ;
#2292 = ORIENTED_EDGE ( 'NONE', *, *, #2217, .F. ) ;
#2293 = FACE_BOUND ( 'NONE', #46, .T. ) ;
#2294 = EDGE_CURVE ( 'NONE', #2212, #1939, #1565, .T. ) ;
#2295 = EDGE_LOOP ( 'NONE', ( #2004, #1274, #1789, #1417 ) ) ;
#2296 = VERTEX_POINT ( 'NONE', #1737 ) ;
#2297 = FACE_OUTER_BOUND ( 'NONE', #568, .T. ) ;
#2298 = CARTESIAN_POINT ( 'NONE',  ( -4.888073874380386697E-14, -7.000000000000000000, 2.000000000000000000 ) ) ;
#2299 = EDGE_CURVE ( 'NONE', #167, #1847, #503, .T. ) ;
#2300 = LINE ( 'NONE', #497, #620 ) ;
#2301 = EDGE_CURVE ( 'NONE', #1394, #2230, #513, .T. ) ;
#2302 = LINE ( 'NONE', #164, #1976 ) ;
#2303 = DIRECTION ( 'NONE',  ( -0.8660254037844387076, -0.4999999999999997780, 0.000000000000000000 ) ) ;
#2304 = CARTESIAN_POINT ( 'NONE',  ( -73.75000000000000000, 11.24999999999999467, 2.000000000000000000 ) ) ;
#2305 = ORIENTED_EDGE ( 'NONE', *, *, #1223, .T. ) ;
#2306 = FACE_BOUND ( 'NONE', #2146, .T. ) ;
#2307 = VECTOR ( 'NONE', #936, 1000.000000000000000 ) ;
#2308 = VERTEX_POINT ( 'NONE', #1820 ) ;
#2309 = ORIENTED_EDGE ( 'NONE', *, *, #725, .T. ) ;
#2310 = CARTESIAN_POINT ( 'NONE',  ( -75.76794919243116055, -5.249999999999999112, 0.000000000000000000 ) ) ;
#2311 = FACE_OUTER_BOUND ( 'NONE', #69, .T. ) ;
#2312 = VECTOR ( 'NONE', #688, 1000.000000000000000 ) ;
#2313 = DIRECTION ( 'NONE',  ( -0.000000000000000000, -0.000000000000000000, -1.000000000000000000 ) ) ;
#2314 = EDGE_CURVE ( 'NONE', #1320, #1990, #646, .T. ) ;
#2315 = CARTESIAN_POINT ( 'NONE',  ( -23.74999999999998934, -11.25000000000000533, 2.000000000000000000 ) ) ;
#2316 = VECTOR ( 'NONE', #241, 1000.000000000000000 ) ;
#2317 = CARTESIAN_POINT ( 'NONE',  ( -21.82844566660662977, -0.9999999999999241718, 2.000000000000000000 ) ) ;
#2318 = FACE_BOUND ( 'NONE', #2319, .T. ) ;
#2319 = EDGE_LOOP ( 'NONE', ( #421, #2 ) ) ;
#2320 = DIRECTION ( 'NONE',  ( -0.5000000000000012212, -0.8660254037844380415, 0.000000000000000000 ) ) ;
#2321 = VECTOR ( 'NONE', #2147, 1000.000000000000227 ) ;
#2322 = VERTEX_POINT ( 'NONE', #534 ) ;
#2323 = EDGE_CURVE ( 'NONE', #592, #1595, #362, .T. ) ;
#2324 = CIRCLE ( 'NONE', #2202, 1.000000000000000000 ) ;
#2325 = ORIENTED_EDGE ( 'NONE', *, *, #1873, .T. ) ;
#2326 = FACE_OUTER_BOUND ( 'NONE', #853, .T. ) ;
#2327 = PLANE ( 'NONE',  #2134 ) ;
ENDSEC;
END-ISO-10303-21;
