ISO-10303-21;
HEADER;
FILE_DESCRIPTION (( 'STEP AP214' ),
    '1' );
FILE_NAME ('up_plate_non_power.STEP',
    '2026-09-26T11:28:15',
    ( '' ),
    ( '' ),
    'SwSTEP 2.0',
    'SolidWorks 2026',
    '' );
FILE_SCHEMA (( 'AUTOMOTIVE_DESIGN' ));
ENDSEC;

DATA;
#1 = PRODUCT ( 'up_plate_non_power', 'up_plate_non_power', '', ( #887 ) ) ;
#2 = DIRECTION ( 'NONE',  ( 0.000000000000000000, -1.000000000000000000, 0.000000000000000000 ) ) ;
#3 = ORIENTED_EDGE ( 'NONE', *, *, #1021, .F. ) ;
#4 = DIRECTION ( 'NONE',  ( -1.000000000000000000, 0.000000000000000000, 0.000000000000000000 ) ) ;
#5 = ORIENTED_EDGE ( 'NONE', *, *, #1251, .F. ) ;
#6 = LINE ( 'NONE', #797, #449 ) ;
#7 = VECTOR ( 'NONE', #79, 1000.000000000000000 ) ;
#8 = ORIENTED_EDGE ( 'NONE', *, *, #1563, .T. ) ;
#9 = CARTESIAN_POINT ( 'NONE',  ( 14.00000000000000178, 5.000000000000000000, 0.000000000000000000 ) ) ;
#10 = CARTESIAN_POINT ( 'NONE',  ( -23.87499999999999289, -10.25000000000000178, 0.000000000000000000 ) ) ;
#11 = VECTOR ( 'NONE', #438, 1000.000000000000000 ) ;
#12 = PLANE ( 'NONE',  #618 ) ;
#13 = ORIENTED_EDGE ( 'NONE', *, *, #969, .T. ) ;
#14 = AXIS2_PLACEMENT_3D ( 'NONE', #616, #1151, #346 ) ;
#15 = ORIENTED_EDGE ( 'NONE', *, *, #210, .T. ) ;
#16 = EDGE_CURVE ( 'NONE', #1156, #557, #1487, .T. ) ;
#17 = DIRECTION ( 'NONE',  ( -0.000000000000000000, 1.000000000000000000, -0.000000000000000000 ) ) ;
#18 = ORIENTED_EDGE ( 'NONE', *, *, #54, .F. ) ;
#19 = LINE ( 'NONE', #535, #1582 ) ;
#20 = ORIENTED_EDGE ( 'NONE', *, *, #1125, .T. ) ;
#21 = CARTESIAN_POINT ( 'NONE',  ( 1.301042606982605321E-15, 10.42915138089425753, 3.500000000000000000 ) ) ;
#22 = ORIENTED_EDGE ( 'NONE', *, *, #1438, .F. ) ;
#23 = LINE ( 'NONE', #409, #851 ) ;
#24 = VECTOR ( 'NONE', #368, 1000.000000000000000 ) ;
#25 = CYLINDRICAL_SURFACE ( 'NONE', #707, 1.625000000000001332 ) ;
#26 = ORIENTED_EDGE ( 'NONE', *, *, #155, .F. ) ;
#27 = ORIENTED_EDGE ( 'NONE', *, *, #1358, .F. ) ;
#28 = CARTESIAN_POINT ( 'NONE',  ( 14.00000000000000533, 5.000000000000000000, 2.000000000000000000 ) ) ;
#29 = ORIENTED_EDGE ( 'NONE', *, *, #90, .T. ) ;
#30 = STYLED_ITEM ( 'NONE', ( #600 ), #437 ) ;
#31 = CARTESIAN_POINT ( 'NONE',  ( 38.00000000000000711, -12.24999999999984368, 0.000000000000000000 ) ) ;
#32 = LINE ( 'NONE', #964, #1501 ) ;
#33 = DIRECTION ( 'NONE',  ( 1.000000000000000000, 0.000000000000000000, 0.000000000000000000 ) ) ;
#34 = CARTESIAN_POINT ( 'NONE',  ( 31.00000000000000000, 8.572527594031476148E-16, 0.000000000000000000 ) ) ;
#35 = VERTEX_POINT ( 'NONE', #1378 ) ;
#36 = EDGE_LOOP ( 'NONE', ( #877, #1235 ) ) ;
#37 = DIRECTION ( 'NONE',  ( 1.000000000000000000, 0.000000000000000000, 0.000000000000000000 ) ) ;
#38 = ORIENTED_EDGE ( 'NONE', *, *, #1441, .F. ) ;
#39 = DIRECTION ( 'NONE',  ( -0.000000000000000000, -0.000000000000000000, -1.000000000000000000 ) ) ;
#40 = FACE_BOUND ( 'NONE', #269, .T. ) ;
#41 = VECTOR ( 'NONE', #690, 1000.000000000000000 ) ;
#42 = ORIENTED_EDGE ( 'NONE', *, *, #159, .T. ) ;
#43 = LINE ( 'NONE', #309, #971 ) ;
#44 = FILL_AREA_STYLE_COLOUR ( '', #1542 ) ;
#45 = ORIENTED_EDGE ( 'NONE', *, *, #1439, .T. ) ;
#46 = DIRECTION ( 'NONE',  ( -1.734723475976807094E-15, -1.000000000000000000, 0.000000000000000000 ) ) ;
#47 = VERTEX_POINT ( 'NONE', #1133 ) ;
#48 = CIRCLE ( 'NONE', #700, 1.625000000000001332 ) ;
#49 = CARTESIAN_POINT ( 'NONE',  ( 38.00000000000000711, -12.24999999999984368, 0.000000000000000000 ) ) ;
#50 = ADVANCED_FACE ( 'NONE', ( #1649 ), #1122, .T. ) ;
#51 = ORIENTED_EDGE ( 'NONE', *, *, #753, .F. ) ;
#52 = FACE_BOUND ( 'NONE', #1662, .T. ) ;
#53 = PLANE ( 'NONE',  #1312 ) ;
#54 = EDGE_CURVE ( 'NONE', #739, #500, #1518, .T. ) ;
#55 = EDGE_CURVE ( 'NONE', #35, #397, #351, .T. ) ;
#56 = ADVANCED_FACE ( 'NONE', ( #1556 ), #881, .T. ) ;
#57 = VECTOR ( 'NONE', #395, 1000.000000000000000 ) ;
#58 = CIRCLE ( 'NONE', #551, 3.500000000000003109 ) ;
#59 = ORIENTED_EDGE ( 'NONE', *, *, #210, .F. ) ;
#60 = LINE ( 'NONE', #429, #627 ) ;
#61 = CYLINDRICAL_SURFACE ( 'NONE', #1447, 1.625000000000004885 ) ;
#62 = AXIS2_PLACEMENT_3D ( 'NONE', #1132, #1647, #482 ) ;
#63 = VERTEX_POINT ( 'NONE', #1017 ) ;
#64 = EDGE_CURVE ( 'NONE', #1404, #1635, #622, .T. ) ;
#65 = DIRECTION ( 'NONE',  ( -0.000000000000000000, -0.000000000000000000, -1.000000000000000000 ) ) ;
#66 = VECTOR ( 'NONE', #799, 1000.000000000000114 ) ;
#67 = DIRECTION ( 'NONE',  ( 8.673617379884004904E-16, 1.000000000000000000, 0.000000000000000000 ) ) ;
#68 = CARTESIAN_POINT ( 'NONE',  ( -26.99999999999999645, -12.25000000000002487, 2.000000000000000000 ) ) ;
#69 = VERTEX_POINT ( 'NONE', #1385 ) ;
#70 = CYLINDRICAL_SURFACE ( 'NONE', #1479, 3.500000000000003109 ) ;
#71 = ORIENTED_EDGE ( 'NONE', *, *, #92, .F. ) ;
#72 = CARTESIAN_POINT ( 'NONE',  ( -27.00000000000000711, 8.250000000000000000, 3.500000000000000000 ) ) ;
#73 = DIRECTION ( 'NONE',  ( 0.000000000000000000, 0.000000000000000000, 1.000000000000000000 ) ) ;
#74 = LINE ( 'NONE', #1640, #1012 ) ;
#75 = VERTEX_POINT ( 'NONE', #1536 ) ;
#76 = CARTESIAN_POINT ( 'NONE',  ( -26.99999999999999289, -8.250000000000010658, 2.000000000000000000 ) ) ;
#77 = CARTESIAN_POINT ( 'NONE',  ( 41.50000000000000000, 4.286263797015732651E-16, 2.000000000000000000 ) ) ;
#78 = CIRCLE ( 'NONE', #1041, 1.125000000000000888 ) ;
#79 = DIRECTION ( 'NONE',  ( -0.000000000000000000, -0.000000000000000000, -1.000000000000000000 ) ) ;
#80 = DIRECTION ( 'NONE',  ( -0.000000000000000000, 1.000000000000000000, -0.000000000000000000 ) ) ;
#81 = ORIENTED_EDGE ( 'NONE', *, *, #853, .F. ) ;
#82 = CARTESIAN_POINT ( 'NONE',  ( -4.001411982654504484, 10.42915138089425753, 2.000000000000000000 ) ) ;
#83 = CARTESIAN_POINT ( 'NONE',  ( -22.99999999999999645, -10.25000000000000888, 2.000000000000000000 ) ) ;
#84 = ORIENTED_EDGE ( 'NONE', *, *, #432, .T. ) ;
#85 = DIRECTION ( 'NONE',  ( 1.000000000000000000, 0.000000000000000000, 0.000000000000000000 ) ) ;
#86 = VECTOR ( 'NONE', #508, 1000.000000000000000 ) ;
#87 = DIRECTION ( 'NONE',  ( 1.000000000000000000, 0.000000000000000000, 0.000000000000000000 ) ) ;
#88 = ORIENTED_EDGE ( 'NONE', *, *, #1119, .T. ) ;
#89 = DIRECTION ( 'NONE',  ( 0.000000000000000000, 1.000000000000000000, 0.000000000000000000 ) ) ;
#90 = EDGE_CURVE ( 'NONE', #1392, #1060, #243, .T. ) ;
#91 = LINE ( 'NONE', #1144, #465 ) ;
#92 = EDGE_CURVE ( 'NONE', #693, #35, #378, .T. ) ;
#93 = AXIS2_PLACEMENT_3D ( 'NONE', #1051, #113, #1155 ) ;
#94 = APPLICATION_PROTOCOL_DEFINITION ( 'draft international standard', 'automotive_design', 1998, #1354 ) ;
#95 = EDGE_CURVE ( 'NONE', #574, #63, #1053, .T. ) ;
#96 = ORIENTED_EDGE ( 'NONE', *, *, #471, .T. ) ;
#97 = CARTESIAN_POINT ( 'NONE',  ( 38.00000000000000000, 10.00000000000000000, 2.000000000000000000 ) ) ;
#98 = CARTESIAN_POINT ( 'NONE',  ( -27.00000000000001066, 12.25000000000000000, 2.000000000000000000 ) ) ;
#99 = AXIS2_PLACEMENT_3D ( 'NONE', #645, #257, #144 ) ;
#100 = ORIENTED_EDGE ( 'NONE', *, *, #1359, .T. ) ;
#101 = CARTESIAN_POINT ( 'NONE',  ( 22.00000000000000355, 5.000000000000000000, 2.000000000000000000 ) ) ;
#102 = LINE ( 'NONE', #1514, #1417 ) ;
#103 = LINE ( 'NONE', #1541, #319 ) ;
#104 = AXIS2_PLACEMENT_3D ( 'NONE', #957, #1081, #975 ) ;
#105 = ORIENTED_EDGE ( 'NONE', *, *, #886, .T. ) ;
#106 = CARTESIAN_POINT ( 'NONE',  ( -23.00000000000000711, 10.25000000000000000, 3.500000000000000000 ) ) ;
#107 = ADVANCED_FACE ( 'NONE', ( #1036 ), #204, .T. ) ;
#108 = DIRECTION ( 'NONE',  ( -0.000000000000000000, -0.000000000000000000, -1.000000000000000000 ) ) ;
#109 = EDGE_CURVE ( 'NONE', #280, #415, #1259, .T. ) ;
#110 = EDGE_LOOP ( 'NONE', ( #22, #316, #348, #967 ) ) ;
#111 = CARTESIAN_POINT ( 'NONE',  ( -25.00000000000000000, 10.24999999999999822, 3.500000000000000000 ) ) ;
#112 = DIRECTION ( 'NONE',  ( -0.000000000000000000, -0.000000000000000000, -1.000000000000000000 ) ) ;
#113 = DIRECTION ( 'NONE',  ( 0.000000000000000000, 0.000000000000000000, -1.000000000000000000 ) ) ;
#114 = ORIENTED_EDGE ( 'NONE', *, *, #842, .F. ) ;
#115 = AXIS2_PLACEMENT_3D ( 'NONE', #1045, #1026, #649 ) ;
#116 = CARTESIAN_POINT ( 'NONE',  ( 1.301042606982605321E-15, -10.07084861910573537, 2.000000000000000000 ) ) ;
#117 = CARTESIAN_POINT ( 'NONE',  ( 1.301042606982605321E-15, -10.07084861910573537, 0.000000000000000000 ) ) ;
#118 = ADVANCED_FACE ( 'NONE', ( #475 ), #890, .F. ) ;
#119 = VERTEX_POINT ( 'NONE', #760 ) ;
#120 = LINE ( 'NONE', #1010, #524 ) ;
#121 = CARTESIAN_POINT ( 'NONE',  ( -27.00000000000000711, 8.250000000000000000, 2.000000000000000000 ) ) ;
#122 = CARTESIAN_POINT ( 'NONE',  ( -23.00000000000000711, 10.25000000000000000, 2.000000000000000000 ) ) ;
#123 = LINE ( 'NONE', #384, #411 ) ;
#124 = DIRECTION ( 'NONE',  ( -0.000000000000000000, 0.000000000000000000, -1.000000000000000000 ) ) ;
#125 = EDGE_LOOP ( 'NONE', ( #1386, #1338, #5, #1520 ) ) ;
#126 = CARTESIAN_POINT ( 'NONE',  ( -2.000000000000000000, -10.07084861910573537, 0.000000000000000000 ) ) ;
#127 = ORIENTED_EDGE ( 'NONE', *, *, #897, .F. ) ;
#128 = DIRECTION ( 'NONE',  ( 0.000000000000000000, 0.000000000000000000, 1.000000000000000000 ) ) ;
#129 = VERTEX_POINT ( 'NONE', #871 ) ;
#130 = CARTESIAN_POINT ( 'NONE',  ( -22.99999999999999645, -10.25000000000000888, 3.500000000000000000 ) ) ;
#131 = CARTESIAN_POINT ( 'NONE',  ( 5.500000000000005329, 12.25000000000000000, 2.000000000000000000 ) ) ;
#132 = FACE_OUTER_BOUND ( 'NONE', #125, .T. ) ;
#133 = LINE ( 'NONE', #504, #625 ) ;
#134 = CARTESIAN_POINT ( 'NONE',  ( 1.125000000000000888, 10.42915138089425753, 0.000000000000000000 ) ) ;
#135 = ORIENTED_EDGE ( 'NONE', *, *, #1659, .F. ) ;
#136 = ORIENTED_EDGE ( 'NONE', *, *, #1657, .T. ) ;
#137 = CARTESIAN_POINT ( 'NONE',  ( 39.62500000000000000, -7.000000000000000000, 2.000000000000000000 ) ) ;
#138 = EDGE_LOOP ( 'NONE', ( #1082, #1646, #341, #1586 ) ) ;
#139 = CARTESIAN_POINT ( 'NONE',  ( 14.00000000000000178, -4.999999999999999112, 0.000000000000000000 ) ) ;
#140 = VECTOR ( 'NONE', #474, 1000.000000000000000 ) ;
#141 = VERTEX_POINT ( 'NONE', #1008 ) ;
#142 = CARTESIAN_POINT ( 'NONE',  ( 46.62500000000000000, 1.990051048614453800E-16, 2.000000000000000000 ) ) ;
#143 = ORIENTED_EDGE ( 'NONE', *, *, #230, .T. ) ;
#144 = DIRECTION ( 'NONE',  ( -0.9999555431474632661, -0.009429301599896770456, 0.000000000000000000 ) ) ;
#145 = AXIS2_PLACEMENT_3D ( 'NONE', #325, #858, #1601 ) ;
#146 = CARTESIAN_POINT ( 'NONE',  ( -22.99999999999999645, -10.25000000000000888, 3.500000000000000000 ) ) ;
#147 = ORIENTED_EDGE ( 'NONE', *, *, #597, .F. ) ;
#148 = ORIENTED_EDGE ( 'NONE', *, *, #602, .T. ) ;
#149 = CARTESIAN_POINT ( 'NONE',  ( 14.00000000000000178, 5.000000000000000000, 2.000000000000000000 ) ) ;
#150 = VERTEX_POINT ( 'NONE', #1680 ) ;
#151 = FACE_OUTER_BOUND ( 'NONE', #869, .T. ) ;
#152 = FACE_OUTER_BOUND ( 'NONE', #345, .T. ) ;
#153 = DIRECTION ( 'NONE',  ( 1.000000000000000000, 0.000000000000000000, 0.000000000000000000 ) ) ;
#154 = EDGE_LOOP ( 'NONE', ( #143, #1671, #375, #544 ) ) ;
#155 = EDGE_CURVE ( 'NONE', #1527, #1485, #1274, .T. ) ;
#156 = DIRECTION ( 'NONE',  ( 1.000000000000000000, 0.000000000000000000, 0.000000000000000000 ) ) ;
#157 = DIRECTION ( 'NONE',  ( -0.000000000000000000, -0.000000000000000000, -1.000000000000000000 ) ) ;
#158 = PRODUCT_DEFINITION ( 'UNKNOWN', '', #238, #731 ) ;
#159 = EDGE_CURVE ( 'NONE', #1472, #397, #631, .T. ) ;
#160 = EDGE_LOOP ( 'NONE', ( #473, #796 ) ) ;
#161 = ORIENTED_EDGE ( 'NONE', *, *, #582, .T. ) ;
#162 = CARTESIAN_POINT ( 'NONE',  ( -23.00000000000000711, 10.25000000000000000, 2.000000000000000000 ) ) ;
#163 = ORIENTED_EDGE ( 'NONE', *, *, #484, .F. ) ;
#164 = DIRECTION ( 'NONE',  ( -1.000000000000000000, 0.000000000000000000, -0.000000000000000000 ) ) ;
#165 = DIRECTION ( 'NONE',  ( 0.000000000000000000, -1.000000000000000000, 0.000000000000000000 ) ) ;
#166 = ORIENTED_EDGE ( 'NONE', *, *, #356, .T. ) ;
#167 = DIRECTION ( 'NONE',  ( -0.000000000000000000, -0.000000000000000000, -1.000000000000000000 ) ) ;
#168 = ORIENTED_EDGE ( 'NONE', *, *, #472, .T. ) ;
#169 = EDGE_CURVE ( 'NONE', #846, #1408, #614, .T. ) ;
#170 = DIRECTION ( 'NONE',  ( -0.000000000000000000, -0.000000000000000000, -1.000000000000000000 ) ) ;
#171 = CIRCLE ( 'NONE', #374, 1.124999999999999556 ) ;
#172 = EDGE_CURVE ( 'NONE', #854, #1564, #784, .T. ) ;
#173 = ORIENTED_EDGE ( 'NONE', *, *, #1247, .T. ) ;
#174 = DIRECTION ( 'NONE',  ( -1.000000000000000000, 0.000000000000000000, 0.000000000000000000 ) ) ;
#175 = CIRCLE ( 'NONE', #876, 1.125000000000000888 ) ;
#176 = ORIENTED_EDGE ( 'NONE', *, *, #422, .F. ) ;
#177 = DIRECTION ( 'NONE',  ( -1.000000000000000000, 0.000000000000000000, 0.000000000000000000 ) ) ;
#178 = EDGE_CURVE ( 'NONE', #1178, #826, #1071, .T. ) ;
#179 = EDGE_CURVE ( 'NONE', #758, #803, #6, .T. ) ;
#180 = DIRECTION ( 'NONE',  ( -0.000000000000000000, -0.000000000000000000, -1.000000000000000000 ) ) ;
#181 = VECTOR ( 'NONE', #1568, 1000.000000000000000 ) ;
#182 = EDGE_LOOP ( 'NONE', ( #782, #434, #15, #326 ) ) ;
#183 = LINE ( 'NONE', #561, #1360 ) ;
#184 = CARTESIAN_POINT ( 'NONE',  ( 38.00000000000000711, -12.24999999999984368, 2.000000000000000000 ) ) ;
#185 = VECTOR ( 'NONE', #1173, 1000.000000000000000 ) ;
#186 = VECTOR ( 'NONE', #282, 1000.000000000000000 ) ;
#187 = EDGE_CURVE ( 'NONE', #553, #150, #1301, .T. ) ;
#188 = ORIENTED_EDGE ( 'NONE', *, *, #334, .T. ) ;
#189 = DIRECTION ( 'NONE',  ( 3.083952846180990083E-15, 1.000000000000000000, -0.000000000000000000 ) ) ;
#190 = LINE ( 'NONE', #468, #364 ) ;
#191 = CARTESIAN_POINT ( 'NONE',  ( -26.99999999999999289, -8.250000000000010658, 0.000000000000000000 ) ) ;
#192 = ORIENTED_EDGE ( 'NONE', *, *, #597, .T. ) ;
#193 = AXIS2_PLACEMENT_3D ( 'NONE', #634, #917, #511 ) ;
#194 = FACE_OUTER_BOUND ( 'NONE', #1275, .T. ) ;
#195 = ORIENTED_EDGE ( 'NONE', *, *, #1188, .T. ) ;
#196 = CARTESIAN_POINT ( 'NONE',  ( 39.62500000000000000, 7.000000000000000000, 2.000000000000000000 ) ) ;
#197 = AXIS2_PLACEMENT_3D ( 'NONE', #298, #1055, #1079 ) ;
#198 = VERTEX_POINT ( 'NONE', #1440 ) ;
#199 = DIRECTION ( 'NONE',  ( -0.000000000000000000, -0.000000000000000000, -1.000000000000000000 ) ) ;
#200 = ORIENTED_EDGE ( 'NONE', *, *, #1623, .T. ) ;
#201 = DIRECTION ( 'NONE',  ( -0.000000000000000000, -0.000000000000000000, -1.000000000000000000 ) ) ;
#202 = LINE ( 'NONE', #723, #1530 ) ;
#203 = CARTESIAN_POINT ( 'NONE',  ( -23.00000000000000711, 10.25000000000000000, 3.500000000000000000 ) ) ;
#204 = PLANE ( 'NONE',  #1619 ) ;
#205 = ORIENTED_EDGE ( 'NONE', *, *, #55, .T. ) ;
#206 = DIRECTION ( 'NONE',  ( 0.000000000000000000, -1.000000000000000000, 0.000000000000000000 ) ) ;
#207 = LINE ( 'NONE', #736, #1013 ) ;
#208 = CIRCLE ( 'NONE', #875, 1.125000000000000888 ) ;
#209 = ORIENTED_EDGE ( 'NONE', *, *, #593, .T. ) ;
#210 = EDGE_CURVE ( 'NONE', #1193, #430, #1589, .T. ) ;
#211 = FACE_OUTER_BOUND ( 'NONE', #786, .T. ) ;
#212 = CIRCLE ( 'NONE', #811, 1.625000000000001332 ) ;
#213 = CARTESIAN_POINT ( 'NONE',  ( 36.37500000000000000, 7.000000000000000000, 2.000000000000000000 ) ) ;
#214 = EDGE_CURVE ( 'NONE', #272, #1639, #1577, .T. ) ;
#215 = EDGE_CURVE ( 'NONE', #758, #1315, #934, .T. ) ;
#216 = VERTEX_POINT ( 'NONE', #808 ) ;
#217 = CARTESIAN_POINT ( 'NONE',  ( 14.00000000000000178, 5.000000000000000000, 2.000000000000000000 ) ) ;
#218 = CARTESIAN_POINT ( 'NONE',  ( 41.50000000000000000, 4.286263797015732651E-16, 0.000000000000000000 ) ) ;
#219 = EDGE_CURVE ( 'NONE', #430, #75, #19, .T. ) ;
#220 = VECTOR ( 'NONE', #1652, 1000.000000000000000 ) ;
#221 = ORIENTED_EDGE ( 'NONE', *, *, #1004, .F. ) ;
#222 = CYLINDRICAL_SURFACE ( 'NONE', #332, 1.124999999999999556 ) ;
#223 = VECTOR ( 'NONE', #1545, 1000.000000000000000 ) ;
#224 = CARTESIAN_POINT ( 'NONE',  ( 38.00000000000000000, 0.000000000000000000, 2.000000000000000000 ) ) ;
#225 = VERTEX_POINT ( 'NONE', #651 ) ;
#226 = CYLINDRICAL_SURFACE ( 'NONE', #669, 1.625000000000004885 ) ;
#227 = DIRECTION ( 'NONE',  ( 0.000000000000000000, 0.000000000000000000, 1.000000000000000000 ) ) ;
#228 = VECTOR ( 'NONE', #1230, 1000.000000000000000 ) ;
#229 = ADVANCED_FACE ( 'NONE', ( #151 ), #689, .T. ) ;
#230 = EDGE_CURVE ( 'NONE', #63, #574, #479, .T. ) ;
#231 = EDGE_LOOP ( 'NONE', ( #1166, #1344, #1080, #81, #838 ) ) ;
#232 = DIRECTION ( 'NONE',  ( -0.000000000000000000, -0.000000000000000000, -1.000000000000000000 ) ) ;
#233 = DIRECTION ( 'NONE',  ( -0.000000000000000000, 0.000000000000000000, -1.000000000000000000 ) ) ;
#234 = ORIENTED_EDGE ( 'NONE', *, *, #1553, .T. ) ;
#235 = FACE_OUTER_BOUND ( 'NONE', #1411, .T. ) ;
#236 = CARTESIAN_POINT ( 'NONE',  ( 14.00000000000000178, -4.999999999999999112, 2.000000000000000000 ) ) ;
#237 =( NAMED_UNIT ( * ) PLANE_ANGLE_UNIT ( ) SI_UNIT ( $, .RADIAN. ) );
#238 = PRODUCT_DEFINITION_FORMATION_WITH_SPECIFIED_SOURCE ( 'ANY', '', #1, .NOT_KNOWN. ) ;
#239 = CARTESIAN_POINT ( 'NONE',  ( 32.62500000000000000, 1.056257864264593414E-15, 0.000000000000000000 ) ) ;
#240 = AXIS2_PLACEMENT_3D ( 'NONE', #1482, #1343, #177 ) ;
#241 = ORIENTED_EDGE ( 'NONE', *, *, #1490, .F. ) ;
#242 = CARTESIAN_POINT ( 'NONE',  ( 43.37500000000000000, 0.000000000000000000, 2.000000000000000000 ) ) ;
#243 = LINE ( 'NONE', #1281, #86 ) ;
#244 = VERTEX_POINT ( 'NONE', #1194 ) ;
#245 = DIRECTION ( 'NONE',  ( -0.000000000000000000, -0.000000000000000000, -1.000000000000000000 ) ) ;
#246 = CARTESIAN_POINT ( 'NONE',  ( 38.00000000000000000, 0.000000000000000000, 0.000000000000000000 ) ) ;
#247 = LINE ( 'NONE', #372, #936 ) ;
#248 = DIRECTION ( 'NONE',  ( -0.000000000000000000, -0.000000000000000000, -1.000000000000000000 ) ) ;
#249 = VERTEX_POINT ( 'NONE', #416 ) ;
#250 = CIRCLE ( 'NONE', #1600, 3.500000000000003109 ) ;
#251 = CARTESIAN_POINT ( 'NONE',  ( 45.00000000000000000, 0.000000000000000000, 2.000000000000000000 ) ) ;
#252 = EDGE_LOOP ( 'NONE', ( #1450, #1557, #460, #1480 ) ) ;
#253 = PLANE ( 'NONE',  #1517 ) ;
#254 = ORIENTED_EDGE ( 'NONE', *, *, #522, .T. ) ;
#255 = FACE_OUTER_BOUND ( 'NONE', #539, .T. ) ;
#256 = LINE ( 'NONE', #788, #763 ) ;
#257 = DIRECTION ( 'NONE',  ( -0.009429301599896770456, 0.9999555431474632661, 0.000000000000000000 ) ) ;
#258 = DIRECTION ( 'NONE',  ( 1.000000000000000000, 4.336808689942017736E-16, 0.000000000000000000 ) ) ;
#259 = LINE ( 'NONE', #637, #1001 ) ;
#260 = ORIENTED_EDGE ( 'NONE', *, *, #522, .F. ) ;
#261 = ORIENTED_EDGE ( 'NONE', *, *, #1085, .T. ) ;
#262 = DIRECTION ( 'NONE',  ( 0.000000000000000000, 0.000000000000000000, 1.000000000000000000 ) ) ;
#263 = ORIENTED_EDGE ( 'NONE', *, *, #1242, .F. ) ;
#264 = CARTESIAN_POINT ( 'NONE',  ( -2.000000000000000000, -10.07084861910573537, 0.000000000000000000 ) ) ;
#265 = ORIENTED_EDGE ( 'NONE', *, *, #279, .F. ) ;
#266 = CYLINDRICAL_SURFACE ( 'NONE', #584, 1.124999999999999556 ) ;
#267 = AXIS2_PLACEMENT_3D ( 'NONE', #410, #1418, #1448 ) ;
#268 = AXIS2_PLACEMENT_3D ( 'NONE', #394, #1560, #383 ) ;
#269 = EDGE_LOOP ( 'NONE', ( #88, #961 ) ) ;
#270 = LINE ( 'NONE', #540, #1269 ) ;
#271 = DIRECTION ( 'NONE',  ( 0.000000000000000000, 0.000000000000000000, 1.000000000000000000 ) ) ;
#272 = VERTEX_POINT ( 'NONE', #31 ) ;
#273 = ORIENTED_EDGE ( 'NONE', *, *, #1621, .F. ) ;
#274 = FACE_OUTER_BOUND ( 'NONE', #607, .T. ) ;
#275 = ORIENTED_EDGE ( 'NONE', *, *, #55, .F. ) ;
#276 = DIRECTION ( 'NONE',  ( -1.000000000000000000, 0.000000000000000000, 0.000000000000000000 ) ) ;
#277 = ADVANCED_FACE ( 'NONE', ( #560, #547, #1291, #518, #947, #1464, #1047, #290 ), #253, .T. ) ;
#278 = DIRECTION ( 'NONE',  ( -1.000000000000000000, 0.000000000000000000, 0.000000000000000000 ) ) ;
#279 = EDGE_CURVE ( 'NONE', #954, #1505, #1042, .T. ) ;
#280 = VERTEX_POINT ( 'NONE', #907 ) ;
#281 = EDGE_CURVE ( 'NONE', #69, #1470, #1584, .T. ) ;
#282 = DIRECTION ( 'NONE',  ( 0.000000000000000000, 1.000000000000000000, 0.000000000000000000 ) ) ;
#283 = VECTOR ( 'NONE', #1161, 1000.000000000000000 ) ;
#284 = FACE_BOUND ( 'NONE', #1667, .T. ) ;
#285 = ORIENTED_EDGE ( 'NONE', *, *, #1423, .F. ) ;
#286 = VECTOR ( 'NONE', #1443, 1000.000000000000000 ) ;
#287 = EDGE_LOOP ( 'NONE', ( #696, #221 ) ) ;
#288 = DIRECTION ( 'NONE',  ( 0.000000000000000000, 0.000000000000000000, 1.000000000000000000 ) ) ;
#289 = ORIENTED_EDGE ( 'NONE', *, *, #297, .F. ) ;
#290 = FACE_BOUND ( 'NONE', #1090, .T. ) ;
#291 = DIRECTION ( 'NONE',  ( 3.083952846180990083E-15, 1.000000000000000000, -0.000000000000000000 ) ) ;
#292 = ORIENTED_EDGE ( 'NONE', *, *, #842, .T. ) ;
#293 = PLANE ( 'NONE',  #1002 ) ;
#294 = LINE ( 'NONE', #1116, #228 ) ;
#295 = ORIENTED_EDGE ( 'NONE', *, *, #897, .T. ) ;
#296 = EDGE_CURVE ( 'NONE', #336, #1178, #1270, .T. ) ;
#297 = EDGE_CURVE ( 'NONE', #681, #329, #1552, .T. ) ;
#298 = CARTESIAN_POINT ( 'NONE',  ( 5.500000000000005329, 12.25000000000000178, 3.500000000000000000 ) ) ;
#299 = ORIENTED_EDGE ( 'NONE', *, *, #1491, .F. ) ;
#300 = CARTESIAN_POINT ( 'NONE',  ( 14.00000000000000178, 9.000000000000001776, 2.000000000000000000 ) ) ;
#301 = ORIENTED_EDGE ( 'NONE', *, *, #593, .F. ) ;
#302 = ADVANCED_FACE ( 'NONE', ( #385 ), #25, .F. ) ;
#303 = CYLINDRICAL_SURFACE ( 'NONE', #1481, 1.625000000000001332 ) ;
#304 = EDGE_LOOP ( 'NONE', ( #953, #163, #1138, #1131 ) ) ;
#305 = EDGE_CURVE ( 'NONE', #819, #1069, #496, .T. ) ;
#306 = EDGE_CURVE ( 'NONE', #75, #1311, #259, .T. ) ;
#307 = FACE_OUTER_BOUND ( 'NONE', #773, .T. ) ;
#308 = ORIENTED_EDGE ( 'NONE', *, *, #1022, .T. ) ;
#309 = CARTESIAN_POINT ( 'NONE',  ( 41.50000000000000000, 4.286263797015736595E-16, 2.000000000000000000 ) ) ;
#310 = VECTOR ( 'NONE', #1217, 1000.000000000000000 ) ;
#311 = ORIENTED_EDGE ( 'NONE', *, *, #305, .T. ) ;
#312 = CARTESIAN_POINT ( 'NONE',  ( -22.99999999999999289, -8.250000000000008882, 2.000000000000000000 ) ) ;
#313 = EDGE_CURVE ( 'NONE', #398, #888, #1351, .T. ) ;
#314 = CARTESIAN_POINT ( 'NONE',  ( -27.00000000000001066, 12.25000000000000000, 2.000000000000000000 ) ) ;
#315 = AXIS2_PLACEMENT_3D ( 'NONE', #733, #1642, #344 ) ;
#316 = ORIENTED_EDGE ( 'NONE', *, *, #591, .T. ) ;
#317 = CARTESIAN_POINT ( 'NONE',  ( -26.99999999999999645, -12.25000000000002487, 3.500000000000000000 ) ) ;
#318 = CARTESIAN_POINT ( 'NONE',  ( 38.00000000000000000, 7.000000000000000000, 2.000000000000000000 ) ) ;
#319 = VECTOR ( 'NONE', #942, 1000.000000000000000 ) ;
#320 = AXIS2_PLACEMENT_3D ( 'NONE', #658, #1074, #156 ) ;
#321 = EDGE_LOOP ( 'NONE', ( #1282, #1064, #387, #1651 ) ) ;
#322 = DIRECTION ( 'NONE',  ( 1.000000000000000000, 0.000000000000000000, 0.000000000000000000 ) ) ;
#323 = AXIS2_PLACEMENT_3D ( 'NONE', #300, #165, #549 ) ;
#324 = FACE_OUTER_BOUND ( 'NONE', #565, .T. ) ;
#325 = CARTESIAN_POINT ( 'NONE',  ( -24.99999999999999289, -10.25000000000000178, 0.000000000000000000 ) ) ;
#326 = ORIENTED_EDGE ( 'NONE', *, *, #219, .T. ) ;
#327 = DIRECTION ( 'NONE',  ( 0.000000000000000000, 0.000000000000000000, 1.000000000000000000 ) ) ;
#328 = APPLICATION_CONTEXT ( 'automotive_design' ) ;
#329 = VERTEX_POINT ( 'NONE', #239 ) ;
#330 = CARTESIAN_POINT ( 'NONE',  ( 22.00000000000000355, -4.999999999999999112, 2.000000000000000000 ) ) ;
#331 = CARTESIAN_POINT ( 'NONE',  ( -23.87499999999999289, -10.25000000000000178, 2.000000000000000000 ) ) ;
#332 = AXIS2_PLACEMENT_3D ( 'NONE', #116, #639, #749 ) ;
#333 = UNCERTAINTY_MEASURE_WITH_UNIT (LENGTH_MEASURE( 1.000000000000000082E-05 ), #1399, 'distance_accuracy_value', 'NONE');
#334 = EDGE_CURVE ( 'NONE', #1315, #758, #1137, .T. ) ;
#335 = CARTESIAN_POINT ( 'NONE',  ( 38.00000000000000000, 0.000000000000000000, 2.000000000000000000 ) ) ;
#336 = VERTEX_POINT ( 'NONE', #1432 ) ;
#337 = CARTESIAN_POINT ( 'NONE',  ( -27.00000000000000711, 8.250000000000000000, 0.000000000000000000 ) ) ;
#338 = LINE ( 'NONE', #1117, #716 ) ;
#339 = ADVANCED_FACE ( 'NONE', ( #1287 ), #12, .F. ) ;
#340 = ADVANCED_FACE ( 'NONE', ( #647 ), #1407, .T. ) ;
#341 = ORIENTED_EDGE ( 'NONE', *, *, #1302, .F. ) ;
#342 = EDGE_CURVE ( 'NONE', #1643, #992, #1310, .T. ) ;
#343 = CARTESIAN_POINT ( 'NONE',  ( 39.62500000000000000, -7.000000000000000000, 0.000000000000000000 ) ) ;
#344 = DIRECTION ( 'NONE',  ( 1.000000000000000000, 0.000000000000000000, 0.000000000000000000 ) ) ;
#345 = EDGE_LOOP ( 'NONE', ( #1176, #612, #1567, #168 ) ) ;
#346 = DIRECTION ( 'NONE',  ( 0.000000000000000000, 0.000000000000000000, 1.000000000000000000 ) ) ;
#347 = CARTESIAN_POINT ( 'NONE',  ( 1.301042606982605321E-15, 10.42915138089425753, 0.000000000000000000 ) ) ;
#348 = ORIENTED_EDGE ( 'NONE', *, *, #279, .T. ) ;
#349 = CARTESIAN_POINT ( 'NONE',  ( 22.00000000000000355, -9.000000000000000000, 2.000000000000000000 ) ) ;
#350 = AXIS2_PLACEMENT_3D ( 'NONE', #314, #1624, #1608 ) ;
#351 = LINE ( 'NONE', #1394, #844 ) ;
#352 = ORIENTED_EDGE ( 'NONE', *, *, #1675, .T. ) ;
#353 = CARTESIAN_POINT ( 'NONE',  ( -4.001411982654504484, 10.42915138089425753, 0.000000000000000000 ) ) ;
#354 = FACE_OUTER_BOUND ( 'NONE', #1419, .T. ) ;
#355 = VECTOR ( 'NONE', #1405, 1000.000000000000000 ) ;
#356 = EDGE_CURVE ( 'NONE', #557, #398, #103, .T. ) ;
#357 = DIRECTION ( 'NONE',  ( -0.000000000000000000, -0.000000000000000000, -1.000000000000000000 ) ) ;
#358 = ORIENTED_EDGE ( 'NONE', *, *, #1659, .T. ) ;
#359 = CARTESIAN_POINT ( 'NONE',  ( -23.87500000000000000, 10.24999999999999822, 3.500000000000000000 ) ) ;
#360 = DIRECTION ( 'NONE',  ( 1.000000000000000000, 0.000000000000000000, -0.000000000000000000 ) ) ;
#361 = VERTEX_POINT ( 'NONE', #790 ) ;
#362 = DIRECTION ( 'NONE',  ( 0.000000000000000000, 0.000000000000000000, 1.000000000000000000 ) ) ;
#363 = CYLINDRICAL_SURFACE ( 'NONE', #1043, 1.124999999999999556 ) ;
#364 = VECTOR ( 'NONE', #1373, 1000.000000000000000 ) ;
#365 = FACE_BOUND ( 'NONE', #1459, .T. ) ;
#366 = ORIENTED_EDGE ( 'NONE', *, *, #169, .T. ) ;
#367 = DIRECTION ( 'NONE',  ( 8.673617379884035472E-16, -1.000000000000000000, -0.000000000000000000 ) ) ;
#368 = DIRECTION ( 'NONE',  ( -0.000000000000000000, -0.000000000000000000, -1.000000000000000000 ) ) ;
#369 = EDGE_LOOP ( 'NONE', ( #1346, #166, #676, #998 ) ) ;
#370 = LINE ( 'NONE', #1257, #220 ) ;
#371 = DIRECTION ( 'NONE',  ( -0.000000000000000000, -0.000000000000000000, -1.000000000000000000 ) ) ;
#372 = CARTESIAN_POINT ( 'NONE',  ( -22.99999999999999645, -10.25000000000000888, 2.000000000000000000 ) ) ;
#373 = CARTESIAN_POINT ( 'NONE',  ( 14.00000000000000178, 9.000000000000001776, 2.000000000000000000 ) ) ;
#374 = AXIS2_PLACEMENT_3D ( 'NONE', #1607, #828, #1330 ) ;
#375 = ORIENTED_EDGE ( 'NONE', *, *, #1119, .F. ) ;
#376 = DIRECTION ( 'NONE',  ( -0.9999636128508994082, -0.008530707718392833289, 0.000000000000000000 ) ) ;
#377 = ORIENTED_EDGE ( 'NONE', *, *, #463, .T. ) ;
#378 = LINE ( 'NONE', #491, #678 ) ;
#379 = ORIENTED_EDGE ( 'NONE', *, *, #837, .T. ) ;
#380 = DIRECTION ( 'NONE',  ( -0.000000000000000000, -0.000000000000000000, -1.000000000000000000 ) ) ;
#381 = AXIS2_PLACEMENT_3D ( 'NONE', #1645, #885, #617 ) ;
#382 = LINE ( 'NONE', #236, #283 ) ;
#383 = DIRECTION ( 'NONE',  ( -1.000000000000000000, 0.000000000000000000, 0.000000000000000000 ) ) ;
#384 = CARTESIAN_POINT ( 'NONE',  ( 14.00000000000000178, -9.000000000000000000, 2.000000000000000000 ) ) ;
#385 = FACE_OUTER_BOUND ( 'NONE', #699, .T. ) ;
#386 = ORIENTED_EDGE ( 'NONE', *, *, #711, .T. ) ;
#387 = ORIENTED_EDGE ( 'NONE', *, *, #420, .F. ) ;
#388 = CARTESIAN_POINT ( 'NONE',  ( 5.500000000000005329, 12.25000000000000178, 2.000000000000000000 ) ) ;
#389 = ORIENTED_EDGE ( 'NONE', *, *, #710, .T. ) ;
#390 = DIRECTION ( 'NONE',  ( -3.083952846181203865E-15, 1.000000000000000000, -0.000000000000000000 ) ) ;
#391 = AXIS2_PLACEMENT_3D ( 'NONE', #1661, #360, #1149 ) ;
#392 = ORIENTED_EDGE ( 'NONE', *, *, #296, .T. ) ;
#393 = DIRECTION ( 'NONE',  ( 1.000000000000000000, 0.000000000000000000, 0.000000000000000000 ) ) ;
#394 = CARTESIAN_POINT ( 'NONE',  ( -25.00000000000000000, 10.24999999999999822, 2.000000000000000000 ) ) ;
#395 = DIRECTION ( 'NONE',  ( 1.000000000000000000, 1.601283208593976007E-16, -0.000000000000000000 ) ) ;
#396 = EDGE_CURVE ( 'NONE', #915, #75, #671, .T. ) ;
#397 = VERTEX_POINT ( 'NONE', #1296 ) ;
#398 = VERTEX_POINT ( 'NONE', #134 ) ;
#399 = LINE ( 'NONE', #818, #1632 ) ;
#400 = ORIENTED_EDGE ( 'NONE', *, *, #908, .T. ) ;
#401 = ADVANCED_FACE ( 'NONE', ( #628, #365, #659, #284, #896 ), #528, .F. ) ;
#402 = EDGE_CURVE ( 'NONE', #1424, #854, #505, .T. ) ;
#403 = DIRECTION ( 'NONE',  ( 0.000000000000000000, 0.000000000000000000, -1.000000000000000000 ) ) ;
#404 = ADVANCED_FACE ( 'NONE', ( #586 ), #1111, .F. ) ;
#405 = CYLINDRICAL_SURFACE ( 'NONE', #1384, 1.625000000000001332 ) ;
#406 = AXIS2_PLACEMENT_3D ( 'NONE', #1140, #939, #1422 ) ;
#407 = AXIS2_PLACEMENT_3D ( 'NONE', #1321, #419, #1171 ) ;
#408 = ORIENTED_EDGE ( 'NONE', *, *, #1657, .F. ) ;
#409 = CARTESIAN_POINT ( 'NONE',  ( 5.500000000000005329, 12.25000000000000178, 3.500000000000000000 ) ) ;
#410 = CARTESIAN_POINT ( 'NONE',  ( 1.301042606982605321E-15, 10.42915138089425753, 0.000000000000000000 ) ) ;
#411 = VECTOR ( 'NONE', #357, 1000.000000000000000 ) ;
#412 = VERTEX_POINT ( 'NONE', #1630 ) ;
#413 = EDGE_LOOP ( 'NONE', ( #20, #1056, #866, #650, #1052 ) ) ;
#414 = LINE ( 'NONE', #1192, #1591 ) ;
#415 = VERTEX_POINT ( 'NONE', #1241 ) ;
#416 = CARTESIAN_POINT ( 'NONE',  ( -23.00000000000000711, 8.250000000000000000, 0.000000000000000000 ) ) ;
#417 = DIRECTION ( 'NONE',  ( -1.000000000000000000, 1.734723475976807094E-15, 0.000000000000000000 ) ) ;
#418 = ORIENTED_EDGE ( 'NONE', *, *, #1022, .F. ) ;
#419 = DIRECTION ( 'NONE',  ( 0.000000000000000000, 0.000000000000000000, 1.000000000000000000 ) ) ;
#420 = EDGE_CURVE ( 'NONE', #803, #761, #847, .T. ) ;
#421 = CIRCLE ( 'NONE', #1634, 1.625000000000001332 ) ;
#422 = EDGE_CURVE ( 'NONE', #150, #329, #541, .T. ) ;
#423 = FACE_OUTER_BOUND ( 'NONE', #950, .T. ) ;
#424 = VERTEX_POINT ( 'NONE', #72 ) ;
#425 = ORIENTED_EDGE ( 'NONE', *, *, #1247, .F. ) ;
#426 = LINE ( 'NONE', #149, #694 ) ;
#427 = ORIENTED_EDGE ( 'NONE', *, *, #422, .T. ) ;
#428 = CIRCLE ( 'NONE', #952, 1.625000000000001332 ) ;
#429 = CARTESIAN_POINT ( 'NONE',  ( 38.00000000000000711, 12.25000000000000000, 0.000000000000000000 ) ) ;
#430 = VERTEX_POINT ( 'NONE', #1236 ) ;
#431 = CARTESIAN_POINT ( 'NONE',  ( 39.62500000000000000, 7.000000000000000000, 2.000000000000000000 ) ) ;
#432 = EDGE_CURVE ( 'NONE', #1477, #1408, #729, .T. ) ;
#433 = SURFACE_SIDE_STYLE ('',( #1076 ) ) ;
#434 = ORIENTED_EDGE ( 'NONE', *, *, #1307, .T. ) ;
#435 = DIRECTION ( 'NONE',  ( -1.000000000000000000, 0.000000000000000000, 0.000000000000000000 ) ) ;
#436 = ORIENTED_EDGE ( 'NONE', *, *, #1307, .F. ) ;
#437 = MANIFOLD_SOLID_BREP ( 'Boss-Extrude4', #1641 ) ;
#438 = DIRECTION ( 'NONE',  ( 1.000000000000000000, 2.775557561562890957E-15, -0.000000000000000000 ) ) ;
#439 = ORIENTED_EDGE ( 'NONE', *, *, #1211, .F. ) ;
#440 = VECTOR ( 'NONE', #371, 1000.000000000000000 ) ;
#441 = LINE ( 'NONE', #447, #41 ) ;
#442 = AXIS2_PLACEMENT_3D ( 'NONE', #727, #1371, #1238 ) ;
#443 = CARTESIAN_POINT ( 'NONE',  ( 45.00000000000000000, 0.000000000000000000, 0.000000000000000000 ) ) ;
#444 = CIRCLE ( 'NONE', #949, 10.00000000000000178 ) ;
#445 = EDGE_LOOP ( 'NONE', ( #1382, #1199, #263, #862 ) ) ;
#446 = VECTOR ( 'NONE', #735, 1000.000000000000000 ) ;
#447 = CARTESIAN_POINT ( 'NONE',  ( -22.99999999999999289, -8.250000000000008882, 0.000000000000000000 ) ) ;
#448 = DIRECTION ( 'NONE',  ( -0.000000000000000000, -0.000000000000000000, -1.000000000000000000 ) ) ;
#449 = VECTOR ( 'NONE', #39, 1000.000000000000000 ) ;
#450 = ORIENTED_EDGE ( 'NONE', *, *, #155, .T. ) ;
#451 = ADVANCED_FACE ( 'NONE', ( #423 ), #1506, .F. ) ;
#452 = CARTESIAN_POINT ( 'NONE',  ( 38.00000000000000000, 10.00000000000000000, 2.000000000000000000 ) ) ;
#453 = AXIS2_PLACEMENT_3D ( 'NONE', #76, #825, #67 ) ;
#454 = EDGE_CURVE ( 'NONE', #1434, #1564, #294, .T. ) ;
#455 = LINE ( 'NONE', #1083, #1363 ) ;
#456 = ORIENTED_EDGE ( 'NONE', *, *, #306, .F. ) ;
#457 = CARTESIAN_POINT ( 'NONE',  ( 38.00000000000000711, 12.25000000000000000, 2.000000000000000000 ) ) ;
#458 = AXIS2_PLACEMENT_3D ( 'NONE', #1550, #1416, #258 ) ;
#459 = VECTOR ( 'NONE', #1335, 1000.000000000000000 ) ;
#460 = ORIENTED_EDGE ( 'NONE', *, *, #1085, .F. ) ;
#461 =( LENGTH_UNIT ( ) NAMED_UNIT ( * ) SI_UNIT ( .MILLI., .METRE. ) );
#462 = DIRECTION ( 'NONE',  ( 1.000000000000000000, 0.000000000000000000, 0.000000000000000000 ) ) ;
#463 = EDGE_CURVE ( 'NONE', #1495, #693, #850, .T. ) ;
#464 = ADVANCED_FACE ( 'NONE', ( #324 ), #982, .T. ) ;
#465 = VECTOR ( 'NONE', #1507, 1000.000000000000000 ) ;
#466 = CYLINDRICAL_SURFACE ( 'NONE', #661, 3.500000000000003109 ) ;
#467 = ORIENTED_EDGE ( 'NONE', *, *, #674, .F. ) ;
#468 = CARTESIAN_POINT ( 'NONE',  ( 14.00000000000000178, 9.000000000000001776, 2.000000000000000000 ) ) ;
#469 = CARTESIAN_POINT ( 'NONE',  ( 36.37500000000000000, 7.000000000000000000, 0.000000000000000000 ) ) ;
#470 = VECTOR ( 'NONE', #367, 1000.000000000000000 ) ;
#471 = EDGE_CURVE ( 'NONE', #1392, #272, #863, .T. ) ;
#472 = EDGE_CURVE ( 'NONE', #1643, #1495, #190, .T. ) ;
#473 = ORIENTED_EDGE ( 'NONE', *, *, #840, .F. ) ;
#474 = DIRECTION ( 'NONE',  ( -0.000000000000000000, -0.000000000000000000, -1.000000000000000000 ) ) ;
#475 = FACE_OUTER_BOUND ( 'NONE', #532, .T. ) ;
#476 = ORIENTED_EDGE ( 'NONE', *, *, #1355, .T. ) ;
#477 = CARTESIAN_POINT ( 'NONE',  ( 38.00000000000000000, 0.000000000000000000, 2.000000000000000000 ) ) ;
#478 = DIRECTION ( 'NONE',  ( 0.000000000000000000, 0.000000000000000000, 1.000000000000000000 ) ) ;
#479 = CIRCLE ( 'NONE', #571, 1.124999999999999556 ) ;
#480 = VECTOR ( 'NONE', #789, 1000.000000000000000 ) ;
#481 = EDGE_LOOP ( 'NONE', ( #1442, #1395, #1147, #717 ) ) ;
#482 = DIRECTION ( 'NONE',  ( 1.000000000000000000, 0.000000000000000000, -0.000000000000000000 ) ) ;
#483 = CARTESIAN_POINT ( 'NONE',  ( 14.00000000000000178, 9.000000000000001776, 2.000000000000000000 ) ) ;
#484 = EDGE_CURVE ( 'NONE', #424, #534, #993, .T. ) ;
#485 = EDGE_LOOP ( 'NONE', ( #59, #1048, #105, #352 ) ) ;
#486 = CARTESIAN_POINT ( 'NONE',  ( 5.499999999999998224, -12.25000000000001954, 3.500000000000000000 ) ) ;
#487 = DIRECTION ( 'NONE',  ( 1.000000000000000000, 0.000000000000000000, 0.000000000000000000 ) ) ;
#488 = ORIENTED_EDGE ( 'NONE', *, *, #1508, .T. ) ;
#489 = DIRECTION ( 'NONE',  ( -0.008530707718392833289, 0.9999636128508994082, 0.000000000000000000 ) ) ;
#490 = VECTOR ( 'NONE', #1345, 1000.000000000000000 ) ;
#491 = CARTESIAN_POINT ( 'NONE',  ( 14.00000000000000178, 5.000000000000000000, 0.000000000000000000 ) ) ;
#492 = ORIENTED_EDGE ( 'NONE', *, *, #1186, .F. ) ;
#493 = PLANE ( 'NONE',  #14 ) ;
#494 = CARTESIAN_POINT ( 'NONE',  ( 45.00000000000000000, 0.000000000000000000, 2.000000000000000000 ) ) ;
#495 = CIRCLE ( 'NONE', #1465, 10.00000000000000178 ) ;
#496 = LINE ( 'NONE', #542, #57 ) ;
#497 = ORIENTED_EDGE ( 'NONE', *, *, #281, .F. ) ;
#498 = PLANE ( 'NONE',  #115 ) ;
#499 = DIRECTION ( 'NONE',  ( 0.000000000000000000, 0.000000000000000000, 1.000000000000000000 ) ) ;
#500 = VERTEX_POINT ( 'NONE', #1322 ) ;
#501 = CARTESIAN_POINT ( 'NONE',  ( 5.500000000000005329, 12.25000000000000178, 3.500000000000000000 ) ) ;
#502 = DIRECTION ( 'NONE',  ( 0.000000000000000000, 0.000000000000000000, 1.000000000000000000 ) ) ;
#503 = CARTESIAN_POINT ( 'NONE',  ( 39.62500000000000000, -7.000000000000000000, 2.000000000000000000 ) ) ;
#504 = CARTESIAN_POINT ( 'NONE',  ( 14.00000000000000178, 9.000000000000001776, 2.000000000000000000 ) ) ;
#505 = LINE ( 'NONE', #684, #1059 ) ;
#506 = EDGE_LOOP ( 'NONE', ( #1412, #439 ) ) ;
#507 = PLANE ( 'NONE',  #1510 ) ;
#508 = DIRECTION ( 'NONE',  ( -3.083952846181203865E-15, 1.000000000000000000, -0.000000000000000000 ) ) ;
#509 = ORIENTED_EDGE ( 'NONE', *, *, #1215, .F. ) ;
#510 = CARTESIAN_POINT ( 'NONE',  ( 1.125000000000000888, -10.07084861910573537, 3.500000000000000000 ) ) ;
#511 = DIRECTION ( 'NONE',  ( 1.000000000000000000, 0.000000000000000000, 0.000000000000000000 ) ) ;
#512 = CARTESIAN_POINT ( 'NONE',  ( 14.00000000000000178, -4.999999999999999112, 2.000000000000000000 ) ) ;
#513 = CARTESIAN_POINT ( 'NONE',  ( -2.000000000000000000, 10.42915138089425753, 2.000000000000000000 ) ) ;
#514 = VECTOR ( 'NONE', #65, 1000.000000000000000 ) ;
#515 = EDGE_LOOP ( 'NONE', ( #1005, #386, #1435, #1543 ) ) ;
#516 = LINE ( 'NONE', #388, #920 ) ;
#517 = EDGE_LOOP ( 'NONE', ( #816, #935, #1009, #1580 ) ) ;
#518 = FACE_BOUND ( 'NONE', #664, .T. ) ;
#519 = EDGE_LOOP ( 'NONE', ( #289, #195, #1604, #114 ) ) ;
#520 = FACE_OUTER_BOUND ( 'NONE', #641, .T. ) ;
#521 = AXIS2_PLACEMENT_3D ( 'NONE', #347, #227, #754 ) ;
#522 = EDGE_CURVE ( 'NONE', #686, #859, #1625, .T. ) ;
#523 = EDGE_CURVE ( 'NONE', #1297, #928, #902, .T. ) ;
#524 = VECTOR ( 'NONE', #608, 1000.000000000000000 ) ;
#525 = DIRECTION ( 'NONE',  ( 0.9999555431474632661, 0.009429301599896770456, 0.000000000000000000 ) ) ;
#526 = CARTESIAN_POINT ( 'NONE',  ( 0.000000000000000000, 0.000000000000000000, 0.000000000000000000 ) ) ;
#527 = EDGE_CURVE ( 'NONE', #846, #819, #999, .T. ) ;
#528 = PLANE ( 'NONE',  #93 ) ;
#529 = PRODUCT_RELATED_PRODUCT_CATEGORY ( 'part', '', ( #1 ) ) ;
#530 = ADVANCED_FACE ( 'NONE', ( #1038 ), #493, .F. ) ;
#531 = ORIENTED_EDGE ( 'NONE', *, *, #296, .F. ) ;
#532 = EDGE_LOOP ( 'NONE', ( #546, #1554, #660, #96 ) ) ;
#533 = DIRECTION ( 'NONE',  ( -0.000000000000000000, -0.000000000000000000, -1.000000000000000000 ) ) ;
#534 = VERTEX_POINT ( 'NONE', #337 ) ;
#535 = CARTESIAN_POINT ( 'NONE',  ( 14.00000000000000178, -9.000000000000000000, 0.000000000000000000 ) ) ;
#536 = AXIS2_PLACEMENT_3D ( 'NONE', #117, #499, #640 ) ;
#537 = ORIENTED_EDGE ( 'NONE', *, *, #178, .F. ) ;
#538 = LINE ( 'NONE', #142, #1097 ) ;
#539 = EDGE_LOOP ( 'NONE', ( #1313, #497, #1361, #148 ) ) ;
#540 = CARTESIAN_POINT ( 'NONE',  ( -22.99999999999999289, -8.250000000000008882, 3.500000000000000000 ) ) ;
#541 = CIRCLE ( 'NONE', #891, 1.625000000000001332 ) ;
#542 = CARTESIAN_POINT ( 'NONE',  ( 5.499999999999998224, -12.25000000000001954, 3.500000000000000000 ) ) ;
#543 = VERTEX_POINT ( 'NONE', #101 ) ;
#544 = ORIENTED_EDGE ( 'NONE', *, *, #1486, .F. ) ;
#545 = CARTESIAN_POINT ( 'NONE',  ( 38.00000000000000000, -10.00000000000000000, 2.000000000000000000 ) ) ;
#546 = ORIENTED_EDGE ( 'NONE', *, *, #214, .T. ) ;
#547 = FACE_BOUND ( 'NONE', #1606, .T. ) ;
#548 = EDGE_CURVE ( 'NONE', #1156, #888, #1266, .T. ) ;
#549 = DIRECTION ( 'NONE',  ( 0.000000000000000000, -0.000000000000000000, -1.000000000000000000 ) ) ;
#550 = AXIS2_PLACEMENT_3D ( 'NONE', #1023, #271, #802 ) ;
#551 = AXIS2_PLACEMENT_3D ( 'NONE', #951, #1197, #554 ) ;
#552 = ADVANCED_FACE ( 'NONE', ( #893 ), #226, .F. ) ;
#553 = VERTEX_POINT ( 'NONE', #867 ) ;
#554 = DIRECTION ( 'NONE',  ( 1.000000000000000000, 0.000000000000000000, 0.000000000000000000 ) ) ;
#555 = DIRECTION ( 'NONE',  ( -1.000000000000000000, -4.336808689942017736E-16, -0.000000000000000000 ) ) ;
#556 = ORIENTED_EDGE ( 'NONE', *, *, #454, .T. ) ;
#557 = VERTEX_POINT ( 'NONE', #1249 ) ;
#558 = CARTESIAN_POINT ( 'NONE',  ( -23.87499999999999645, -10.25000000000000178, 3.500000000000000000 ) ) ;
#559 = ORIENTED_EDGE ( 'NONE', *, *, #1628, .T. ) ;
#560 = FACE_OUTER_BOUND ( 'NONE', #1569, .T. ) ;
#561 = CARTESIAN_POINT ( 'NONE',  ( -22.99999999999999645, -10.25000000000000888, 3.500000000000000000 ) ) ;
#562 = EDGE_LOOP ( 'NONE', ( #84, #567, #632, #1323 ) ) ;
#563 = DIRECTION ( 'NONE',  ( -0.000000000000000000, -0.000000000000000000, -1.000000000000000000 ) ) ;
#564 = DIRECTION ( 'NONE',  ( 0.000000000000000000, 0.000000000000000000, 1.000000000000000000 ) ) ;
#565 = EDGE_LOOP ( 'NONE', ( #456, #1467, #8, #1183 ) ) ;
#566 = FACE_BOUND ( 'NONE', #1444, .T. ) ;
#567 = ORIENTED_EDGE ( 'NONE', *, *, #169, .F. ) ;
#568 = CARTESIAN_POINT ( 'NONE',  ( -4.001411982654500932, -10.07084861910573537, 2.000000000000000000 ) ) ;
#569 = ORIENTED_EDGE ( 'NONE', *, *, #833, .T. ) ;
#570 = FACE_BOUND ( 'NONE', #1219, .T. ) ;
#571 = AXIS2_PLACEMENT_3D ( 'NONE', #1453, #1203, #677 ) ;
#572 = CIRCLE ( 'NONE', #708, 1.625000000000001332 ) ;
#573 = DIRECTION ( 'NONE',  ( -1.000000000000000000, -2.775557561562890957E-15, 0.000000000000000000 ) ) ;
#574 = VERTEX_POINT ( 'NONE', #510 ) ;
#575 = AXIS2_PLACEMENT_3D ( 'NONE', #526, #746, #919 ) ;
#576 = FACE_BOUND ( 'NONE', #1455, .T. ) ;
#577 = AXIS2_PLACEMENT_3D ( 'NONE', #1516, #996, #322 ) ;
#578 = DIRECTION ( 'NONE',  ( -1.000000000000000000, 0.000000000000000000, 0.000000000000000000 ) ) ;
#579 = EDGE_CURVE ( 'NONE', #141, #854, #1521, .T. ) ;
#580 = CIRCLE ( 'NONE', #145, 1.125000000000000888 ) ;
#581 = ORIENTED_EDGE ( 'NONE', *, *, #771, .T. ) ;
#582 = EDGE_CURVE ( 'NONE', #928, #141, #1143, .T. ) ;
#583 = EDGE_CURVE ( 'NONE', #1069, #739, #873, .T. ) ;
#584 = AXIS2_PLACEMENT_3D ( 'NONE', #1570, #380, #653 ) ;
#585 = DIRECTION ( 'NONE',  ( -0.000000000000000000, -0.000000000000000000, -1.000000000000000000 ) ) ;
#586 = FACE_OUTER_BOUND ( 'NONE', #1034, .T. ) ;
#587 = CARTESIAN_POINT ( 'NONE',  ( -26.12499999999999289, -10.25000000000000178, 3.500000000000000000 ) ) ;
#588 = ORIENTED_EDGE ( 'NONE', *, *, #1370, .F. ) ;
#589 = CARTESIAN_POINT ( 'NONE',  ( 31.00000000000000000, 8.572527594031476148E-16, 0.000000000000000000 ) ) ;
#590 = PRESENTATION_LAYER_ASSIGNMENT (  '', '', ( #30 ) ) ;
#591 = EDGE_CURVE ( 'NONE', #1592, #954, #813, .T. ) ;
#592 = EDGE_LOOP ( 'NONE', ( #285, #1300, #1066, #1093, #1279, #922, #1597, #791, #3, #1164, #241, #492, #1576, #1256, #924, #958 ) ) ;
#593 = EDGE_CURVE ( 'NONE', #686, #119, #1538, .T. ) ;
#594 = DIRECTION ( 'NONE',  ( -0.000000000000000000, 1.000000000000000000, -0.000000000000000000 ) ) ;
#595 = UNCERTAINTY_MEASURE_WITH_UNIT (LENGTH_MEASURE( 1.000000000000000082E-05 ), #461, 'distance_accuracy_value', 'NONE');
#596 = FACE_OUTER_BOUND ( 'NONE', #965, .T. ) ;
#597 = EDGE_CURVE ( 'NONE', #1069, #47, #1387, .T. ) ;
#598 = CIRCLE ( 'NONE', #1075, 1.625000000000001332 ) ;
#599 = ORIENTED_EDGE ( 'NONE', *, *, #1024, .T. ) ;
#600 = PRESENTATION_STYLE_ASSIGNMENT (( #1492 ) ) ;
#601 = CARTESIAN_POINT ( 'NONE',  ( 22.00000000000000355, 9.000000000000001776, 2.000000000000000000 ) ) ;
#602 = EDGE_CURVE ( 'NONE', #826, #1424, #370, .T. ) ;
#603 = VECTOR ( 'NONE', #903, 1000.000000000000000 ) ;
#604 = VERTEX_POINT ( 'NONE', #1663 ) ;
#605 = CARTESIAN_POINT ( 'NONE',  ( 38.00000000000000711, 12.25000000000000000, 2.000000000000000000 ) ) ;
#606 = DIRECTION ( 'NONE',  ( -1.000000000000000000, -0.000000000000000000, -0.000000000000000000 ) ) ;
#607 = EDGE_LOOP ( 'NONE', ( #13, #883, #1115, #192 ) ) ;
#608 = DIRECTION ( 'NONE',  ( -0.000000000000000000, -0.000000000000000000, -1.000000000000000000 ) ) ;
#609 = CARTESIAN_POINT ( 'NONE',  ( 14.00000000000000178, 9.000000000000001776, 0.000000000000000000 ) ) ;
#610 = AXIS2_PLACEMENT_3D ( 'NONE', #1158, #1526, #770 ) ;
#611 = EDGE_CURVE ( 'NONE', #898, #1311, #120, .T. ) ;
#612 = ORIENTED_EDGE ( 'NONE', *, *, #159, .F. ) ;
#613 = LINE ( 'NONE', #870, #140 ) ;
#614 = LINE ( 'NONE', #1027, #24 ) ;
#615 = EDGE_LOOP ( 'NONE', ( #1325, #1574, #1515, #537, #136, #599 ) ) ;
#616 = CARTESIAN_POINT ( 'NONE',  ( -23.00000000000000711, 8.250000000000000000, 2.000000000000000000 ) ) ;
#617 = DIRECTION ( 'NONE',  ( 0.000000000000000000, -0.000000000000000000, 1.000000000000000000 ) ) ;
#618 = AXIS2_PLACEMENT_3D ( 'NONE', #513, #921, #124 ) ;
#619 = VECTOR ( 'NONE', #525, 1000.000000000000000 ) ;
#620 = ORIENTED_EDGE ( 'NONE', *, *, #92, .T. ) ;
#621 = DIRECTION ( 'NONE',  ( -0.000000000000000000, -0.000000000000000000, -1.000000000000000000 ) ) ;
#622 = LINE ( 'NONE', #98, #1347 ) ;
#623 = ORIENTED_EDGE ( 'NONE', *, *, #1355, .F. ) ;
#624 = DIRECTION ( 'NONE',  ( 1.000000000000000000, 0.000000000000000000, 0.000000000000000000 ) ) ;
#625 = VECTOR ( 'NONE', #1531, 1000.000000000000000 ) ;
#626 = DIRECTION ( 'NONE',  ( 0.000000000000000000, 0.000000000000000000, 1.000000000000000000 ) ) ;
#627 = VECTOR ( 'NONE', #291, 1000.000000000000000 ) ;
#628 = FACE_OUTER_BOUND ( 'NONE', #1523, .T. ) ;
#629 = EDGE_LOOP ( 'NONE', ( #200, #1421, #798, #1207 ) ) ;
#630 = LINE ( 'NONE', #137, #1638 ) ;
#631 = LINE ( 'NONE', #1670, #223 ) ;
#632 = ORIENTED_EDGE ( 'NONE', *, *, #1488, .F. ) ;
#633 = DIRECTION ( 'NONE',  ( -8.673617379884004904E-16, -1.000000000000000000, -0.000000000000000000 ) ) ;
#634 = CARTESIAN_POINT ( 'NONE',  ( -24.99999999999999289, -10.25000000000000178, 3.500000000000000000 ) ) ;
#635 = CARTESIAN_POINT ( 'NONE',  ( -23.00000000000000711, 8.250000000000000000, 0.000000000000000000 ) ) ;
#636 = VECTOR ( 'NONE', #621, 1000.000000000000000 ) ;
#637 = CARTESIAN_POINT ( 'NONE',  ( 22.00000000000000355, -4.999999999999999112, 0.000000000000000000 ) ) ;
#638 = EDGE_LOOP ( 'NONE', ( #1123, #1120, #588, #556 ) ) ;
#639 = DIRECTION ( 'NONE',  ( -0.000000000000000000, -0.000000000000000000, -1.000000000000000000 ) ) ;
#640 = DIRECTION ( 'NONE',  ( 1.000000000000000000, 0.000000000000000000, 0.000000000000000000 ) ) ;
#641 = EDGE_LOOP ( 'NONE', ( #1028, #943, #1626, #418 ) ) ;
#642 = CARTESIAN_POINT ( 'NONE',  ( -1.124999999999998224, 10.42915138089425753, 2.000000000000000000 ) ) ;
#643 = CARTESIAN_POINT ( 'NONE',  ( -26.99999999999999289, -8.250000000000010658, 0.000000000000000000 ) ) ;
#644 = ADVANCED_FACE ( 'NONE', ( #235 ), #1413, .T. ) ;
#645 = CARTESIAN_POINT ( 'NONE',  ( -23.00000000000000711, 10.25000000000000000, 2.000000000000000000 ) ) ;
#646 = FACE_OUTER_BOUND ( 'NONE', #562, .T. ) ;
#647 = FACE_OUTER_BOUND ( 'NONE', #517, .T. ) ;
#648 = ORIENTED_EDGE ( 'NONE', *, *, #1613, .T. ) ;
#649 = DIRECTION ( 'NONE',  ( 0.000000000000000000, 0.000000000000000000, 1.000000000000000000 ) ) ;
#650 = ORIENTED_EDGE ( 'NONE', *, *, #281, .T. ) ;
#651 = CARTESIAN_POINT ( 'NONE',  ( -23.00000000000000711, 10.25000000000000000, 0.000000000000000000 ) ) ;
#652 = VERTEX_POINT ( 'NONE', #1124 ) ;
#653 = DIRECTION ( 'NONE',  ( -1.000000000000000000, 0.000000000000000000, 0.000000000000000000 ) ) ;
#654 = CARTESIAN_POINT ( 'NONE',  ( 38.00000000000000000, -10.00000000000000000, 0.000000000000000000 ) ) ;
#655 = EDGE_CURVE ( 'NONE', #872, #1262, #1135, .T. ) ;
#656 = EDGE_CURVE ( 'NONE', #859, #1588, #1396, .T. ) ;
#657 = ADVANCED_FACE ( 'NONE', ( #667 ), #266, .F. ) ;
#658 = CARTESIAN_POINT ( 'NONE',  ( 31.00000000000000000, 8.572527594031476148E-16, 2.000000000000000000 ) ) ;
#659 = FACE_BOUND ( 'NONE', #287, .T. ) ;
#660 = ORIENTED_EDGE ( 'NONE', *, *, #90, .F. ) ;
#661 = AXIS2_PLACEMENT_3D ( 'NONE', #848, #199, #1121 ) ;
#662 = VERTEX_POINT ( 'NONE', #810 ) ;
#663 = CARTESIAN_POINT ( 'NONE',  ( 38.00000000000000000, 7.000000000000000000, 2.000000000000000000 ) ) ;
#664 = EDGE_LOOP ( 'NONE', ( #1367, #623 ) ) ;
#665 = DIRECTION ( 'NONE',  ( 0.000000000000000000, -1.000000000000000000, 0.000000000000000000 ) ) ;
#666 = ORIENTED_EDGE ( 'NONE', *, *, #1621, .T. ) ;
#667 = FACE_OUTER_BOUND ( 'NONE', #1078, .T. ) ;
#668 = ORIENTED_EDGE ( 'NONE', *, *, #548, .T. ) ;
#669 = AXIS2_PLACEMENT_3D ( 'NONE', #1672, #245, #1160 ) ;
#670 = DIRECTION ( 'NONE',  ( 0.000000000000000000, 0.000000000000000000, 1.000000000000000000 ) ) ;
#671 = LINE ( 'NONE', #1278, #1268 ) ;
#672 = ORIENTED_EDGE ( 'NONE', *, *, #1563, .F. ) ;
#673 = ORIENTED_EDGE ( 'NONE', *, *, #1376, .F. ) ;
#674 = EDGE_CURVE ( 'NONE', #1678, #724, #1058, .T. ) ;
#675 = DIRECTION ( 'NONE',  ( 1.000000000000000000, 0.000000000000000000, 0.000000000000000000 ) ) ;
#676 = ORIENTED_EDGE ( 'NONE', *, *, #1551, .F. ) ;
#677 = DIRECTION ( 'NONE',  ( 1.000000000000000000, 0.000000000000000000, 0.000000000000000000 ) ) ;
#678 = VECTOR ( 'NONE', #87, 1000.000000000000000 ) ;
#679 = FACE_OUTER_BOUND ( 'NONE', #413, .T. ) ;
#680 = EDGE_CURVE ( 'NONE', #397, #1495, #1319, .T. ) ;
#681 = VERTEX_POINT ( 'NONE', #1425 ) ;
#682 = CARTESIAN_POINT ( 'NONE',  ( -23.00000000000000711, 8.250000000000000000, 3.500000000000000000 ) ) ;
#683 = VECTOR ( 'NONE', #714, 1000.000000000000000 ) ;
#684 = CARTESIAN_POINT ( 'NONE',  ( -2.000000000000000000, -10.07084861910573537, 2.000000000000000000 ) ) ;
#685 = ORIENTED_EDGE ( 'NONE', *, *, #472, .F. ) ;
#686 = VERTEX_POINT ( 'NONE', #1182 ) ;
#687 = CARTESIAN_POINT ( 'NONE',  ( -2.000000000000000000, -10.07084861910573537, 2.000000000000000000 ) ) ;
#688 = ORIENTED_EDGE ( 'NONE', *, *, #725, .T. ) ;
#689 = PLANE ( 'NONE',  #1648 ) ;
#690 = DIRECTION ( 'NONE',  ( 1.734723475976807094E-15, 1.000000000000000000, -0.000000000000000000 ) ) ;
#691 = LINE ( 'NONE', #49, #11 ) ;
#692 = DIRECTION ( 'NONE',  ( 0.000000000000000000, -1.000000000000000000, 0.000000000000000000 ) ) ;
#693 = VERTEX_POINT ( 'NONE', #9 ) ;
#694 = VECTOR ( 'NONE', #1068, 1000.000000000000000 ) ;
#695 = CARTESIAN_POINT ( 'NONE',  ( 5.499999999999998224, -12.25000000000001954, 3.500000000000000000 ) ) ;
#696 = ORIENTED_EDGE ( 'NONE', *, *, #1654, .F. ) ;
#697 = AXIS2_PLACEMENT_3D ( 'NONE', #121, #764, #1406 ) ;
#698 = LINE ( 'NONE', #431, #310 ) ;
#699 = EDGE_LOOP ( 'NONE', ( #673, #476, #450, #51 ) ) ;
#700 = AXIS2_PLACEMENT_3D ( 'NONE', #589, #262, #1148 ) ;
#701 = LINE ( 'NONE', #970, #765 ) ;
#702 = VECTOR ( 'NONE', #108, 1000.000000000000000 ) ;
#703 = DIRECTION ( 'NONE',  ( -0.000000000000000000, -0.000000000000000000, -1.000000000000000000 ) ) ;
#704 = ORIENTED_EDGE ( 'NONE', *, *, #1215, .T. ) ;
#705 = PLANE ( 'NONE',  #1113 ) ;
#706 = EDGE_CURVE ( 'NONE', #1060, #743, #495, .T. ) ;
#707 = AXIS2_PLACEMENT_3D ( 'NONE', #1677, #1562, #779 ) ;
#708 = AXIS2_PLACEMENT_3D ( 'NONE', #318, #1357, #1617 ) ;
#709 = CARTESIAN_POINT ( 'NONE',  ( 38.00000000000000711, 12.25000000000000000, 2.000000000000000000 ) ) ;
#710 = EDGE_CURVE ( 'NONE', #557, #1156, #78, .T. ) ;
#711 = EDGE_CURVE ( 'NONE', #412, #1437, #538, .T. ) ;
#712 = ORIENTED_EDGE ( 'NONE', *, *, #1233, .T. ) ;
#713 = LINE ( 'NONE', #720, #514 ) ;
#714 = DIRECTION ( 'NONE',  ( -0.000000000000000000, -0.000000000000000000, -1.000000000000000000 ) ) ;
#715 = DIRECTION ( 'NONE',  ( 0.000000000000000000, 0.000000000000000000, 1.000000000000000000 ) ) ;
#716 = VECTOR ( 'NONE', #868, 1000.000000000000000 ) ;
#717 = ORIENTED_EDGE ( 'NONE', *, *, #109, .F. ) ;
#718 = ADVANCED_FACE ( 'NONE', ( #255 ), #1293, .F. ) ;
#719 = ADVANCED_FACE ( 'NONE', ( #520 ), #405, .F. ) ;
#720 = CARTESIAN_POINT ( 'NONE',  ( 14.00000000000000178, -4.999999999999999112, 2.000000000000000000 ) ) ;
#721 = ORIENTED_EDGE ( 'NONE', *, *, #187, .F. ) ;
#722 =( NAMED_UNIT ( * ) PLANE_ANGLE_UNIT ( ) SI_UNIT ( $, .RADIAN. ) );
#723 = CARTESIAN_POINT ( 'NONE',  ( 22.00000000000000355, 9.000000000000001776, 2.000000000000000000 ) ) ;
#724 = VERTEX_POINT ( 'NONE', #1627 ) ;
#725 = EDGE_CURVE ( 'NONE', #1297, #724, #74, .T. ) ;
#726 = EDGE_CURVE ( 'NONE', #119, #1588, #208, .T. ) ;
#727 = CARTESIAN_POINT ( 'NONE',  ( 14.00000000000000178, -4.999999999999999112, 2.000000000000000000 ) ) ;
#728 = ORIENTED_EDGE ( 'NONE', *, *, #1423, .T. ) ;
#729 = LINE ( 'NONE', #960, #1108 ) ;
#730 = DIRECTION ( 'NONE',  ( -0.000000000000000000, 1.000000000000000000, -0.000000000000000000 ) ) ;
#731 = PRODUCT_DEFINITION_CONTEXT ( 'detailed design', #328, 'design' ) ;
#732 = CARTESIAN_POINT ( 'NONE',  ( 1.125000000000000888, -10.07084861910573537, 2.000000000000000000 ) ) ;
#733 = CARTESIAN_POINT ( 'NONE',  ( 1.301042606982605321E-15, -10.07084861910573537, 3.500000000000000000 ) ) ;
#734 = ORIENTED_EDGE ( 'NONE', *, *, #1130, .F. ) ;
#735 = DIRECTION ( 'NONE',  ( -0.000000000000000000, -0.000000000000000000, -1.000000000000000000 ) ) ;
#736 = CARTESIAN_POINT ( 'NONE',  ( -4.001411982654500932, -10.07084861910573537, 0.000000000000000000 ) ) ;
#737 = VECTOR ( 'NONE', #585, 1000.000000000000000 ) ;
#738 = AXIS2_PLACEMENT_3D ( 'NONE', #1039, #1414, #1673 ) ;
#739 = VERTEX_POINT ( 'NONE', #1254 ) ;
#740 = CARTESIAN_POINT ( 'NONE',  ( -25.00000000000000000, 10.24999999999999822, 0.000000000000000000 ) ) ;
#741 = VECTOR ( 'NONE', #206, 1000.000000000000000 ) ;
#742 = DIRECTION ( 'NONE',  ( -0.000000000000000000, -0.000000000000000000, -1.000000000000000000 ) ) ;
#743 = VERTEX_POINT ( 'NONE', #452 ) ;
#744 = DIRECTION ( 'NONE',  ( -0.000000000000000000, -0.000000000000000000, -1.000000000000000000 ) ) ;
#745 = FACE_OUTER_BOUND ( 'NONE', #481, .T. ) ;
#746 = DIRECTION ( 'NONE',  ( 0.000000000000000000, 0.000000000000000000, 1.000000000000000000 ) ) ;
#747 = AXIS2_PLACEMENT_3D ( 'NONE', #900, #997, #1403 ) ;
#748 = ORIENTED_EDGE ( 'NONE', *, *, #16, .F. ) ;
#749 = DIRECTION ( 'NONE',  ( -1.000000000000000000, 0.000000000000000000, 0.000000000000000000 ) ) ;
#750 = DIRECTION ( 'NONE',  ( -1.000000000000000000, 0.000000000000000000, 0.000000000000000000 ) ) ;
#751 = ORIENTED_EDGE ( 'NONE', *, *, #1024, .F. ) ;
#752 = CARTESIAN_POINT ( 'NONE',  ( -23.87500000000000000, 10.24999999999999822, 2.000000000000000000 ) ) ;
#753 = EDGE_CURVE ( 'NONE', #129, #1485, #1172, .T. ) ;
#754 = DIRECTION ( 'NONE',  ( 1.000000000000000000, 0.000000000000000000, 0.000000000000000000 ) ) ;
#755 = ADVANCED_FACE ( 'NONE', ( #194 ), #466, .F. ) ;
#756 = SHAPE_DEFINITION_REPRESENTATION ( #1428, #772 ) ;
#757 = ADVANCED_FACE ( 'NONE', ( #596 ), #1109, .F. ) ;
#758 = VERTEX_POINT ( 'NONE', #1353 ) ;
#759 = DIRECTION ( 'NONE',  ( -0.000000000000000000, -0.000000000000000000, -1.000000000000000000 ) ) ;
#760 = CARTESIAN_POINT ( 'NONE',  ( -26.12500000000000355, 10.24999999999999822, 0.000000000000000000 ) ) ;
#761 = VERTEX_POINT ( 'NONE', #343 ) ;
#762 = DIRECTION ( 'NONE',  ( -0.000000000000000000, -0.000000000000000000, -1.000000000000000000 ) ) ;
#763 = VECTOR ( 'NONE', #112, 1000.000000000000000 ) ;
#764 = DIRECTION ( 'NONE',  ( 0.000000000000000000, 1.000000000000000000, 0.000000000000000000 ) ) ;
#765 = VECTOR ( 'NONE', #941, 1000.000000000000000 ) ;
#766 = DIRECTION ( 'NONE',  ( 0.000000000000000000, 1.000000000000000000, 0.000000000000000000 ) ) ;
#767 = ORIENTED_EDGE ( 'NONE', *, *, #305, .F. ) ;
#768 = FACE_OUTER_BOUND ( 'NONE', #938, .T. ) ;
#769 = EDGE_CURVE ( 'NONE', #743, #1404, #981, .T. ) ;
#770 = DIRECTION ( 'NONE',  ( 1.000000000000000000, 0.000000000000000000, 0.000000000000000000 ) ) ;
#771 = EDGE_CURVE ( 'NONE', #954, #1592, #1610, .T. ) ;
#772 = ADVANCED_BREP_SHAPE_REPRESENTATION ( 'up_plate_non_power', ( #437, #575 ), #985 ) ;
#773 = EDGE_LOOP ( 'NONE', ( #1025, #666, #209, #1232 ) ) ;
#774 = DIRECTION ( 'NONE',  ( 0.000000000000000000, -0.000000000000000000, 1.000000000000000000 ) ) ;
#775 = DIRECTION ( 'NONE',  ( 1.000000000000000000, 0.000000000000000000, 0.000000000000000000 ) ) ;
#776 = CARTESIAN_POINT ( 'NONE',  ( 43.37500000000000000, 0.000000000000000000, 0.000000000000000000 ) ) ;
#777 = CIRCLE ( 'NONE', #1284, 1.625000000000001332 ) ;
#778 = EDGE_CURVE ( 'NONE', #1060, #1639, #613, .T. ) ;
#779 = DIRECTION ( 'NONE',  ( -1.000000000000000000, 0.000000000000000000, 0.000000000000000000 ) ) ;
#780 = ORIENTED_EDGE ( 'NONE', *, *, #726, .F. ) ;
#781 = FACE_OUTER_BOUND ( 'NONE', #1271, .T. ) ;
#782 = ORIENTED_EDGE ( 'NONE', *, *, #306, .T. ) ;
#783 = ADVANCED_FACE ( 'NONE', ( #860 ), #1244, .T. ) ;
#784 = LINE ( 'NONE', #264, #923 ) ;
#785 = ADVANCED_FACE ( 'NONE', ( #211 ), #1228, .T. ) ;
#786 = EDGE_LOOP ( 'NONE', ( #1181, #261, #995 ) ) ;
#787 = DIRECTION ( 'NONE',  ( -0.000000000000000000, -0.000000000000000000, -1.000000000000000000 ) ) ;
#788 = CARTESIAN_POINT ( 'NONE',  ( -2.000000000000000000, 10.42915138089425753, 3.500000000000000000 ) ) ;
#789 = DIRECTION ( 'NONE',  ( 1.000000000000000000, -0.000000000000000000, -0.000000000000000000 ) ) ;
#790 = CARTESIAN_POINT ( 'NONE',  ( 38.00000000000000000, 10.00000000000000000, 0.000000000000000000 ) ) ;
#791 = ORIENTED_EDGE ( 'NONE', *, *, #582, .F. ) ;
#792 = VECTOR ( 'NONE', #1033, 1000.000000000000000 ) ;
#793 = ORIENTED_EDGE ( 'NONE', *, *, #1302, .T. ) ;
#794 = VECTOR ( 'NONE', #33, 1000.000000000000000 ) ;
#795 = DIRECTION ( 'NONE',  ( 1.000000000000000000, 0.000000000000000000, 0.000000000000000000 ) ) ;
#796 = ORIENTED_EDGE ( 'NONE', *, *, #1188, .F. ) ;
#797 = CARTESIAN_POINT ( 'NONE',  ( 36.37500000000000000, -7.000000000000000000, 2.000000000000000000 ) ) ;
#798 = ORIENTED_EDGE ( 'NONE', *, *, #706, .F. ) ;
#799 = DIRECTION ( 'NONE',  ( 0.9999636128508992972, 0.008530707718392833289, -0.000000000000000000 ) ) ;
#800 = DIRECTION ( 'NONE',  ( -1.000000000000000000, -0.000000000000000000, -0.000000000000000000 ) ) ;
#801 = ADVANCED_FACE ( 'NONE', ( #1114 ), #70, .F. ) ;
#802 = DIRECTION ( 'NONE',  ( 1.000000000000000000, 0.000000000000000000, 0.000000000000000000 ) ) ;
#803 = VERTEX_POINT ( 'NONE', #1511 ) ;
#804 = AXIS2_PLACEMENT_3D ( 'NONE', #130, #1578, #929 ) ;
#805 = ORIENTED_EDGE ( 'NONE', *, *, #1654, .T. ) ;
#806 = PLANE ( 'NONE',  #1410 ) ;
#807 = ORIENTED_EDGE ( 'NONE', *, *, #977, .T. ) ;
#808 = CARTESIAN_POINT ( 'NONE',  ( -26.12499999999999645, -10.25000000000000178, 0.000000000000000000 ) ) ;
#809 = DIRECTION ( 'NONE',  ( 1.000000000000000000, 0.000000000000000000, 0.000000000000000000 ) ) ;
#810 = CARTESIAN_POINT ( 'NONE',  ( 14.00000000000000533, -9.000000000000000000, 2.000000000000000000 ) ) ;
#811 = AXIS2_PLACEMENT_3D ( 'NONE', #494, #73, #1529 ) ;
#812 = ORIENTED_EDGE ( 'NONE', *, *, #769, .T. ) ;
#813 = CIRCLE ( 'NONE', #1391, 3.500000000000003109 ) ;
#814 = DIRECTION ( 'NONE',  ( -0.000000000000000000, -0.000000000000000000, -1.000000000000000000 ) ) ;
#815 = CARTESIAN_POINT ( 'NONE',  ( 38.00000000000000000, -7.000000000000000000, 0.000000000000000000 ) ) ;
#816 = ORIENTED_EDGE ( 'NONE', *, *, #219, .F. ) ;
#817 = ORIENTED_EDGE ( 'NONE', *, *, #1491, .T. ) ;
#818 = CARTESIAN_POINT ( 'NONE',  ( -23.00000000000000711, 10.25000000000000000, 0.000000000000000000 ) ) ;
#819 = VERTEX_POINT ( 'NONE', #317 ) ;
#820 = CARTESIAN_POINT ( 'NONE',  ( 38.00000000000000000, 0.000000000000000000, 2.000000000000000000 ) ) ;
#821 = DIRECTION ( 'NONE',  ( -0.000000000000000000, -0.000000000000000000, -1.000000000000000000 ) ) ;
#822 = ORIENTED_EDGE ( 'NONE', *, *, #1128, .T. ) ;
#823 = FACE_OUTER_BOUND ( 'NONE', #1142, .T. ) ;
#824 = VECTOR ( 'NONE', #201, 1000.000000000000000 ) ;
#825 = DIRECTION ( 'NONE',  ( 1.000000000000000000, -8.673617379884004904E-16, 0.000000000000000000 ) ) ;
#826 = VERTEX_POINT ( 'NONE', #865 ) ;
#827 = CARTESIAN_POINT ( 'NONE',  ( 45.00000000000000000, 0.000000000000000000, 0.000000000000000000 ) ) ;
#828 = DIRECTION ( 'NONE',  ( 0.000000000000000000, 0.000000000000000000, 1.000000000000000000 ) ) ;
#829 = ORIENTED_EDGE ( 'NONE', *, *, #1376, .T. ) ;
#830 = LINE ( 'NONE', #568, #1389 ) ;
#831 = ORIENTED_EDGE ( 'NONE', *, *, #1579, .F. ) ;
#832 = CYLINDRICAL_SURFACE ( 'NONE', #240, 1.125000000000000888 ) ;
#833 = EDGE_CURVE ( 'NONE', #1191, #1193, #713, .T. ) ;
#834 = ORIENTED_EDGE ( 'NONE', *, *, #471, .F. ) ;
#835 = CIRCLE ( 'NONE', #910, 1.625000000000001332 ) ;
#836 = PLANE ( 'NONE',  #350 ) ;
#837 = EDGE_CURVE ( 'NONE', #336, #1678, #1377, .T. ) ;
#838 = ORIENTED_EDGE ( 'NONE', *, *, #878, .T. ) ;
#839 = EDGE_CURVE ( 'NONE', #574, #280, #1104, .T. ) ;
#840 = EDGE_CURVE ( 'NONE', #553, #681, #777, .T. ) ;
#841 = LINE ( 'NONE', #1220, #1273 ) ;
#842 = EDGE_CURVE ( 'NONE', #329, #150, #48, .T. ) ;
#843 = EDGE_CURVE ( 'NONE', #1463, #1505, #250, .T. ) ;
#844 = VECTOR ( 'NONE', #80, 1000.000000000000000 ) ;
#845 = DIRECTION ( 'NONE',  ( -2.775557561562890957E-15, 1.000000000000000000, 0.000000000000000000 ) ) ;
#846 = VERTEX_POINT ( 'NONE', #1177 ) ;
#847 = CIRCLE ( 'NONE', #1261, 1.625000000000001332 ) ;
#848 = CARTESIAN_POINT ( 'NONE',  ( 38.00000000000000000, 0.000000000000000000, 2.000000000000000000 ) ) ;
#849 = AXIS2_PLACEMENT_3D ( 'NONE', #1666, #766, #1163 ) ;
#850 = LINE ( 'NONE', #1333, #1196 ) ;
#851 = VECTOR ( 'NONE', #814, 1000.000000000000000 ) ;
#852 = CARTESIAN_POINT ( 'NONE',  ( 46.62500000000000000, 1.990051048614456758E-16, 0.000000000000000000 ) ) ;
#853 = EDGE_CURVE ( 'NONE', #913, #336, #1139, .T. ) ;
#854 = VERTEX_POINT ( 'NONE', #126 ) ;
#855 = VECTOR ( 'NONE', #435, 1000.000000000000000 ) ;
#856 = DIRECTION ( 'NONE',  ( 0.000000000000000000, 0.000000000000000000, 1.000000000000000000 ) ) ;
#857 = DIRECTION ( 'NONE',  ( 1.000000000000000000, 0.000000000000000000, 0.000000000000000000 ) ) ;
#858 = DIRECTION ( 'NONE',  ( 0.000000000000000000, 0.000000000000000000, 1.000000000000000000 ) ) ;
#859 = VERTEX_POINT ( 'NONE', #359 ) ;
#860 = FACE_OUTER_BOUND ( 'NONE', #1546, .T. ) ;
#861 = AXIS2_PLACEMENT_3D ( 'NONE', #663, #1165, #1566 ) ;
#862 = ORIENTED_EDGE ( 'NONE', *, *, #342, .F. ) ;
#863 = LINE ( 'NONE', #1356, #824 ) ;
#864 = DIRECTION ( 'NONE',  ( -0.000000000000000000, -0.000000000000000000, -1.000000000000000000 ) ) ;
#865 = CARTESIAN_POINT ( 'NONE',  ( -2.000000000000000000, -10.07084861910573537, 3.500000000000000000 ) ) ;
#866 = ORIENTED_EDGE ( 'NONE', *, *, #1233, .F. ) ;
#867 = CARTESIAN_POINT ( 'NONE',  ( 29.37499999999999645, 8.572527594031476148E-16, 2.000000000000000000 ) ) ;
#868 = DIRECTION ( 'NONE',  ( -0.000000000000000000, -0.000000000000000000, -1.000000000000000000 ) ) ;
#869 = EDGE_LOOP ( 'NONE', ( #467, #1253, #688 ) ) ;
#870 = CARTESIAN_POINT ( 'NONE',  ( 38.00000000000000000, -10.00000000000000000, 2.000000000000000000 ) ) ;
#871 = CARTESIAN_POINT ( 'NONE',  ( 39.62500000000000000, 7.000000000000000000, 0.000000000000000000 ) ) ;
#872 = VERTEX_POINT ( 'NONE', #242 ) ;
#873 = LINE ( 'NONE', #501, #1016 ) ;
#874 = PLANE ( 'NONE',  #381 ) ;
#875 = AXIS2_PLACEMENT_3D ( 'NONE', #740, #1497, #1633 ) ;
#876 = AXIS2_PLACEMENT_3D ( 'NONE', #1237, #1397, #1366 ) ;
#877 = ORIENTED_EDGE ( 'NONE', *, *, #771, .F. ) ;
#878 = EDGE_CURVE ( 'NONE', #913, #249, #1669, .T. ) ;
#879 = LINE ( 'NONE', #1035, #1087 ) ;
#880 = VECTOR ( 'NONE', #1276, 1000.000000000000000 ) ;
#881 = PLANE ( 'NONE',  #391 ) ;
#882 = ADVANCED_FACE ( 'NONE', ( #768 ), #498, .T. ) ;
#883 = ORIENTED_EDGE ( 'NONE', *, *, #1326, .F. ) ;
#884 = DIRECTION ( 'NONE',  ( 1.000000000000000000, 0.000000000000000000, 0.000000000000000000 ) ) ;
#885 = DIRECTION ( 'NONE',  ( 0.000000000000000000, 1.000000000000000000, 0.000000000000000000 ) ) ;
#886 = EDGE_CURVE ( 'NONE', #1191, #662, #1535, .T. ) ;
#887 = PRODUCT_CONTEXT ( 'NONE', #1354, 'mechanical' ) ;
#888 = VERTEX_POINT ( 'NONE', #1299 ) ;
#889 = CARTESIAN_POINT ( 'NONE',  ( 14.00000000000000178, -4.999999999999999112, 2.000000000000000000 ) ) ;
#890 = PLANE ( 'NONE',  #747 ) ;
#891 = AXIS2_PLACEMENT_3D ( 'NONE', #34, #1105, #857 ) ;
#892 = ORIENTED_EDGE ( 'NONE', *, *, #611, .F. ) ;
#893 = FACE_OUTER_BOUND ( 'NONE', #1054, .T. ) ;
#894 = CARTESIAN_POINT ( 'NONE',  ( 1.301042606982605321E-15, 10.42915138089425753, 2.000000000000000000 ) ) ;
#895 = EDGE_CURVE ( 'NONE', #1315, #761, #630, .T. ) ;
#896 = FACE_BOUND ( 'NONE', #1629, .T. ) ;
#897 = EDGE_CURVE ( 'NONE', #1404, #604, #879, .T. ) ;
#898 = VERTEX_POINT ( 'NONE', #1544 ) ;
#899 = CARTESIAN_POINT ( 'NONE',  ( -23.00000000000000711, 8.250000000000000000, 3.500000000000000000 ) ) ;
#900 = CARTESIAN_POINT ( 'NONE',  ( 38.00000000000000000, -10.00000000000000000, 2.000000000000000000 ) ) ;
#901 = ORIENTED_EDGE ( 'NONE', *, *, #725, .F. ) ;
#902 = LINE ( 'NONE', #82, #1532 ) ;
#903 = DIRECTION ( 'NONE',  ( -8.673617379884004904E-16, -1.000000000000000000, 0.000000000000000000 ) ) ;
#904 = VECTOR ( 'NONE', #821, 1000.000000000000000 ) ;
#905 = LINE ( 'NONE', #1571, #794 ) ;
#906 =( NAMED_UNIT ( * ) SI_UNIT ( $, .STERADIAN. ) SOLID_ANGLE_UNIT ( ) );
#907 = CARTESIAN_POINT ( 'NONE',  ( 1.125000000000000888, -10.07084861910573537, 0.000000000000000000 ) ) ;
#908 = EDGE_CURVE ( 'NONE', #500, #424, #1280, .T. ) ;
#909 = ADVANCED_FACE ( 'NONE', ( #781 ), #1524, .F. ) ;
#910 = AXIS2_PLACEMENT_3D ( 'NONE', #1020, #626, #487 ) ;
#911 = ORIENTED_EDGE ( 'NONE', *, *, #1579, .T. ) ;
#912 = FACE_OUTER_BOUND ( 'NONE', #515, .T. ) ;
#913 = VERTEX_POINT ( 'NONE', #899 ) ;
#914 = CARTESIAN_POINT ( 'NONE',  ( 29.37499999999999645, 8.572527594031476148E-16, 2.000000000000000000 ) ) ;
#915 = VERTEX_POINT ( 'NONE', #349 ) ;
#916 = CARTESIAN_POINT ( 'NONE',  ( -2.000000000000000000, 10.42915138089425753, 2.000000000000000000 ) ) ;
#917 = DIRECTION ( 'NONE',  ( 0.000000000000000000, 0.000000000000000000, 1.000000000000000000 ) ) ;
#918 = PLANE ( 'NONE',  #1583 ) ;
#919 = DIRECTION ( 'NONE',  ( 1.000000000000000000, 0.000000000000000000, 0.000000000000000000 ) ) ;
#920 = VECTOR ( 'NONE', #925, 1000.000000000000000 ) ;
#921 = DIRECTION ( 'NONE',  ( 1.000000000000000000, 0.000000000000000000, -0.000000000000000000 ) ) ;
#922 = ORIENTED_EDGE ( 'NONE', *, *, #172, .F. ) ;
#923 = VECTOR ( 'NONE', #276, 1000.000000000000000 ) ;
#924 = ORIENTED_EDGE ( 'NONE', *, *, #1623, .F. ) ;
#925 = DIRECTION ( 'NONE',  ( 2.832201593431519754E-16, 1.000000000000000000, -0.000000000000000000 ) ) ;
#926 = EDGE_LOOP ( 'NONE', ( #831, #1306, #822, #1611 ) ) ;
#927 = CARTESIAN_POINT ( 'NONE',  ( 0.000000000000000000, 0.000000000000000000, 2.000000000000000000 ) ) ;
#928 = VERTEX_POINT ( 'NONE', #1409 ) ;
#929 = DIRECTION ( 'NONE',  ( 0.9999636128508992972, 0.008530707718393580954, 0.000000000000000000 ) ) ;
#930 = ADVANCED_FACE ( 'NONE', ( #1436 ), #222, .F. ) ;
#931 = LINE ( 'NONE', #682, #480 ) ;
#932 = CARTESIAN_POINT ( 'NONE',  ( 34.49999999999999289, 0.000000000000000000, 2.000000000000000000 ) ) ;
#933 = ORIENTED_EDGE ( 'NONE', *, *, #95, .F. ) ;
#934 = CIRCLE ( 'NONE', #406, 1.625000000000001332 ) ;
#935 = ORIENTED_EDGE ( 'NONE', *, *, #1675, .F. ) ;
#936 = VECTOR ( 'NONE', #1032, 1000.000000000000000 ) ;
#937 = DIRECTION ( 'NONE',  ( 0.9999555431474632661, 0.009429301599896770456, 0.000000000000000000 ) ) ;
#938 = EDGE_LOOP ( 'NONE', ( #275, #135, #488, #42 ) ) ;
#939 = DIRECTION ( 'NONE',  ( 0.000000000000000000, 0.000000000000000000, 1.000000000000000000 ) ) ;
#940 = CARTESIAN_POINT ( 'NONE',  ( 38.00000000000000000, 0.000000000000000000, 2.000000000000000000 ) ) ;
#941 = DIRECTION ( 'NONE',  ( 8.673617379884035472E-16, -1.000000000000000000, 0.000000000000000000 ) ) ;
#942 = DIRECTION ( 'NONE',  ( -0.000000000000000000, -0.000000000000000000, -1.000000000000000000 ) ) ;
#943 = ORIENTED_EDGE ( 'NONE', *, *, #1211, .T. ) ;
#944 = ORIENTED_EDGE ( 'NONE', *, *, #1439, .F. ) ;
#945 = FACE_OUTER_BOUND ( 'NONE', #252, .T. ) ;
#946 = ORIENTED_EDGE ( 'NONE', *, *, #1438, .T. ) ;
#947 = FACE_BOUND ( 'NONE', #36, .T. ) ;
#948 = LINE ( 'NONE', #1073, #986 ) ;
#949 = AXIS2_PLACEMENT_3D ( 'NONE', #246, #502, #775 ) ;
#950 = EDGE_LOOP ( 'NONE', ( #648, #944, #1461, #366 ) ) ;
#951 = CARTESIAN_POINT ( 'NONE',  ( 38.00000000000000000, 0.000000000000000000, 0.000000000000000000 ) ) ;
#952 = AXIS2_PLACEMENT_3D ( 'NONE', #1575, #288, #1471 ) ;
#953 = ORIENTED_EDGE ( 'NONE', *, *, #1186, .T. ) ;
#954 = VERTEX_POINT ( 'NONE', #1263 ) ;
#955 = DIRECTION ( 'NONE',  ( 0.000000000000000000, 0.000000000000000000, 1.000000000000000000 ) ) ;
#956 = ORIENTED_EDGE ( 'NONE', *, *, #1488, .T. ) ;
#957 = CARTESIAN_POINT ( 'NONE',  ( 38.00000000000000000, 0.000000000000000000, 0.000000000000000000 ) ) ;
#958 = ORIENTED_EDGE ( 'NONE', *, *, #214, .F. ) ;
#959 = DIRECTION ( 'NONE',  ( -1.000000000000000000, 0.000000000000000000, 0.000000000000000000 ) ) ;
#960 = CARTESIAN_POINT ( 'NONE',  ( -26.99999999999999289, -8.250000000000010658, 0.000000000000000000 ) ) ;
#961 = ORIENTED_EDGE ( 'NONE', *, *, #109, .T. ) ;
#962 = EDGE_CURVE ( 'NONE', #743, #361, #1555, .T. ) ;
#963 = ADVANCED_FACE ( 'NONE', ( #1679 ), #507, .F. ) ;
#964 = CARTESIAN_POINT ( 'NONE',  ( 14.00000000000000178, -9.000000000000000000, 2.000000000000000000 ) ) ;
#965 = EDGE_LOOP ( 'NONE', ( #1103, #127, #1227, #1189 ) ) ;
#966 = FACE_OUTER_BOUND ( 'NONE', #926, .T. ) ;
#967 = ORIENTED_EDGE ( 'NONE', *, *, #843, .F. ) ;
#968 = ADVANCED_FACE ( 'NONE', ( #912 ), #1420, .F. ) ;
#969 = EDGE_CURVE ( 'NONE', #47, #1635, #516, .T. ) ;
#970 = CARTESIAN_POINT ( 'NONE',  ( -27.00000000000001066, 12.25000000000000000, 0.000000000000000000 ) ) ;
#971 = VECTOR ( 'NONE', #703, 1000.000000000000000 ) ;
#972 = CARTESIAN_POINT ( 'NONE',  ( 31.00000000000000000, 8.572527594031476148E-16, 2.000000000000000000 ) ) ;
#973 = VECTOR ( 'NONE', #1682, 1000.000000000000000 ) ;
#974 = ORIENTED_EDGE ( 'NONE', *, *, #1063, .F. ) ;
#975 = DIRECTION ( 'NONE',  ( 1.000000000000000000, 0.000000000000000000, -0.000000000000000000 ) ) ;
#976 = VECTOR ( 'NONE', #1316, 1000.000000000000000 ) ;
#977 = EDGE_CURVE ( 'NONE', #1527, #1503, #428, .T. ) ;
#978 = FACE_OUTER_BOUND ( 'NONE', #1168, .T. ) ;
#979 = ORIENTED_EDGE ( 'NONE', *, *, #1390, .T. ) ;
#980 =( GEOMETRIC_REPRESENTATION_CONTEXT ( 3 ) GLOBAL_UNCERTAINTY_ASSIGNED_CONTEXT ( ( #595 ) ) GLOBAL_UNIT_ASSIGNED_CONTEXT ( ( #461, #722, #989 ) ) REPRESENTATION_CONTEXT ( 'NONE', 'WORKASPACE' ) );
#981 = LINE ( 'NONE', #605, #1245 ) ;
#982 = PLANE ( 'NONE',  #1400 ) ;
#983 = CARTESIAN_POINT ( 'NONE',  ( 38.00000000000000711, -12.24999999999984368, 2.000000000000000000 ) ) ;
#984 = EDGE_LOOP ( 'NONE', ( #1328, #685, #1018, #1134 ) ) ;
#985 =( GEOMETRIC_REPRESENTATION_CONTEXT ( 3 ) GLOBAL_UNCERTAINTY_ASSIGNED_CONTEXT ( ( #333 ) ) GLOBAL_UNIT_ASSIGNED_CONTEXT ( ( #1399, #237, #906 ) ) REPRESENTATION_CONTEXT ( 'NONE', 'WORKASPACE' ) );
#986 = VECTOR ( 'NONE', #1590, 1000.000000000000000 ) ;
#987 = DIRECTION ( 'NONE',  ( 1.000000000000000000, 0.000000000000000000, 0.000000000000000000 ) ) ;
#988 = ORIENTED_EDGE ( 'NONE', *, *, #853, .T. ) ;
#989 =( NAMED_UNIT ( * ) SI_UNIT ( $, .STERADIAN. ) SOLID_ANGLE_UNIT ( ) );
#990 = LINE ( 'NONE', #331, #1665 ) ;
#991 = DIRECTION ( 'NONE',  ( -0.000000000000000000, -0.000000000000000000, -1.000000000000000000 ) ) ;
#992 = VERTEX_POINT ( 'NONE', #28 ) ;
#993 = LINE ( 'NONE', #1513, #683 ) ;
#994 = DIRECTION ( 'NONE',  ( -0.000000000000000000, -0.000000000000000000, -1.000000000000000000 ) ) ;
#995 = ORIENTED_EDGE ( 'NONE', *, *, #1370, .T. ) ;
#996 = DIRECTION ( 'NONE',  ( 0.000000000000000000, 0.000000000000000000, 1.000000000000000000 ) ) ;
#997 = DIRECTION ( 'NONE',  ( -1.000000000000000000, -3.083952846181203865E-15, 0.000000000000000000 ) ) ;
#998 = ORIENTED_EDGE ( 'NONE', *, *, #548, .F. ) ;
#999 = LINE ( 'NONE', #1283, #1483 ) ;
#1000 = CARTESIAN_POINT ( 'NONE',  ( 38.00000000000000000, -7.000000000000000000, 2.000000000000000000 ) ) ;
#1001 = VECTOR ( 'NONE', #1572, 1000.000000000000000 ) ;
#1002 = AXIS2_PLACEMENT_3D ( 'NONE', #1061, #1332, #1676 ) ;
#1003 = ADVANCED_FACE ( 'NONE', ( #274 ), #1587, .F. ) ;
#1004 = EDGE_CURVE ( 'NONE', #1046, #1334, #1209, .T. ) ;
#1005 = ORIENTED_EDGE ( 'NONE', *, *, #1509, .T. ) ;
#1006 = EDGE_CURVE ( 'NONE', #1678, #225, #1596, .T. ) ;
#1007 = DIRECTION ( 'NONE',  ( -1.000000000000000000, 0.000000000000000000, 0.000000000000000000 ) ) ;
#1008 = CARTESIAN_POINT ( 'NONE',  ( -2.000000000000000000, 10.42915138089425753, 0.000000000000000000 ) ) ;
#1009 = ORIENTED_EDGE ( 'NONE', *, *, #1070, .T. ) ;
#1010 = CARTESIAN_POINT ( 'NONE',  ( 22.00000000000000355, -4.999999999999999112, 2.000000000000000000 ) ) ;
#1011 = LINE ( 'NONE', #1539, #1614 ) ;
#1012 = VECTOR ( 'NONE', #987, 1000.000000000000000 ) ;
#1013 = VECTOR ( 'NONE', #1250, 1000.000000000000114 ) ;
#1014 = ORIENTED_EDGE ( 'NONE', *, *, #753, .T. ) ;
#1015 = DIRECTION ( 'NONE',  ( 0.000000000000000000, -1.000000000000000000, 0.000000000000000000 ) ) ;
#1016 = VECTOR ( 'NONE', #1029, 1000.000000000000000 ) ;
#1017 = CARTESIAN_POINT ( 'NONE',  ( -1.124999999999998224, -10.07084861910573537, 3.500000000000000000 ) ) ;
#1018 = ORIENTED_EDGE ( 'NONE', *, *, #342, .T. ) ;
#1019 = DIRECTION ( 'NONE',  ( 0.000000000000000000, 0.000000000000000000, 1.000000000000000000 ) ) ;
#1020 = CARTESIAN_POINT ( 'NONE',  ( 38.00000000000000000, -7.000000000000000000, 0.000000000000000000 ) ) ;
#1021 = EDGE_CURVE ( 'NONE', #225, #928, #399, .T. ) ;
#1022 = EDGE_CURVE ( 'NONE', #1437, #1262, #598, .T. ) ;
#1023 = CARTESIAN_POINT ( 'NONE',  ( 38.00000000000000000, -7.000000000000000000, 2.000000000000000000 ) ) ;
#1024 = EDGE_CURVE ( 'NONE', #724, #141, #414, .T. ) ;
#1025 = ORIENTED_EDGE ( 'NONE', *, *, #656, .F. ) ;
#1026 = DIRECTION ( 'NONE',  ( -1.000000000000000000, 0.000000000000000000, 0.000000000000000000 ) ) ;
#1027 = CARTESIAN_POINT ( 'NONE',  ( -26.99999999999999289, -8.250000000000010658, 2.000000000000000000 ) ) ;
#1028 = ORIENTED_EDGE ( 'NONE', *, *, #711, .F. ) ;
#1029 = DIRECTION ( 'NONE',  ( 2.832201593431519754E-16, 1.000000000000000000, -0.000000000000000000 ) ) ;
#1030 = DIRECTION ( 'NONE',  ( -1.000000000000000000, 0.000000000000000000, 0.000000000000000000 ) ) ;
#1031 = ADVANCED_FACE ( 'NONE', ( #945 ), #806, .F. ) ;
#1032 = DIRECTION ( 'NONE',  ( -0.000000000000000000, -0.000000000000000000, -1.000000000000000000 ) ) ;
#1033 = DIRECTION ( 'NONE',  ( -0.000000000000000000, -0.000000000000000000, -1.000000000000000000 ) ) ;
#1034 = EDGE_LOOP ( 'NONE', ( #805, #911, #38, #1216 ) ) ;
#1035 = CARTESIAN_POINT ( 'NONE',  ( 38.00000000000000711, 12.25000000000000000, 2.000000000000000000 ) ) ;
#1036 = FACE_OUTER_BOUND ( 'NONE', #984, .T. ) ;
#1037 = ORIENTED_EDGE ( 'NONE', *, *, #297, .T. ) ;
#1038 = FACE_OUTER_BOUND ( 'NONE', #231, .T. ) ;
#1039 = CARTESIAN_POINT ( 'NONE',  ( -25.00000000000000000, 10.24999999999999822, 3.500000000000000000 ) ) ;
#1040 = DIRECTION ( 'NONE',  ( 1.000000000000000000, 0.000000000000000000, 0.000000000000000000 ) ) ;
#1041 = AXIS2_PLACEMENT_3D ( 'NONE', #21, #1304, #393 ) ;
#1042 = LINE ( 'NONE', #932, #1496 ) ;
#1043 = AXIS2_PLACEMENT_3D ( 'NONE', #1258, #1126, #1243 ) ;
#1044 = EDGE_LOOP ( 'NONE', ( #979, #27, #18, #1594, #1573, #295 ) ) ;
#1045 = CARTESIAN_POINT ( 'NONE',  ( 22.00000000000000355, 9.000000000000001776, 2.000000000000000000 ) ) ;
#1046 = VERTEX_POINT ( 'NONE', #558 ) ;
#1047 = FACE_BOUND ( 'NONE', #160, .T. ) ;
#1048 = ORIENTED_EDGE ( 'NONE', *, *, #833, .F. ) ;
#1049 = CARTESIAN_POINT ( 'NONE',  ( 45.00000000000000000, 0.000000000000000000, 2.000000000000000000 ) ) ;
#1050 = CARTESIAN_POINT ( 'NONE',  ( 38.00000000000000000, 7.000000000000000000, 0.000000000000000000 ) ) ;
#1051 = CARTESIAN_POINT ( 'NONE',  ( 0.000000000000000000, 0.000000000000000000, 3.500000000000000000 ) ) ;
#1052 = ORIENTED_EDGE ( 'NONE', *, *, #1204, .T. ) ;
#1053 = CIRCLE ( 'NONE', #315, 1.124999999999999556 ) ;
#1054 = EDGE_LOOP ( 'NONE', ( #1512, #1037, #176, #721 ) ) ;
#1055 = DIRECTION ( 'NONE',  ( -1.000000000000000000, 2.832201593431519754E-16, 0.000000000000000000 ) ) ;
#1056 = ORIENTED_EDGE ( 'NONE', *, *, #1098, .F. ) ;
#1057 = DIRECTION ( 'NONE',  ( 1.000000000000000000, 0.000000000000000000, 0.000000000000000000 ) ) ;
#1058 = LINE ( 'NONE', #916, #66 ) ;
#1059 = VECTOR ( 'NONE', #1365, 1000.000000000000000 ) ;
#1060 = VERTEX_POINT ( 'NONE', #545 ) ;
#1061 = CARTESIAN_POINT ( 'NONE',  ( -27.00000000000001066, 12.25000000000000000, 2.000000000000000000 ) ) ;
#1062 = CARTESIAN_POINT ( 'NONE',  ( 32.62500000000000000, 1.056257864264593019E-15, 2.000000000000000000 ) ) ;
#1063 = EDGE_CURVE ( 'NONE', #992, #693, #426, .T. ) ;
#1064 = ORIENTED_EDGE ( 'NONE', *, *, #895, .T. ) ;
#1065 = VECTOR ( 'NONE', #2, 1000.000000000000000 ) ;
#1066 = ORIENTED_EDGE ( 'NONE', *, *, #432, .F. ) ;
#1067 = VECTOR ( 'NONE', #800, 1000.000000000000000 ) ;
#1068 = DIRECTION ( 'NONE',  ( -0.000000000000000000, -0.000000000000000000, -1.000000000000000000 ) ) ;
#1069 = VERTEX_POINT ( 'NONE', #695 ) ;
#1070 = EDGE_CURVE ( 'NONE', #662, #915, #32, .T. ) ;
#1071 = LINE ( 'NONE', #1167, #976 ) ;
#1072 = ADVANCED_FACE ( 'NONE', ( #1205, #576, #1089, #1598, #1473, #1099, #40, #570, #566, #1318, #52, #1225 ), #1615, .F. ) ;
#1073 = CARTESIAN_POINT ( 'NONE',  ( 38.00000000000000711, -12.24999999999984368, 2.000000000000000000 ) ) ;
#1074 = DIRECTION ( 'NONE',  ( 0.000000000000000000, 0.000000000000000000, 1.000000000000000000 ) ) ;
#1075 = AXIS2_PLACEMENT_3D ( 'NONE', #827, #1451, #37 ) ;
#1076 = SURFACE_STYLE_FILL_AREA ( #1622 ) ;
#1077 = ORIENTED_EDGE ( 'NONE', *, *, #680, .T. ) ;
#1078 = EDGE_LOOP ( 'NONE', ( #1341, #389, #668, #1110 ) ) ;
#1079 = DIRECTION ( 'NONE',  ( -2.832201593431519754E-16, -1.000000000000000000, 0.000000000000000000 ) ) ;
#1080 = ORIENTED_EDGE ( 'NONE', *, *, #837, .F. ) ;
#1081 = DIRECTION ( 'NONE',  ( 0.000000000000000000, 0.000000000000000000, 1.000000000000000000 ) ) ;
#1082 = ORIENTED_EDGE ( 'NONE', *, *, #1490, .T. ) ;
#1083 = CARTESIAN_POINT ( 'NONE',  ( -27.00000000000001066, 12.25000000000000000, 0.000000000000000000 ) ) ;
#1084 = ADVANCED_FACE ( 'NONE', ( #679 ), #705, .F. ) ;
#1085 = EDGE_CURVE ( 'NONE', #1424, #1434, #1489, .T. ) ;
#1086 = DIRECTION ( 'NONE',  ( -1.000000000000000000, 0.000000000000000000, 0.000000000000000000 ) ) ;
#1087 = VECTOR ( 'NONE', #759, 1000.000000000000000 ) ;
#1088 = EDGE_LOOP ( 'NONE', ( #427, #292 ) ) ;
#1089 = FACE_BOUND ( 'NONE', #1298, .T. ) ;
#1090 = EDGE_LOOP ( 'NONE', ( #1475, #672, #1364, #1565 ) ) ;
#1091 = CYLINDRICAL_SURFACE ( 'NONE', #1118, 1.125000000000000888 ) ;
#1092 = ADVANCED_FACE ( 'NONE', ( #152 ), #1195, .T. ) ;
#1093 = ORIENTED_EDGE ( 'NONE', *, *, #1125, .F. ) ;
#1094 = LINE ( 'NONE', #312, #904 ) ;
#1095 = DIRECTION ( 'NONE',  ( -0.9999555431474632661, -0.009429301599897596184, 0.000000000000000000 ) ) ;
#1096 = VERTEX_POINT ( 'NONE', #1348 ) ;
#1097 = VECTOR ( 'NONE', #787, 1000.000000000000000 ) ;
#1098 = EDGE_CURVE ( 'NONE', #244, #1477, #1094, .T. ) ;
#1099 = FACE_BOUND ( 'NONE', #1200, .T. ) ;
#1100 = CIRCLE ( 'NONE', #738, 1.125000000000000888 ) ;
#1101 = CYLINDRICAL_SURFACE ( 'NONE', #1213, 1.625000000000001332 ) ;
#1102 = VECTOR ( 'NONE', #1528, 1000.000000000000000 ) ;
#1103 = ORIENTED_EDGE ( 'NONE', *, *, #1141, .T. ) ;
#1104 = LINE ( 'NONE', #732, #7 ) ;
#1105 = DIRECTION ( 'NONE',  ( 0.000000000000000000, 0.000000000000000000, 1.000000000000000000 ) ) ;
#1106 = LINE ( 'NONE', #1208, #490 ) ;
#1107 = ORIENTED_EDGE ( 'NONE', *, *, #523, .T. ) ;
#1108 = VECTOR ( 'NONE', #555, 1000.000000000000000 ) ;
#1109 = PLANE ( 'NONE',  #1309 ) ;
#1110 = ORIENTED_EDGE ( 'NONE', *, *, #313, .F. ) ;
#1111 = CYLINDRICAL_SURFACE ( 'NONE', #1331, 1.125000000000000888 ) ;
#1112 = CARTESIAN_POINT ( 'NONE',  ( -4.001411982654500932, -10.07084861910573537, 0.000000000000000000 ) ) ;
#1113 = AXIS2_PLACEMENT_3D ( 'NONE', #1466, #417, #46 ) ;
#1114 = FACE_OUTER_BOUND ( 'NONE', #110, .T. ) ;
#1115 = ORIENTED_EDGE ( 'NONE', *, *, #583, .F. ) ;
#1116 = CARTESIAN_POINT ( 'NONE',  ( -4.001411982654500932, -10.07084861910573537, 2.000000000000000000 ) ) ;
#1117 = CARTESIAN_POINT ( 'NONE',  ( -1.124999999999998224, -10.07084861910573537, 2.000000000000000000 ) ) ;
#1118 = AXIS2_PLACEMENT_3D ( 'NONE', #1226, #180, #578 ) ;
#1119 = EDGE_CURVE ( 'NONE', #415, #280, #171, .T. ) ;
#1120 = ORIENTED_EDGE ( 'NONE', *, *, #1204, .F. ) ;
#1121 = DIRECTION ( 'NONE',  ( -1.000000000000000000, 0.000000000000000000, 0.000000000000000000 ) ) ;
#1122 = CYLINDRICAL_SURFACE ( 'NONE', #1398, 10.00000000000000178 ) ;
#1123 = ORIENTED_EDGE ( 'NONE', *, *, #1609, .T. ) ;
#1124 = CARTESIAN_POINT ( 'NONE',  ( -22.99999999999999645, -10.25000000000000888, 0.000000000000000000 ) ) ;
#1125 = EDGE_CURVE ( 'NONE', #652, #1477, #441, .T. ) ;
#1126 = DIRECTION ( 'NONE',  ( -0.000000000000000000, -0.000000000000000000, -1.000000000000000000 ) ) ;
#1127 = VECTOR ( 'NONE', #665, 1000.000000000000000 ) ;
#1128 = EDGE_CURVE ( 'NONE', #1334, #216, #841, .T. ) ;
#1129 = EDGE_CURVE ( 'NONE', #826, #69, #183, .T. ) ;
#1130 = EDGE_CURVE ( 'NONE', #47, #1392, #948, .T. ) ;
#1131 = ORIENTED_EDGE ( 'NONE', *, *, #1358, .T. ) ;
#1132 = CARTESIAN_POINT ( 'NONE',  ( 38.00000000000000000, 0.000000000000000000, 2.000000000000000000 ) ) ;
#1133 = CARTESIAN_POINT ( 'NONE',  ( 5.500000000000005329, -12.24999999999993427, 2.000000000000000000 ) ) ;
#1134 = ORIENTED_EDGE ( 'NONE', *, *, #1063, .T. ) ;
#1135 = LINE ( 'NONE', #1644, #1180 ) ;
#1136 = LINE ( 'NONE', #1653, #1561 ) ;
#1137 = CIRCLE ( 'NONE', #550, 1.625000000000001332 ) ;
#1138 = ORIENTED_EDGE ( 'NONE', *, *, #908, .F. ) ;
#1139 = LINE ( 'NONE', #106, #1218 ) ;
#1140 = CARTESIAN_POINT ( 'NONE',  ( 38.00000000000000000, -7.000000000000000000, 2.000000000000000000 ) ) ;
#1141 = EDGE_CURVE ( 'NONE', #361, #604, #60, .T. ) ;
#1142 = EDGE_LOOP ( 'NONE', ( #254, #1350, #780, #301 ) ) ;
#1143 = LINE ( 'NONE', #353, #355 ) ;
#1144 = CARTESIAN_POINT ( 'NONE',  ( -27.00000000000000711, 8.250000000000000000, 0.000000000000000000 ) ) ;
#1145 = APPLICATION_PROTOCOL_DEFINITION ( 'draft international standard', 'automotive_design', 1998, #328 ) ;
#1146 = DIRECTION ( 'NONE',  ( 0.9999636128508992972, 0.008530707718392833289, -0.000000000000000000 ) ) ;
#1147 = ORIENTED_EDGE ( 'NONE', *, *, #1486, .T. ) ;
#1148 = DIRECTION ( 'NONE',  ( 1.000000000000000000, 0.000000000000000000, 0.000000000000000000 ) ) ;
#1149 = DIRECTION ( 'NONE',  ( -0.000000000000000000, 0.000000000000000000, -1.000000000000000000 ) ) ;
#1150 = ORIENTED_EDGE ( 'NONE', *, *, #179, .T. ) ;
#1151 = DIRECTION ( 'NONE',  ( -1.000000000000000000, 0.000000000000000000, 0.000000000000000000 ) ) ;
#1152 = LINE ( 'NONE', #1548, #440 ) ;
#1153 = LINE ( 'NONE', #635, #186 ) ;
#1154 = PLANE ( 'NONE',  #458 ) ;
#1155 = DIRECTION ( 'NONE',  ( -1.000000000000000000, 0.000000000000000000, -0.000000000000000000 ) ) ;
#1156 = VERTEX_POINT ( 'NONE', #1337 ) ;
#1157 = CARTESIAN_POINT ( 'NONE',  ( -23.00000000000000711, 8.250000000000000000, 2.000000000000000000 ) ) ;
#1158 = CARTESIAN_POINT ( 'NONE',  ( 1.301042606982605321E-15, 10.42915138089425753, 3.500000000000000000 ) ) ;
#1159 = ORIENTED_EDGE ( 'NONE', *, *, #1551, .T. ) ;
#1160 = DIRECTION ( 'NONE',  ( -1.000000000000000000, 0.000000000000000000, 0.000000000000000000 ) ) ;
#1161 = DIRECTION ( 'NONE',  ( -1.000000000000000000, -0.000000000000000000, -0.000000000000000000 ) ) ;
#1162 = LINE ( 'NONE', #1445, #1067 ) ;
#1163 = DIRECTION ( 'NONE',  ( 0.000000000000000000, -0.000000000000000000, 1.000000000000000000 ) ) ;
#1164 = ORIENTED_EDGE ( 'NONE', *, *, #1305, .F. ) ;
#1165 = DIRECTION ( 'NONE',  ( -0.000000000000000000, -0.000000000000000000, -1.000000000000000000 ) ) ;
#1166 = ORIENTED_EDGE ( 'NONE', *, *, #1305, .T. ) ;
#1167 = CARTESIAN_POINT ( 'NONE',  ( -2.000000000000000000, -10.07084861910573537, 3.500000000000000000 ) ) ;
#1168 = EDGE_LOOP ( 'NONE', ( #728, #834, #734, #147, #767, #45 ) ) ;
#1169 = DIRECTION ( 'NONE',  ( 0.000000000000000000, 0.000000000000000000, 1.000000000000000000 ) ) ;
#1170 = CARTESIAN_POINT ( 'NONE',  ( 14.00000000000000178, 9.000000000000001776, 2.000000000000000000 ) ) ;
#1171 = DIRECTION ( 'NONE',  ( 1.000000000000000000, 0.000000000000000000, 0.000000000000000000 ) ) ;
#1172 = CIRCLE ( 'NONE', #577, 1.625000000000001332 ) ;
#1173 = DIRECTION ( 'NONE',  ( -0.000000000000000000, -0.000000000000000000, -1.000000000000000000 ) ) ;
#1174 = ORIENTED_EDGE ( 'NONE', *, *, #334, .F. ) ;
#1175 = CIRCLE ( 'NONE', #1342, 1.125000000000000888 ) ;
#1176 = ORIENTED_EDGE ( 'NONE', *, *, #680, .F. ) ;
#1177 = CARTESIAN_POINT ( 'NONE',  ( -26.99999999999999289, -8.250000000000010658, 3.500000000000000000 ) ) ;
#1178 = VERTEX_POINT ( 'NONE', #1214 ) ;
#1179 = CARTESIAN_POINT ( 'NONE',  ( 38.00000000000000000, -10.00000000000000000, 0.000000000000000000 ) ) ;
#1180 = VECTOR ( 'NONE', #744, 1000.000000000000000 ) ;
#1181 = ORIENTED_EDGE ( 'NONE', *, *, #1502, .F. ) ;
#1182 = CARTESIAN_POINT ( 'NONE',  ( -26.12500000000000355, 10.24999999999999822, 3.500000000000000000 ) ) ;
#1183 = ORIENTED_EDGE ( 'NONE', *, *, #611, .T. ) ;
#1184 = ADVANCED_FACE ( 'NONE', ( #307 ), #832, .F. ) ;
#1185 = DIRECTION ( 'NONE',  ( 0.9999555431474632661, 0.009429301599897594449, 0.000000000000000000 ) ) ;
#1186 = EDGE_CURVE ( 'NONE', #198, #534, #701, .T. ) ;
#1187 = CARTESIAN_POINT ( 'NONE',  ( -2.000000000000000000, 10.42915138089425753, 3.500000000000000000 ) ) ;
#1188 = EDGE_CURVE ( 'NONE', #681, #553, #1650, .T. ) ;
#1189 = ORIENTED_EDGE ( 'NONE', *, *, #962, .T. ) ;
#1190 = VECTOR ( 'NONE', #1255, 1000.000000000000000 ) ;
#1191 = VERTEX_POINT ( 'NONE', #512 ) ;
#1192 = CARTESIAN_POINT ( 'NONE',  ( -2.000000000000000000, 10.42915138089425753, 2.000000000000000000 ) ) ;
#1193 = VERTEX_POINT ( 'NONE', #1593 ) ;
#1194 = CARTESIAN_POINT ( 'NONE',  ( -22.99999999999999289, -8.250000000000008882, 3.500000000000000000 ) ) ;
#1195 = PLANE ( 'NONE',  #323 ) ;
#1196 = VECTOR ( 'NONE', #692, 1000.000000000000000 ) ;
#1197 = DIRECTION ( 'NONE',  ( 0.000000000000000000, 0.000000000000000000, 1.000000000000000000 ) ) ;
#1198 = CARTESIAN_POINT ( 'NONE',  ( -24.99999999999999289, -10.25000000000000178, 2.000000000000000000 ) ) ;
#1199 = ORIENTED_EDGE ( 'NONE', *, *, #1508, .F. ) ;
#1200 = EDGE_LOOP ( 'NONE', ( #1159, #1372 ) ) ;
#1201 = DIRECTION ( 'NONE',  ( 0.000000000000000000, -0.000000000000000000, -1.000000000000000000 ) ) ;
#1202 = ORIENTED_EDGE ( 'NONE', *, *, #1500, .T. ) ;
#1203 = DIRECTION ( 'NONE',  ( 0.000000000000000000, 0.000000000000000000, 1.000000000000000000 ) ) ;
#1204 = EDGE_CURVE ( 'NONE', #1470, #652, #247, .T. ) ;
#1205 = FACE_BOUND ( 'NONE', #1088, .T. ) ;
#1206 = ADVANCED_FACE ( 'NONE', ( #132 ), #1295, .F. ) ;
#1207 = ORIENTED_EDGE ( 'NONE', *, *, #778, .T. ) ;
#1208 = CARTESIAN_POINT ( 'NONE',  ( -27.00000000000001066, 12.25000000000000000, 2.000000000000000000 ) ) ;
#1209 = CIRCLE ( 'NONE', #1340, 1.124999999999997558 ) ;
#1210 = DIRECTION ( 'NONE',  ( -1.000000000000000000, 0.000000000000000000, 0.000000000000000000 ) ) ;
#1211 = EDGE_CURVE ( 'NONE', #412, #872, #1352, .T. ) ;
#1212 = ORIENTED_EDGE ( 'NONE', *, *, #1130, .T. ) ;
#1213 = AXIS2_PLACEMENT_3D ( 'NONE', #1499, #167, #959 ) ;
#1214 = CARTESIAN_POINT ( 'NONE',  ( -2.000000000000000000, 10.42915138089425753, 3.500000000000000000 ) ) ;
#1215 = EDGE_CURVE ( 'NONE', #1485, #129, #1519, .T. ) ;
#1216 = ORIENTED_EDGE ( 'NONE', *, *, #1128, .F. ) ;
#1217 = DIRECTION ( 'NONE',  ( -0.000000000000000000, -0.000000000000000000, -1.000000000000000000 ) ) ;
#1218 = VECTOR ( 'NONE', #17, 1000.000000000000000 ) ;
#1219 = EDGE_LOOP ( 'NONE', ( #173, #1681 ) ) ;
#1220 = CARTESIAN_POINT ( 'NONE',  ( -26.12499999999999645, -10.25000000000000178, 2.000000000000000000 ) ) ;
#1221 = CARTESIAN_POINT ( 'NONE',  ( -2.000000000000000000, -10.07084861910573537, 2.000000000000000000 ) ) ;
#1222 = ORIENTED_EDGE ( 'NONE', *, *, #674, .T. ) ;
#1223 = VECTOR ( 'NONE', #390, 1000.000000000000000 ) ;
#1224 = AXIS2_PLACEMENT_3D ( 'NONE', #1050, #670, #1040 ) ;
#1225 = FACE_BOUND ( 'NONE', #1290, .T. ) ;
#1226 = CARTESIAN_POINT ( 'NONE',  ( -24.99999999999999289, -10.25000000000000178, 2.000000000000000000 ) ) ;
#1227 = ORIENTED_EDGE ( 'NONE', *, *, #769, .F. ) ;
#1228 = PLANE ( 'NONE',  #62 ) ;
#1229 = CIRCLE ( 'NONE', #193, 1.124999999999997558 ) ;
#1230 = DIRECTION ( 'NONE',  ( -0.000000000000000000, -0.000000000000000000, -1.000000000000000000 ) ) ;
#1231 = LINE ( 'NONE', #68, #1460 ) ;
#1232 = ORIENTED_EDGE ( 'NONE', *, *, #1553, .F. ) ;
#1233 = EDGE_CURVE ( 'NONE', #69, #244, #270, .T. ) ;
#1234 = DIRECTION ( 'NONE',  ( 1.000000000000000000, 0.000000000000000000, 0.000000000000000000 ) ) ;
#1235 = ORIENTED_EDGE ( 'NONE', *, *, #591, .F. ) ;
#1236 = CARTESIAN_POINT ( 'NONE',  ( 14.00000000000000178, -9.000000000000000000, 0.000000000000000000 ) ) ;
#1237 = CARTESIAN_POINT ( 'NONE',  ( -24.99999999999999289, -10.25000000000000178, 0.000000000000000000 ) ) ;
#1238 = DIRECTION ( 'NONE',  ( 0.000000000000000000, -0.000000000000000000, -1.000000000000000000 ) ) ;
#1239 = ADVANCED_FACE ( 'NONE', ( #823 ), #1456, .F. ) ;
#1240 = ORIENTED_EDGE ( 'NONE', *, *, #527, .T. ) ;
#1241 = CARTESIAN_POINT ( 'NONE',  ( -1.124999999999998224, -10.07084861910573537, 0.000000000000000000 ) ) ;
#1242 = EDGE_CURVE ( 'NONE', #992, #543, #905, .T. ) ;
#1243 = DIRECTION ( 'NONE',  ( -1.000000000000000000, 0.000000000000000000, 0.000000000000000000 ) ) ;
#1244 = PLANE ( 'NONE',  #442 ) ;
#1245 = VECTOR ( 'NONE', #189, 1000.000000000000000 ) ;
#1246 = DIRECTION ( 'NONE',  ( 1.000000000000000000, 0.000000000000000000, -0.000000000000000000 ) ) ;
#1247 = EDGE_CURVE ( 'NONE', #1505, #1463, #58, .T. ) ;
#1248 = EDGE_LOOP ( 'NONE', ( #205, #1077, #377, #620 ) ) ;
#1249 = CARTESIAN_POINT ( 'NONE',  ( 1.125000000000001998, 10.42915138089425753, 3.500000000000000000 ) ) ;
#1250 = DIRECTION ( 'NONE',  ( -0.9999555431474632661, -0.009429301599897596184, 0.000000000000000000 ) ) ;
#1251 = EDGE_CURVE ( 'NONE', #1678, #1297, #1468, .T. ) ;
#1252 = CIRCLE ( 'NONE', #521, 1.124999999999999556 ) ;
#1253 = ORIENTED_EDGE ( 'NONE', *, *, #1251, .T. ) ;
#1254 = CARTESIAN_POINT ( 'NONE',  ( 5.500000000000005329, 12.25000000000000178, 3.500000000000000000 ) ) ;
#1255 = DIRECTION ( 'NONE',  ( -1.000000000000000000, -5.337610695313250275E-17, -0.000000000000000000 ) ) ;
#1256 = ORIENTED_EDGE ( 'NONE', *, *, #1141, .F. ) ;
#1257 = CARTESIAN_POINT ( 'NONE',  ( -2.000000000000000000, -10.07084861910573537, 3.500000000000000000 ) ) ;
#1258 = CARTESIAN_POINT ( 'NONE',  ( 1.301042606982605321E-15, -10.07084861910573537, 2.000000000000000000 ) ) ;
#1259 = CIRCLE ( 'NONE', #536, 1.124999999999999556 ) ;
#1260 = ADVANCED_FACE ( 'NONE', ( #1549 ), #293, .F. ) ;
#1261 = AXIS2_PLACEMENT_3D ( 'NONE', #815, #1636, #1498 ) ;
#1262 = VERTEX_POINT ( 'NONE', #776 ) ;
#1263 = CARTESIAN_POINT ( 'NONE',  ( 34.49999999999999289, 0.000000000000000000, 2.000000000000000000 ) ) ;
#1264 = CARTESIAN_POINT ( 'NONE',  ( -27.00000000000001066, 12.25000000000000000, 3.500000000000000000 ) ) ;
#1265 = ORIENTED_EDGE ( 'NONE', *, *, #969, .F. ) ;
#1266 = LINE ( 'NONE', #642, #1102 ) ;
#1267 = CARTESIAN_POINT ( 'NONE',  ( -25.00000000000000000, 10.24999999999999822, 0.000000000000000000 ) ) ;
#1268 = VECTOR ( 'NONE', #1458, 1000.000000000000000 ) ;
#1269 = VECTOR ( 'NONE', #1286, 1000.000000000000000 ) ;
#1270 = LINE ( 'NONE', #1187, #1446 ) ;
#1271 = EDGE_LOOP ( 'NONE', ( #807, #829, #509, #26 ) ) ;
#1272 = DIRECTION ( 'NONE',  ( 0.000000000000000000, 0.000000000000000000, 1.000000000000000000 ) ) ;
#1273 = VECTOR ( 'NONE', #170, 1000.000000000000000 ) ;
#1274 = LINE ( 'NONE', #213, #702 ) ;
#1275 = EDGE_LOOP ( 'NONE', ( #581, #946, #425, #265 ) ) ;
#1276 = DIRECTION ( 'NONE',  ( -0.000000000000000000, -0.000000000000000000, -1.000000000000000000 ) ) ;
#1277 = CYLINDRICAL_SURFACE ( 'NONE', #1655, 1.124999999999999556 ) ;
#1278 = CARTESIAN_POINT ( 'NONE',  ( 22.00000000000000355, -9.000000000000000000, 2.000000000000000000 ) ) ;
#1279 = ORIENTED_EDGE ( 'NONE', *, *, #1609, .F. ) ;
#1280 = LINE ( 'NONE', #1393, #470 ) ;
#1281 = CARTESIAN_POINT ( 'NONE',  ( 38.00000000000000000, -10.00000000000000000, 2.000000000000000000 ) ) ;
#1282 = ORIENTED_EDGE ( 'NONE', *, *, #215, .T. ) ;
#1283 = CARTESIAN_POINT ( 'NONE',  ( -26.99999999999999645, -12.25000000000002487, 3.500000000000000000 ) ) ;
#1284 = AXIS2_PLACEMENT_3D ( 'NONE', #1620, #856, #1234 ) ;
#1285 = FACE_OUTER_BOUND ( 'NONE', #138, .T. ) ;
#1286 = DIRECTION ( 'NONE',  ( 1.734723475976807094E-15, 1.000000000000000000, -0.000000000000000000 ) ) ;
#1287 = FACE_OUTER_BOUND ( 'NONE', #615, .T. ) ;
#1288 = ORIENTED_EDGE ( 'NONE', *, *, #178, .T. ) ;
#1289 = DIRECTION ( 'NONE',  ( -0.000000000000000000, -0.000000000000000000, -1.000000000000000000 ) ) ;
#1290 = EDGE_LOOP ( 'NONE', ( #1533, #1202 ) ) ;
#1291 = FACE_BOUND ( 'NONE', #445, .T. ) ;
#1292 = VERTEX_POINT ( 'NONE', #10 ) ;
#1293 = PLANE ( 'NONE',  #804 ) ;
#1294 = DIRECTION ( 'NONE',  ( -0.000000000000000000, -0.000000000000000000, -1.000000000000000000 ) ) ;
#1295 = PLANE ( 'NONE',  #99 ) ;
#1296 = CARTESIAN_POINT ( 'NONE',  ( 22.00000000000000355, 9.000000000000001776, 0.000000000000000000 ) ) ;
#1297 = VERTEX_POINT ( 'NONE', #1415 ) ;
#1298 = EDGE_LOOP ( 'NONE', ( #100, #308 ) ) ;
#1299 = CARTESIAN_POINT ( 'NONE',  ( -1.124999999999998224, 10.42915138089425753, 0.000000000000000000 ) ) ;
#1300 = ORIENTED_EDGE ( 'NONE', *, *, #1613, .F. ) ;
#1301 = LINE ( 'NONE', #914, #181 ) ;
#1302 = EDGE_CURVE ( 'NONE', #424, #913, #931, .T. ) ;
#1303 = ORIENTED_EDGE ( 'NONE', *, *, #710, .F. ) ;
#1304 = DIRECTION ( 'NONE',  ( 0.000000000000000000, 0.000000000000000000, 1.000000000000000000 ) ) ;
#1305 = EDGE_CURVE ( 'NONE', #249, #225, #1153, .T. ) ;
#1306 = ORIENTED_EDGE ( 'NONE', *, *, #1004, .T. ) ;
#1307 = EDGE_CURVE ( 'NONE', #1311, #1193, #1162, .T. ) ;
#1308 = CARTESIAN_POINT ( 'NONE',  ( -4.001411982654500932, -10.07084861910573537, 2.000000000000000000 ) ) ;
#1309 = AXIS2_PLACEMENT_3D ( 'NONE', #457, #1383, #1504 ) ;
#1310 = LINE ( 'NONE', #373, #1065 ) ;
#1311 = VERTEX_POINT ( 'NONE', #1581 ) ;
#1312 = AXIS2_PLACEMENT_3D ( 'NONE', #184, #845, #573 ) ;
#1313 = ORIENTED_EDGE ( 'NONE', *, *, #1502, .T. ) ;
#1314 = DIRECTION ( 'NONE',  ( 0.000000000000000000, -1.000000000000000000, 0.000000000000000000 ) ) ;
#1315 = VERTEX_POINT ( 'NONE', #503 ) ;
#1316 = DIRECTION ( 'NONE',  ( -0.000000000000000000, -1.000000000000000000, -0.000000000000000000 ) ) ;
#1317 = AXIS2_PLACEMENT_3D ( 'NONE', #217, #89, #774 ) ;
#1318 = FACE_BOUND ( 'NONE', #182, .T. ) ;
#1319 = LINE ( 'NONE', #1558, #286 ) ;
#1320 = ORIENTED_EDGE ( 'NONE', *, *, #726, .T. ) ;
#1321 = CARTESIAN_POINT ( 'NONE',  ( 45.00000000000000000, 0.000000000000000000, 2.000000000000000000 ) ) ;
#1322 = CARTESIAN_POINT ( 'NONE',  ( -27.00000000000001066, 12.25000000000000000, 3.500000000000000000 ) ) ;
#1323 = ORIENTED_EDGE ( 'NONE', *, *, #1098, .T. ) ;
#1324 = ADVANCED_FACE ( 'NONE', ( #1685 ), #918, .F. ) ;
#1325 = ORIENTED_EDGE ( 'NONE', *, *, #579, .T. ) ;
#1326 = EDGE_CURVE ( 'NONE', #739, #1635, #23, .T. ) ;
#1327 = DIRECTION ( 'NONE',  ( -0.000000000000000000, -0.000000000000000000, -1.000000000000000000 ) ) ;
#1328 = ORIENTED_EDGE ( 'NONE', *, *, #463, .F. ) ;
#1329 = DIRECTION ( 'NONE',  ( 1.000000000000000000, 0.000000000000000000, -0.000000000000000000 ) ) ;
#1330 = DIRECTION ( 'NONE',  ( 1.000000000000000000, 0.000000000000000000, 0.000000000000000000 ) ) ;
#1331 = AXIS2_PLACEMENT_3D ( 'NONE', #1198, #157, #1086 ) ;
#1332 = DIRECTION ( 'NONE',  ( 0.000000000000000000, -1.000000000000000000, 0.000000000000000000 ) ) ;
#1333 = CARTESIAN_POINT ( 'NONE',  ( 14.00000000000000178, 9.000000000000001776, 0.000000000000000000 ) ) ;
#1334 = VERTEX_POINT ( 'NONE', #587 ) ;
#1335 = DIRECTION ( 'NONE',  ( -0.000000000000000000, -0.000000000000000000, -1.000000000000000000 ) ) ;
#1336 = ADVANCED_FACE ( 'NONE', ( #1339 ), #61, .F. ) ;
#1337 = CARTESIAN_POINT ( 'NONE',  ( -1.124999999999999556, 10.42915138089425753, 3.500000000000000000 ) ) ;
#1338 = ORIENTED_EDGE ( 'NONE', *, *, #523, .F. ) ;
#1339 = FACE_OUTER_BOUND ( 'NONE', #519, .T. ) ;
#1340 = AXIS2_PLACEMENT_3D ( 'NONE', #1462, #955, #675 ) ;
#1341 = ORIENTED_EDGE ( 'NONE', *, *, #356, .F. ) ;
#1342 = AXIS2_PLACEMENT_3D ( 'NONE', #1267, #478, #462 ) ;
#1343 = DIRECTION ( 'NONE',  ( -0.000000000000000000, -0.000000000000000000, -1.000000000000000000 ) ) ;
#1344 = ORIENTED_EDGE ( 'NONE', *, *, #1006, .F. ) ;
#1345 = DIRECTION ( 'NONE',  ( -0.000000000000000000, -0.000000000000000000, -1.000000000000000000 ) ) ;
#1346 = ORIENTED_EDGE ( 'NONE', *, *, #16, .T. ) ;
#1347 = VECTOR ( 'NONE', #606, 1000.000000000000000 ) ;
#1348 = CARTESIAN_POINT ( 'NONE',  ( -26.99999999999999645, -12.25000000000002487, 0.000000000000000000 ) ) ;
#1349 = DIRECTION ( 'NONE',  ( -1.000000000000000000, -0.000000000000000000, -0.000000000000000000 ) ) ;
#1350 = ORIENTED_EDGE ( 'NONE', *, *, #656, .T. ) ;
#1351 = CIRCLE ( 'NONE', #267, 1.124999999999999556 ) ;
#1352 = CIRCLE ( 'NONE', #407, 1.625000000000001332 ) ;
#1353 = CARTESIAN_POINT ( 'NONE',  ( 36.37500000000000000, -7.000000000000000000, 2.000000000000000000 ) ) ;
#1354 = APPLICATION_CONTEXT ( 'automotive_design' ) ;
#1355 = EDGE_CURVE ( 'NONE', #1503, #1527, #572, .T. ) ;
#1356 = CARTESIAN_POINT ( 'NONE',  ( 38.00000000000000711, -12.24999999999984368, 2.000000000000000000 ) ) ;
#1357 = DIRECTION ( 'NONE',  ( 0.000000000000000000, 0.000000000000000000, 1.000000000000000000 ) ) ;
#1358 = EDGE_CURVE ( 'NONE', #500, #198, #1106, .T. ) ;
#1359 = EDGE_CURVE ( 'NONE', #1262, #1437, #421, .T. ) ;
#1360 = VECTOR ( 'NONE', #1476, 1000.000000000000114 ) ;
#1361 = ORIENTED_EDGE ( 'NONE', *, *, #1129, .F. ) ;
#1362 = CARTESIAN_POINT ( 'NONE',  ( 38.00000000000000000, 0.000000000000000000, 2.000000000000000000 ) ) ;
#1363 = VECTOR ( 'NONE', #1349, 1000.000000000000000 ) ;
#1364 = ORIENTED_EDGE ( 'NONE', *, *, #1070, .F. ) ;
#1365 = DIRECTION ( 'NONE',  ( -0.000000000000000000, -0.000000000000000000, -1.000000000000000000 ) ) ;
#1366 = DIRECTION ( 'NONE',  ( 1.000000000000000000, 0.000000000000000000, 0.000000000000000000 ) ) ;
#1367 = ORIENTED_EDGE ( 'NONE', *, *, #977, .F. ) ;
#1368 = VECTOR ( 'NONE', #1015, 1000.000000000000000 ) ;
#1369 = ADVANCED_FACE ( 'NONE', ( #1605 ), #836, .F. ) ;
#1370 = EDGE_CURVE ( 'NONE', #1434, #1470, #830, .T. ) ;
#1371 = DIRECTION ( 'NONE',  ( 0.000000000000000000, -1.000000000000000000, 0.000000000000000000 ) ) ;
#1372 = ORIENTED_EDGE ( 'NONE', *, *, #313, .T. ) ;
#1373 = DIRECTION ( 'NONE',  ( -0.000000000000000000, -0.000000000000000000, -1.000000000000000000 ) ) ;
#1374 = CARTESIAN_POINT ( 'NONE',  ( -22.99999999999999289, -8.250000000000008882, 0.000000000000000000 ) ) ;
#1375 = ADVANCED_FACE ( 'NONE', ( #978 ), #53, .F. ) ;
#1376 = EDGE_CURVE ( 'NONE', #1503, #129, #698, .T. ) ;
#1377 = LINE ( 'NONE', #203, #737 ) ;
#1378 = CARTESIAN_POINT ( 'NONE',  ( 22.00000000000000355, 5.000000000000000000, 0.000000000000000000 ) ) ;
#1379 = ORIENTED_EDGE ( 'NONE', *, *, #895, .F. ) ;
#1380 = CARTESIAN_POINT ( 'NONE',  ( -2.000000000000000000, 10.42915138089425753, 0.000000000000000000 ) ) ;
#1381 = CARTESIAN_POINT ( 'NONE',  ( -23.87500000000000000, 10.24999999999999822, 0.000000000000000000 ) ) ;
#1382 = ORIENTED_EDGE ( 'NONE', *, *, #1674, .F. ) ;
#1383 = DIRECTION ( 'NONE',  ( -1.000000000000000000, 3.083952846180990083E-15, 0.000000000000000000 ) ) ;
#1384 = AXIS2_PLACEMENT_3D ( 'NONE', #1049, #1454, #278 ) ;
#1385 = CARTESIAN_POINT ( 'NONE',  ( -22.99999999999999645, -10.25000000000000888, 3.500000000000000000 ) ) ;
#1386 = ORIENTED_EDGE ( 'NONE', *, *, #1021, .T. ) ;
#1387 = LINE ( 'NONE', #486, #446 ) ;
#1388 = CARTESIAN_POINT ( 'NONE',  ( 36.37500000000000000, 7.000000000000000000, 2.000000000000000000 ) ) ;
#1389 = VECTOR ( 'NONE', #1095, 1000.000000000000114 ) ;
#1390 = EDGE_CURVE ( 'NONE', #604, #198, #455, .T. ) ;
#1391 = AXIS2_PLACEMENT_3D ( 'NONE', #477, #1019, #884 ) ;
#1392 = VERTEX_POINT ( 'NONE', #983 ) ;
#1393 = CARTESIAN_POINT ( 'NONE',  ( -27.00000000000000711, 8.250000000000000000, 3.500000000000000000 ) ) ;
#1394 = CARTESIAN_POINT ( 'NONE',  ( 22.00000000000000355, 9.000000000000001776, 0.000000000000000000 ) ) ;
#1395 = ORIENTED_EDGE ( 'NONE', *, *, #95, .T. ) ;
#1396 = LINE ( 'NONE', #752, #880 ) ;
#1397 = DIRECTION ( 'NONE',  ( 0.000000000000000000, 0.000000000000000000, 1.000000000000000000 ) ) ;
#1398 = AXIS2_PLACEMENT_3D ( 'NONE', #224, #742, #750 ) ;
#1399 =( LENGTH_UNIT ( ) NAMED_UNIT ( * ) SI_UNIT ( .MILLI., .METRE. ) );
#1400 = AXIS2_PLACEMENT_3D ( 'NONE', #330, #1210, #564 ) ;
#1401 = ORIENTED_EDGE ( 'NONE', *, *, #583, .T. ) ;
#1402 = CARTESIAN_POINT ( 'NONE',  ( 38.00000000000000000, 0.000000000000000000, 0.000000000000000000 ) ) ;
#1403 = DIRECTION ( 'NONE',  ( 3.083952846181203865E-15, -1.000000000000000000, 0.000000000000000000 ) ) ;
#1404 = VERTEX_POINT ( 'NONE', #709 ) ;
#1405 = DIRECTION ( 'NONE',  ( 1.000000000000000000, 0.000000000000000000, 0.000000000000000000 ) ) ;
#1406 = DIRECTION ( 'NONE',  ( 0.000000000000000000, -0.000000000000000000, 1.000000000000000000 ) ) ;
#1407 = PLANE ( 'NONE',  #849 ) ;
#1408 = VERTEX_POINT ( 'NONE', #191 ) ;
#1409 = CARTESIAN_POINT ( 'NONE',  ( -4.001411982654504484, 10.42915138089425753, 0.000000000000000000 ) ) ;
#1410 = AXIS2_PLACEMENT_3D ( 'NONE', #687, #1314, #1201 ) ;
#1411 = EDGE_LOOP ( 'NONE', ( #71, #974, #1599, #358 ) ) ;
#1412 = ORIENTED_EDGE ( 'NONE', *, *, #1509, .F. ) ;
#1413 = PLANE ( 'NONE',  #1317 ) ;
#1414 = DIRECTION ( 'NONE',  ( 0.000000000000000000, 0.000000000000000000, 1.000000000000000000 ) ) ;
#1415 = CARTESIAN_POINT ( 'NONE',  ( -4.001411982654504484, 10.42915138089425753, 2.000000000000000000 ) ) ;
#1416 = DIRECTION ( 'NONE',  ( 4.336808689942017736E-16, -1.000000000000000000, 0.000000000000000000 ) ) ;
#1417 = VECTOR ( 'NONE', #594, 1000.000000000000000 ) ;
#1418 = DIRECTION ( 'NONE',  ( 0.000000000000000000, 0.000000000000000000, 1.000000000000000000 ) ) ;
#1419 = EDGE_LOOP ( 'NONE', ( #161, #751, #901, #1107 ) ) ;
#1420 = CYLINDRICAL_SURFACE ( 'NONE', #1426, 1.625000000000001332 ) ;
#1421 = ORIENTED_EDGE ( 'NONE', *, *, #962, .F. ) ;
#1422 = DIRECTION ( 'NONE',  ( 1.000000000000000000, 0.000000000000000000, 0.000000000000000000 ) ) ;
#1423 = EDGE_CURVE ( 'NONE', #1096, #272, #691, .T. ) ;
#1424 = VERTEX_POINT ( 'NONE', #1221 ) ;
#1425 = CARTESIAN_POINT ( 'NONE',  ( 32.62500000000000000, 1.056257864264593414E-15, 2.000000000000000000 ) ) ;
#1426 = AXIS2_PLACEMENT_3D ( 'NONE', #251, #1289, #4 ) ;
#1427 = FACE_OUTER_BOUND ( 'NONE', #369, .T. ) ;
#1428 = PRODUCT_DEFINITION_SHAPE ( 'NONE', 'NONE',  #158 ) ;
#1429 = DIRECTION ( 'NONE',  ( 0.009429301599897594449, -0.9999555431474632661, 0.000000000000000000 ) ) ;
#1430 = CARTESIAN_POINT ( 'NONE',  ( -23.00000000000000711, 10.25000000000000000, 2.000000000000000000 ) ) ;
#1431 = ADVANCED_FACE ( 'NONE', ( #966 ), #1091, .F. ) ;
#1432 = CARTESIAN_POINT ( 'NONE',  ( -23.00000000000000711, 10.25000000000000000, 3.500000000000000000 ) ) ;
#1433 = ADVANCED_FACE ( 'NONE', ( #1478 ), #1101, .F. ) ;
#1434 = VERTEX_POINT ( 'NONE', #1493 ) ;
#1435 = ORIENTED_EDGE ( 'NONE', *, *, #1359, .F. ) ;
#1436 = FACE_OUTER_BOUND ( 'NONE', #154, .T. ) ;
#1437 = VERTEX_POINT ( 'NONE', #852 ) ;
#1438 = EDGE_CURVE ( 'NONE', #1592, #1463, #43, .T. ) ;
#1439 = EDGE_CURVE ( 'NONE', #819, #1096, #1231, .T. ) ;
#1440 = CARTESIAN_POINT ( 'NONE',  ( -27.00000000000001066, 12.25000000000000000, 0.000000000000000000 ) ) ;
#1441 = EDGE_CURVE ( 'NONE', #216, #1292, #580, .T. ) ;
#1442 = ORIENTED_EDGE ( 'NONE', *, *, #839, .F. ) ;
#1443 = DIRECTION ( 'NONE',  ( -1.000000000000000000, -0.000000000000000000, -0.000000000000000000 ) ) ;
#1444 = EDGE_LOOP ( 'NONE', ( #704, #1014 ) ) ;
#1445 = CARTESIAN_POINT ( 'NONE',  ( 14.00000000000000178, -4.999999999999999112, 0.000000000000000000 ) ) ;
#1446 = VECTOR ( 'NONE', #1146, 1000.000000000000114 ) ;
#1447 = AXIS2_PLACEMENT_3D ( 'NONE', #972, #448, #174 ) ;
#1448 = DIRECTION ( 'NONE',  ( 1.000000000000000000, 0.000000000000000000, 0.000000000000000000 ) ) ;
#1449 = ORIENTED_EDGE ( 'NONE', *, *, #1129, .T. ) ;
#1450 = ORIENTED_EDGE ( 'NONE', *, *, #172, .T. ) ;
#1451 = DIRECTION ( 'NONE',  ( 0.000000000000000000, 0.000000000000000000, 1.000000000000000000 ) ) ;
#1452 = EDGE_LOOP ( 'NONE', ( #1379, #188, #1150, #299 ) ) ;
#1453 = CARTESIAN_POINT ( 'NONE',  ( 1.301042606982605321E-15, -10.07084861910573537, 3.500000000000000000 ) ) ;
#1454 = DIRECTION ( 'NONE',  ( -0.000000000000000000, -0.000000000000000000, -1.000000000000000000 ) ) ;
#1455 = EDGE_LOOP ( 'NONE', ( #1602, #817 ) ) ;
#1456 = CYLINDRICAL_SURFACE ( 'NONE', #268, 1.125000000000000888 ) ;
#1457 = ADVANCED_FACE ( 'NONE', ( #1474 ), #303, .F. ) ;
#1458 = DIRECTION ( 'NONE',  ( -0.000000000000000000, -0.000000000000000000, -1.000000000000000000 ) ) ;
#1459 = EDGE_LOOP ( 'NONE', ( #260, #273 ) ) ;
#1460 = VECTOR ( 'NONE', #563, 1000.000000000000000 ) ;
#1461 = ORIENTED_EDGE ( 'NONE', *, *, #527, .F. ) ;
#1462 = CARTESIAN_POINT ( 'NONE',  ( -24.99999999999999289, -10.25000000000000178, 3.500000000000000000 ) ) ;
#1463 = VERTEX_POINT ( 'NONE', #218 ) ;
#1464 = FACE_BOUND ( 'NONE', #506, .T. ) ;
#1465 = AXIS2_PLACEMENT_3D ( 'NONE', #940, #1169, #153 ) ;
#1466 = CARTESIAN_POINT ( 'NONE',  ( -22.99999999999999289, -8.250000000000008882, 2.000000000000000000 ) ) ;
#1467 = ORIENTED_EDGE ( 'NONE', *, *, #396, .F. ) ;
#1468 = LINE ( 'NONE', #122, #619 ) ;
#1469 = ORIENTED_EDGE ( 'NONE', *, *, #215, .F. ) ;
#1470 = VERTEX_POINT ( 'NONE', #83 ) ;
#1471 = DIRECTION ( 'NONE',  ( 1.000000000000000000, 0.000000000000000000, 0.000000000000000000 ) ) ;
#1472 = VERTEX_POINT ( 'NONE', #601 ) ;
#1473 = FACE_OUTER_BOUND ( 'NONE', #592, .T. ) ;
#1474 = FACE_OUTER_BOUND ( 'NONE', #321, .T. ) ;
#1475 = ORIENTED_EDGE ( 'NONE', *, *, #1628, .F. ) ;
#1476 = DIRECTION ( 'NONE',  ( -0.9999636128508994082, -0.008530707718393580954, -0.000000000000000000 ) ) ;
#1477 = VERTEX_POINT ( 'NONE', #1374 ) ;
#1478 = FACE_OUTER_BOUND ( 'NONE', #1452, .T. ) ;
#1479 = AXIS2_PLACEMENT_3D ( 'NONE', #1362, #991, #1007 ) ;
#1480 = ORIENTED_EDGE ( 'NONE', *, *, #402, .T. ) ;
#1481 = AXIS2_PLACEMENT_3D ( 'NONE', #1000, #994, #1522 ) ;
#1482 = CARTESIAN_POINT ( 'NONE',  ( -25.00000000000000000, 10.24999999999999822, 2.000000000000000000 ) ) ;
#1483 = VECTOR ( 'NONE', #633, 1000.000000000000000 ) ;
#1484 = DIRECTION ( 'NONE',  ( 1.000000000000000000, 0.000000000000000000, 0.000000000000000000 ) ) ;
#1485 = VERTEX_POINT ( 'NONE', #469 ) ;
#1486 = EDGE_CURVE ( 'NONE', #63, #415, #338, .T. ) ;
#1487 = CIRCLE ( 'NONE', #610, 1.125000000000000888 ) ;
#1488 = EDGE_CURVE ( 'NONE', #244, #846, #1136, .T. ) ;
#1489 = LINE ( 'NONE', #1603, #855 ) ;
#1490 = EDGE_CURVE ( 'NONE', #534, #249, #91, .T. ) ;
#1491 = EDGE_CURVE ( 'NONE', #761, #803, #835, .T. ) ;
#1492 = SURFACE_STYLE_USAGE ( .BOTH. , #433 ) ;
#1493 = CARTESIAN_POINT ( 'NONE',  ( -4.001411982654500932, -10.07084861910573537, 2.000000000000000000 ) ) ;
#1494 = MECHANICAL_DESIGN_GEOMETRIC_PRESENTATION_REPRESENTATION (  '', ( #30 ), #980 ) ;
#1495 = VERTEX_POINT ( 'NONE', #609 ) ;
#1496 = VECTOR ( 'NONE', #248, 1000.000000000000000 ) ;
#1497 = DIRECTION ( 'NONE',  ( 0.000000000000000000, 0.000000000000000000, 1.000000000000000000 ) ) ;
#1498 = DIRECTION ( 'NONE',  ( 1.000000000000000000, 0.000000000000000000, 0.000000000000000000 ) ) ;
#1499 = CARTESIAN_POINT ( 'NONE',  ( 38.00000000000000000, -7.000000000000000000, 2.000000000000000000 ) ) ;
#1500 = EDGE_CURVE ( 'NONE', #1292, #216, #175, .T. ) ;
#1501 = VECTOR ( 'NONE', #809, 1000.000000000000000 ) ;
#1502 = EDGE_CURVE ( 'NONE', #1424, #1470, #1011, .T. ) ;
#1503 = VERTEX_POINT ( 'NONE', #196 ) ;
#1504 = DIRECTION ( 'NONE',  ( -3.083952846180990083E-15, -1.000000000000000000, 0.000000000000000000 ) ) ;
#1505 = VERTEX_POINT ( 'NONE', #1664 ) ;
#1506 = PLANE ( 'NONE',  #453 ) ;
#1507 = DIRECTION ( 'NONE',  ( 1.000000000000000000, 0.000000000000000000, 0.000000000000000000 ) ) ;
#1508 = EDGE_CURVE ( 'NONE', #543, #1472, #202, .T. ) ;
#1509 = EDGE_CURVE ( 'NONE', #872, #412, #212, .T. ) ;
#1510 = AXIS2_PLACEMENT_3D ( 'NONE', #1660, #489, #376 ) ;
#1511 = CARTESIAN_POINT ( 'NONE',  ( 36.37500000000000000, -7.000000000000000000, 0.000000000000000000 ) ) ;
#1512 = ORIENTED_EDGE ( 'NONE', *, *, #840, .T. ) ;
#1513 = CARTESIAN_POINT ( 'NONE',  ( -27.00000000000000711, 8.250000000000000000, 2.000000000000000000 ) ) ;
#1514 = CARTESIAN_POINT ( 'NONE',  ( 22.00000000000000355, -4.999999999999999112, 2.000000000000000000 ) ) ;
#1515 = ORIENTED_EDGE ( 'NONE', *, *, #602, .F. ) ;
#1516 = CARTESIAN_POINT ( 'NONE',  ( 38.00000000000000000, 7.000000000000000000, 0.000000000000000000 ) ) ;
#1517 = AXIS2_PLACEMENT_3D ( 'NONE', #820, #128, #1329 ) ;
#1518 = LINE ( 'NONE', #1264, #1190 ) ;
#1519 = CIRCLE ( 'NONE', #1224, 1.625000000000001332 ) ;
#1520 = ORIENTED_EDGE ( 'NONE', *, *, #1006, .T. ) ;
#1521 = LINE ( 'NONE', #1380, #741 ) ;
#1522 = DIRECTION ( 'NONE',  ( -1.000000000000000000, 0.000000000000000000, 0.000000000000000000 ) ) ;
#1523 = EDGE_LOOP ( 'NONE', ( #400, #793, #988, #392, #1288, #1449, #712, #956, #1240, #311, #1401, #1537 ) ) ;
#1524 = CYLINDRICAL_SURFACE ( 'NONE', #861, 1.625000000000001332 ) ;
#1525 = AXIS2_PLACEMENT_3D ( 'NONE', #335, #327, #85 ) ;
#1526 = DIRECTION ( 'NONE',  ( 0.000000000000000000, 0.000000000000000000, 1.000000000000000000 ) ) ;
#1527 = VERTEX_POINT ( 'NONE', #1388 ) ;
#1528 = DIRECTION ( 'NONE',  ( -0.000000000000000000, -0.000000000000000000, -1.000000000000000000 ) ) ;
#1529 = DIRECTION ( 'NONE',  ( 1.000000000000000000, 0.000000000000000000, 0.000000000000000000 ) ) ;
#1530 = VECTOR ( 'NONE', #730, 1000.000000000000000 ) ;
#1531 = DIRECTION ( 'NONE',  ( -1.000000000000000000, -0.000000000000000000, -0.000000000000000000 ) ) ;
#1532 = VECTOR ( 'NONE', #762, 1000.000000000000000 ) ;
#1533 = ORIENTED_EDGE ( 'NONE', *, *, #1441, .T. ) ;
#1534 = ADVANCED_FACE ( 'NONE', ( #745 ), #363, .F. ) ;
#1535 = LINE ( 'NONE', #889, #1368 ) ;
#1536 = CARTESIAN_POINT ( 'NONE',  ( 22.00000000000000355, -9.000000000000000000, 0.000000000000000000 ) ) ;
#1537 = ORIENTED_EDGE ( 'NONE', *, *, #54, .T. ) ;
#1538 = LINE ( 'NONE', #1547, #973 ) ;
#1539 = CARTESIAN_POINT ( 'NONE',  ( -22.99999999999999645, -10.25000000000000888, 2.000000000000000000 ) ) ;
#1540 = ADVANCED_FACE ( 'NONE', ( #354 ), #874, .F. ) ;
#1541 = CARTESIAN_POINT ( 'NONE',  ( 1.125000000000000888, 10.42915138089425753, 2.000000000000000000 ) ) ;
#1542 = COLOUR_RGB ( '',0.7921568627450980005, 0.8196078431372548767, 0.9333333333333333481 ) ;
#1543 = ORIENTED_EDGE ( 'NONE', *, *, #655, .F. ) ;
#1544 = CARTESIAN_POINT ( 'NONE',  ( 22.00000000000000355, -4.999999999999999112, 2.000000000000000000 ) ) ;
#1545 = DIRECTION ( 'NONE',  ( -0.000000000000000000, -0.000000000000000000, -1.000000000000000000 ) ) ;
#1546 = EDGE_LOOP ( 'NONE', ( #436, #892, #559, #569 ) ) ;
#1547 = CARTESIAN_POINT ( 'NONE',  ( -26.12500000000000355, 10.24999999999999822, 2.000000000000000000 ) ) ;
#1548 = CARTESIAN_POINT ( 'NONE',  ( 22.00000000000000355, 5.000000000000000000, 2.000000000000000000 ) ) ;
#1549 = FACE_OUTER_BOUND ( 'NONE', #1044, .T. ) ;
#1550 = CARTESIAN_POINT ( 'NONE',  ( -26.99999999999999289, -8.250000000000010658, 2.000000000000000000 ) ) ;
#1551 = EDGE_CURVE ( 'NONE', #888, #398, #1252, .T. ) ;
#1552 = LINE ( 'NONE', #1062, #185 ) ;
#1553 = EDGE_CURVE ( 'NONE', #1588, #119, #1175, .T. ) ;
#1554 = ORIENTED_EDGE ( 'NONE', *, *, #778, .F. ) ;
#1555 = LINE ( 'NONE', #97, #636 ) ;
#1556 = FACE_OUTER_BOUND ( 'NONE', #485, .T. ) ;
#1557 = ORIENTED_EDGE ( 'NONE', *, *, #454, .F. ) ;
#1558 = CARTESIAN_POINT ( 'NONE',  ( 14.00000000000000178, 9.000000000000001776, 0.000000000000000000 ) ) ;
#1559 = PLANE ( 'NONE',  #697 ) ;
#1560 = DIRECTION ( 'NONE',  ( -0.000000000000000000, -0.000000000000000000, -1.000000000000000000 ) ) ;
#1561 = VECTOR ( 'NONE', #1637, 1000.000000000000000 ) ;
#1562 = DIRECTION ( 'NONE',  ( -0.000000000000000000, -0.000000000000000000, -1.000000000000000000 ) ) ;
#1563 = EDGE_CURVE ( 'NONE', #915, #898, #102, .T. ) ;
#1564 = VERTEX_POINT ( 'NONE', #1112 ) ;
#1565 = ORIENTED_EDGE ( 'NONE', *, *, #886, .F. ) ;
#1566 = DIRECTION ( 'NONE',  ( -1.000000000000000000, 0.000000000000000000, 0.000000000000000000 ) ) ;
#1567 = ORIENTED_EDGE ( 'NONE', *, *, #1674, .T. ) ;
#1568 = DIRECTION ( 'NONE',  ( -0.000000000000000000, -0.000000000000000000, -1.000000000000000000 ) ) ;
#1569 = EDGE_LOOP ( 'NONE', ( #1265, #1212, #29, #1618, #812, #1658 ) ) ;
#1570 = CARTESIAN_POINT ( 'NONE',  ( 1.301042606982605321E-15, 10.42915138089425753, 2.000000000000000000 ) ) ;
#1571 = CARTESIAN_POINT ( 'NONE',  ( 14.00000000000000178, 5.000000000000000000, 2.000000000000000000 ) ) ;
#1572 = DIRECTION ( 'NONE',  ( -0.000000000000000000, 1.000000000000000000, -0.000000000000000000 ) ) ;
#1573 = ORIENTED_EDGE ( 'NONE', *, *, #64, .F. ) ;
#1574 = ORIENTED_EDGE ( 'NONE', *, *, #402, .F. ) ;
#1575 = CARTESIAN_POINT ( 'NONE',  ( 38.00000000000000000, 7.000000000000000000, 2.000000000000000000 ) ) ;
#1576 = ORIENTED_EDGE ( 'NONE', *, *, #1390, .F. ) ;
#1577 = LINE ( 'NONE', #1179, #1223 ) ;
#1578 = DIRECTION ( 'NONE',  ( 0.008530707718393582689, -0.9999636128508994082, 0.000000000000000000 ) ) ;
#1579 = EDGE_CURVE ( 'NONE', #1046, #1292, #990, .T. ) ;
#1580 = ORIENTED_EDGE ( 'NONE', *, *, #396, .T. ) ;
#1581 = CARTESIAN_POINT ( 'NONE',  ( 22.00000000000000355, -4.999999999999999112, 0.000000000000000000 ) ) ;
#1582 = VECTOR ( 'NONE', #1057, 1000.000000000000000 ) ;
#1583 = AXIS2_PLACEMENT_3D ( 'NONE', #1308, #1429, #1185 ) ;
#1584 = LINE ( 'NONE', #146, #792 ) ;
#1585 = ORIENTED_EDGE ( 'NONE', *, *, #230, .F. ) ;
#1586 = ORIENTED_EDGE ( 'NONE', *, *, #484, .T. ) ;
#1587 = PLANE ( 'NONE',  #197 ) ;
#1588 = VERTEX_POINT ( 'NONE', #1381 ) ;
#1589 = LINE ( 'NONE', #139, #1127 ) ;
#1590 = DIRECTION ( 'NONE',  ( 1.000000000000000000, 2.775557561562890957E-15, -0.000000000000000000 ) ) ;
#1591 = VECTOR ( 'NONE', #1327, 1000.000000000000000 ) ;
#1592 = VERTEX_POINT ( 'NONE', #77 ) ;
#1593 = CARTESIAN_POINT ( 'NONE',  ( 14.00000000000000178, -4.999999999999999112, 0.000000000000000000 ) ) ;
#1594 = ORIENTED_EDGE ( 'NONE', *, *, #1326, .T. ) ;
#1595 = EDGE_LOOP ( 'NONE', ( #1222, #408, #531, #379 ) ) ;
#1596 = LINE ( 'NONE', #162, #459 ) ;
#1597 = ORIENTED_EDGE ( 'NONE', *, *, #579, .F. ) ;
#1598 = FACE_BOUND ( 'NONE', #1248, .T. ) ;
#1599 = ORIENTED_EDGE ( 'NONE', *, *, #1242, .T. ) ;
#1600 = AXIS2_PLACEMENT_3D ( 'NONE', #1402, #1272, #795 ) ;
#1601 = DIRECTION ( 'NONE',  ( 1.000000000000000000, 0.000000000000000000, 0.000000000000000000 ) ) ;
#1602 = ORIENTED_EDGE ( 'NONE', *, *, #420, .T. ) ;
#1603 = CARTESIAN_POINT ( 'NONE',  ( -2.000000000000000000, -10.07084861910573537, 2.000000000000000000 ) ) ;
#1604 = ORIENTED_EDGE ( 'NONE', *, *, #187, .T. ) ;
#1605 = FACE_OUTER_BOUND ( 'NONE', #304, .T. ) ;
#1606 = EDGE_LOOP ( 'NONE', ( #1469, #1174 ) ) ;
#1607 = CARTESIAN_POINT ( 'NONE',  ( 1.301042606982605321E-15, -10.07084861910573537, 0.000000000000000000 ) ) ;
#1608 = DIRECTION ( 'NONE',  ( -8.673617379884035472E-16, 1.000000000000000000, 0.000000000000000000 ) ) ;
#1609 = EDGE_CURVE ( 'NONE', #1564, #652, #207, .T. ) ;
#1610 = CIRCLE ( 'NONE', #1525, 3.500000000000003109 ) ;
#1611 = ORIENTED_EDGE ( 'NONE', *, *, #1500, .F. ) ;
#1612 = ADVANCED_FACE ( 'NONE', ( #1285 ), #1559, .F. ) ;
#1613 = EDGE_CURVE ( 'NONE', #1408, #1096, #1683, .T. ) ;
#1614 = VECTOR ( 'NONE', #1631, 1000.000000000000114 ) ;
#1615 = PLANE ( 'NONE',  #104 ) ;
#1616 = AXIS2_PLACEMENT_3D ( 'NONE', #111, #362, #624 ) ;
#1617 = DIRECTION ( 'NONE',  ( 1.000000000000000000, 0.000000000000000000, 0.000000000000000000 ) ) ;
#1618 = ORIENTED_EDGE ( 'NONE', *, *, #706, .T. ) ;
#1619 = AXIS2_PLACEMENT_3D ( 'NONE', #483, #1246, #233 ) ;
#1620 = CARTESIAN_POINT ( 'NONE',  ( 31.00000000000000000, 8.572527594031476148E-16, 2.000000000000000000 ) ) ;
#1621 = EDGE_CURVE ( 'NONE', #859, #686, #1100, .T. ) ;
#1622 = FILL_AREA_STYLE ('',( #44 ) ) ;
#1623 = EDGE_CURVE ( 'NONE', #1639, #361, #444, .T. ) ;
#1624 = DIRECTION ( 'NONE',  ( 1.000000000000000000, 8.673617379884035472E-16, -0.000000000000000000 ) ) ;
#1625 = CIRCLE ( 'NONE', #1616, 1.125000000000000888 ) ;
#1626 = ORIENTED_EDGE ( 'NONE', *, *, #655, .T. ) ;
#1627 = CARTESIAN_POINT ( 'NONE',  ( -2.000000000000000000, 10.42915138089425753, 2.000000000000000000 ) ) ;
#1628 = EDGE_CURVE ( 'NONE', #898, #1191, #382, .T. ) ;
#1629 = EDGE_LOOP ( 'NONE', ( #1585, #933 ) ) ;
#1630 = CARTESIAN_POINT ( 'NONE',  ( 46.62500000000000000, 1.990051048614456758E-16, 2.000000000000000000 ) ) ;
#1631 = DIRECTION ( 'NONE',  ( -0.9999636128508994082, -0.008530707718393580954, -0.000000000000000000 ) ) ;
#1632 = VECTOR ( 'NONE', #937, 1000.000000000000000 ) ;
#1633 = DIRECTION ( 'NONE',  ( 1.000000000000000000, 0.000000000000000000, 0.000000000000000000 ) ) ;
#1634 = AXIS2_PLACEMENT_3D ( 'NONE', #443, #715, #1484 ) ;
#1635 = VERTEX_POINT ( 'NONE', #131 ) ;
#1636 = DIRECTION ( 'NONE',  ( 0.000000000000000000, 0.000000000000000000, 1.000000000000000000 ) ) ;
#1637 = DIRECTION ( 'NONE',  ( -1.000000000000000000, -4.336808689942017736E-16, -0.000000000000000000 ) ) ;
#1638 = VECTOR ( 'NONE', #232, 1000.000000000000000 ) ;
#1639 = VERTEX_POINT ( 'NONE', #654 ) ;
#1640 = CARTESIAN_POINT ( 'NONE',  ( -4.001411982654504484, 10.42915138089425753, 2.000000000000000000 ) ) ;
#1641 = CLOSED_SHELL ( 'NONE', ( #404, #1239, #552, #1457, #968, #909, #755, #930, #1656, #277, #785, #1072, #1375, #118, #50, #757, #1260, #1369, #1612, #530, #1206, #1540, #339, #1031, #1324, #1084, #1684, #451, #657, #1534, #801, #302, #882, #1092, #107, #644, #719, #1433, #1336, #464, #783, #56, #340, #1184, #1431, #401, #229, #963, #718, #1003 ) ) ;
#1642 = DIRECTION ( 'NONE',  ( 0.000000000000000000, 0.000000000000000000, 1.000000000000000000 ) ) ;
#1643 = VERTEX_POINT ( 'NONE', #1170 ) ;
#1644 = CARTESIAN_POINT ( 'NONE',  ( 43.37500000000000000, 0.000000000000000000, 2.000000000000000000 ) ) ;
#1645 = CARTESIAN_POINT ( 'NONE',  ( -4.001411982654504484, 10.42915138089425753, 2.000000000000000000 ) ) ;
#1646 = ORIENTED_EDGE ( 'NONE', *, *, #878, .F. ) ;
#1647 = DIRECTION ( 'NONE',  ( 0.000000000000000000, 0.000000000000000000, 1.000000000000000000 ) ) ;
#1648 = AXIS2_PLACEMENT_3D ( 'NONE', #927, #403, #164 ) ;
#1649 = FACE_OUTER_BOUND ( 'NONE', #629, .T. ) ;
#1650 = CIRCLE ( 'NONE', #320, 1.625000000000001332 ) ;
#1651 = ORIENTED_EDGE ( 'NONE', *, *, #179, .F. ) ;
#1652 = DIRECTION ( 'NONE',  ( -0.000000000000000000, -0.000000000000000000, -1.000000000000000000 ) ) ;
#1653 = CARTESIAN_POINT ( 'NONE',  ( -26.99999999999999289, -8.250000000000010658, 3.500000000000000000 ) ) ;
#1654 = EDGE_CURVE ( 'NONE', #1334, #1046, #1229, .T. ) ;
#1655 = AXIS2_PLACEMENT_3D ( 'NONE', #894, #1294, #1030 ) ;
#1656 = ADVANCED_FACE ( 'NONE', ( #1427 ), #1277, .F. ) ;
#1657 = EDGE_CURVE ( 'NONE', #1178, #724, #256, .T. ) ;
#1658 = ORIENTED_EDGE ( 'NONE', *, *, #64, .T. ) ;
#1659 = EDGE_CURVE ( 'NONE', #543, #35, #1152, .T. ) ;
#1660 = CARTESIAN_POINT ( 'NONE',  ( -2.000000000000000000, 10.42915138089425753, 3.500000000000000000 ) ) ;
#1661 = CARTESIAN_POINT ( 'NONE',  ( 14.00000000000000178, -4.999999999999999112, 2.000000000000000000 ) ) ;
#1662 = EDGE_LOOP ( 'NONE', ( #1320, #234 ) ) ;
#1663 = CARTESIAN_POINT ( 'NONE',  ( 38.00000000000000711, 12.25000000000000000, 0.000000000000000000 ) ) ;
#1664 = CARTESIAN_POINT ( 'NONE',  ( 34.49999999999999289, 0.000000000000000000, 0.000000000000000000 ) ) ;
#1665 = VECTOR ( 'NONE', #864, 1000.000000000000000 ) ;
#1666 = CARTESIAN_POINT ( 'NONE',  ( 14.00000000000000178, -9.000000000000000000, 2.000000000000000000 ) ) ;
#1667 = EDGE_LOOP ( 'NONE', ( #748, #1303 ) ) ;
#1668 = VECTOR ( 'NONE', #533, 1000.000000000000000 ) ;
#1669 = LINE ( 'NONE', #1157, #1668 ) ;
#1670 = CARTESIAN_POINT ( 'NONE',  ( 22.00000000000000355, 9.000000000000001776, 2.000000000000000000 ) ) ;
#1671 = ORIENTED_EDGE ( 'NONE', *, *, #839, .T. ) ;
#1672 = CARTESIAN_POINT ( 'NONE',  ( 31.00000000000000000, 8.572527594031476148E-16, 2.000000000000000000 ) ) ;
#1673 = DIRECTION ( 'NONE',  ( 1.000000000000000000, 0.000000000000000000, 0.000000000000000000 ) ) ;
#1674 = EDGE_CURVE ( 'NONE', #1472, #1643, #133, .T. ) ;
#1675 = EDGE_CURVE ( 'NONE', #662, #430, #123, .T. ) ;
#1676 = DIRECTION ( 'NONE',  ( 0.000000000000000000, -0.000000000000000000, -1.000000000000000000 ) ) ;
#1677 = CARTESIAN_POINT ( 'NONE',  ( 38.00000000000000000, 7.000000000000000000, 2.000000000000000000 ) ) ;
#1678 = VERTEX_POINT ( 'NONE', #1430 ) ;
#1679 = FACE_OUTER_BOUND ( 'NONE', #1595, .T. ) ;
#1680 = CARTESIAN_POINT ( 'NONE',  ( 29.37499999999999645, 8.572527594031476148E-16, 0.000000000000000000 ) ) ;
#1681 = ORIENTED_EDGE ( 'NONE', *, *, #843, .T. ) ;
#1682 = DIRECTION ( 'NONE',  ( -0.000000000000000000, -0.000000000000000000, -1.000000000000000000 ) ) ;
#1683 = LINE ( 'NONE', #643, #603 ) ;
#1684 = ADVANCED_FACE ( 'NONE', ( #646 ), #1154, .F. ) ;
#1685 = FACE_OUTER_BOUND ( 'NONE', #638, .T. ) ;
ENDSEC;
END-ISO-10303-21;
