ISO-10303-21;
HEADER;
FILE_DESCRIPTION (( 'STEP AP214' ),
    '1' );
FILE_NAME ('waveshare_esp32_holder.STEP',
    '2026-09-24T13:35:48',
    ( '' ),
    ( '' ),
    'SwSTEP 2.0',
    'SolidWorks 2026',
    '' );
FILE_SCHEMA (( 'AUTOMOTIVE_DESIGN' ));
ENDSEC;

DATA;
#1 = ORIENTED_EDGE ( 'NONE', *, *, #6115, .T. ) ;
#2 = VECTOR ( 'NONE', #7696, 1000.000000000000000 ) ;
#3 = DIRECTION ( 'NONE',  ( -1.000000000000000000, -0.000000000000000000, -0.000000000000000000 ) ) ;
#4 = VECTOR ( 'NONE', #3780, 1000.000000000000000 ) ;
#5 = AXIS2_PLACEMENT_3D ( 'NONE', #3573, #5835, #2105 ) ;
#6 = CARTESIAN_POINT ( 'NONE',  ( 1.500000000000263345, -13.06108850259513510, 1.000000000000000000 ) ) ;
#7 = VERTEX_POINT ( 'NONE', #7963 ) ;
#8 = CARTESIAN_POINT ( 'NONE',  ( 4.250000000000139444, -1.061088502595133765, 0.000000000000000000 ) ) ;
#9 = DIRECTION ( 'NONE',  ( -0.000000000000000000, 0.000000000000000000, 1.000000000000000000 ) ) ;
#10 = AXIS2_PLACEMENT_3D ( 'NONE', #973, #6256, #9268 ) ;
#11 = CARTESIAN_POINT ( 'NONE',  ( -5.499999999999944933, 6.938911497404866680, 1.000000000000000000 ) ) ;
#12 = VECTOR ( 'NONE', #4834, 1000.000000000000000 ) ;
#13 = EDGE_LOOP ( 'NONE', ( #1040, #5576, #1000, #637 ) ) ;
#14 = VECTOR ( 'NONE', #1865, 1000.000000000000000 ) ;
#15 = ORIENTED_EDGE ( 'NONE', *, *, #925, .F. ) ;
#16 = FACE_BOUND ( 'NONE', #744, .T. ) ;
#17 = AXIS2_PLACEMENT_3D ( 'NONE', #7000, #8373, #6245 ) ;
#18 = ORIENTED_EDGE ( 'NONE', *, *, #1076, .F. ) ;
#19 = AXIS2_PLACEMENT_3D ( 'NONE', #3935, #8402, #7665 ) ;
#20 = ADVANCED_FACE ( 'NONE', ( #7179 ), #5620, .F. ) ;
#21 = CARTESIAN_POINT ( 'NONE',  ( 8.500000000000243361, -11.06108850259513332, -3.000000000000000000 ) ) ;
#22 = EDGE_CURVE ( 'NONE', #5502, #3097, #3062, .T. ) ;
#23 = CIRCLE ( 'NONE', #3180, 0.7999999999999986011 ) ;
#24 = CIRCLE ( 'NONE', #2560, 0.7500000000000006661 ) ;
#25 = CARTESIAN_POINT ( 'NONE',  ( -12.49999999999973710, -13.06108850259513510, -3.000000000000000000 ) ) ;
#26 = CARTESIAN_POINT ( 'NONE',  ( -12.49999999999975842, -11.06108850259513332, 0.000000000000000000 ) ) ;
#27 = CYLINDRICAL_SURFACE ( 'NONE', #866, 0.7500000000000006661 ) ;
#28 = DIRECTION ( 'NONE',  ( 1.000000000000000000, 0.000000000000000000, 0.000000000000000000 ) ) ;
#29 = PLANE ( 'NONE',  #8384 ) ;
#30 = AXIS2_PLACEMENT_3D ( 'NONE', #2576, #9385, #3887 ) ;
#31 = CIRCLE ( 'NONE', #4905, 0.7500000000000006661 ) ;
#32 = ORIENTED_EDGE ( 'NONE', *, *, #3501, .T. ) ;
#33 = ORIENTED_EDGE ( 'NONE', *, *, #998, .F. ) ;
#34 = CARTESIAN_POINT ( 'NONE',  ( -5.499999999999799272, -7.061088502595134209, 0.000000000000000000 ) ) ;
#35 = ORIENTED_EDGE ( 'NONE', *, *, #3661, .F. ) ;
#36 = LINE ( 'NONE', #6059, #8874 ) ;
#37 = AXIS2_PLACEMENT_3D ( 'NONE', #5052, #8634, #6565 ) ;
#38 = DIRECTION ( 'NONE',  ( 1.000000000000000000, 0.000000000000000000, 0.000000000000000000 ) ) ;
#39 = ORIENTED_EDGE ( 'NONE', *, *, #2204, .F. ) ;
#40 = CIRCLE ( 'NONE', #2256, 0.7500000000000006661 ) ;
#41 = DIRECTION ( 'NONE',  ( -0.000000000000000000, -0.000000000000000000, 1.000000000000000000 ) ) ;
#42 = DIRECTION ( 'NONE',  ( 0.000000000000000000, -0.000000000000000000, -1.000000000000000000 ) ) ;
#43 = EDGE_CURVE ( 'NONE', #8068, #8437, #1280, .T. ) ;
#44 = AXIS2_PLACEMENT_3D ( 'NONE', #26, #1511, #4508 ) ;
#45 = VERTEX_POINT ( 'NONE', #9391 ) ;
#46 = VERTEX_POINT ( 'NONE', #344 ) ;
#47 = DIRECTION ( 'NONE',  ( 1.000000000000000000, 0.000000000000000000, 0.000000000000000000 ) ) ;
#48 = EDGE_LOOP ( 'NONE', ( #4770, #3959 ) ) ;
#49 = DIRECTION ( 'NONE',  ( -0.000000000000000000, -0.000000000000000000, 1.000000000000000000 ) ) ;
#50 = DIRECTION ( 'NONE',  ( -0.000000000000000000, 0.000000000000000000, 1.000000000000000000 ) ) ;
#51 = VERTEX_POINT ( 'NONE', #394 ) ;
#52 = AXIS2_PLACEMENT_3D ( 'NONE', #1164, #3391, #8725 ) ;
#53 = EDGE_LOOP ( 'NONE', ( #102, #5775 ) ) ;
#54 = VECTOR ( 'NONE', #6597, 1000.000000000000000 ) ;
#55 = CARTESIAN_POINT ( 'NONE',  ( 26.50000000000000711, 9.000000000000001776, 12.00000000000000000 ) ) ;
#56 = ADVANCED_BREP_SHAPE_REPRESENTATION ( 'waveshare_esp32_holder', ( #3091, #6098 ), #9113 ) ;
#57 = ADVANCED_FACE ( 'NONE', ( #4871 ), #5668, .F. ) ;
#58 = AXIS2_PLACEMENT_3D ( 'NONE', #977, #5411, #7658 ) ;
#59 = AXIS2_PLACEMENT_3D ( 'NONE', #2820, #9429, #4187 ) ;
#60 = ORIENTED_EDGE ( 'NONE', *, *, #1888, .T. ) ;
#61 = CARTESIAN_POINT ( 'NONE',  ( -12.49999999999988276, 0.9389114974048661244, 1.000000000000000000 ) ) ;
#62 = CARTESIAN_POINT ( 'NONE',  ( 0.000000000000000000, 0.000000000000000000, 2.000000000000000000 ) ) ;
#63 = ORIENTED_EDGE ( 'NONE', *, *, #6591, .F. ) ;
#64 = CARTESIAN_POINT ( 'NONE',  ( -1.999999999999923617, 4.938911497404866680, 0.000000000000000000 ) ) ;
#65 = DIRECTION ( 'NONE',  ( 1.000000000000000000, 0.000000000000000000, 0.000000000000000000 ) ) ;
#66 = CARTESIAN_POINT ( 'NONE',  ( 4.250000000000180300, -5.061088502595135985, -3.000000000000000000 ) ) ;
#67 = EDGE_CURVE ( 'NONE', #5628, #407, #1480, .T. ) ;
#68 = ORIENTED_EDGE ( 'NONE', *, *, #7198, .F. ) ;
#69 = ORIENTED_EDGE ( 'NONE', *, *, #3235, .F. ) ;
#70 = FACE_BOUND ( 'NONE', #2659, .T. ) ;
#71 = ORIENTED_EDGE ( 'NONE', *, *, #1638, .T. ) ;
#72 = DIRECTION ( 'NONE',  ( -0.000000000000000000, -0.000000000000000000, 1.000000000000000000 ) ) ;
#73 = CARTESIAN_POINT ( 'NONE',  ( 9.250000000000243361, -11.06108850259513332, -3.000000000000000000 ) ) ;
#74 = CARTESIAN_POINT ( 'NONE',  ( -1.249999999999798383, -7.061088502595134209, -3.000000000000000000 ) ) ;
#75 = CARTESIAN_POINT ( 'NONE',  ( -1.249999999999839906, -3.061088502595133765, 0.000000000000000000 ) ) ;
#76 = CARTESIAN_POINT ( 'NONE',  ( -1.999999999999965361, 8.938911497404866680, -3.000000000000000000 ) ) ;
#77 = CARTESIAN_POINT ( 'NONE',  ( -9.749999999999738876, -13.06108850259513510, 0.000000000000000000 ) ) ;
#78 = ADVANCED_FACE ( 'NONE', ( #8110 ), #1932, .F. ) ;
#79 = VERTEX_POINT ( 'NONE', #8795 ) ;
#80 = VERTEX_POINT ( 'NONE', #6381 ) ;
#81 = CARTESIAN_POINT ( 'NONE',  ( -8.999999999999758415, -11.06108850259513332, 0.000000000000000000 ) ) ;
#82 = CARTESIAN_POINT ( 'NONE',  ( -5.499999999999986677, 10.93891149740486668, 0.000000000000000000 ) ) ;
#83 = FACE_OUTER_BOUND ( 'NONE', #1114, .T. ) ;
#84 = VERTEX_POINT ( 'NONE', #4928 ) ;
#85 = CARTESIAN_POINT ( 'NONE',  ( 5.000000000000015099, 10.93891149740486668, 0.000000000000000000 ) ) ;
#86 = CYLINDRICAL_SURFACE ( 'NONE', #7586, 0.7500000000000006661 ) ;
#87 = DIRECTION ( 'NONE',  ( 1.000000000000000000, 0.000000000000000000, 0.000000000000000000 ) ) ;
#88 = ORIENTED_EDGE ( 'NONE', *, *, #2476, .F. ) ;
#89 = CARTESIAN_POINT ( 'NONE',  ( -5.499999999999778844, -9.061088502595131544, -3.000000000000000000 ) ) ;
#90 = ORIENTED_EDGE ( 'NONE', *, *, #7692, .F. ) ;
#91 = EDGE_CURVE ( 'NONE', #243, #2553, #2751, .T. ) ;
#92 = PLANE ( 'NONE',  #656 ) ;
#93 = DIRECTION ( 'NONE',  ( -0.000000000000000000, -0.000000000000000000, 1.000000000000000000 ) ) ;
#94 = ORIENTED_EDGE ( 'NONE', *, *, #2978, .T. ) ;
#95 = ORIENTED_EDGE ( 'NONE', *, *, #381, .T. ) ;
#96 = DIRECTION ( 'NONE',  ( 1.000000000000000000, 0.000000000000000000, 0.000000000000000000 ) ) ;
#97 = ORIENTED_EDGE ( 'NONE', *, *, #3897, .F. ) ;
#98 = CYLINDRICAL_SURFACE ( 'NONE', #3919, 0.7500000000000006661 ) ;
#99 = ADVANCED_FACE ( 'NONE', ( #3554 ), #7908, .F. ) ;
#100 = DIRECTION ( 'NONE',  ( 1.000000000000000000, 0.000000000000000000, 0.000000000000000000 ) ) ;
#101 = ORIENTED_EDGE ( 'NONE', *, *, #8479, .F. ) ;
#102 = ORIENTED_EDGE ( 'NONE', *, *, #318, .T. ) ;
#103 = LINE ( 'NONE', #6124, #1801 ) ;
#104 = ORIENTED_EDGE ( 'NONE', *, *, #2978, .F. ) ;
#105 = DIRECTION ( 'NONE',  ( -0.000000000000000000, -0.000000000000000000, 1.000000000000000000 ) ) ;
#106 = LINE ( 'NONE', #7573, #6638 ) ;
#107 = ORIENTED_EDGE ( 'NONE', *, *, #6639, .F. ) ;
#108 = EDGE_LOOP ( 'NONE', ( #7607, #3164 ) ) ;
#109 = FACE_BOUND ( 'NONE', #53, .T. ) ;
#110 = EDGE_CURVE ( 'NONE', #3217, #3874, #3413, .T. ) ;
#111 = EDGE_LOOP ( 'NONE', ( #935, #4825, #9544, #2075 ) ) ;
#112 = EDGE_CURVE ( 'NONE', #6870, #3271, #3996, .T. ) ;
#113 = FACE_BOUND ( 'NONE', #3813, .T. ) ;
#114 = CARTESIAN_POINT ( 'NONE',  ( 1.500000000000096811, 2.938911497404866235, -3.000000000000000000 ) ) ;
#115 = CARTESIAN_POINT ( 'NONE',  ( -5.499999999999924505, 4.938911497404866680, 0.000000000000000000 ) ) ;
#116 = PLANE ( 'NONE',  #2773 ) ;
#117 = DIRECTION ( 'NONE',  ( -0.000000000000000000, -0.000000000000000000, 1.000000000000000000 ) ) ;
#118 = DIRECTION ( 'NONE',  ( -1.000000000000000000, 1.734723475976805517E-15, -0.000000000000000000 ) ) ;
#119 = EDGE_LOOP ( 'NONE', ( #9254, #4738, #6146, #3273 ) ) ;
#120 = ORIENTED_EDGE ( 'NONE', *, *, #5509, .T. ) ;
#121 = DIRECTION ( 'NONE',  ( -0.000000000000000000, 0.000000000000000000, 1.000000000000000000 ) ) ;
#122 = LINE ( 'NONE', #5452, #439 ) ;
#123 = LINE ( 'NONE', #9172, #1279 ) ;
#124 = CYLINDRICAL_SURFACE ( 'NONE', #6356, 0.7999999999999986011 ) ;
#125 = ORIENTED_EDGE ( 'NONE', *, *, #7186, .T. ) ;
#126 = EDGE_CURVE ( 'NONE', #7079, #9632, #9530, .T. ) ;
#127 = CYLINDRICAL_SURFACE ( 'NONE', #7176, 0.7500000000000004441 ) ;
#128 = CARTESIAN_POINT ( 'NONE',  ( -4.749999999999840128, -3.061088502595133765, 1.000000000000000000 ) ) ;
#129 = VERTEX_POINT ( 'NONE', #3456 ) ;
#130 = VECTOR ( 'NONE', #4360, 1000.000000000000000 ) ;
#131 = DIRECTION ( 'NONE',  ( 1.000000000000000000, 0.000000000000000000, 0.000000000000000000 ) ) ;
#132 = DIRECTION ( 'NONE',  ( -0.000000000000000000, -0.000000000000000000, 1.000000000000000000 ) ) ;
#133 = FACE_OUTER_BOUND ( 'NONE', #6398, .T. ) ;
#134 = EDGE_CURVE ( 'NONE', #7066, #3719, #4310, .T. ) ;
#135 = EDGE_LOOP ( 'NONE', ( #9561, #5513 ) ) ;
#136 = ADVANCED_FACE ( 'NONE', ( #3507 ), #9537, .F. ) ;
#137 = ORIENTED_EDGE ( 'NONE', *, *, #5139, .T. ) ;
#138 = DIRECTION ( 'NONE',  ( -0.000000000000000000, -0.000000000000000000, 1.000000000000000000 ) ) ;
#139 = CIRCLE ( 'NONE', #3459, 0.7500000000000006661 ) ;
#140 = VERTEX_POINT ( 'NONE', #2865 ) ;
#141 = ORIENTED_EDGE ( 'NONE', *, *, #683, .T. ) ;
#142 = DIRECTION ( 'NONE',  ( 0.000000000000000000, 0.000000000000000000, 1.000000000000000000 ) ) ;
#143 = ORIENTED_EDGE ( 'NONE', *, *, #8007, .F. ) ;
#144 = LINE ( 'NONE', #4737, #12 ) ;
#145 = CIRCLE ( 'NONE', #4088, 0.7500000000000006661 ) ;
#146 = ORIENTED_EDGE ( 'NONE', *, *, #8157, .T. ) ;
#147 = VERTEX_POINT ( 'NONE', #3001 ) ;
#148 = CARTESIAN_POINT ( 'NONE',  ( -29.30000000000000426, 11.00000000000000000, 7.000000000000000000 ) ) ;
#149 = CARTESIAN_POINT ( 'NONE',  ( -4.749999999999840128, -3.061088502595133765, 0.000000000000000000 ) ) ;
#150 = DIRECTION ( 'NONE',  ( 0.000000000000000000, 0.000000000000000000, 1.000000000000000000 ) ) ;
#151 = ORIENTED_EDGE ( 'NONE', *, *, #3643, .F. ) ;
#152 = EDGE_CURVE ( 'NONE', #1363, #1814, #6380, .T. ) ;
#153 = CIRCLE ( 'NONE', #2851, 0.7500000000000006661 ) ;
#154 = EDGE_LOOP ( 'NONE', ( #4645, #6330 ) ) ;
#155 = CIRCLE ( 'NONE', #5040, 0.7500000000000006661 ) ;
#156 = VECTOR ( 'NONE', #7294, 1000.000000000000000 ) ;
#157 = CARTESIAN_POINT ( 'NONE',  ( -9.749999999999758415, -11.06108850259513332, 0.000000000000000000 ) ) ;
#158 = EDGE_LOOP ( 'NONE', ( #6036, #554, #5784, #688 ) ) ;
#159 = CYLINDRICAL_SURFACE ( 'NONE', #7770, 0.7500000000000006661 ) ;
#160 = DIRECTION ( 'NONE',  ( 1.000000000000000000, 0.000000000000000000, 0.000000000000000000 ) ) ;
#161 = CARTESIAN_POINT ( 'NONE',  ( -2.749999999999945377, 6.938911497404866680, 0.000000000000000000 ) ) ;
#162 = AXIS2_PLACEMENT_3D ( 'NONE', #1562, #4559, #3922 ) ;
#163 = CIRCLE ( 'NONE', #9630, 0.7500000000000006661 ) ;
#164 = CARTESIAN_POINT ( 'NONE',  ( -1.249999999999777511, -9.061088502595131544, -3.000000000000000000 ) ) ;
#165 = DIRECTION ( 'NONE',  ( 1.000000000000000000, 0.000000000000000000, 0.000000000000000000 ) ) ;
#166 = AXIS2_PLACEMENT_3D ( 'NONE', #4052, #3125, #4838 ) ;
#167 = CARTESIAN_POINT ( 'NONE',  ( -1.999999999999902967, 2.938911497404866235, 1.000000000000000000 ) ) ;
#168 = ADVANCED_FACE ( 'NONE', ( #3733 ), #8342, .F. ) ;
#169 = ADVANCED_FACE ( 'NONE', ( #5956 ), #7461, .F. ) ;
#170 = CIRCLE ( 'NONE', #270, 0.7500000000000006661 ) ;
#171 = ORIENTED_EDGE ( 'NONE', *, *, #9513, .T. ) ;
#172 = VECTOR ( 'NONE', #5376, 1000.000000000000000 ) ;
#173 = CIRCLE ( 'NONE', #4747, 0.7500000000000006661 ) ;
#174 = ORIENTED_EDGE ( 'NONE', *, *, #3642, .F. ) ;
#175 = CYLINDRICAL_SURFACE ( 'NONE', #950, 0.7500000000000006661 ) ;
#176 = CARTESIAN_POINT ( 'NONE',  ( -5.499999999999841016, -3.061088502595133765, 1.000000000000000000 ) ) ;
#177 = CARTESIAN_POINT ( 'NONE',  ( 7.750000000000076383, 4.938911497404866680, 0.000000000000000000 ) ) ;
#178 = CARTESIAN_POINT ( 'NONE',  ( -8.999999999999758415, -11.06108850259513332, 1.000000000000000000 ) ) ;
#179 = VERTEX_POINT ( 'NONE', #1421 ) ;
#180 = CARTESIAN_POINT ( 'NONE',  ( -8.999999999999966249, 8.938911497404866680, -3.000000000000000000 ) ) ;
#181 = CYLINDRICAL_SURFACE ( 'NONE', #7639, 0.7500000000000006661 ) ;
#182 = CIRCLE ( 'NONE', #2725, 0.7500000000000006661 ) ;
#183 = DIRECTION ( 'NONE',  ( -0.000000000000000000, 0.000000000000000000, 1.000000000000000000 ) ) ;
#184 = AXIS2_PLACEMENT_3D ( 'NONE', #7518, #50, #6874 ) ;
#185 = CIRCLE ( 'NONE', #1453, 0.7500000000000006661 ) ;
#186 = EDGE_CURVE ( 'NONE', #2184, #2199, #1632, .T. ) ;
#187 = CIRCLE ( 'NONE', #8396, 0.7500000000000006661 ) ;
#188 = ORIENTED_EDGE ( 'NONE', *, *, #9275, .T. ) ;
#189 = CYLINDRICAL_SURFACE ( 'NONE', #2376, 0.7500000000000006661 ) ;
#190 = EDGE_LOOP ( 'NONE', ( #7956, #4655 ) ) ;
#191 = AXIS2_PLACEMENT_3D ( 'NONE', #5558, #3982, #379 ) ;
#192 = CARTESIAN_POINT ( 'NONE',  ( 9.250000000000097700, 2.938911497404866235, 0.000000000000000000 ) ) ;
#193 = CARTESIAN_POINT ( 'NONE',  ( 1.500000000000013545, 10.93891149740486668, -3.000000000000000000 ) ) ;
#194 = ORIENTED_EDGE ( 'NONE', *, *, #504, .F. ) ;
#195 = ORIENTED_EDGE ( 'NONE', *, *, #5201, .F. ) ;
#196 = AXIS2_PLACEMENT_3D ( 'NONE', #1178, #9472, #7215 ) ;
#197 = CARTESIAN_POINT ( 'NONE',  ( -2.749999999999861888, -1.061088502595133765, -3.000000000000000000 ) ) ;
#198 = EDGE_CURVE ( 'NONE', #7798, #4579, #2277, .T. ) ;
#199 = EDGE_LOOP ( 'NONE', ( #1210, #3405 ) ) ;
#200 = EDGE_CURVE ( 'NONE', #1024, #2926, #3371, .T. ) ;
#201 = VERTEX_POINT ( 'NONE', #5265 ) ;
#202 = DIRECTION ( 'NONE',  ( -0.000000000000000000, -0.000000000000000000, 1.000000000000000000 ) ) ;
#203 = DIRECTION ( 'NONE',  ( -0.000000000000000000, -0.000000000000000000, 1.000000000000000000 ) ) ;
#204 = EDGE_LOOP ( 'NONE', ( #4286, #1100 ) ) ;
#205 = AXIS2_PLACEMENT_3D ( 'NONE', #1956, #7291, #4949 ) ;
#206 = ORIENTED_EDGE ( 'NONE', *, *, #4028, .F. ) ;
#207 = CARTESIAN_POINT ( 'NONE',  ( -30.49999999999999645, 13.00000000000000533, 12.00000000000000000 ) ) ;
#208 = CARTESIAN_POINT ( 'NONE',  ( 0.7500000000002627898, -13.06108850259513510, -3.000000000000000000 ) ) ;
#209 = CARTESIAN_POINT ( 'NONE',  ( 5.000000000000015099, 10.93891149740486668, -3.000000000000000000 ) ) ;
#210 = ORIENTED_EDGE ( 'NONE', *, *, #8125, .F. ) ;
#211 = ORIENTED_EDGE ( 'NONE', *, *, #4686, .F. ) ;
#212 = AXIS2_PLACEMENT_3D ( 'NONE', #6236, #2487, #4797 ) ;
#213 = VERTEX_POINT ( 'NONE', #3595 ) ;
#214 = CARTESIAN_POINT ( 'NONE',  ( -12.50000000000000711, 12.93891149740486668, 0.000000000000000000 ) ) ;
#215 = EDGE_LOOP ( 'NONE', ( #1991, #3535 ) ) ;
#216 = FACE_BOUND ( 'NONE', #1707, .T. ) ;
#217 = EDGE_CURVE ( 'NONE', #6269, #6756, #6062, .T. ) ;
#218 = DIRECTION ( 'NONE',  ( -0.000000000000000000, 0.000000000000000000, 1.000000000000000000 ) ) ;
#219 = CARTESIAN_POINT ( 'NONE',  ( -19.99999999999999645, -15.00000000000000000, 1.000000000000000000 ) ) ;
#220 = CIRCLE ( 'NONE', #4793, 0.7500000000000006661 ) ;
#221 = DIRECTION ( 'NONE',  ( 0.000000000000000000, -0.000000000000000000, -1.000000000000000000 ) ) ;
#222 = DIRECTION ( 'NONE',  ( -0.000000000000000000, -0.000000000000000000, 1.000000000000000000 ) ) ;
#223 = CARTESIAN_POINT ( 'NONE',  ( -12.49999999999977796, -9.061088502595131544, -3.000000000000000000 ) ) ;
#224 = ORIENTED_EDGE ( 'NONE', *, *, #8617, .F. ) ;
#225 = AXIS2_PLACEMENT_3D ( 'NONE', #9073, #5195, #3094 ) ;
#226 = EDGE_LOOP ( 'NONE', ( #3110, #5165, #4789, #3671 ) ) ;
#227 = LINE ( 'NONE', #5405, #4254 ) ;
#228 = DIRECTION ( 'NONE',  ( -0.000000000000000000, -0.000000000000000000, 1.000000000000000000 ) ) ;
#229 = EDGE_CURVE ( 'NONE', #3728, #45, #582, .T. ) ;
#230 = FACE_OUTER_BOUND ( 'NONE', #8013, .T. ) ;
#231 = CARTESIAN_POINT ( 'NONE',  ( 8.500000000000097700, 2.938911497404866235, 1.000000000000000000 ) ) ;
#232 = ORIENTED_EDGE ( 'NONE', *, *, #5842, .T. ) ;
#233 = FACE_OUTER_BOUND ( 'NONE', #783, .T. ) ;
#234 = DIRECTION ( 'NONE',  ( -0.000000000000000000, 0.000000000000000000, 1.000000000000000000 ) ) ;
#235 = CARTESIAN_POINT ( 'NONE',  ( -1.249999999999756639, -11.06108850259513332, 0.000000000000000000 ) ) ;
#236 = FACE_OUTER_BOUND ( 'NONE', #9369, .T. ) ;
#237 = EDGE_CURVE ( 'NONE', #3148, #4155, #2900, .T. ) ;
#238 = DIRECTION ( 'NONE',  ( -0.000000000000000000, -0.000000000000000000, 1.000000000000000000 ) ) ;
#239 = DIRECTION ( 'NONE',  ( -0.000000000000000000, 0.000000000000000000, 1.000000000000000000 ) ) ;
#240 = VERTEX_POINT ( 'NONE', #6621 ) ;
#241 = ORIENTED_EDGE ( 'NONE', *, *, #1271, .T. ) ;
#242 = CARTESIAN_POINT ( 'NONE',  ( 5.750000000000182077, -5.061088502595135985, -3.000000000000000000 ) ) ;
#243 = VERTEX_POINT ( 'NONE', #8155 ) ;
#244 = VERTEX_POINT ( 'NONE', #1379 ) ;
#245 = DIRECTION ( 'NONE',  ( -0.000000000000000000, -0.000000000000000000, 1.000000000000000000 ) ) ;
#246 = EDGE_LOOP ( 'NONE', ( #5634, #5116 ) ) ;
#247 = DIRECTION ( 'NONE',  ( -0.000000000000000000, -0.000000000000000000, 1.000000000000000000 ) ) ;
#248 = ORIENTED_EDGE ( 'NONE', *, *, #3410, .F. ) ;
#249 = ORIENTED_EDGE ( 'NONE', *, *, #2251, .F. ) ;
#250 = CARTESIAN_POINT ( 'NONE',  ( 1.500000000000013545, 10.93891149740486668, 1.000000000000000000 ) ) ;
#251 = EDGE_CURVE ( 'NONE', #2203, #9077, #8744, .T. ) ;
#252 = DIRECTION ( 'NONE',  ( 0.000000000000000000, -0.000000000000000000, -1.000000000000000000 ) ) ;
#253 = DIRECTION ( 'NONE',  ( 1.000000000000000000, 0.000000000000000000, 0.000000000000000000 ) ) ;
#254 = ORIENTED_EDGE ( 'NONE', *, *, #5109, .T. ) ;
#255 = ORIENTED_EDGE ( 'NONE', *, *, #7643, .T. ) ;
#256 = FACE_BOUND ( 'NONE', #1434, .T. ) ;
#257 = ORIENTED_EDGE ( 'NONE', *, *, #8539, .F. ) ;
#258 = FACE_BOUND ( 'NONE', #5333, .T. ) ;
#259 = DIRECTION ( 'NONE',  ( 1.000000000000000000, 0.000000000000000000, 0.000000000000000000 ) ) ;
#260 = DIRECTION ( 'NONE',  ( -0.000000000000000000, 0.000000000000000000, 1.000000000000000000 ) ) ;
#261 = FACE_OUTER_BOUND ( 'NONE', #8056, .T. ) ;
#262 = CARTESIAN_POINT ( 'NONE',  ( 12.75000000000007638, 4.938911497404866680, 1.000000000000000000 ) ) ;
#263 = CARTESIAN_POINT ( 'NONE',  ( -6.249999999999987566, 10.93891149740486668, 0.000000000000000000 ) ) ;
#264 = EDGE_LOOP ( 'NONE', ( #4240, #8629 ) ) ;
#265 = ORIENTED_EDGE ( 'NONE', *, *, #9229, .F. ) ;
#267 = ORIENTED_EDGE ( 'NONE', *, *, #771, .F. ) ;
#266 = EDGE_CURVE ( 'NONE', #5699, #7985, #2175, .T. ) ;
#268 = CARTESIAN_POINT ( 'NONE',  ( 12.00000000000009770, 2.938911497404866235, 0.000000000000000000 ) ) ;
#269 = ORIENTED_EDGE ( 'NONE', *, *, #7972, .T. ) ;
#270 = AXIS2_PLACEMENT_3D ( 'NONE', #3429, #6399, #9362 ) ;
#271 = CARTESIAN_POINT ( 'NONE',  ( -13.24999999999998757, 10.93891149740486668, -3.000000000000000000 ) ) ;
#272 = DIRECTION ( 'NONE',  ( 1.000000000000000000, 0.000000000000000000, 0.000000000000000000 ) ) ;
#273 = CARTESIAN_POINT ( 'NONE',  ( 12.00000000000026468, -13.06108850259513510, -3.000000000000000000 ) ) ;
#274 = DIRECTION ( 'NONE',  ( 1.000000000000000000, 0.000000000000000000, 0.000000000000000000 ) ) ;
#275 = VERTEX_POINT ( 'NONE', #4422 ) ;
#276 = CYLINDRICAL_SURFACE ( 'NONE', #3687, 0.7500000000000004441 ) ;
#277 = CARTESIAN_POINT ( 'NONE',  ( 8.500000000000222045, -9.061088502595131544, 0.000000000000000000 ) ) ;
#278 = DIRECTION ( 'NONE',  ( 1.000000000000000000, 0.000000000000000000, 0.000000000000000000 ) ) ;
#279 = ADVANCED_FACE ( 'NONE', ( #1567 ), #684, .F. ) ;
#280 = EDGE_CURVE ( 'NONE', #1682, #7834, #2429, .T. ) ;
#281 = ORIENTED_EDGE ( 'NONE', *, *, #4594, .T. ) ;
#282 = DIRECTION ( 'NONE',  ( 1.000000000000000000, 0.000000000000000000, 0.000000000000000000 ) ) ;
#283 = ORIENTED_EDGE ( 'NONE', *, *, #5727, .F. ) ;
#284 = DIRECTION ( 'NONE',  ( 0.000000000000000000, 0.000000000000000000, 1.000000000000000000 ) ) ;
#285 = DIRECTION ( 'NONE',  ( 1.000000000000000000, 0.000000000000000000, 0.000000000000000000 ) ) ;
#286 = AXIS2_PLACEMENT_3D ( 'NONE', #2258, #4464, #7535 ) ;
#287 = VERTEX_POINT ( 'NONE', #9763 ) ;
#288 = EDGE_LOOP ( 'NONE', ( #3742, #6742, #1732, #5248 ) ) ;
#289 = DIRECTION ( 'NONE',  ( 1.000000000000000000, 0.000000000000000000, 0.000000000000000000 ) ) ;
#290 = EDGE_CURVE ( 'NONE', #9263, #2573, #7549, .T. ) ;
#291 = EDGE_CURVE ( 'NONE', #649, #2678, #6812, .T. ) ;
#292 = VECTOR ( 'NONE', #7608, 1000.000000000000000 ) ;
#293 = EDGE_CURVE ( 'NONE', #3719, #7066, #6046, .T. ) ;
#294 = ORIENTED_EDGE ( 'NONE', *, *, #3040, .T. ) ;
#295 = CARTESIAN_POINT ( 'NONE',  ( -1.249999999999923173, 4.938911497404866680, -3.000000000000000000 ) ) ;
#296 = EDGE_LOOP ( 'NONE', ( #6095, #2329, #5183, #2703 ) ) ;
#297 = CYLINDRICAL_SURFACE ( 'NONE', #1128, 0.7500000000000006661 ) ;
#298 = ORIENTED_EDGE ( 'NONE', *, *, #9130, .F. ) ;
#299 = ORIENTED_EDGE ( 'NONE', *, *, #7811, .F. ) ;
#300 = FACE_OUTER_BOUND ( 'NONE', #9311, .T. ) ;
#301 = CIRCLE ( 'NONE', #5172, 0.7500000000000006661 ) ;
#302 = DIRECTION ( 'NONE',  ( 1.000000000000000000, 0.000000000000000000, 0.000000000000000000 ) ) ;
#303 = ORIENTED_EDGE ( 'NONE', *, *, #3083, .T. ) ;
#304 = VECTOR ( 'NONE', #9287, 1000.000000000000000 ) ;
#305 = FACE_BOUND ( 'NONE', #9100, .T. ) ;
#306 = VERTEX_POINT ( 'NONE', #6307 ) ;
#307 = CARTESIAN_POINT ( 'NONE',  ( -8.999999999999737099, -13.06108850259513510, 1.000000000000000000 ) ) ;
#308 = DIRECTION ( 'NONE',  ( -0.000000000000000000, -0.000000000000000000, 1.000000000000000000 ) ) ;
#309 = FACE_OUTER_BOUND ( 'NONE', #9615, .T. ) ;
#310 = DIRECTION ( 'NONE',  ( -0.000000000000000000, -0.000000000000000000, 1.000000000000000000 ) ) ;
#311 = LINE ( 'NONE', #3337, #9047 ) ;
#312 = AXIS2_PLACEMENT_3D ( 'NONE', #6109, #8546, #3306 ) ;
#313 = DIRECTION ( 'NONE',  ( -0.000000000000000000, 0.000000000000000000, 1.000000000000000000 ) ) ;
#314 = ORIENTED_EDGE ( 'NONE', *, *, #5940, .F. ) ;
#315 = EDGE_LOOP ( 'NONE', ( #3098, #682, #2252, #2410 ) ) ;
#316 = EDGE_CURVE ( 'NONE', #7502, #923, #5401, .T. ) ;
#317 = DIRECTION ( 'NONE',  ( -0.000000000000000000, -0.000000000000000000, 1.000000000000000000 ) ) ;
#318 = EDGE_CURVE ( 'NONE', #2672, #5963, #5093, .T. ) ;
#319 = ORIENTED_EDGE ( 'NONE', *, *, #2944, .T. ) ;
#320 = CIRCLE ( 'NONE', #7593, 0.7500000000000006661 ) ;
#321 = CARTESIAN_POINT ( 'NONE',  ( -8.999999999999904077, 2.938911497404866235, 0.000000000000000000 ) ) ;
#322 = DIRECTION ( 'NONE',  ( 0.000000000000000000, -0.000000000000000000, 1.000000000000000000 ) ) ;
#323 = AXIS2_PLACEMENT_3D ( 'NONE', #575, #9473, #5007 ) ;
#324 = VECTOR ( 'NONE', #6503, 1000.000000000000000 ) ;
#325 = DIRECTION ( 'NONE',  ( -0.000000000000000000, -0.000000000000000000, 1.000000000000000000 ) ) ;
#326 = CYLINDRICAL_SURFACE ( 'NONE', #9353, 0.7500000000000006661 ) ;
#327 = EDGE_LOOP ( 'NONE', ( #5734, #1640, #7495, #1254 ) ) ;
#328 = CARTESIAN_POINT ( 'NONE',  ( 5.000000000000222933, -9.061088502595131544, 1.000000000000000000 ) ) ;
#329 = DIRECTION ( 'NONE',  ( 1.000000000000000000, 0.000000000000000000, -0.000000000000000000 ) ) ;
#330 = CARTESIAN_POINT ( 'NONE',  ( 12.75000000000001421, 10.93891149740486668, 0.000000000000000000 ) ) ;
#331 = AXIS2_PLACEMENT_3D ( 'NONE', #9141, #8272, #3805 ) ;
#332 = AXIS2_PLACEMENT_3D ( 'NONE', #2650, #1961, #9367 ) ;
#333 = AXIS2_PLACEMENT_3D ( 'NONE', #8953, #8909, #1436 ) ;
#334 = EDGE_LOOP ( 'NONE', ( #4296, #4210, #4717, #2738 ) ) ;
#335 = DIRECTION ( 'NONE',  ( -0.000000000000000000, -0.000000000000000000, 1.000000000000000000 ) ) ;
#336 = VECTOR ( 'NONE', #5488, 1000.000000000000000 ) ;
#337 = PLANE ( 'NONE',  #4427 ) ;
#338 = VECTOR ( 'NONE', #1147, 1000.000000000000000 ) ;
#339 = CARTESIAN_POINT ( 'NONE',  ( -8.249999999999840128, -3.061088502595133765, -3.000000000000000000 ) ) ;
#340 = VERTEX_POINT ( 'NONE', #1770 ) ;
#341 = AXIS2_PLACEMENT_3D ( 'NONE', #7710, #8260, #6168 ) ;
#342 = ADVANCED_FACE ( 'NONE', ( #6260 ), #6215, .F. ) ;
#344 = CARTESIAN_POINT ( 'NONE',  ( 18.49999999999999645, 12.93891149740486846, 0.000000000000000000 ) ) ;
#343 = VECTOR ( 'NONE', #5725, 1000.000000000000000 ) ;
#345 = DIRECTION ( 'NONE',  ( -0.000000000000000000, -0.000000000000000000, 1.000000000000000000 ) ) ;
#346 = CIRCLE ( 'NONE', #3195, 0.7500000000000006661 ) ;
#347 = ORIENTED_EDGE ( 'NONE', *, *, #4092, .F. ) ;
#348 = VECTOR ( 'NONE', #5304, 1000.000000000000000 ) ;
#349 = ORIENTED_EDGE ( 'NONE', *, *, #534, .F. ) ;
#350 = CARTESIAN_POINT ( 'NONE',  ( -2.000000000000007105, 12.93891149740486668, 1.000000000000000000 ) ) ;
#351 = DIRECTION ( 'NONE',  ( 1.000000000000000000, 0.000000000000000000, 0.000000000000000000 ) ) ;
#352 = VERTEX_POINT ( 'NONE', #3985 ) ;
#353 = ADVANCED_FACE ( 'NONE', ( #7809 ), #1031, .F. ) ;
#354 = ORIENTED_EDGE ( 'NONE', *, *, #638, .F. ) ;
#355 = CARTESIAN_POINT ( 'NONE',  ( -8.249999999999904077, 2.938911497404866235, -3.000000000000000000 ) ) ;
#356 = AXIS2_PLACEMENT_3D ( 'NONE', #3777, #3833, #6760 ) ;
#357 = DIRECTION ( 'NONE',  ( -0.000000000000000000, 0.000000000000000000, 1.000000000000000000 ) ) ;
#358 = CIRCLE ( 'NONE', #2269, 0.7500000000000006661 ) ;
#359 = ORIENTED_EDGE ( 'NONE', *, *, #7223, .F. ) ;
#360 = FACE_BOUND ( 'NONE', #5938, .T. ) ;
#361 = AXIS2_PLACEMENT_3D ( 'NONE', #5801, #5003, #8737 ) ;
#362 = EDGE_LOOP ( 'NONE', ( #8506, #8336 ) ) ;
#363 = CYLINDRICAL_SURFACE ( 'NONE', #9586, 0.7500000000000006661 ) ;
#364 = ADVANCED_FACE ( 'NONE', ( #3149 ), #127, .F. ) ;
#365 = CARTESIAN_POINT ( 'NONE',  ( -20.00000000000000000, 15.00000000000000178, 1.000000000000000000 ) ) ;
#366 = AXIS2_PLACEMENT_3D ( 'NONE', #8696, #1985, #4230 ) ;
#367 = DIRECTION ( 'NONE',  ( 0.000000000000000000, -0.000000000000000000, -1.000000000000000000 ) ) ;
#368 = DIRECTION ( 'NONE',  ( 1.000000000000000000, 0.000000000000000000, 0.000000000000000000 ) ) ;
#369 = DIRECTION ( 'NONE',  ( 1.000000000000000000, 0.000000000000000000, 0.000000000000000000 ) ) ;
#370 = CIRCLE ( 'NONE', #9673, 0.7500000000000006661 ) ;
#371 = ORIENTED_EDGE ( 'NONE', *, *, #7411, .T. ) ;
#372 = AXIS2_PLACEMENT_3D ( 'NONE', #5562, #8592, #6104 ) ;
#373 = CARTESIAN_POINT ( 'NONE',  ( 7.750000000000222045, -9.061088502595131544, 0.000000000000000000 ) ) ;
#374 = ORIENTED_EDGE ( 'NONE', *, *, #2977, .F. ) ;
#375 = DIRECTION ( 'NONE',  ( -0.000000000000000000, -0.000000000000000000, 1.000000000000000000 ) ) ;
#376 = DIRECTION ( 'NONE',  ( 1.000000000000000000, 0.000000000000000000, 0.000000000000000000 ) ) ;
#377 = AXIS2_PLACEMENT_3D ( 'NONE', #5434, #4009, #900 ) ;
#378 = CARTESIAN_POINT ( 'NONE',  ( 5.750000000000161648, -3.061088502595133765, -3.000000000000000000 ) ) ;
#379 = DIRECTION ( 'NONE',  ( 1.000000000000000000, 0.000000000000000000, 0.000000000000000000 ) ) ;
#380 = ORIENTED_EDGE ( 'NONE', *, *, #2623, .F. ) ;
#381 = EDGE_CURVE ( 'NONE', #5975, #6594, #5349, .T. ) ;
#382 = CARTESIAN_POINT ( 'NONE',  ( 12.00000000000018119, -5.061088502595135985, 1.000000000000000000 ) ) ;
#383 = CARTESIAN_POINT ( 'NONE',  ( 7.750000000000034639, 8.938911497404866680, 0.000000000000000000 ) ) ;
#384 = EDGE_CURVE ( 'NONE', #4923, #581, #2365, .T. ) ;
#385 = EDGE_CURVE ( 'NONE', #8439, #2889, #1636, .T. ) ;
#386 = CARTESIAN_POINT ( 'NONE',  ( 30.50000000000000711, 9.000000000000001776, 2.000000000000000000 ) ) ;
#387 = AXIS2_PLACEMENT_3D ( 'NONE', #180, #2660, #5561 ) ;
#388 = ORIENTED_EDGE ( 'NONE', *, *, #2204, .T. ) ;
#389 = CARTESIAN_POINT ( 'NONE',  ( -8.999999999999737099, -13.06108850259513510, 0.000000000000000000 ) ) ;
#390 = ORIENTED_EDGE ( 'NONE', *, *, #967, .T. ) ;
#391 = DIRECTION ( 'NONE',  ( 1.000000000000000000, 0.000000000000000000, 0.000000000000000000 ) ) ;
#392 = CARTESIAN_POINT ( 'NONE',  ( -11.74999999999975664, -11.06108850259513332, 1.000000000000000000 ) ) ;
#393 = VERTEX_POINT ( 'NONE', #9227 ) ;
#394 = CARTESIAN_POINT ( 'NONE',  ( 2.250000000000139000, -1.061088502595133765, 0.000000000000000000 ) ) ;
#395 = EDGE_CURVE ( 'NONE', #2199, #2184, #5890, .T. ) ;
#396 = FACE_OUTER_BOUND ( 'NONE', #2801, .T. ) ;
#397 = ORIENTED_EDGE ( 'NONE', *, *, #1614, .T. ) ;
#398 = EDGE_CURVE ( 'NONE', #8005, #8165, #1668, .T. ) ;
#399 = ORIENTED_EDGE ( 'NONE', *, *, #5239, .F. ) ;
#400 = DIRECTION ( 'NONE',  ( -0.000000000000000000, -0.000000000000000000, 1.000000000000000000 ) ) ;
#401 = EDGE_LOOP ( 'NONE', ( #6635, #1777, #9773, #9686 ) ) ;
#402 = CYLINDRICAL_SURFACE ( 'NONE', #7452, 0.7500000000000004441 ) ;
#403 = ORIENTED_EDGE ( 'NONE', *, *, #2962, .T. ) ;
#404 = ORIENTED_EDGE ( 'NONE', *, *, #5441, .T. ) ;
#405 = CARTESIAN_POINT ( 'NONE',  ( -6.249999999999778844, -9.061088502595131544, -3.000000000000000000 ) ) ;
#406 = DIRECTION ( 'NONE',  ( -0.000000000000000000, 0.000000000000000000, 1.000000000000000000 ) ) ;
#407 = VERTEX_POINT ( 'NONE', #7062 ) ;
#408 = EDGE_CURVE ( 'NONE', #2921, #7652, #1329, .T. ) ;
#409 = DIRECTION ( 'NONE',  ( -0.000000000000000000, 0.000000000000000000, 1.000000000000000000 ) ) ;
#410 = EDGE_LOOP ( 'NONE', ( #5330, #1968, #4691, #2313 ) ) ;
#411 = DIRECTION ( 'NONE',  ( -0.000000000000000000, -0.000000000000000000, 1.000000000000000000 ) ) ;
#412 = DIRECTION ( 'NONE',  ( 1.000000000000000000, 0.000000000000000000, 0.000000000000000000 ) ) ;
#413 = LINE ( 'NONE', #3431, #5345 ) ;
#414 = DIRECTION ( 'NONE',  ( -0.000000000000000000, -0.000000000000000000, 1.000000000000000000 ) ) ;
#415 = DIRECTION ( 'NONE',  ( 0.000000000000000000, -1.000000000000000000, 0.000000000000000000 ) ) ;
#416 = EDGE_LOOP ( 'NONE', ( #4091, #3997 ) ) ;
#417 = ORIENTED_EDGE ( 'NONE', *, *, #3987, .T. ) ;
#418 = ADVANCED_FACE ( 'NONE', ( #3103 ), #4664, .F. ) ;
#419 = EDGE_CURVE ( 'NONE', #4141, #6241, #8901, .T. ) ;
#420 = ADVANCED_FACE ( 'NONE', ( #8488 ), #181, .F. ) ;
#421 = DIRECTION ( 'NONE',  ( 1.000000000000000000, 0.000000000000000000, 0.000000000000000000 ) ) ;
#422 = EDGE_LOOP ( 'NONE', ( #1533, #2579 ) ) ;
#423 = DIRECTION ( 'NONE',  ( -0.000000000000000000, 0.000000000000000000, 1.000000000000000000 ) ) ;
#424 = DIRECTION ( 'NONE',  ( 0.000000000000000000, -1.000000000000000000, 0.000000000000000000 ) ) ;
#425 = DIRECTION ( 'NONE',  ( -0.000000000000000000, -0.000000000000000000, 1.000000000000000000 ) ) ;
#426 = CARTESIAN_POINT ( 'NONE',  ( 1.500000000000075939, 4.938911497404866680, -3.000000000000000000 ) ) ;
#427 = ORIENTED_EDGE ( 'NONE', *, *, #2476, .T. ) ;
#428 = DIRECTION ( 'NONE',  ( 1.000000000000000000, 0.000000000000000000, 0.000000000000000000 ) ) ;
#429 = CARTESIAN_POINT ( 'NONE',  ( -30.49999999999999645, 9.000000000000005329, 2.000000000000000000 ) ) ;
#430 = DIRECTION ( 'NONE',  ( 1.000000000000000000, 0.000000000000000000, 0.000000000000000000 ) ) ;
#431 = CIRCLE ( 'NONE', #592, 0.7500000000000004441 ) ;
#432 = DIRECTION ( 'NONE',  ( 0.000000000000000000, -0.000000000000000000, -1.000000000000000000 ) ) ;
#433 = DIRECTION ( 'NONE',  ( 1.000000000000000000, 8.673617379884012792E-16, 0.000000000000000000 ) ) ;
#434 = CARTESIAN_POINT ( 'NONE',  ( -1.999999999999840350, -3.061088502595133765, -3.000000000000000000 ) ) ;
#435 = ORIENTED_EDGE ( 'NONE', *, *, #8507, .F. ) ;
#436 = DIRECTION ( 'NONE',  ( 0.000000000000000000, -0.000000000000000000, -1.000000000000000000 ) ) ;
#437 = LINE ( 'NONE', #3457, #3627 ) ;
#438 = LINE ( 'NONE', #1085, #815 ) ;
#439 = VECTOR ( 'NONE', #1816, 1000.000000000000000 ) ;
#440 = EDGE_CURVE ( 'NONE', #1839, #546, #4712, .T. ) ;
#441 = ORIENTED_EDGE ( 'NONE', *, *, #8126, .T. ) ;
#442 = CARTESIAN_POINT ( 'NONE',  ( -9.000000000000007105, 12.93891149740486668, -3.000000000000000000 ) ) ;
#443 = ORIENTED_EDGE ( 'NONE', *, *, #1722, .T. ) ;
#444 = ADVANCED_FACE ( 'NONE', ( #2511 ), #9381, .F. ) ;
#445 = CARTESIAN_POINT ( 'NONE',  ( 0.7500000000000129896, 10.93891149740486668, 0.000000000000000000 ) ) ;
#446 = ORIENTED_EDGE ( 'NONE', *, *, #7285, .T. ) ;
#447 = VERTEX_POINT ( 'NONE', #7166 ) ;
#448 = FACE_OUTER_BOUND ( 'NONE', #7613, .T. ) ;
#449 = DIRECTION ( 'NONE',  ( -0.000000000000000000, -0.000000000000000000, 1.000000000000000000 ) ) ;
#450 = CIRCLE ( 'NONE', #4541, 0.7500000000000006661 ) ;
#451 = EDGE_LOOP ( 'NONE', ( #1096, #6818 ) ) ;
#452 = CARTESIAN_POINT ( 'NONE',  ( 8.500000000000159872, -3.061088502595133765, 0.000000000000000000 ) ) ;
#453 = CIRCLE ( 'NONE', #9761, 0.7500000000000006661 ) ;
#454 = DIRECTION ( 'NONE',  ( 0.000000000000000000, -1.000000000000000000, 0.000000000000000000 ) ) ;
#455 = DIRECTION ( 'NONE',  ( 0.000000000000000000, -0.000000000000000000, -1.000000000000000000 ) ) ;
#456 = LINE ( 'NONE', #4992, #8690 ) ;
#457 = EDGE_CURVE ( 'NONE', #4414, #4147, #6833, .T. ) ;
#458 = DIRECTION ( 'NONE',  ( -0.000000000000000000, -0.000000000000000000, -1.000000000000000000 ) ) ;
#459 = ORIENTED_EDGE ( 'NONE', *, *, #9241, .T. ) ;
#460 = CARTESIAN_POINT ( 'NONE',  ( 28.49999999999999645, -11.00000000000000178, 7.000000000000000000 ) ) ;
#461 = AXIS2_PLACEMENT_3D ( 'NONE', #350, #7672, #6980 ) ;
#462 = ORIENTED_EDGE ( 'NONE', *, *, #1544, .F. ) ;
#463 = VERTEX_POINT ( 'NONE', #1074 ) ;
#464 = DIRECTION ( 'NONE',  ( 1.000000000000000000, 0.000000000000000000, 0.000000000000000000 ) ) ;
#465 = ORIENTED_EDGE ( 'NONE', *, *, #505, .F. ) ;
#466 = DIRECTION ( 'NONE',  ( 1.000000000000000000, 0.000000000000000000, 0.000000000000000000 ) ) ;
#467 = CARTESIAN_POINT ( 'NONE',  ( -2.749999999999778844, -9.061088502595131544, 0.000000000000000000 ) ) ;
#468 = CARTESIAN_POINT ( 'NONE',  ( -5.499999999999944933, 6.938911497404866680, -3.000000000000000000 ) ) ;
#469 = FILL_AREA_STYLE ('',( #5609 ) ) ;
#470 = ORIENTED_EDGE ( 'NONE', *, *, #6115, .F. ) ;
#471 = CARTESIAN_POINT ( 'NONE',  ( 1.500000000000159206, -3.061088502595133765, -3.000000000000000000 ) ) ;
#472 = ADVANCED_FACE ( 'NONE', ( #8639 ), #3445, .T. ) ;
#473 = CARTESIAN_POINT ( 'NONE',  ( -28.50000000000000711, -11.00000000000000178, 7.000000000000000000 ) ) ;
#474 = DIRECTION ( 'NONE',  ( -0.000000000000000000, -0.000000000000000000, 1.000000000000000000 ) ) ;
#475 = AXIS2_PLACEMENT_3D ( 'NONE', #1969, #375, #1068 ) ;
#476 = AXIS2_PLACEMENT_3D ( 'NONE', #4743, #7781, #3508 ) ;
#477 = CIRCLE ( 'NONE', #3163, 0.7500000000000006661 ) ;
#478 = ORIENTED_EDGE ( 'NONE', *, *, #9483, .F. ) ;
#479 = CARTESIAN_POINT ( 'NONE',  ( 2.250000000000097256, 2.938911497404866235, 0.000000000000000000 ) ) ;
#480 = CARTESIAN_POINT ( 'NONE',  ( 11.25000000000020073, -7.061088502595134209, -3.000000000000000000 ) ) ;
#481 = LINE ( 'NONE', #3147, #4918 ) ;
#482 = VERTEX_POINT ( 'NONE', #9573 ) ;
#483 = VECTOR ( 'NONE', #6458, 1000.000000000000000 ) ;
#484 = DIRECTION ( 'NONE',  ( 1.000000000000000000, 0.000000000000000000, 0.000000000000000000 ) ) ;
#485 = EDGE_CURVE ( 'NONE', #9637, #565, #990, .T. ) ;
#486 = CIRCLE ( 'NONE', #6003, 0.7500000000000006661 ) ;
#487 = DIRECTION ( 'NONE',  ( 0.000000000000000000, -0.000000000000000000, -1.000000000000000000 ) ) ;
#488 = VECTOR ( 'NONE', #2066, 1000.000000000000000 ) ;
#489 = CIRCLE ( 'NONE', #963, 0.7500000000000006661 ) ;
#490 = AXIS2_PLACEMENT_3D ( 'NONE', #9302, #218, #3284 ) ;
#491 = CIRCLE ( 'NONE', #4277, 0.7500000000000006661 ) ;
#492 = VERTEX_POINT ( 'NONE', #4221 ) ;
#493 = CYLINDRICAL_SURFACE ( 'NONE', #1728, 0.7500000000000006661 ) ;
#494 = ORIENTED_EDGE ( 'NONE', *, *, #2687, .T. ) ;
#495 = AXIS2_PLACEMENT_3D ( 'NONE', #4701, #3246, #964 ) ;
#496 = AXIS2_PLACEMENT_3D ( 'NONE', #2730, #345, #3368 ) ;
#497 = DIRECTION ( 'NONE',  ( -0.000000000000000000, -0.000000000000000000, 1.000000000000000000 ) ) ;
#498 = FACE_BOUND ( 'NONE', #1648, .T. ) ;
#499 = VERTEX_POINT ( 'NONE', #383 ) ;
#500 = VERTEX_POINT ( 'NONE', #6367 ) ;
#501 = DIRECTION ( 'NONE',  ( -0.000000000000000000, 0.000000000000000000, 1.000000000000000000 ) ) ;
#502 = FACE_OUTER_BOUND ( 'NONE', #8469, .T. ) ;
#503 = CIRCLE ( 'NONE', #7300, 0.7500000000000006661 ) ;
#504 = EDGE_CURVE ( 'NONE', #1839, #7520, #9663, .T. ) ;
#505 = EDGE_CURVE ( 'NONE', #5986, #6971, #5006, .T. ) ;
#506 = AXIS2_PLACEMENT_3D ( 'NONE', #460, #6506, #1165 ) ;
#507 = EDGE_LOOP ( 'NONE', ( #462, #5243, #8417, #7389 ) ) ;
#508 = CARTESIAN_POINT ( 'NONE',  ( 8.500000000000097700, 2.938911497404866235, -3.000000000000000000 ) ) ;
#509 = AXIS2_PLACEMENT_3D ( 'NONE', #8144, #7398, #2259 ) ;
#510 = AXIS2_PLACEMENT_3D ( 'NONE', #1187, #5811, #9617 ) ;
#511 = DIRECTION ( 'NONE',  ( 0.000000000000000000, 0.000000000000000000, 1.000000000000000000 ) ) ;
#512 = CARTESIAN_POINT ( 'NONE',  ( -32.50000000000000000, 17.50000000000000000, 2.000000000000000000 ) ) ;
#513 = DIRECTION ( 'NONE',  ( 1.000000000000000000, 0.000000000000000000, 0.000000000000000000 ) ) ;
#514 = DIRECTION ( 'NONE',  ( 1.000000000000000000, 0.000000000000000000, 0.000000000000000000 ) ) ;
#515 = ORIENTED_EDGE ( 'NONE', *, *, #3594, .F. ) ;
#516 = AXIS2_PLACEMENT_3D ( 'NONE', #2770, #9528, #4965 ) ;
#517 = ORIENTED_EDGE ( 'NONE', *, *, #1018, .T. ) ;
#518 = ORIENTED_EDGE ( 'NONE', *, *, #9680, .F. ) ;
#519 = AXIS2_PLACEMENT_3D ( 'NONE', #6212, #9224, #4769 ) ;
#520 = FACE_BOUND ( 'NONE', #2315, .T. ) ;
#521 = EDGE_CURVE ( 'NONE', #2673, #615, #1785, .T. ) ;
#522 = ORIENTED_EDGE ( 'NONE', *, *, #3324, .T. ) ;
#523 = DIRECTION ( 'NONE',  ( -0.000000000000000000, -0.000000000000000000, -1.000000000000000000 ) ) ;
#524 = CIRCLE ( 'NONE', #6199, 0.7500000000000004441 ) ;
#525 = DIRECTION ( 'NONE',  ( -0.000000000000000000, 0.000000000000000000, 1.000000000000000000 ) ) ;
#526 = DIRECTION ( 'NONE',  ( -0.000000000000000000, -0.000000000000000000, 1.000000000000000000 ) ) ;
#527 = CARTESIAN_POINT ( 'NONE',  ( 9.250000000000161648, -3.061088502595133765, -3.000000000000000000 ) ) ;
#528 = VERTEX_POINT ( 'NONE', #3547 ) ;
#529 = VECTOR ( 'NONE', #958, 1000.000000000000000 ) ;
#530 = CARTESIAN_POINT ( 'NONE',  ( 12.00000000000015987, -3.061088502595133765, 0.000000000000000000 ) ) ;
#531 = CARTESIAN_POINT ( 'NONE',  ( -26.49999999999999645, 13.00000000000000711, 2.000000000000000000 ) ) ;
#532 = DIRECTION ( 'NONE',  ( 1.000000000000000000, 0.000000000000000000, 0.000000000000000000 ) ) ;
#533 = VECTOR ( 'NONE', #2320, 1000.000000000000000 ) ;
#534 = EDGE_CURVE ( 'NONE', #7971, #4224, #4135, .T. ) ;
#535 = CARTESIAN_POINT ( 'NONE',  ( -8.999999999999882760, 0.9389114974048661244, 0.000000000000000000 ) ) ;
#536 = VERTEX_POINT ( 'NONE', #6417 ) ;
#537 = CARTESIAN_POINT ( 'NONE',  ( -1.999999999999819700, -5.061088502595135985, -3.000000000000000000 ) ) ;
#538 = CARTESIAN_POINT ( 'NONE',  ( -2.750000000000007550, 12.93891149740486668, 1.000000000000000000 ) ) ;
#539 = VERTEX_POINT ( 'NONE', #7108 ) ;
#540 = DIRECTION ( 'NONE',  ( -0.000000000000000000, -0.000000000000000000, 1.000000000000000000 ) ) ;
#541 = FACE_OUTER_BOUND ( 'NONE', #8614, .T. ) ;
#542 = ADVANCED_FACE ( 'NONE', ( #8044 ), #5804, .F. ) ;
#543 = EDGE_CURVE ( 'NONE', #4999, #3857, #4444, .T. ) ;
#544 = ORIENTED_EDGE ( 'NONE', *, *, #6430, .F. ) ;
#545 = CARTESIAN_POINT ( 'NONE',  ( 1.499999999999992673, 12.93891149740486668, 0.000000000000000000 ) ) ;
#546 = VERTEX_POINT ( 'NONE', #7312 ) ;
#547 = AXIS2_PLACEMENT_3D ( 'NONE', #4552, #6796, #3824 ) ;
#548 = DIRECTION ( 'NONE',  ( -0.000000000000000000, -0.000000000000000000, 1.000000000000000000 ) ) ;
#549 = FACE_BOUND ( 'NONE', #881, .T. ) ;
#550 = ORIENTED_EDGE ( 'NONE', *, *, #7186, .F. ) ;
#551 = ORIENTED_EDGE ( 'NONE', *, *, #5600, .T. ) ;
#552 = DIRECTION ( 'NONE',  ( -0.000000000000000000, -0.000000000000000000, 1.000000000000000000 ) ) ;
#553 = DIRECTION ( 'NONE',  ( 1.000000000000000000, 0.000000000000000000, 0.000000000000000000 ) ) ;
#554 = ORIENTED_EDGE ( 'NONE', *, *, #7580, .F. ) ;
#555 = ORIENTED_EDGE ( 'NONE', *, *, #9669, .F. ) ;
#556 = DIRECTION ( 'NONE',  ( 1.000000000000000000, 0.000000000000000000, 0.000000000000000000 ) ) ;
#557 = EDGE_CURVE ( 'NONE', #7544, #808, #9420, .T. ) ;
#558 =( LENGTH_UNIT ( ) NAMED_UNIT ( * ) SI_UNIT ( .MILLI., .METRE. ) );
#559 = CARTESIAN_POINT ( 'NONE',  ( 11.24999999999999289, 12.93891149740486668, -3.000000000000000000 ) ) ;
#560 = VERTEX_POINT ( 'NONE', #6569 ) ;
#561 = CARTESIAN_POINT ( 'NONE',  ( 0.7500000000000338618, 8.938911497404866680, -3.000000000000000000 ) ) ;
#562 = CARTESIAN_POINT ( 'NONE',  ( 16.49999999999999289, 2.201764411816715999E-15, 0.000000000000000000 ) ) ;
#563 = VERTEX_POINT ( 'NONE', #1821 ) ;
#564 = EDGE_LOOP ( 'NONE', ( #3505, #3455, #5834, #8042 ) ) ;
#565 = VERTEX_POINT ( 'NONE', #4822 ) ;
#566 = FACE_OUTER_BOUND ( 'NONE', #9053, .T. ) ;
#567 = ORIENTED_EDGE ( 'NONE', *, *, #5494, .F. ) ;
#568 = EDGE_CURVE ( 'NONE', #3238, #4082, #7852, .T. ) ;
#569 = CARTESIAN_POINT ( 'NONE',  ( -32.50000000000000000, 17.50000000000000000, 2.000000000000000000 ) ) ;
#570 = EDGE_CURVE ( 'NONE', #7570, #7544, #8686, .T. ) ;
#571 = CARTESIAN_POINT ( 'NONE',  ( 12.00000000000018119, -5.061088502595135985, 1.000000000000000000 ) ) ;
#572 = CARTESIAN_POINT ( 'NONE',  ( -6.249999999999945821, 6.938911497404866680, 1.000000000000000000 ) ) ;
#573 = CYLINDRICAL_SURFACE ( 'NONE', #3854, 0.7500000000000006661 ) ;
#574 = CARTESIAN_POINT ( 'NONE',  ( 12.00000000000007638, 4.938911497404866680, 1.000000000000000000 ) ) ;
#575 = CARTESIAN_POINT ( 'NONE',  ( 8.500000000000138556, -1.061088502595133765, 0.000000000000000000 ) ) ;
#576 = EDGE_CURVE ( 'NONE', #3563, #1925, #6190, .T. ) ;
#577 = VERTEX_POINT ( 'NONE', #4178 ) ;
#578 = CARTESIAN_POINT ( 'NONE',  ( -8.999999999999925393, 4.938911497404866680, 0.000000000000000000 ) ) ;
#579 = DIRECTION ( 'NONE',  ( 1.000000000000000000, 0.000000000000000000, 0.000000000000000000 ) ) ;
#580 = DIRECTION ( 'NONE',  ( -0.000000000000000000, -0.000000000000000000, 1.000000000000000000 ) ) ;
#581 = VERTEX_POINT ( 'NONE', #8741 ) ;
#582 = LINE ( 'NONE', #8299, #6848 ) ;
#583 = CARTESIAN_POINT ( 'NONE',  ( -12.49999999999994493, 6.938911497404866680, 1.000000000000000000 ) ) ;
#584 = ADVANCED_FACE ( 'NONE', ( #1976 ), #1222, .F. ) ;
#585 = EDGE_CURVE ( 'NONE', #2370, #754, #2261, .T. ) ;
#586 = AXIS2_PLACEMENT_3D ( 'NONE', #2047, #9735, #5178 ) ;
#587 = ORIENTED_EDGE ( 'NONE', *, *, #1359, .T. ) ;
#588 = LINE ( 'NONE', #2679, #3314 ) ;
#589 = ORIENTED_EDGE ( 'NONE', *, *, #4686, .T. ) ;
#590 = LINE ( 'NONE', #2875, #8079 ) ;
#591 = FACE_BOUND ( 'NONE', #4614, .T. ) ;
#592 = AXIS2_PLACEMENT_3D ( 'NONE', #2600, #7290, #8669 ) ;
#593 = ORIENTED_EDGE ( 'NONE', *, *, #8765, .F. ) ;
#594 = EDGE_LOOP ( 'NONE', ( #8815, #3280, #8590, #4801 ) ) ;
#595 = DIRECTION ( 'NONE',  ( -0.000000000000000000, -0.000000000000000000, 1.000000000000000000 ) ) ;
#596 = CARTESIAN_POINT ( 'NONE',  ( -1.999999999999965361, 8.938911497404866680, 1.000000000000000000 ) ) ;
#597 = ADVANCED_FACE ( 'NONE', ( #1327 ), #5947, .F. ) ;
#598 = ADVANCED_FACE ( 'NONE', ( #2123 ), #7360, .F. ) ;
#599 = EDGE_CURVE ( 'NONE', #4570, #7386, #7450, .T. ) ;
#600 = ORIENTED_EDGE ( 'NONE', *, *, #3675, .T. ) ;
#601 = ORIENTED_EDGE ( 'NONE', *, *, #7680, .F. ) ;
#602 = DIRECTION ( 'NONE',  ( -0.000000000000000000, 0.000000000000000000, 1.000000000000000000 ) ) ;
#603 = DIRECTION ( 'NONE',  ( 1.000000000000000000, 0.000000000000000000, 0.000000000000000000 ) ) ;
#604 = CARTESIAN_POINT ( 'NONE',  ( 9.250000000000140332, -1.061088502595133765, 0.000000000000000000 ) ) ;
#605 = VECTOR ( 'NONE', #8926, 1000.000000000000000 ) ;
#606 = DIRECTION ( 'NONE',  ( -0.000000000000000000, -0.000000000000000000, 1.000000000000000000 ) ) ;
#607 = DIRECTION ( 'NONE',  ( 0.000000000000000000, -0.000000000000000000, 1.000000000000000000 ) ) ;
#608 = EDGE_CURVE ( 'NONE', #955, #287, #9040, .T. ) ;
#609 = EDGE_LOOP ( 'NONE', ( #3806, #916 ) ) ;
#610 = VERTEX_POINT ( 'NONE', #3048 ) ;
#611 = ORIENTED_EDGE ( 'NONE', *, *, #2357, .F. ) ;
#612 = ORIENTED_EDGE ( 'NONE', *, *, #8857, .T. ) ;
#613 = CIRCLE ( 'NONE', #7876, 0.7500000000000006661 ) ;
#614 = DIRECTION ( 'NONE',  ( 1.734723475976805517E-15, 1.000000000000000000, 0.000000000000000000 ) ) ;
#615 = VERTEX_POINT ( 'NONE', #5856 ) ;
#616 = DIRECTION ( 'NONE',  ( 1.000000000000000000, 0.000000000000000000, 0.000000000000000000 ) ) ;
#617 = LINE ( 'NONE', #8184, #810 ) ;
#618 = CARTESIAN_POINT ( 'NONE',  ( 2.250000000000035083, 8.938911497404866680, 0.000000000000000000 ) ) ;
#619 = CYLINDRICAL_SURFACE ( 'NONE', #827, 0.7500000000000006661 ) ;
#620 = CIRCLE ( 'NONE', #1094, 0.7500000000000004441 ) ;
#621 = CARTESIAN_POINT ( 'NONE',  ( -6.249999999999800160, -7.061088502595134209, 0.000000000000000000 ) ) ;
#622 = ADVANCED_FACE ( 'NONE', ( #4326 ), #619, .F. ) ;
#623 = EDGE_CURVE ( 'NONE', #779, #1637, #6993, .T. ) ;
#624 = ORIENTED_EDGE ( 'NONE', *, *, #7170, .T. ) ;
#625 = CIRCLE ( 'NONE', #4400, 0.7500000000000006661 ) ;
#626 = CARTESIAN_POINT ( 'NONE',  ( 11.99999999999999289, 12.93891149740486668, 0.000000000000000000 ) ) ;
#627 = ORIENTED_EDGE ( 'NONE', *, *, #1810, .F. ) ;
#628 = CARTESIAN_POINT ( 'NONE',  ( 1.500000000000180078, -5.061088502595135985, 0.000000000000000000 ) ) ;
#629 = CARTESIAN_POINT ( 'NONE',  ( 5.750000000000202505, -7.061088502595134209, -3.000000000000000000 ) ) ;
#630 = VERTEX_POINT ( 'NONE', #5998 ) ;
#631 = DIRECTION ( 'NONE',  ( -0.000000000000000000, -0.000000000000000000, -1.000000000000000000 ) ) ;
#632 = DIRECTION ( 'NONE',  ( 1.000000000000000000, 0.000000000000000000, 0.000000000000000000 ) ) ;
#633 = VECTOR ( 'NONE', #6420, 1000.000000000000000 ) ;
#634 = AXIS2_PLACEMENT_3D ( 'NONE', #2729, #5817, #2079 ) ;
#635 = VECTOR ( 'NONE', #7572, 1000.000000000000000 ) ;
#636 = CARTESIAN_POINT ( 'NONE',  ( -30.49999999999999645, 9.000000000000005329, 12.00000000000000000 ) ) ;
#637 = ORIENTED_EDGE ( 'NONE', *, *, #5959, .F. ) ;
#638 = EDGE_CURVE ( 'NONE', #8645, #447, #6751, .T. ) ;
#639 = DIRECTION ( 'NONE',  ( 1.000000000000000000, 0.000000000000000000, 0.000000000000000000 ) ) ;
#640 = FACE_BOUND ( 'NONE', #9373, .T. ) ;
#641 = ORIENTED_EDGE ( 'NONE', *, *, #543, .T. ) ;
#642 = AXIS2_PLACEMENT_3D ( 'NONE', #8787, #474, #6370 ) ;
#644 = EDGE_LOOP ( 'NONE', ( #1278, #3577, #2025, #555 ) ) ;
#643 = AXIS2_PLACEMENT_3D ( 'NONE', #2339, #4596, #7631 ) ;
#645 = CARTESIAN_POINT ( 'NONE',  ( 8.500000000000202505, -7.061088502595134209, 1.000000000000000000 ) ) ;
#646 = CARTESIAN_POINT ( 'NONE',  ( -8.249999999999966249, 8.938911497404866680, 1.000000000000000000 ) ) ;
#647 = CIRCLE ( 'NONE', #6322, 0.7500000000000006661 ) ;
#648 = CIRCLE ( 'NONE', #5519, 0.7500000000000006661 ) ;
#649 = VERTEX_POINT ( 'NONE', #9024 ) ;
#650 = AXIS2_PLACEMENT_3D ( 'NONE', #8579, #5547, #6901 ) ;
#651 = CIRCLE ( 'NONE', #6171, 0.7500000000000006661 ) ;
#652 = DIRECTION ( 'NONE',  ( 1.000000000000000000, 0.000000000000000000, 0.000000000000000000 ) ) ;
#653 = EDGE_CURVE ( 'NONE', #1341, #5367, #7938, .T. ) ;
#654 = DIRECTION ( 'NONE',  ( 0.000000000000000000, -0.000000000000000000, -1.000000000000000000 ) ) ;
#655 = DIRECTION ( 'NONE',  ( -0.000000000000000000, -0.000000000000000000, 1.000000000000000000 ) ) ;
#656 = AXIS2_PLACEMENT_3D ( 'NONE', #6822, #7559, #8259 ) ;
#657 = CIRCLE ( 'NONE', #6345, 0.7500000000000006661 ) ;
#658 = CARTESIAN_POINT ( 'NONE',  ( 8.500000000000202505, -7.061088502595134209, 0.000000000000000000 ) ) ;
#659 = CARTESIAN_POINT ( 'NONE',  ( 1.500000000000034195, 8.938911497404866680, 1.000000000000000000 ) ) ;
#660 = AXIS2_PLACEMENT_3D ( 'NONE', #6622, #2779, #1933 ) ;
#661 = EDGE_LOOP ( 'NONE', ( #6620, #2524 ) ) ;
#662 = ORIENTED_EDGE ( 'NONE', *, *, #5843, .F. ) ;
#663 = ORIENTED_EDGE ( 'NONE', *, *, #4799, .F. ) ;
#664 = VECTOR ( 'NONE', #2998, 1000.000000000000000 ) ;
#665 = FACE_BOUND ( 'NONE', #3677, .T. ) ;
#666 = EDGE_CURVE ( 'NONE', #5231, #3715, #9608, .T. ) ;
#667 = EDGE_LOOP ( 'NONE', ( #1995, #6415, #9732, #9027 ) ) ;
#668 = DIRECTION ( 'NONE',  ( 1.000000000000000000, 0.000000000000000000, 0.000000000000000000 ) ) ;
#669 = CARTESIAN_POINT ( 'NONE',  ( 12.00000000000013856, -1.061088502595133765, 1.000000000000000000 ) ) ;
#670 = CARTESIAN_POINT ( 'NONE',  ( -5.499999999999944933, 6.938911497404866680, -3.000000000000000000 ) ) ;
#671 = VECTOR ( 'NONE', #1916, 1000.000000000000000 ) ;
#672 = DIRECTION ( 'NONE',  ( -0.000000000000000000, 0.000000000000000000, 1.000000000000000000 ) ) ;
#673 = DIRECTION ( 'NONE',  ( 1.000000000000000000, 0.000000000000000000, 0.000000000000000000 ) ) ;
#674 = DIRECTION ( 'NONE',  ( 0.000000000000000000, -0.000000000000000000, -1.000000000000000000 ) ) ;
#675 = VECTOR ( 'NONE', #7879, 1000.000000000000000 ) ;
#676 = ORIENTED_EDGE ( 'NONE', *, *, #3939, .F. ) ;
#677 = CARTESIAN_POINT ( 'NONE',  ( -6.249999999999924505, 4.938911497404866680, 1.000000000000000000 ) ) ;
#678 = VECTOR ( 'NONE', #3571, 1000.000000000000000 ) ;
#679 = DIRECTION ( 'NONE',  ( 1.000000000000000000, 0.000000000000000000, 0.000000000000000000 ) ) ;
#680 = DIRECTION ( 'NONE',  ( -0.000000000000000000, -0.000000000000000000, 1.000000000000000000 ) ) ;
#681 = EDGE_CURVE ( 'NONE', #5923, #3407, #2853, .T. ) ;
#682 = ORIENTED_EDGE ( 'NONE', *, *, #1052, .F. ) ;
#683 = EDGE_CURVE ( 'NONE', #7621, #393, #1410, .T. ) ;
#684 = PLANE ( 'NONE',  #1798 ) ;
#685 = AXIS2_PLACEMENT_3D ( 'NONE', #7224, #436, #5814 ) ;
#686 = DIRECTION ( 'NONE',  ( 1.000000000000000000, 0.000000000000000000, 0.000000000000000000 ) ) ;
#687 = AXIS2_PLACEMENT_3D ( 'NONE', #8565, #1796, #6543 ) ;
#688 = ORIENTED_EDGE ( 'NONE', *, *, #3734, .F. ) ;
#689 = DIRECTION ( 'NONE',  ( 1.000000000000000000, 0.000000000000000000, 0.000000000000000000 ) ) ;
#690 = VERTEX_POINT ( 'NONE', #6662 ) ;
#691 = DIRECTION ( 'NONE',  ( -0.000000000000000000, -0.000000000000000000, 1.000000000000000000 ) ) ;
#692 = FACE_BOUND ( 'NONE', #7787, .T. ) ;
#693 = ORIENTED_EDGE ( 'NONE', *, *, #3386, .T. ) ;
#694 = ADVANCED_FACE ( 'NONE', ( #9665 ), #2948, .F. ) ;
#695 = ORIENTED_EDGE ( 'NONE', *, *, #6103, .T. ) ;
#696 = CARTESIAN_POINT ( 'NONE',  ( -11.74999999999996447, 8.938911497404866680, 1.000000000000000000 ) ) ;
#697 = CARTESIAN_POINT ( 'NONE',  ( -1.249999999999985789, 10.93891149740486668, 0.000000000000000000 ) ) ;
#698 = ADVANCED_FACE ( 'NONE', ( #6710 ), #2906, .F. ) ;
#699 = ORIENTED_EDGE ( 'NONE', *, *, #6069, .T. ) ;
#700 = ORIENTED_EDGE ( 'NONE', *, *, #6845, .T. ) ;
#701 = AXIS2_PLACEMENT_3D ( 'NONE', #3286, #2603, #1105 ) ;
#702 = DIRECTION ( 'NONE',  ( -0.000000000000000000, -0.000000000000000000, 1.000000000000000000 ) ) ;
#703 = DIRECTION ( 'NONE',  ( -0.000000000000000000, 0.000000000000000000, 1.000000000000000000 ) ) ;
#704 = CARTESIAN_POINT ( 'NONE',  ( -12.49999999999990408, 2.938911497404866235, 1.000000000000000000 ) ) ;
#705 = VERTEX_POINT ( 'NONE', #9711 ) ;
#706 = LINE ( 'NONE', #6986, #8432 ) ;
#707 = VERTEX_POINT ( 'NONE', #8237 ) ;
#708 = LINE ( 'NONE', #8318, #9319 ) ;
#709 = DIRECTION ( 'NONE',  ( -0.000000000000000000, 0.000000000000000000, 1.000000000000000000 ) ) ;
#710 = EDGE_LOOP ( 'NONE', ( #544, #7961, #5683, #8241 ) ) ;
#711 = ORIENTED_EDGE ( 'NONE', *, *, #1373, .T. ) ;
#712 = EDGE_CURVE ( 'NONE', #7728, #7123, #8932, .T. ) ;
#713 = EDGE_LOOP ( 'NONE', ( #8292, #1055, #9359, #4012 ) ) ;
#714 = FACE_BOUND ( 'NONE', #5080, .T. ) ;
#715 = ORIENTED_EDGE ( 'NONE', *, *, #6579, .F. ) ;
#716 = FACE_OUTER_BOUND ( 'NONE', #7554, .T. ) ;
#717 = DIRECTION ( 'NONE',  ( -0.000000000000000000, 0.000000000000000000, 1.000000000000000000 ) ) ;
#718 = DIRECTION ( 'NONE',  ( 1.000000000000000000, 0.000000000000000000, 0.000000000000000000 ) ) ;
#719 = CARTESIAN_POINT ( 'NONE',  ( -32.50000000000000000, -17.50000000000000000, 2.000000000000000000 ) ) ;
#720 = DIRECTION ( 'NONE',  ( 0.000000000000000000, -0.000000000000000000, -1.000000000000000000 ) ) ;
#721 = LINE ( 'NONE', #3632, #5062 ) ;
#722 = EDGE_CURVE ( 'NONE', #3751, #6949, #3823, .T. ) ;
#723 = EDGE_CURVE ( 'NONE', #4456, #5986, #2098, .T. ) ;
#724 = EDGE_CURVE ( 'NONE', #9014, #9127, #1944, .T. ) ;
#725 = ORIENTED_EDGE ( 'NONE', *, *, #1099, .T. ) ;
#726 = VERTEX_POINT ( 'NONE', #3973 ) ;
#727 = LINE ( 'NONE', #4418, #3634 ) ;
#728 = ORIENTED_EDGE ( 'NONE', *, *, #8308, .F. ) ;
#729 = CARTESIAN_POINT ( 'NONE',  ( -1.999999999999944489, 6.938911497404866680, 0.000000000000000000 ) ) ;
#730 = DIRECTION ( 'NONE',  ( 0.000000000000000000, 0.000000000000000000, 1.000000000000000000 ) ) ;
#731 = ORIENTED_EDGE ( 'NONE', *, *, #6982, .F. ) ;
#732 = DIRECTION ( 'NONE',  ( 1.000000000000000000, 0.000000000000000000, 0.000000000000000000 ) ) ;
#733 = DIRECTION ( 'NONE',  ( 0.000000000000000000, -0.000000000000000000, -1.000000000000000000 ) ) ;
#734 = ORIENTED_EDGE ( 'NONE', *, *, #8899, .F. ) ;
#735 = CARTESIAN_POINT ( 'NONE',  ( -18.50000000000000355, 0.000000000000000000, 0.000000000000000000 ) ) ;
#736 = ORIENTED_EDGE ( 'NONE', *, *, #8735, .F. ) ;
#737 = DIRECTION ( 'NONE',  ( 0.000000000000000000, -0.000000000000000000, -1.000000000000000000 ) ) ;
#738 = CARTESIAN_POINT ( 'NONE',  ( -4.750000000000007105, 12.93891149740486668, 0.000000000000000000 ) ) ;
#739 = ORIENTED_EDGE ( 'NONE', *, *, #2623, .T. ) ;
#740 = ORIENTED_EDGE ( 'NONE', *, *, #186, .T. ) ;
#741 = CARTESIAN_POINT ( 'NONE',  ( 7.750000000000034639, 8.938911497404866680, 1.000000000000000000 ) ) ;
#742 = CARTESIAN_POINT ( 'NONE',  ( 0.7500000000001587619, -3.061088502595133765, 0.000000000000000000 ) ) ;
#743 = EDGE_CURVE ( 'NONE', #6683, #1212, #3200, .T. ) ;
#744 = EDGE_LOOP ( 'NONE', ( #2197, #1929 ) ) ;
#745 = ADVANCED_FACE ( 'NONE', ( #5339 ), #1610, .F. ) ;
#746 = CARTESIAN_POINT ( 'NONE',  ( -9.749999999999863221, -1.061088502595133765, 0.000000000000000000 ) ) ;
#747 = CARTESIAN_POINT ( 'NONE',  ( -9.749999999999987566, 10.93891149740486668, 1.000000000000000000 ) ) ;
#748 = AXIS2_PLACEMENT_3D ( 'NONE', #9250, #2489, #6082 ) ;
#749 = ORIENTED_EDGE ( 'NONE', *, *, #67, .F. ) ;
#750 = CARTESIAN_POINT ( 'NONE',  ( 1.500000000000159206, -3.061088502595133765, 0.000000000000000000 ) ) ;
#751 = VERTEX_POINT ( 'NONE', #1019 ) ;
#752 = PLANE ( 'NONE',  #7428 ) ;
#753 = CYLINDRICAL_SURFACE ( 'NONE', #5085, 0.7500000000000006661 ) ;
#754 = VERTEX_POINT ( 'NONE', #9074 ) ;
#755 = ORIENTED_EDGE ( 'NONE', *, *, #6924, .T. ) ;
#756 = FACE_BOUND ( 'NONE', #7973, .T. ) ;
#757 = EDGE_LOOP ( 'NONE', ( #3523, #303 ) ) ;
#758 = CIRCLE ( 'NONE', #6281, 0.7500000000000006661 ) ;
#759 = DIRECTION ( 'NONE',  ( 1.000000000000000000, 0.000000000000000000, 0.000000000000000000 ) ) ;
#760 = EDGE_CURVE ( 'NONE', #2485, #7008, #6249, .T. ) ;
#761 = DIRECTION ( 'NONE',  ( 0.000000000000000000, -0.000000000000000000, -1.000000000000000000 ) ) ;
#762 = CARTESIAN_POINT ( 'NONE',  ( -5.499999999999903189, 2.938911497404866235, 0.000000000000000000 ) ) ;
#763 = LINE ( 'NONE', #5296, #1978 ) ;
#764 = DIRECTION ( 'NONE',  ( 1.000000000000000000, 0.000000000000000000, 0.000000000000000000 ) ) ;
#765 = DIRECTION ( 'NONE',  ( 1.000000000000000000, 0.000000000000000000, 0.000000000000000000 ) ) ;
#766 = CIRCLE ( 'NONE', #8347, 0.7500000000000004441 ) ;
#767 = ORIENTED_EDGE ( 'NONE', *, *, #3818, .T. ) ;
#768 = ORIENTED_EDGE ( 'NONE', *, *, #4931, .T. ) ;
#769 = DIRECTION ( 'NONE',  ( -0.000000000000000000, 0.000000000000000000, 1.000000000000000000 ) ) ;
#770 = ORIENTED_EDGE ( 'NONE', *, *, #5876, .F. ) ;
#771 = EDGE_CURVE ( 'NONE', #4150, #3771, #3669, .T. ) ;
#772 = EDGE_CURVE ( 'NONE', #2786, #2970, #7648, .T. ) ;
#773 = CARTESIAN_POINT ( 'NONE',  ( 30.50000000000000711, -12.99999999999999645, 12.00000000000000000 ) ) ;
#774 = DIRECTION ( 'NONE',  ( -0.000000000000000000, -0.000000000000000000, 1.000000000000000000 ) ) ;
#775 = CIRCLE ( 'NONE', #8674, 0.7500000000000006661 ) ;
#776 = EDGE_LOOP ( 'NONE', ( #143, #9428, #32, #4219 ) ) ;
#777 = CARTESIAN_POINT ( 'NONE',  ( 16.49999999999999289, 12.93891149740487023, -3.000000000000000000 ) ) ;
#778 = CARTESIAN_POINT ( 'NONE',  ( -12.49999999999984190, -3.061088502595133765, 1.000000000000000000 ) ) ;
#779 = VERTEX_POINT ( 'NONE', #262 ) ;
#780 = VECTOR ( 'NONE', #5874, 1000.000000000000000 ) ;
#781 = ORIENTED_EDGE ( 'NONE', *, *, #8823, .T. ) ;
#782 = DIRECTION ( 'NONE',  ( 1.000000000000000000, 0.000000000000000000, 0.000000000000000000 ) ) ;
#783 = EDGE_LOOP ( 'NONE', ( #6976, #7620, #3264, #4054 ) ) ;
#784 = ORIENTED_EDGE ( 'NONE', *, *, #4513, .F. ) ;
#785 = EDGE_CURVE ( 'NONE', #3801, #6601, #6842, .T. ) ;
#786 = CARTESIAN_POINT ( 'NONE',  ( 26.50000000000000711, 9.000000000000001776, 2.000000000000000000 ) ) ;
#787 = FACE_BOUND ( 'NONE', #9136, .T. ) ;
#788 = ORIENTED_EDGE ( 'NONE', *, *, #5601, .F. ) ;
#789 = ORIENTED_EDGE ( 'NONE', *, *, #891, .F. ) ;
#790 = CARTESIAN_POINT ( 'NONE',  ( -2.749999999999799272, -7.061088502595134209, -3.000000000000000000 ) ) ;
#791 = CIRCLE ( 'NONE', #9776, 0.7500000000000006661 ) ;
#792 = DIRECTION ( 'NONE',  ( -0.000000000000000000, -0.000000000000000000, 1.000000000000000000 ) ) ;
#793 = ORIENTED_EDGE ( 'NONE', *, *, #4040, .F. ) ;
#794 = AXIS2_PLACEMENT_3D ( 'NONE', #5115, #8244, #2952 ) ;
#795 = DIRECTION ( 'NONE',  ( -0.000000000000000000, -0.000000000000000000, 1.000000000000000000 ) ) ;
#796 = AXIS2_PLACEMENT_3D ( 'NONE', #2366, #9228, #6156 ) ;
#797 = VECTOR ( 'NONE', #4807, 1000.000000000000000 ) ;
#798 = CARTESIAN_POINT ( 'NONE',  ( 9.250000000000161648, -3.061088502595133765, 0.000000000000000000 ) ) ;
#799 = ORIENTED_EDGE ( 'NONE', *, *, #6142, .T. ) ;
#800 = DIRECTION ( 'NONE',  ( -0.000000000000000000, -0.000000000000000000, 1.000000000000000000 ) ) ;
#801 = ADVANCED_FACE ( 'NONE', ( #819 ), #914, .F. ) ;
#802 = CARTESIAN_POINT ( 'NONE',  ( -1.999999999999902967, 2.938911497404866235, 0.000000000000000000 ) ) ;
#803 = CIRCLE ( 'NONE', #5518, 0.7500000000000006661 ) ;
#804 = DIRECTION ( 'NONE',  ( -0.000000000000000000, -0.000000000000000000, 1.000000000000000000 ) ) ;
#805 = VECTOR ( 'NONE', #4069, 1000.000000000000000 ) ;
#806 = ORIENTED_EDGE ( 'NONE', *, *, #9084, .F. ) ;
#807 = CIRCLE ( 'NONE', #1130, 0.7500000000000006661 ) ;
#808 = VERTEX_POINT ( 'NONE', #4553 ) ;
#809 = FACE_BOUND ( 'NONE', #4334, .T. ) ;
#810 = VECTOR ( 'NONE', #4405, 1000.000000000000000 ) ;
#811 = ORIENTED_EDGE ( 'NONE', *, *, #6865, .F. ) ;
#812 = AXIS2_PLACEMENT_3D ( 'NONE', #3845, #1575, #8204 ) ;
#813 = DIRECTION ( 'NONE',  ( 1.000000000000000000, 0.000000000000000000, 0.000000000000000000 ) ) ;
#814 = AXIS2_PLACEMENT_3D ( 'NONE', #9075, #2992, #765 ) ;
#815 = VECTOR ( 'NONE', #4976, 1000.000000000000000 ) ;
#816 = CARTESIAN_POINT ( 'NONE',  ( -5.499999999999882760, 0.9389114974048661244, -3.000000000000000000 ) ) ;
#817 = CARTESIAN_POINT ( 'NONE',  ( 2.250000000000180744, -5.061088502595135985, 1.000000000000000000 ) ) ;
#818 = CARTESIAN_POINT ( 'NONE',  ( 12.00000000000018119, -5.061088502595135985, 0.000000000000000000 ) ) ;
#819 = FACE_OUTER_BOUND ( 'NONE', #9197, .T. ) ;
#820 = DIRECTION ( 'NONE',  ( 0.000000000000000000, -0.000000000000000000, -1.000000000000000000 ) ) ;
#821 = CIRCLE ( 'NONE', #9033, 0.7500000000000006661 ) ;
#822 = CIRCLE ( 'NONE', #8876, 0.7500000000000006661 ) ;
#824 = ORIENTED_EDGE ( 'NONE', *, *, #7576, .F. ) ;
#823 = ADVANCED_FACE ( 'NONE', ( #7588 ), #6093, .F. ) ;
#825 = EDGE_LOOP ( 'NONE', ( #2005, #5135 ) ) ;
#826 = DIRECTION ( 'NONE',  ( -0.000000000000000000, -0.000000000000000000, 1.000000000000000000 ) ) ;
#827 = AXIS2_PLACEMENT_3D ( 'NONE', #8289, #3725, #4469 ) ;
#828 = DIRECTION ( 'NONE',  ( -0.000000000000000000, -0.000000000000000000, 1.000000000000000000 ) ) ;
#829 = VECTOR ( 'NONE', #2806, 1000.000000000000000 ) ;
#830 = DIRECTION ( 'NONE',  ( -0.000000000000000000, -0.000000000000000000, 1.000000000000000000 ) ) ;
#831 = ORIENTED_EDGE ( 'NONE', *, *, #724, .F. ) ;
#832 = CARTESIAN_POINT ( 'NONE',  ( 8.500000000000076383, 4.938911497404866680, 1.000000000000000000 ) ) ;
#833 = CARTESIAN_POINT ( 'NONE',  ( 12.00000000000005507, 6.938911497404866680, 1.000000000000000000 ) ) ;
#834 = VECTOR ( 'NONE', #7256, 1000.000000000000000 ) ;
#835 = EDGE_CURVE ( 'NONE', #2291, #751, #870, .T. ) ;
#836 = AXIS2_PLACEMENT_3D ( 'NONE', #426, #7993, #4218 ) ;
#837 = DIRECTION ( 'NONE',  ( -0.000000000000000000, -0.000000000000000000, -1.000000000000000000 ) ) ;
#838 = ORIENTED_EDGE ( 'NONE', *, *, #2825, .F. ) ;
#839 = CARTESIAN_POINT ( 'NONE',  ( -8.999999999999966249, 8.938911497404866680, -3.000000000000000000 ) ) ;
#840 = EDGE_LOOP ( 'NONE', ( #4739, #7769, #3757, #5174 ) ) ;
#841 = DIRECTION ( 'NONE',  ( 1.000000000000000000, 0.000000000000000000, 0.000000000000000000 ) ) ;
#842 = DIRECTION ( 'NONE',  ( 0.000000000000000000, -1.000000000000000000, 0.000000000000000000 ) ) ;
#843 = ORIENTED_EDGE ( 'NONE', *, *, #5667, .T. ) ;
#844 = AXIS2_PLACEMENT_3D ( 'NONE', #3870, #2498, #3138 ) ;
#845 = ORIENTED_EDGE ( 'NONE', *, *, #8480, .T. ) ;
#846 = AXIS2_PLACEMENT_3D ( 'NONE', #4204, #4309, #8770 ) ;
#847 = DIRECTION ( 'NONE',  ( -0.000000000000000000, -0.000000000000000000, 1.000000000000000000 ) ) ;
#848 = ADVANCED_FACE ( 'NONE', ( #4653 ), #7689, .F. ) ;
#849 = EDGE_CURVE ( 'NONE', #8779, #6557, #358, .T. ) ;
#850 = AXIS2_PLACEMENT_3D ( 'NONE', #3366, #540, #7324 ) ;
#851 = ADVANCED_FACE ( 'NONE', ( #6201 ), #4700, .F. ) ;
#852 = ORIENTED_EDGE ( 'NONE', *, *, #7611, .T. ) ;
#853 = CARTESIAN_POINT ( 'NONE',  ( 8.500000000000076383, 4.938911497404866680, -3.000000000000000000 ) ) ;
#854 = AXIS2_PLACEMENT_3D ( 'NONE', #750, #9006, #8173 ) ;
#855 = CARTESIAN_POINT ( 'NONE',  ( 9.250000000000097700, 2.938911497404866235, -3.000000000000000000 ) ) ;
#856 = ORIENTED_EDGE ( 'NONE', *, *, #4549, .T. ) ;
#857 = CARTESIAN_POINT ( 'NONE',  ( 9.250000000000015987, 10.93891149740486668, 0.000000000000000000 ) ) ;
#858 = DIRECTION ( 'NONE',  ( -0.000000000000000000, -0.000000000000000000, 1.000000000000000000 ) ) ;
#859 = PLANE ( 'NONE',  #1109 ) ;
#860 = VERTEX_POINT ( 'NONE', #8523 ) ;
#861 = ORIENTED_EDGE ( 'NONE', *, *, #2044, .T. ) ;
#862 = FACE_BOUND ( 'NONE', #884, .T. ) ;
#863 = EDGE_CURVE ( 'NONE', #3326, #8196, #524, .T. ) ;
#864 = ORIENTED_EDGE ( 'NONE', *, *, #3613, .F. ) ;
#865 = CARTESIAN_POINT ( 'NONE',  ( 8.499999999999992895, 12.93891149740486668, -3.000000000000000000 ) ) ;
#866 = AXIS2_PLACEMENT_3D ( 'NONE', #6853, #2989, #7587 ) ;
#867 = CARTESIAN_POINT ( 'NONE',  ( 12.75000000000026468, -13.06108850259513510, 0.000000000000000000 ) ) ;
#868 = DIRECTION ( 'NONE',  ( -0.000000000000000000, 0.000000000000000000, 1.000000000000000000 ) ) ;
#869 = CARTESIAN_POINT ( 'NONE',  ( 26.50000000000000711, -12.99999999999999645, 12.00000000000000000 ) ) ;
#870 = LINE ( 'NONE', #3095, #2422 ) ;
#871 = CIRCLE ( 'NONE', #7506, 0.7500000000000006661 ) ;
#872 = CARTESIAN_POINT ( 'NONE',  ( 2.244543352813437720E-14, 12.93891149740483826, 0.000000000000000000 ) ) ;
#873 = ORIENTED_EDGE ( 'NONE', *, *, #2813, .F. ) ;
#874 = EDGE_CURVE ( 'NONE', #3419, #7424, #3522, .T. ) ;
#875 = EDGE_CURVE ( 'NONE', #7652, #2921, #8890, .T. ) ;
#876 = ORIENTED_EDGE ( 'NONE', *, *, #7207, .T. ) ;
#877 = DIRECTION ( 'NONE',  ( -0.000000000000000000, 0.000000000000000000, 1.000000000000000000 ) ) ;
#878 = CARTESIAN_POINT ( 'NONE',  ( -5.500000000000007105, 12.93891149740486668, -3.000000000000000000 ) ) ;
#879 = DIRECTION ( 'NONE',  ( 0.000000000000000000, -0.000000000000000000, -1.000000000000000000 ) ) ;
#880 = CARTESIAN_POINT ( 'NONE',  ( -1.249999999999756639, -11.06108850259513332, -3.000000000000000000 ) ) ;
#881 = EDGE_LOOP ( 'NONE', ( #1541, #7531 ) ) ;
#882 = DIRECTION ( 'NONE',  ( 1.000000000000000000, 0.000000000000000000, 0.000000000000000000 ) ) ;
#883 = CARTESIAN_POINT ( 'NONE',  ( 0.7500000000000754952, 4.938911497404866680, 0.000000000000000000 ) ) ;
#884 = EDGE_LOOP ( 'NONE', ( #9314, #8080 ) ) ;
#885 = LINE ( 'NONE', #3406, #633 ) ;
#886 = DIRECTION ( 'NONE',  ( -0.000000000000000000, -0.000000000000000000, 1.000000000000000000 ) ) ;
#887 = DIRECTION ( 'NONE',  ( 1.000000000000000000, 0.000000000000000000, 0.000000000000000000 ) ) ;
#888 = ORIENTED_EDGE ( 'NONE', *, *, #3119, .F. ) ;
#889 = EDGE_CURVE ( 'NONE', #500, #2554, #1789, .T. ) ;
#890 = EDGE_LOOP ( 'NONE', ( #1048, #5863 ) ) ;
#891 = EDGE_CURVE ( 'NONE', #1351, #1215, #7159, .T. ) ;
#892 = DIRECTION ( 'NONE',  ( -0.000000000000000000, 0.000000000000000000, 1.000000000000000000 ) ) ;
#893 = ORIENTED_EDGE ( 'NONE', *, *, #3357, .T. ) ;
#894 = CARTESIAN_POINT ( 'NONE',  ( -11.74999999999990230, 2.938911497404866235, 0.000000000000000000 ) ) ;
#895 = ORIENTED_EDGE ( 'NONE', *, *, #712, .T. ) ;
#896 = CARTESIAN_POINT ( 'NONE',  ( -4.749999999999798383, -7.061088502595134209, 0.000000000000000000 ) ) ;
#897 = VERTEX_POINT ( 'NONE', #4206 ) ;
#898 = EDGE_CURVE ( 'NONE', #7182, #1837, #4607, .T. ) ;
#899 = ORIENTED_EDGE ( 'NONE', *, *, #3603, .F. ) ;
#900 = DIRECTION ( 'NONE',  ( 1.000000000000000000, 0.000000000000000000, 0.000000000000000000 ) ) ;
#901 = EDGE_CURVE ( 'NONE', #5986, #4456, #9670, .T. ) ;
#902 = DIRECTION ( 'NONE',  ( 1.000000000000000000, 0.000000000000000000, 0.000000000000000000 ) ) ;
#903 = DIRECTION ( 'NONE',  ( 1.000000000000000000, 0.000000000000000000, 0.000000000000000000 ) ) ;
#904 = EDGE_LOOP ( 'NONE', ( #8481, #2364, #9339, #1290 ) ) ;
#905 = CIRCLE ( 'NONE', #1224, 0.7500000000000006661 ) ;
#906 = EDGE_LOOP ( 'NONE', ( #3829, #255 ) ) ;
#907 = FACE_BOUND ( 'NONE', #1759, .T. ) ;
#908 = ORIENTED_EDGE ( 'NONE', *, *, #6448, .T. ) ;
#909 = FACE_OUTER_BOUND ( 'NONE', #5808, .T. ) ;
#910 = CARTESIAN_POINT ( 'NONE',  ( -28.50000000000000355, 11.00000000000000000, 7.000000000000000000 ) ) ;
#911 = EDGE_CURVE ( 'NONE', #649, #7157, #1950, .T. ) ;
#912 = CARTESIAN_POINT ( 'NONE',  ( -28.50000000000000355, 11.00000000000000000, 12.00000000000000000 ) ) ;
#913 = DIRECTION ( 'NONE',  ( 1.000000000000000000, 0.000000000000000000, 0.000000000000000000 ) ) ;
#914 = PLANE ( 'NONE',  #3052 ) ;
#915 = LINE ( 'NONE', #872, #9019 ) ;
#916 = ORIENTED_EDGE ( 'NONE', *, *, #3549, .T. ) ;
#917 = CIRCLE ( 'NONE', #2822, 0.7500000000000006661 ) ;
#918 = ORIENTED_EDGE ( 'NONE', *, *, #1099, .F. ) ;
#919 = LINE ( 'NONE', #9266, #8697 ) ;
#920 = DIRECTION ( 'NONE',  ( 1.000000000000000000, 0.000000000000000000, 0.000000000000000000 ) ) ;
#921 = CARTESIAN_POINT ( 'NONE',  ( -1.999999999999777955, -9.061088502595131544, 1.000000000000000000 ) ) ;
#922 = DIRECTION ( 'NONE',  ( -0.000000000000000000, -0.000000000000000000, 1.000000000000000000 ) ) ;
#923 = VERTEX_POINT ( 'NONE', #9366 ) ;
#924 = DIRECTION ( 'NONE',  ( -0.000000000000000000, 0.000000000000000000, 1.000000000000000000 ) ) ;
#925 = EDGE_CURVE ( 'NONE', #2745, #955, #5643, .T. ) ;
#926 = EDGE_CURVE ( 'NONE', #1296, #6892, #1156, .T. ) ;
#927 = DIRECTION ( 'NONE',  ( 0.000000000000000000, -0.000000000000000000, -1.000000000000000000 ) ) ;
#928 = ORIENTED_EDGE ( 'NONE', *, *, #7962, .T. ) ;
#929 = VECTOR ( 'NONE', #8767, 1000.000000000000000 ) ;
#930 = DIRECTION ( 'NONE',  ( -0.000000000000000000, 0.000000000000000000, 1.000000000000000000 ) ) ;
#931 = ORIENTED_EDGE ( 'NONE', *, *, #722, .F. ) ;
#932 = FACE_OUTER_BOUND ( 'NONE', #7283, .T. ) ;
#933 = CARTESIAN_POINT ( 'NONE',  ( 12.75000000000022382, -9.061088502595131544, 1.000000000000000000 ) ) ;
#934 = EDGE_LOOP ( 'NONE', ( #5098, #8478, #2556, #4136 ) ) ;
#935 = ORIENTED_EDGE ( 'NONE', *, *, #9389, .F. ) ;
#936 = CARTESIAN_POINT ( 'NONE',  ( -2.000000000000007105, 12.93891149740486668, -3.000000000000000000 ) ) ;
#937 = VECTOR ( 'NONE', #8202, 1000.000000000000000 ) ;
#938 = EDGE_LOOP ( 'NONE', ( #6224, #1043 ) ) ;
#939 = EDGE_CURVE ( 'NONE', #7386, #6718, #7295, .T. ) ;
#940 = ORIENTED_EDGE ( 'NONE', *, *, #785, .T. ) ;
#941 = CARTESIAN_POINT ( 'NONE',  ( -26.49999999999999645, -8.999999999999996447, 12.00000000000000000 ) ) ;
#942 = CARTESIAN_POINT ( 'NONE',  ( -30.49999999999999645, 13.00000000000000533, 12.00000000000000000 ) ) ;
#943 = VECTOR ( 'NONE', #6526, 1000.000000000000000 ) ;
#944 = EDGE_LOOP ( 'NONE', ( #3009, #7712 ) ) ;
#945 = ORIENTED_EDGE ( 'NONE', *, *, #9205, .F. ) ;
#946 = DIRECTION ( 'NONE',  ( 1.000000000000000000, 0.000000000000000000, 0.000000000000000000 ) ) ;
#947 = CARTESIAN_POINT ( 'NONE',  ( -4.749999999999736211, -13.06108850259513510, 0.000000000000000000 ) ) ;
#948 = DIRECTION ( 'NONE',  ( -0.000000000000000000, -0.000000000000000000, 1.000000000000000000 ) ) ;
#949 = EDGE_LOOP ( 'NONE', ( #3880, #5465 ) ) ;
#950 = AXIS2_PLACEMENT_3D ( 'NONE', #5497, #1025, #1708 ) ;
#951 = EDGE_LOOP ( 'NONE', ( #6686, #441 ) ) ;
#952 = AXIS2_PLACEMENT_3D ( 'NONE', #8897, #487, #8698 ) ;
#953 = EDGE_CURVE ( 'NONE', #1212, #3277, #8578, .T. ) ;
#954 = CARTESIAN_POINT ( 'NONE',  ( -9.749999999999779732, -9.061088502595131544, 0.000000000000000000 ) ) ;
#955 = VERTEX_POINT ( 'NONE', #9407 ) ;
#956 = FACE_BOUND ( 'NONE', #938, .T. ) ;
#957 = FACE_OUTER_BOUND ( 'NONE', #7534, .T. ) ;
#958 = DIRECTION ( 'NONE',  ( -0.000000000000000000, -0.000000000000000000, 1.000000000000000000 ) ) ;
#959 = AXIS2_PLACEMENT_3D ( 'NONE', #3541, #9414, #466 ) ;
#960 = CIRCLE ( 'NONE', #3950, 0.7500000000000006661 ) ;
#961 = DIRECTION ( 'NONE',  ( -0.000000000000000000, -0.000000000000000000, 1.000000000000000000 ) ) ;
#962 = DIRECTION ( 'NONE',  ( 0.000000000000000000, -0.000000000000000000, -1.000000000000000000 ) ) ;
#963 = AXIS2_PLACEMENT_3D ( 'NONE', #1298, #9551, #4985 ) ;
#964 = DIRECTION ( 'NONE',  ( 1.000000000000000000, 0.000000000000000000, 0.000000000000000000 ) ) ;
#965 = AXIS2_PLACEMENT_3D ( 'NONE', #6850, #8519, #160 ) ;
#966 = ORIENTED_EDGE ( 'NONE', *, *, #1444, .T. ) ;
#967 = EDGE_CURVE ( 'NONE', #2921, #3719, #9456, .T. ) ;
#968 = AXIS2_PLACEMENT_3D ( 'NONE', #7203, #1852, #1211 ) ;
#969 = CIRCLE ( 'NONE', #8085, 0.7500000000000006661 ) ;
#970 = EDGE_LOOP ( 'NONE', ( #7694, #9189, #8346, #8201 ) ) ;
#971 = DIRECTION ( 'NONE',  ( 1.000000000000000000, 0.000000000000000000, 0.000000000000000000 ) ) ;
#972 = CYLINDRICAL_SURFACE ( 'NONE', #4533, 0.7500000000000006661 ) ;
#973 = CARTESIAN_POINT ( 'NONE',  ( -5.499999999999966249, 8.938911497404866680, -3.000000000000000000 ) ) ;
#974 = DIRECTION ( 'NONE',  ( 1.000000000000000000, 0.000000000000000000, 0.000000000000000000 ) ) ;
#975 = EDGE_LOOP ( 'NONE', ( #3896, #3247 ) ) ;
#976 = LINE ( 'NONE', #8637, #8128 ) ;
#977 = CARTESIAN_POINT ( 'NONE',  ( 5.000000000000077272, 4.938911497404866680, 1.000000000000000000 ) ) ;
#978 = AXIS2_PLACEMENT_3D ( 'NONE', #8848, #4981, #8014 ) ;
#979 = FACE_OUTER_BOUND ( 'NONE', #5980, .T. ) ;
#980 = AXIS2_PLACEMENT_3D ( 'NONE', #5599, #8628, #4208 ) ;
#981 = EDGE_CURVE ( 'NONE', #5131, #4260, #1959, .T. ) ;
#982 = CIRCLE ( 'NONE', #2731, 0.7500000000000006661 ) ;
#983 = ORIENTED_EDGE ( 'NONE', *, *, #5665, .F. ) ;
#984 = DIRECTION ( 'NONE',  ( 1.000000000000000000, 0.000000000000000000, 0.000000000000000000 ) ) ;
#985 = CIRCLE ( 'NONE', #3816, 0.7500000000000006661 ) ;
#986 = CARTESIAN_POINT ( 'NONE',  ( 9.249999999999994671, 12.93891149740486668, -3.000000000000000000 ) ) ;
#987 = CARTESIAN_POINT ( 'NONE',  ( 8.500000000000076383, 4.938911497404866680, 0.000000000000000000 ) ) ;
#988 = EDGE_LOOP ( 'NONE', ( #3123, #7270 ) ) ;
#989 = EDGE_LOOP ( 'NONE', ( #3608, #3691 ) ) ;
#990 = CIRCLE ( 'NONE', #5081, 0.7500000000000006661 ) ;
#991 = CYLINDRICAL_SURFACE ( 'NONE', #9341, 0.7500000000000004441 ) ;
#992 = VECTOR ( 'NONE', #8185, 1000.000000000000000 ) ;
#993 = ORIENTED_EDGE ( 'NONE', *, *, #576, .F. ) ;
#994 = EDGE_LOOP ( 'NONE', ( #7761, #5424 ) ) ;
#995 = AXIS2_PLACEMENT_3D ( 'NONE', #3533, #3714, #1452 ) ;
#996 = DIRECTION ( 'NONE',  ( 1.000000000000000000, 0.000000000000000000, 0.000000000000000000 ) ) ;
#997 = ORIENTED_EDGE ( 'NONE', *, *, #291, .F. ) ;
#998 = EDGE_CURVE ( 'NONE', #8903, #9388, #1808, .T. ) ;
#999 = DIRECTION ( 'NONE',  ( -0.000000000000000000, 0.000000000000000000, 1.000000000000000000 ) ) ;
#1000 = ORIENTED_EDGE ( 'NONE', *, *, #6782, .F. ) ;
#1001 = CIRCLE ( 'NONE', #9051, 0.7500000000000006661 ) ;
#1002 = ORIENTED_EDGE ( 'NONE', *, *, #3820, .F. ) ;
#1003 = CARTESIAN_POINT ( 'NONE',  ( 5.750000000000056843, 6.938911497404866680, -3.000000000000000000 ) ) ;
#1004 = DIRECTION ( 'NONE',  ( -0.000000000000000000, -0.000000000000000000, 1.000000000000000000 ) ) ;
#1005 = ADVANCED_FACE ( 'NONE', ( #7202 ), #7149, .F. ) ;
#1006 = CARTESIAN_POINT ( 'NONE',  ( -1.999999999999882094, 0.9389114974048661244, 1.000000000000000000 ) ) ;
#1007 = EDGE_LOOP ( 'NONE', ( #4380, #2022 ) ) ;
#1008 = AXIS2_PLACEMENT_3D ( 'NONE', #6475, #1233, #484 ) ;
#1009 = VERTEX_POINT ( 'NONE', #1209 ) ;
#1010 = CIRCLE ( 'NONE', #1962, 0.7500000000000006661 ) ;
#1011 = LINE ( 'NONE', #4015, #6453 ) ;
#1012 = EDGE_LOOP ( 'NONE', ( #6517, #2157 ) ) ;
#1013 = FACE_BOUND ( 'NONE', #5974, .T. ) ;
#1014 = FACE_OUTER_BOUND ( 'NONE', #1045, .T. ) ;
#1015 = DIRECTION ( 'NONE',  ( 1.000000000000000000, 0.000000000000000000, 0.000000000000000000 ) ) ;
#1016 = AXIS2_PLACEMENT_3D ( 'NONE', #9271, #4711, #4820 ) ;
#1017 = DIRECTION ( 'NONE',  ( 1.000000000000000000, 0.000000000000000000, 0.000000000000000000 ) ) ;
#1018 = EDGE_CURVE ( 'NONE', #923, #7502, #4304, .T. ) ;
#1019 = CARTESIAN_POINT ( 'NONE',  ( -2.749999999999757971, -11.06108850259513332, 1.000000000000000000 ) ) ;
#1020 = CYLINDRICAL_SURFACE ( 'NONE', #4425, 0.7500000000000006661 ) ;
#1021 = VERTEX_POINT ( 'NONE', #8773 ) ;
#1022 = CARTESIAN_POINT ( 'NONE',  ( 32.50000000000000000, 17.50000000000000000, 0.000000000000000000 ) ) ;
#1023 = AXIS2_PLACEMENT_3D ( 'NONE', #4468, #2947, #8973 ) ;
#1024 = VERTEX_POINT ( 'NONE', #2004 ) ;
#1025 = DIRECTION ( 'NONE',  ( -0.000000000000000000, -0.000000000000000000, 1.000000000000000000 ) ) ;
#1026 = LINE ( 'NONE', #7803, #3747 ) ;
#1027 = CARTESIAN_POINT ( 'NONE',  ( -8.249999999999904077, 2.938911497404866235, 1.000000000000000000 ) ) ;
#1028 = FACE_OUTER_BOUND ( 'NONE', #3166, .T. ) ;
#1029 = EDGE_LOOP ( 'NONE', ( #856, #5969, #5185, #2783 ) ) ;
#1030 = CARTESIAN_POINT ( 'NONE',  ( -16.50000000000000000, 12.93891149740486668, -3.000000000000000000 ) ) ;
#1031 = CYLINDRICAL_SURFACE ( 'NONE', #6377, 0.7500000000000006661 ) ;
#1032 = ADVANCED_FACE ( 'NONE', ( #6402 ), #4062, .F. ) ;
#1033 = EDGE_CURVE ( 'NONE', #7555, #6123, #311, .T. ) ;
#1034 = DIRECTION ( 'NONE',  ( 1.000000000000000000, 0.000000000000000000, 0.000000000000000000 ) ) ;
#1035 = ORIENTED_EDGE ( 'NONE', *, *, #772, .T. ) ;
#1036 = CARTESIAN_POINT ( 'NONE',  ( 32.50000000000000000, -17.50000000000000000, 2.000000000000000000 ) ) ;
#1037 = ORIENTED_EDGE ( 'NONE', *, *, #8010, .F. ) ;
#1038 = CARTESIAN_POINT ( 'NONE',  ( 9.250000000000078160, 4.938911497404866680, -3.000000000000000000 ) ) ;
#1039 = DIRECTION ( 'NONE',  ( 1.000000000000000000, 0.000000000000000000, 0.000000000000000000 ) ) ;
#1040 = ORIENTED_EDGE ( 'NONE', *, *, #7362, .F. ) ;
#1041 = ORIENTED_EDGE ( 'NONE', *, *, #5015, .T. ) ;
#1042 = CARTESIAN_POINT ( 'NONE',  ( -8.999999999999966249, 8.938911497404866680, 1.000000000000000000 ) ) ;
#1043 = ORIENTED_EDGE ( 'NONE', *, *, #5300, .T. ) ;
#1044 = DIRECTION ( 'NONE',  ( 1.000000000000000000, 0.000000000000000000, 0.000000000000000000 ) ) ;
#1045 = EDGE_LOOP ( 'NONE', ( #1884, #6243, #852, #6391 ) ) ;
#1046 = CARTESIAN_POINT ( 'NONE',  ( -5.499999999999819700, -5.061088502595135985, -3.000000000000000000 ) ) ;
#1047 = VERTEX_POINT ( 'NONE', #6555 ) ;
#1048 = ORIENTED_EDGE ( 'NONE', *, *, #3686, .T. ) ;
#1049 = FACE_OUTER_BOUND ( 'NONE', #3222, .T. ) ;
#1050 = CARTESIAN_POINT ( 'NONE',  ( -1.999999999999965361, 8.938911497404866680, 1.000000000000000000 ) ) ;
#1051 = EDGE_CURVE ( 'NONE', #1588, #5209, #4453, .T. ) ;
#1052 = EDGE_CURVE ( 'NONE', #5896, #6583, #5244, .T. ) ;
#1053 = ORIENTED_EDGE ( 'NONE', *, *, #1402, .T. ) ;
#1054 = FACE_BOUND ( 'NONE', #9587, .T. ) ;
#1055 = ORIENTED_EDGE ( 'NONE', *, *, #5109, .F. ) ;
#1056 = DIRECTION ( 'NONE',  ( 0.000000000000000000, -0.000000000000000000, -1.000000000000000000 ) ) ;
#1057 = DIRECTION ( 'NONE',  ( -0.000000000000000000, -0.000000000000000000, 1.000000000000000000 ) ) ;
#1058 = CARTESIAN_POINT ( 'NONE',  ( 7.750000000000118128, 0.9389114974048662354, 1.000000000000000000 ) ) ;
#1059 = DIRECTION ( 'NONE',  ( 0.000000000000000000, -0.000000000000000000, -1.000000000000000000 ) ) ;
#1060 = DIRECTION ( 'NONE',  ( 0.000000000000000000, -0.000000000000000000, -1.000000000000000000 ) ) ;
#1061 = CARTESIAN_POINT ( 'NONE',  ( -8.999999999999820588, -5.061088502595135985, -3.000000000000000000 ) ) ;
#1062 = ORIENTED_EDGE ( 'NONE', *, *, #5415, .T. ) ;
#1063 = VERTEX_POINT ( 'NONE', #8277 ) ;
#1064 = LINE ( 'NONE', #4067, #2041 ) ;
#1065 = EDGE_CURVE ( 'NONE', #7520, #1839, #6531, .T. ) ;
#1066 = ORIENTED_EDGE ( 'NONE', *, *, #891, .T. ) ;
#1067 = VECTOR ( 'NONE', #2887, 1000.000000000000000 ) ;
#1068 = DIRECTION ( 'NONE',  ( 1.000000000000000000, 0.000000000000000000, 0.000000000000000000 ) ) ;
#1069 = CARTESIAN_POINT ( 'NONE',  ( 12.00000000000001421, 10.93891149740486668, 1.000000000000000000 ) ) ;
#1070 = DIRECTION ( 'NONE',  ( 1.000000000000000000, 0.000000000000000000, 0.000000000000000000 ) ) ;
#1071 = CARTESIAN_POINT ( 'NONE',  ( 2.250000000000097256, 2.938911497404866235, 1.000000000000000000 ) ) ;
#1072 = ORIENTED_EDGE ( 'NONE', *, *, #266, .F. ) ;
#1073 = FACE_OUTER_BOUND ( 'NONE', #5270, .T. ) ;
#1074 = CARTESIAN_POINT ( 'NONE',  ( -11.74999999999979927, -7.061088502595134209, 1.000000000000000000 ) ) ;
#1075 = CARTESIAN_POINT ( 'NONE',  ( -12.49999999999994493, 6.938911497404866680, -3.000000000000000000 ) ) ;
#1076 = EDGE_CURVE ( 'NONE', #9484, #4947, #2891, .T. ) ;
#1077 = PRODUCT_DEFINITION ( 'UNKNOWN', '', #4363, #7592 ) ;
#1078 = EDGE_LOOP ( 'NONE', ( #4658, #9652 ) ) ;
#1079 = DIRECTION ( 'NONE',  ( 0.000000000000000000, -0.000000000000000000, -1.000000000000000000 ) ) ;
#1080 = CYLINDRICAL_SURFACE ( 'NONE', #19, 0.7500000000000006661 ) ;
#1081 = LINE ( 'NONE', #4084, #7927 ) ;
#1082 = AXIS2_PLACEMENT_3D ( 'NONE', #7160, #5049, #2011 ) ;
#1083 = ORIENTED_EDGE ( 'NONE', *, *, #3615, .T. ) ;
#1084 = ORIENTED_EDGE ( 'NONE', *, *, #7431, .T. ) ;
#1085 = CARTESIAN_POINT ( 'NONE',  ( -4.749999999999798383, -7.061088502595134209, -3.000000000000000000 ) ) ;
#1086 = CIRCLE ( 'NONE', #2671, 0.7500000000000006661 ) ;
#1087 = EDGE_CURVE ( 'NONE', #6691, #7396, #5792, .T. ) ;
#1088 = ORIENTED_EDGE ( 'NONE', *, *, #9710, .T. ) ;
#1089 = CYLINDRICAL_SURFACE ( 'NONE', #3767, 0.7500000000000006661 ) ;
#1090 = CARTESIAN_POINT ( 'NONE',  ( -8.999999999999799272, -7.061088502595134209, 0.000000000000000000 ) ) ;
#1091 = ORIENTED_EDGE ( 'NONE', *, *, #7395, .F. ) ;
#1092 = EDGE_LOOP ( 'NONE', ( #612, #4515 ) ) ;
#1093 = DIRECTION ( 'NONE',  ( 1.000000000000000000, 0.000000000000000000, 0.000000000000000000 ) ) ;
#1094 = AXIS2_PLACEMENT_3D ( 'NONE', #2099, #6442, #1247 ) ;
#1095 = DIRECTION ( 'NONE',  ( 0.000000000000000000, -0.000000000000000000, -1.000000000000000000 ) ) ;
#1096 = ORIENTED_EDGE ( 'NONE', *, *, #6103, .F. ) ;
#1097 = VECTOR ( 'NONE', #2226, 1000.000000000000000 ) ;
#1098 = LINE ( 'NONE', #3239, #9446 ) ;
#1099 = EDGE_CURVE ( 'NONE', #7123, #6718, #9559, .T. ) ;
#1100 = ORIENTED_EDGE ( 'NONE', *, *, #3210, .T. ) ;
#1101 = EDGE_CURVE ( 'NONE', #9651, #1146, #5836, .T. ) ;
#1102 = FACE_BOUND ( 'NONE', #5470, .T. ) ;
#1103 = CARTESIAN_POINT ( 'NONE',  ( -5.499999999999986677, 10.93891149740486668, -3.000000000000000000 ) ) ;
#1104 = CARTESIAN_POINT ( 'NONE',  ( -4.749999999999923617, 4.938911497404866680, -3.000000000000000000 ) ) ;
#1105 = DIRECTION ( 'NONE',  ( 1.000000000000000000, 0.000000000000000000, 0.000000000000000000 ) ) ;
#1106 = DIRECTION ( 'NONE',  ( -0.000000000000000000, 0.000000000000000000, 1.000000000000000000 ) ) ;
#1107 = CIRCLE ( 'NONE', #4879, 0.7500000000000004441 ) ;
#1108 = CARTESIAN_POINT ( 'NONE',  ( 1.500000000000221601, -9.061088502595131544, 0.000000000000000000 ) ) ;
#1109 = AXIS2_PLACEMENT_3D ( 'NONE', #3860, #6890, #150 ) ;
#1110 = AXIS2_PLACEMENT_3D ( 'NONE', #5694, #2003, #7387 ) ;
#1111 = EDGE_LOOP ( 'NONE', ( #9702, #2981, #1693, #9043 ) ) ;
#1112 = EDGE_LOOP ( 'NONE', ( #3168, #8243, #3947, #8191 ) ) ;
#1113 = DIRECTION ( 'NONE',  ( 1.000000000000000000, 0.000000000000000000, 0.000000000000000000 ) ) ;
#1114 = EDGE_LOOP ( 'NONE', ( #6233, #8454, #120, #1741 ) ) ;
#1115 = AXIS2_PLACEMENT_3D ( 'NONE', #5156, #9078, #2859 ) ;
#1116 = CARTESIAN_POINT ( 'NONE',  ( 9.250000000000264677, -13.06108850259513510, 1.000000000000000000 ) ) ;
#1117 = DIRECTION ( 'NONE',  ( 1.000000000000000000, 0.000000000000000000, 0.000000000000000000 ) ) ;
#1118 = CIRCLE ( 'NONE', #8225, 0.7500000000000006661 ) ;
#1119 = CIRCLE ( 'NONE', #7122, 0.7500000000000004441 ) ;
#1120 = DIRECTION ( 'NONE',  ( 1.000000000000000000, 0.000000000000000000, 0.000000000000000000 ) ) ;
#1121 = CARTESIAN_POINT ( 'NONE',  ( -1.999999999999819700, -5.061088502595135985, -3.000000000000000000 ) ) ;
#1122 = ORIENTED_EDGE ( 'NONE', *, *, #7552, .T. ) ;
#1123 = DIRECTION ( 'NONE',  ( -0.000000000000000000, 0.000000000000000000, 1.000000000000000000 ) ) ;
#1124 = DIRECTION ( 'NONE',  ( 0.000000000000000000, -0.000000000000000000, -1.000000000000000000 ) ) ;
#1125 = CARTESIAN_POINT ( 'NONE',  ( 5.000000000000077272, 4.938911497404866680, -3.000000000000000000 ) ) ;
#1126 = AXIS2_PLACEMENT_3D ( 'NONE', #7497, #5294, #5251 ) ;
#1127 = EDGE_CURVE ( 'NONE', #1729, #4945, #2584, .T. ) ;
#1128 = AXIS2_PLACEMENT_3D ( 'NONE', #5584, #203, #3317 ) ;
#1129 = VECTOR ( 'NONE', #3768, 1000.000000000000000 ) ;
#1130 = AXIS2_PLACEMENT_3D ( 'NONE', #6280, #6932, #6238 ) ;
#1131 = ORIENTED_EDGE ( 'NONE', *, *, #9767, .T. ) ;
#1132 = CARTESIAN_POINT ( 'NONE',  ( -2.749999999999820144, -5.061088502595135985, 0.000000000000000000 ) ) ;
#1133 = ORIENTED_EDGE ( 'NONE', *, *, #3674, .T. ) ;
#1134 = CARTESIAN_POINT ( 'NONE',  ( -1.999999999999861222, -1.061088502595133765, 0.000000000000000000 ) ) ;
#1135 = VECTOR ( 'NONE', #5222, 1000.000000000000000 ) ;
#1136 = DIRECTION ( 'NONE',  ( -0.000000000000000000, -0.000000000000000000, 1.000000000000000000 ) ) ;
#1137 = ORIENTED_EDGE ( 'NONE', *, *, #1018, .F. ) ;
#1139 = CARTESIAN_POINT ( 'NONE',  ( 5.000000000000015099, 10.93891149740486668, -3.000000000000000000 ) ) ;
#1138 = AXIS2_PLACEMENT_3D ( 'NONE', #9488, #6428, #2628 ) ;
#1140 = DIRECTION ( 'NONE',  ( 1.000000000000000000, 0.000000000000000000, 0.000000000000000000 ) ) ;
#1141 = EDGE_CURVE ( 'NONE', #2423, #6056, #5934, .T. ) ;
#1142 = AXIS2_PLACEMENT_3D ( 'NONE', #6472, #6423, #8646 ) ;
#1143 = AXIS2_PLACEMENT_3D ( 'NONE', #434, #8793, #2024 ) ;
#1144 = ORIENTED_EDGE ( 'NONE', *, *, #2178, .F. ) ;
#1145 = CARTESIAN_POINT ( 'NONE',  ( -1.999999999999819700, -5.061088502595135985, 1.000000000000000000 ) ) ;
#1146 = VERTEX_POINT ( 'NONE', #2107 ) ;
#1147 = DIRECTION ( 'NONE',  ( -0.000000000000000000, -0.000000000000000000, 1.000000000000000000 ) ) ;
#1148 = VERTEX_POINT ( 'NONE', #3667 ) ;
#1149 = VECTOR ( 'NONE', #5255, 1000.000000000000000 ) ;
#1150 = ORIENTED_EDGE ( 'NONE', *, *, #280, .F. ) ;
#1151 = DIRECTION ( 'NONE',  ( 0.000000000000000000, -0.000000000000000000, -1.000000000000000000 ) ) ;
#1152 = CIRCLE ( 'NONE', #5872, 0.7500000000000006661 ) ;
#1153 = CYLINDRICAL_SURFACE ( 'NONE', #9641, 0.7500000000000006661 ) ;
#1154 = ADVANCED_FACE ( 'NONE', ( #8175 ), #1501, .F. ) ;
#1155 = EDGE_CURVE ( 'NONE', #7008, #4428, #9273, .T. ) ;
#1156 = CIRCLE ( 'NONE', #2116, 0.7500000000000006661 ) ;
#1157 = EDGE_LOOP ( 'NONE', ( #8907, #2474, #5879, #3921 ) ) ;
#1158 = CYLINDRICAL_SURFACE ( 'NONE', #5493, 0.7500000000000006661 ) ;
#1159 = VECTOR ( 'NONE', #2795, 1000.000000000000000 ) ;
#1160 = VERTEX_POINT ( 'NONE', #9008 ) ;
#1161 = FACE_OUTER_BOUND ( 'NONE', #7478, .T. ) ;
#1162 = DIRECTION ( 'NONE',  ( 1.000000000000000000, 0.000000000000000000, 0.000000000000000000 ) ) ;
#1163 = CARTESIAN_POINT ( 'NONE',  ( 16.49999999999999645, -13.06108850259512977, 0.000000000000000000 ) ) ;
#1164 = CARTESIAN_POINT ( 'NONE',  ( 5.000000000000015099, 10.93891149740486668, 0.000000000000000000 ) ) ;
#1165 = DIRECTION ( 'NONE',  ( 1.000000000000000000, 0.000000000000000000, -0.000000000000000000 ) ) ;
#1166 = CIRCLE ( 'NONE', #2431, 0.7500000000000006661 ) ;
#1167 = ORIENTED_EDGE ( 'NONE', *, *, #9768, .F. ) ;
#1168 = VERTEX_POINT ( 'NONE', #8817 ) ;
#1169 = CARTESIAN_POINT ( 'NONE',  ( -8.999999999999820588, -5.061088502595135985, 1.000000000000000000 ) ) ;
#1170 = EDGE_LOOP ( 'NONE', ( #8747, #6333, #6342, #4000 ) ) ;
#1171 = DIRECTION ( 'NONE',  ( 1.000000000000000000, 0.000000000000000000, 0.000000000000000000 ) ) ;
#1172 = DIRECTION ( 'NONE',  ( 1.000000000000000000, 0.000000000000000000, 0.000000000000000000 ) ) ;
#1173 = CIRCLE ( 'NONE', #9538, 0.7500000000000006661 ) ;
#1174 = DIRECTION ( 'NONE',  ( -0.000000000000000000, 0.000000000000000000, 1.000000000000000000 ) ) ;
#1175 = SURFACE_SIDE_STYLE ('',( #6566 ) ) ;
#1176 = ORIENTED_EDGE ( 'NONE', *, *, #3603, .T. ) ;
#1177 = CYLINDRICAL_SURFACE ( 'NONE', #387, 0.7500000000000006661 ) ;
#1178 = CARTESIAN_POINT ( 'NONE',  ( -5.499999999999882760, 0.9389114974048661244, 1.000000000000000000 ) ) ;
#1179 = CARTESIAN_POINT ( 'NONE',  ( -11.74999999999998579, 10.93891149740486668, 1.000000000000000000 ) ) ;
#1180 = EDGE_CURVE ( 'NONE', #6561, #9566, #2026, .T. ) ;
#1181 = ADVANCED_FACE ( 'NONE', ( #8135 ), #5983, .F. ) ;
#1182 = VECTOR ( 'NONE', #4652, 1000.000000000000000 ) ;
#1183 = ORIENTED_EDGE ( 'NONE', *, *, #1527, .T. ) ;
#1184 = DIRECTION ( 'NONE',  ( -0.000000000000000000, -0.000000000000000000, 1.000000000000000000 ) ) ;
#1185 = ORIENTED_EDGE ( 'NONE', *, *, #3613, .T. ) ;
#1186 = CARTESIAN_POINT ( 'NONE',  ( -9.749999999999841904, -3.061088502595133765, 0.000000000000000000 ) ) ;
#1187 = CARTESIAN_POINT ( 'NONE',  ( -1.999999999999882094, 0.9389114974048661244, 0.000000000000000000 ) ) ;
#1188 = ORIENTED_EDGE ( 'NONE', *, *, #6368, .F. ) ;
#1189 = CARTESIAN_POINT ( 'NONE',  ( 12.00000000000005507, 6.938911497404866680, 0.000000000000000000 ) ) ;
#1190 = DIRECTION ( 'NONE',  ( -0.000000000000000000, -0.000000000000000000, 1.000000000000000000 ) ) ;
#1191 = CARTESIAN_POINT ( 'NONE',  ( -1.249999999999985789, 10.93891149740486668, 1.000000000000000000 ) ) ;
#1192 = ORIENTED_EDGE ( 'NONE', *, *, #7269, .T. ) ;
#1193 = LINE ( 'NONE', #9582, #6140 ) ;
#1194 = ORIENTED_EDGE ( 'NONE', *, *, #5917, .F. ) ;
#1195 = EDGE_CURVE ( 'NONE', #4667, #4727, #5117, .T. ) ;
#1196 = DIRECTION ( 'NONE',  ( -0.000000000000000000, -0.000000000000000000, 1.000000000000000000 ) ) ;
#1197 = ORIENTED_EDGE ( 'NONE', *, *, #1087, .T. ) ;
#1198 = ORIENTED_EDGE ( 'NONE', *, *, #7153, .F. ) ;
#1199 = DIRECTION ( 'NONE',  ( -0.000000000000000000, 0.000000000000000000, 1.000000000000000000 ) ) ;
#1200 = DIRECTION ( 'NONE',  ( 0.000000000000000000, -0.000000000000000000, -1.000000000000000000 ) ) ;
#1201 = ORIENTED_EDGE ( 'NONE', *, *, #1670, .T. ) ;
#1202 = CARTESIAN_POINT ( 'NONE',  ( -13.24999999999998757, 10.93891149740486668, 1.000000000000000000 ) ) ;
#1203 = EDGE_CURVE ( 'NONE', #9494, #4250, #871, .T. ) ;
#1204 = EDGE_CURVE ( 'NONE', #5384, #3329, #4176, .T. ) ;
#1205 = DIRECTION ( 'NONE',  ( 1.000000000000000000, 0.000000000000000000, 0.000000000000000000 ) ) ;
#1206 = CARTESIAN_POINT ( 'NONE',  ( 30.50000000000000711, 13.00000000000000178, 2.000000000000000000 ) ) ;
#1207 = ORIENTED_EDGE ( 'NONE', *, *, #5225, .T. ) ;
#1208 = DIRECTION ( 'NONE',  ( 1.000000000000000000, 0.000000000000000000, 0.000000000000000000 ) ) ;
#1209 = CARTESIAN_POINT ( 'NONE',  ( -11.74999999999996447, 8.938911497404866680, 0.000000000000000000 ) ) ;
#1210 = ORIENTED_EDGE ( 'NONE', *, *, #2017, .T. ) ;
#1211 = DIRECTION ( 'NONE',  ( 1.000000000000000000, 0.000000000000000000, 0.000000000000000000 ) ) ;
#1212 = VERTEX_POINT ( 'NONE', #7349 ) ;
#1213 = FACE_BOUND ( 'NONE', #5414, .T. ) ;
#1214 = ADVANCED_FACE ( 'NONE', ( #2937 ), #6599, .T. ) ;
#1215 = VERTEX_POINT ( 'NONE', #7726 ) ;
#1216 = DIRECTION ( 'NONE',  ( -0.000000000000000000, 0.000000000000000000, 1.000000000000000000 ) ) ;
#1217 = CARTESIAN_POINT ( 'NONE',  ( 4.250000000000243361, -11.06108850259513332, 1.000000000000000000 ) ) ;
#1218 = DIRECTION ( 'NONE',  ( 0.000000000000000000, -0.000000000000000000, -1.000000000000000000 ) ) ;
#1219 = CARTESIAN_POINT ( 'NONE',  ( -8.999999999999861444, -1.061088502595133765, -3.000000000000000000 ) ) ;
#1220 = ORIENTED_EDGE ( 'NONE', *, *, #3384, .F. ) ;
#1221 = CARTESIAN_POINT ( 'NONE',  ( 7.750000000000055067, 6.938911497404866680, -3.000000000000000000 ) ) ;
#1222 = CYLINDRICAL_SURFACE ( 'NONE', #7150, 0.7500000000000006661 ) ;
#1223 = DIRECTION ( 'NONE',  ( -0.000000000000000000, -0.000000000000000000, 1.000000000000000000 ) ) ;
#1224 = AXIS2_PLACEMENT_3D ( 'NONE', #5889, #3709, #8812 ) ;
#1225 = ORIENTED_EDGE ( 'NONE', *, *, #3911, .F. ) ;
#1226 = CARTESIAN_POINT ( 'NONE',  ( 12.00000000000020073, -7.061088502595134209, 1.000000000000000000 ) ) ;
#1227 = ORIENTED_EDGE ( 'NONE', *, *, #9683, .F. ) ;
#1228 = DIRECTION ( 'NONE',  ( 0.000000000000000000, -0.000000000000000000, -1.000000000000000000 ) ) ;
#1229 = LINE ( 'NONE', #4227, #1938 ) ;
#1230 = EDGE_CURVE ( 'NONE', #1964, #1295, #3126, .T. ) ;
#1231 = ORIENTED_EDGE ( 'NONE', *, *, #8456, .T. ) ;
#1232 = ADVANCED_FACE ( 'NONE', ( #5479 ), #3233, .F. ) ;
#1233 = DIRECTION ( 'NONE',  ( 0.000000000000000000, -0.000000000000000000, -1.000000000000000000 ) ) ;
#1234 = DIRECTION ( 'NONE',  ( 1.000000000000000000, 0.000000000000000000, 0.000000000000000000 ) ) ;
#1235 = AXIS2_PLACEMENT_3D ( 'NONE', #6656, #4548, #668 ) ;
#1236 = VERTEX_POINT ( 'NONE', #8319 ) ;
#1237 = CARTESIAN_POINT ( 'NONE',  ( 12.75000000000018119, -5.061088502595135985, 0.000000000000000000 ) ) ;
#1238 = VERTEX_POINT ( 'NONE', #3957 ) ;
#1239 = CARTESIAN_POINT ( 'NONE',  ( 8.500000000000243361, -11.06108850259513332, 1.000000000000000000 ) ) ;
#1240 = ORIENTED_EDGE ( 'NONE', *, *, #3303, .F. ) ;
#1241 = ORIENTED_EDGE ( 'NONE', *, *, #7670, .T. ) ;
#1242 = CARTESIAN_POINT ( 'NONE',  ( -11.74999999999973710, -13.06108850259513510, 1.000000000000000000 ) ) ;
#1243 = DIRECTION ( 'NONE',  ( -0.000000000000000000, 0.000000000000000000, 1.000000000000000000 ) ) ;
#1244 = VECTOR ( 'NONE', #317, 1000.000000000000000 ) ;
#1245 = EDGE_CURVE ( 'NONE', #7352, #8068, #3085, .T. ) ;
#1246 = EDGE_LOOP ( 'NONE', ( #7718, #3834, #9350, #2527 ) ) ;
#1247 = DIRECTION ( 'NONE',  ( 1.000000000000000000, 0.000000000000000000, 0.000000000000000000 ) ) ;
#1248 = CIRCLE ( 'NONE', #5018, 0.7500000000000006661 ) ;
#1249 = FACE_OUTER_BOUND ( 'NONE', #2257, .T. ) ;
#1250 = FACE_OUTER_BOUND ( 'NONE', #5100, .T. ) ;
#1251 = LINE ( 'NONE', #1360, #3944 ) ;
#1252 = CARTESIAN_POINT ( 'NONE',  ( 12.00000000000024336, -11.06108850259513332, 1.000000000000000000 ) ) ;
#1253 = VERTEX_POINT ( 'NONE', #6991 ) ;
#1254 = ORIENTED_EDGE ( 'NONE', *, *, #568, .F. ) ;
#1255 = EDGE_CURVE ( 'NONE', #6258, #3538, #6127, .T. ) ;
#1256 = AXIS2_PLACEMENT_3D ( 'NONE', #442, #6481, #9493 ) ;
#1257 = ORIENTED_EDGE ( 'NONE', *, *, #8333, .F. ) ;
#1258 = ORIENTED_EDGE ( 'NONE', *, *, #1823, .T. ) ;
#1259 = FACE_BOUND ( 'NONE', #4851, .T. ) ;
#1260 = ORIENTED_EDGE ( 'NONE', *, *, #1949, .T. ) ;
#1261 = CARTESIAN_POINT ( 'NONE',  ( -8.999999999999841904, -3.061088502595133765, 0.000000000000000000 ) ) ;
#1262 = DIRECTION ( 'NONE',  ( 0.000000000000000000, -0.000000000000000000, -1.000000000000000000 ) ) ;
#1263 = CARTESIAN_POINT ( 'NONE',  ( -9.749999999999904077, 2.938911497404866235, 1.000000000000000000 ) ) ;
#1264 = DIRECTION ( 'NONE',  ( -1.000000000000000000, -0.000000000000000000, -0.000000000000000000 ) ) ;
#1265 = AXIS2_PLACEMENT_3D ( 'NONE', #3154, #3109, #984 ) ;
#1266 = ORIENTED_EDGE ( 'NONE', *, *, #7719, .T. ) ;
#1267 = DIRECTION ( 'NONE',  ( -0.000000000000000000, -0.000000000000000000, 1.000000000000000000 ) ) ;
#1268 = CARTESIAN_POINT ( 'NONE',  ( -5.499999999999924505, 4.938911497404866680, -3.000000000000000000 ) ) ;
#1269 = CARTESIAN_POINT ( 'NONE',  ( 8.500000000000035527, 8.938911497404866680, 0.000000000000000000 ) ) ;
#1270 = ADVANCED_FACE ( 'NONE', ( #7679 ), #9148, .F. ) ;
#1271 = EDGE_CURVE ( 'NONE', #8703, #7097, #2444, .T. ) ;
#1272 = AXIS2_PLACEMENT_3D ( 'NONE', #7405, #3055, #9671 ) ;
#1273 = AXIS2_PLACEMENT_3D ( 'NONE', #9039, #7413, #3735 ) ;
#1274 = CIRCLE ( 'NONE', #9331, 0.7500000000000006661 ) ;
#1275 = FACE_OUTER_BOUND ( 'NONE', #6650, .T. ) ;
#1276 = DIRECTION ( 'NONE',  ( -0.000000000000000000, 0.000000000000000000, 1.000000000000000000 ) ) ;
#1277 = CARTESIAN_POINT ( 'NONE',  ( 1.500000000000242473, -11.06108850259513332, 1.000000000000000000 ) ) ;
#1278 = ORIENTED_EDGE ( 'NONE', *, *, #3357, .F. ) ;
#1279 = VECTOR ( 'NONE', #2564, 1000.000000000000000 ) ;
#1280 = LINE ( 'NONE', #4974, #7641 ) ;
#1281 = AXIS2_PLACEMENT_3D ( 'NONE', #5048, #1587, #1443 ) ;
#1282 = CARTESIAN_POINT ( 'NONE',  ( -5.499999999999944933, 6.938911497404866680, 1.000000000000000000 ) ) ;
#1283 = AXIS2_PLACEMENT_3D ( 'NONE', #6913, #183, #1034 ) ;
#1284 = VECTOR ( 'NONE', #7280, 1000.000000000000000 ) ;
#1285 = ADVANCED_FACE ( 'NONE', ( #8365 ), #753, .F. ) ;
#1286 = AXIS2_PLACEMENT_3D ( 'NONE', #3721, #5943, #2987 ) ;
#1287 = CIRCLE ( 'NONE', #30, 0.7500000000000006661 ) ;
#1288 = ORIENTED_EDGE ( 'NONE', *, *, #8083, .T. ) ;
#1289 = CARTESIAN_POINT ( 'NONE',  ( 9.250000000000015987, 10.93891149740486668, 1.000000000000000000 ) ) ;
#1290 = ORIENTED_EDGE ( 'NONE', *, *, #381, .F. ) ;
#1291 = CIRCLE ( 'NONE', #8232, 0.7500000000000006661 ) ;
#1292 = AXIS2_PLACEMENT_3D ( 'NONE', #8499, #1727, #4726 ) ;
#1293 = CARTESIAN_POINT ( 'NONE',  ( -11.74999999999994493, 6.938911497404866680, 0.000000000000000000 ) ) ;
#1294 = FACE_BOUND ( 'NONE', #975, .T. ) ;
#1295 = VERTEX_POINT ( 'NONE', #1592 ) ;
#1296 = VERTEX_POINT ( 'NONE', #3754 ) ;
#1297 = CARTESIAN_POINT ( 'NONE',  ( 1.500000000000013545, 10.93891149740486668, -3.000000000000000000 ) ) ;
#1298 = CARTESIAN_POINT ( 'NONE',  ( -12.49999999999975842, -11.06108850259513332, 0.000000000000000000 ) ) ;
#1299 = CIRCLE ( 'NONE', #5865, 0.7500000000000006661 ) ;
#1300 = VECTOR ( 'NONE', #9279, 1000.000000000000000 ) ;
#1301 = EDGE_CURVE ( 'NONE', #4996, #3117, #4592, .T. ) ;
#1302 = ORIENTED_EDGE ( 'NONE', *, *, #7463, .T. ) ;
#1303 = ADVANCED_FACE ( 'NONE', ( #8421 ), #3178, .F. ) ;
#1304 = DIRECTION ( 'NONE',  ( 1.000000000000000000, 0.000000000000000000, 0.000000000000000000 ) ) ;
#1305 = AXIS2_PLACEMENT_3D ( 'NONE', #5453, #1766, #2361 ) ;
#1306 = CIRCLE ( 'NONE', #356, 0.7500000000000006661 ) ;
#1307 = EDGE_CURVE ( 'NONE', #393, #179, #3782, .T. ) ;
#1308 = CARTESIAN_POINT ( 'NONE',  ( 30.50000000000000711, 13.00000000000000178, 12.00000000000000000 ) ) ;
#1309 = LINE ( 'NONE', #559, #678 ) ;
#1310 = ORIENTED_EDGE ( 'NONE', *, *, #1390, .T. ) ;
#1311 = DIRECTION ( 'NONE',  ( 0.000000000000000000, -0.000000000000000000, -1.000000000000000000 ) ) ;
#1312 = CARTESIAN_POINT ( 'NONE',  ( 5.000000000000035527, 8.938911497404866680, -3.000000000000000000 ) ) ;
#1313 = ORIENTED_EDGE ( 'NONE', *, *, #6964, .T. ) ;
#1314 = ORIENTED_EDGE ( 'NONE', *, *, #6296, .T. ) ;
#1315 = AXIS2_PLACEMENT_3D ( 'NONE', #670, #6708, #2350 ) ;
#1316 = FACE_OUTER_BOUND ( 'NONE', #6240, .T. ) ;
#1317 = ORIENTED_EDGE ( 'NONE', *, *, #8032, .T. ) ;
#1318 = VECTOR ( 'NONE', #4353, 1000.000000000000000 ) ;
#1319 = FACE_OUTER_BOUND ( 'NONE', #6421, .T. ) ;
#1320 = EDGE_CURVE ( 'NONE', #9478, #4761, #1647, .T. ) ;
#1321 = CYLINDRICAL_SURFACE ( 'NONE', #2870, 0.7500000000000006661 ) ;
#1322 = DIRECTION ( 'NONE',  ( 1.000000000000000000, 0.000000000000000000, 0.000000000000000000 ) ) ;
#1323 = EDGE_CURVE ( 'NONE', #6561, #1862, #106, .T. ) ;
#1324 = EDGE_LOOP ( 'NONE', ( #9193, #2491, #5224, #7380 ) ) ;
#1325 = AXIS2_PLACEMENT_3D ( 'NONE', #4894, #8916, #3665 ) ;
#1326 = CARTESIAN_POINT ( 'NONE',  ( -8.249999999999840128, -3.061088502595133765, 1.000000000000000000 ) ) ;
#1327 = FACE_OUTER_BOUND ( 'NONE', #2533, .T. ) ;
#1328 = DIRECTION ( 'NONE',  ( 0.000000000000000000, -0.000000000000000000, -1.000000000000000000 ) ) ;
#1329 = CIRCLE ( 'NONE', #6847, 0.7500000000000006661 ) ;
#1330 = AXIS2_PLACEMENT_3D ( 'NONE', #5212, #1478, #4373 ) ;
#1331 = ORIENTED_EDGE ( 'NONE', *, *, #6271, .F. ) ;
#1332 = AXIS2_PLACEMENT_3D ( 'NONE', #5238, #9059, #4498 ) ;
#1333 = CARTESIAN_POINT ( 'NONE',  ( 18.49999999999999645, 12.93891149740486846, -3.000000000000000000 ) ) ;
#1334 = ORIENTED_EDGE ( 'NONE', *, *, #5961, .T. ) ;
#1335 = ADVANCED_FACE ( 'NONE', ( #3811 ), #4597, .F. ) ;
#1336 = EDGE_CURVE ( 'NONE', #8903, #1508, #1424, .T. ) ;
#1337 = DIRECTION ( 'NONE',  ( 0.000000000000000000, -1.000000000000000000, 0.000000000000000000 ) ) ;
#1338 = CARTESIAN_POINT ( 'NONE',  ( 7.750000000000159872, -3.061088502595133765, 1.000000000000000000 ) ) ;
#1339 = ADVANCED_FACE ( 'NONE', ( #3903 ), #859, .F. ) ;
#1340 = ORIENTED_EDGE ( 'NONE', *, *, #8436, .T. ) ;
#1341 = VERTEX_POINT ( 'NONE', #4231 ) ;
#1343 = CARTESIAN_POINT ( 'NONE',  ( 1.500000000000013545, 10.93891149740486668, 0.000000000000000000 ) ) ;
#1342 = CIRCLE ( 'NONE', #6859, 0.7500000000000006661 ) ;
#1344 = DIRECTION ( 'NONE',  ( -0.000000000000000000, 0.000000000000000000, 1.000000000000000000 ) ) ;
#1345 = ORIENTED_EDGE ( 'NONE', *, *, #9162, .T. ) ;
#1346 = AXIS2_PLACEMENT_3D ( 'NONE', #6609, #8830, #4220 ) ;
#1347 = EDGE_CURVE ( 'NONE', #4082, #6123, #5996, .T. ) ;
#1348 = DIRECTION ( 'NONE',  ( 1.000000000000000000, 0.000000000000000000, 0.000000000000000000 ) ) ;
#1349 = FACE_BOUND ( 'NONE', #8657, .T. ) ;
#1350 = ORIENTED_EDGE ( 'NONE', *, *, #8840, .F. ) ;
#1351 = VERTEX_POINT ( 'NONE', #9430 ) ;
#1352 = DIRECTION ( 'NONE',  ( 0.000000000000000000, -0.000000000000000000, -1.000000000000000000 ) ) ;
#1353 = CARTESIAN_POINT ( 'NONE',  ( 8.499999999999992895, 12.93891149740486668, 1.000000000000000000 ) ) ;
#1354 = ORIENTED_EDGE ( 'NONE', *, *, #384, .T. ) ;
#1355 = CARTESIAN_POINT ( 'NONE',  ( -6.249999999999820588, -5.061088502595135985, 1.000000000000000000 ) ) ;
#1356 = CARTESIAN_POINT ( 'NONE',  ( -8.999999999999737099, -13.06108850259513510, -3.000000000000000000 ) ) ;
#1357 = EDGE_CURVE ( 'NONE', #6768, #5321, #3969, .T. ) ;
#1358 = ORIENTED_EDGE ( 'NONE', *, *, #1245, .F. ) ;
#1359 = EDGE_CURVE ( 'NONE', #3198, #7072, #5678, .T. ) ;
#1360 = CARTESIAN_POINT ( 'NONE',  ( -26.49999999999999645, -8.999999999999996447, 12.00000000000000000 ) ) ;
#1361 = CARTESIAN_POINT ( 'NONE',  ( -4.749999999999902300, 2.938911497404866235, -3.000000000000000000 ) ) ;
#1362 = EDGE_LOOP ( 'NONE', ( #4792, #1400 ) ) ;
#1363 = VERTEX_POINT ( 'NONE', #8844 ) ;
#1364 = ORIENTED_EDGE ( 'NONE', *, *, #1449, .T. ) ;
#1365 = PLANE ( 'NONE',  #3140 ) ;
#1366 = VERTEX_POINT ( 'NONE', #9581 ) ;
#1367 = DIRECTION ( 'NONE',  ( -0.000000000000000000, -0.000000000000000000, 1.000000000000000000 ) ) ;
#1368 = FACE_OUTER_BOUND ( 'NONE', #327, .T. ) ;
#1369 = PRESENTATION_STYLE_ASSIGNMENT (( #2013 ) ) ;
#1370 = DIRECTION ( 'NONE',  ( 0.000000000000000000, -0.000000000000000000, -1.000000000000000000 ) ) ;
#1371 = CARTESIAN_POINT ( 'NONE',  ( -8.249999999999985789, 10.93891149740486668, -3.000000000000000000 ) ) ;
#1372 = CARTESIAN_POINT ( 'NONE',  ( 12.00000000000022204, -9.061088502595131544, 1.000000000000000000 ) ) ;
#1374 = EDGE_LOOP ( 'NONE', ( #4271, #8280, #8727, #7650 ) ) ;
#1373 = EDGE_CURVE ( 'NONE', #4581, #244, #5073, .T. ) ;
#1375 = FACE_OUTER_BOUND ( 'NONE', #6546, .T. ) ;
#1376 = CARTESIAN_POINT ( 'NONE',  ( 5.000000000000202505, -7.061088502595134209, 0.000000000000000000 ) ) ;
#1377 = DIRECTION ( 'NONE',  ( -0.000000000000000000, -0.000000000000000000, 1.000000000000000000 ) ) ;
#1378 = ORIENTED_EDGE ( 'NONE', *, *, #9452, .T. ) ;
#1379 = CARTESIAN_POINT ( 'NONE',  ( 5.750000000000036415, 8.938911497404866680, 1.000000000000000000 ) ) ;
#1380 = CARTESIAN_POINT ( 'NONE',  ( -5.499999999999757527, -11.06108850259513332, -3.000000000000000000 ) ) ;
#1381 = EDGE_CURVE ( 'NONE', #4494, #2652, #437, .T. ) ;
#1382 = DIRECTION ( 'NONE',  ( 1.000000000000000000, 0.000000000000000000, 0.000000000000000000 ) ) ;
#1383 = ORIENTED_EDGE ( 'NONE', *, *, #8947, .F. ) ;
#1384 = DIRECTION ( 'NONE',  ( 1.000000000000000000, 0.000000000000000000, 0.000000000000000000 ) ) ;
#1385 = FACE_BOUND ( 'NONE', #1737, .T. ) ;
#1386 = ORIENTED_EDGE ( 'NONE', *, *, #2646, .T. ) ;
#1387 = ORIENTED_EDGE ( 'NONE', *, *, #8960, .T. ) ;
#1388 = CARTESIAN_POINT ( 'NONE',  ( 0.7500000000000338618, 8.938911497404866680, 0.000000000000000000 ) ) ;
#1389 = LINE ( 'NONE', #5972, #1598 ) ;
#1390 = EDGE_CURVE ( 'NONE', #3117, #4996, #9475, .T. ) ;
#1391 = AXIS2_PLACEMENT_3D ( 'NONE', #9415, #1970, #2848 ) ;
#1392 = ORIENTED_EDGE ( 'NONE', *, *, #4201, .T. ) ;
#1393 = DIRECTION ( 'NONE',  ( 1.000000000000000000, 0.000000000000000000, 0.000000000000000000 ) ) ;
#1394 = CYLINDRICAL_SURFACE ( 'NONE', #586, 0.7500000000000006661 ) ;
#1395 = DIRECTION ( 'NONE',  ( 1.000000000000000000, 0.000000000000000000, 0.000000000000000000 ) ) ;
#1396 = AXIS2_PLACEMENT_3D ( 'NONE', #2901, #5902, #3678 ) ;
#1397 = CARTESIAN_POINT ( 'NONE',  ( -12.49999999999979927, -7.061088502595134209, -3.000000000000000000 ) ) ;
#1398 = CARTESIAN_POINT ( 'NONE',  ( 27.69999999999999929, -11.00000000000000178, 7.000000000000000000 ) ) ;
#1399 = ORIENTED_EDGE ( 'NONE', *, *, #1505, .F. ) ;
#1400 = ORIENTED_EDGE ( 'NONE', *, *, #1595, .T. ) ;
#1401 = EDGE_LOOP ( 'NONE', ( #1546, #6032, #6455, #4573 ) ) ;
#1402 = EDGE_CURVE ( 'NONE', #4923, #9209, #5703, .T. ) ;
#1403 = DIRECTION ( 'NONE',  ( 1.000000000000000000, 0.000000000000000000, 0.000000000000000000 ) ) ;
#1404 = EDGE_CURVE ( 'NONE', #6205, #8316, #155, .T. ) ;
#1405 = ORIENTED_EDGE ( 'NONE', *, *, #6237, .F. ) ;
#1406 = CARTESIAN_POINT ( 'NONE',  ( -9.000000000000007105, 12.93891149740486668, -3.000000000000000000 ) ) ;
#1407 = CARTESIAN_POINT ( 'NONE',  ( -26.49999999999999645, -12.99999999999999645, 2.000000000000000000 ) ) ;
#1408 = DIRECTION ( 'NONE',  ( -0.000000000000000000, 0.000000000000000000, 1.000000000000000000 ) ) ;
#1409 = DIRECTION ( 'NONE',  ( 0.000000000000000000, -1.000000000000000000, 0.000000000000000000 ) ) ;
#1410 = LINE ( 'NONE', #2166, #1149 ) ;
#1411 = AXIS2_PLACEMENT_3D ( 'NONE', #452, #5785, #3569 ) ;
#1412 = CARTESIAN_POINT ( 'NONE',  ( 1.500000000000221601, -9.061088502595131544, 1.000000000000000000 ) ) ;
#1413 = ORIENTED_EDGE ( 'NONE', *, *, #7168, .F. ) ;
#1414 = EDGE_CURVE ( 'NONE', #8020, #1811, #9152, .T. ) ;
#1415 = AXIS2_PLACEMENT_3D ( 'NONE', #5374, #2383, #3895 ) ;
#1416 = CARTESIAN_POINT ( 'NONE',  ( -26.49999999999999645, 9.000000000000005329, 2.000000000000000000 ) ) ;
#1417 = DIRECTION ( 'NONE',  ( -0.000000000000000000, 0.000000000000000000, 1.000000000000000000 ) ) ;
#1418 = CARTESIAN_POINT ( 'NONE',  ( -6.249999999999737099, -13.06108850259513510, 0.000000000000000000 ) ) ;
#1419 = VERTEX_POINT ( 'NONE', #7267 ) ;
#1420 = ADVANCED_FACE ( 'NONE', ( #4929 ), #6532, .F. ) ;
#1421 = CARTESIAN_POINT ( 'NONE',  ( 2.250000000000139000, -1.061088502595133765, 1.000000000000000000 ) ) ;
#1422 = DIRECTION ( 'NONE',  ( 1.000000000000000000, 0.000000000000000000, 0.000000000000000000 ) ) ;
#1423 = CIRCLE ( 'NONE', #2698, 0.7500000000000006661 ) ;
#1424 = CIRCLE ( 'NONE', #4881, 0.7500000000000006661 ) ;
#1425 = CIRCLE ( 'NONE', #4106, 0.7500000000000006661 ) ;
#1426 = CARTESIAN_POINT ( 'NONE',  ( 26.50000000000000711, 9.000000000000001776, 12.00000000000000000 ) ) ;
#1427 = ORIENTED_EDGE ( 'NONE', *, *, #2977, .T. ) ;
#1428 = CARTESIAN_POINT ( 'NONE',  ( -2.749999999999924505, 4.938911497404866680, 1.000000000000000000 ) ) ;
#1429 = AXIS2_PLACEMENT_3D ( 'NONE', #81, #121, #2314 ) ;
#1430 = FACE_BOUND ( 'NONE', #825, .T. ) ;
#1431 = ORIENTED_EDGE ( 'NONE', *, *, #8358, .T. ) ;
#1432 = EDGE_CURVE ( 'NONE', #4016, #463, #4906, .T. ) ;
#1434 = EDGE_LOOP ( 'NONE', ( #5288, #3204 ) ) ;
#1433 = AXIS2_PLACEMENT_3D ( 'NONE', #3175, #1797, #302 ) ;
#1435 = CARTESIAN_POINT ( 'NONE',  ( 1.500000000000034195, 8.938911497404866680, -3.000000000000000000 ) ) ;
#1436 = DIRECTION ( 'NONE',  ( 1.000000000000000000, 0.000000000000000000, 0.000000000000000000 ) ) ;
#1437 = AXIS2_PLACEMENT_3D ( 'NONE', #7789, #4019, #259 ) ;
#1438 = VECTOR ( 'NONE', #7034, 1000.000000000000000 ) ;
#1439 = ORIENTED_EDGE ( 'NONE', *, *, #2812, .F. ) ;
#1440 = ORIENTED_EDGE ( 'NONE', *, *, #608, .T. ) ;
#1441 = CIRCLE ( 'NONE', #6657, 0.7500000000000006661 ) ;
#1442 = DIRECTION ( 'NONE',  ( -0.000000000000000000, 0.000000000000000000, 1.000000000000000000 ) ) ;
#1443 = DIRECTION ( 'NONE',  ( 1.000000000000000000, 0.000000000000000000, 0.000000000000000000 ) ) ;
#1444 = EDGE_CURVE ( 'NONE', #9077, #2203, #6952, .T. ) ;
#1445 = CARTESIAN_POINT ( 'NONE',  ( 8.500000000000035527, 8.938911497404866680, 1.000000000000000000 ) ) ;
#1446 = AXIS2_PLACEMENT_3D ( 'NONE', #7024, #4627, #1629 ) ;
#1447 = ADVANCED_FACE ( 'NONE', ( #3596, #8753 ), #9539, .T. ) ;
#1448 = EDGE_CURVE ( 'NONE', #3538, #7197, #4725, .T. ) ;
#1449 = EDGE_CURVE ( 'NONE', #1788, #1866, #9622, .T. ) ;
#1450 = VECTOR ( 'NONE', #6071, 1000.000000000000000 ) ;
#1451 = FACE_OUTER_BOUND ( 'NONE', #1112, .T. ) ;
#1452 = DIRECTION ( 'NONE',  ( 1.000000000000000000, 0.000000000000000000, 0.000000000000000000 ) ) ;
#1453 = AXIS2_PLACEMENT_3D ( 'NONE', #1524, #2321, #5161 ) ;
#1454 = ORIENTED_EDGE ( 'NONE', *, *, #2160, .T. ) ;
#1455 = ORIENTED_EDGE ( 'NONE', *, *, #638, .T. ) ;
#1456 = ORIENTED_EDGE ( 'NONE', *, *, #2267, .F. ) ;
#1457 = CIRCLE ( 'NONE', #5538, 0.7500000000000006661 ) ;
#1458 = FACE_BOUND ( 'NONE', #4293, .T. ) ;
#1459 = AXIS2_PLACEMENT_3D ( 'NONE', #7162, #4128, #7059 ) ;
#1460 = ORIENTED_EDGE ( 'NONE', *, *, #1596, .F. ) ;
#1461 = FACE_OUTER_BOUND ( 'NONE', #5449, .T. ) ;
#1462 = DIRECTION ( 'NONE',  ( 1.000000000000000000, 0.000000000000000000, 0.000000000000000000 ) ) ;
#1463 = DIRECTION ( 'NONE',  ( 1.000000000000000000, 0.000000000000000000, 0.000000000000000000 ) ) ;
#1464 = VECTOR ( 'NONE', #5656, 1000.000000000000000 ) ;
#1465 = DIRECTION ( 'NONE',  ( 1.000000000000000000, 0.000000000000000000, 0.000000000000000000 ) ) ;
#1466 = DIRECTION ( 'NONE',  ( -0.000000000000000000, -0.000000000000000000, 1.000000000000000000 ) ) ;
#1467 = CARTESIAN_POINT ( 'NONE',  ( 9.250000000000161648, -3.061088502595133765, 1.000000000000000000 ) ) ;
#1468 = VECTOR ( 'NONE', #3544, 1000.000000000000000 ) ;
#1469 = ORIENTED_EDGE ( 'NONE', *, *, #6830, .F. ) ;
#1470 = AXIS2_PLACEMENT_3D ( 'NONE', #7937, #2550, #4849 ) ;
#1471 = VERTEX_POINT ( 'NONE', #2867 ) ;
#1472 = DIRECTION ( 'NONE',  ( 1.000000000000000000, 0.000000000000000000, 0.000000000000000000 ) ) ;
#1473 = ORIENTED_EDGE ( 'NONE', *, *, #2122, .T. ) ;
#1474 = VECTOR ( 'NONE', #655, 1000.000000000000000 ) ;
#1475 = DIRECTION ( 'NONE',  ( -0.000000000000000000, -0.000000000000000000, 1.000000000000000000 ) ) ;
#1476 = CARTESIAN_POINT ( 'NONE',  ( 5.749999999999994671, 12.93891149740486668, 0.000000000000000000 ) ) ;
#1477 = EDGE_LOOP ( 'NONE', ( #2097, #3920, #7491, #7489 ) ) ;
#1478 = DIRECTION ( 'NONE',  ( -0.000000000000000000, -0.000000000000000000, 1.000000000000000000 ) ) ;
#1479 = EDGE_CURVE ( 'NONE', #7985, #7265, #8532, .T. ) ;
#1480 = CIRCLE ( 'NONE', #366, 0.7500000000000006661 ) ;
#1481 = EDGE_CURVE ( 'NONE', #352, #80, #4288, .T. ) ;
#1482 = DIRECTION ( 'NONE',  ( -0.000000000000000000, -0.000000000000000000, 1.000000000000000000 ) ) ;
#1483 = VECTOR ( 'NONE', #4740, 1000.000000000000000 ) ;
#1484 = CYLINDRICAL_SURFACE ( 'NONE', #9613, 0.7500000000000006661 ) ;
#1485 = ORIENTED_EDGE ( 'NONE', *, *, #5267, .F. ) ;
#1486 = DIRECTION ( 'NONE',  ( -0.000000000000000000, -0.000000000000000000, 1.000000000000000000 ) ) ;
#1487 = DIRECTION ( 'NONE',  ( 1.000000000000000000, 0.000000000000000000, 0.000000000000000000 ) ) ;
#1488 = VERTEX_POINT ( 'NONE', #2029 ) ;
#1489 = VECTOR ( 'NONE', #3798, 1000.000000000000000 ) ;
#1490 = ORIENTED_EDGE ( 'NONE', *, *, #4762, .F. ) ;
#1491 = CARTESIAN_POINT ( 'NONE',  ( -30.49999999999999645, 13.00000000000000533, 2.000000000000000000 ) ) ;
#1492 = CARTESIAN_POINT ( 'NONE',  ( 29.29999999999999716, 10.99999999999999822, 12.00000000000000000 ) ) ;
#1493 = ORIENTED_EDGE ( 'NONE', *, *, #6732, .F. ) ;
#1494 = AXIS2_PLACEMENT_3D ( 'NONE', #5005, #5710, #428 ) ;
#1495 = ADVANCED_FACE ( 'NONE', ( #541 ), #9764, .F. ) ;
#1496 = CARTESIAN_POINT ( 'NONE',  ( -11.74999999999994493, 6.938911497404866680, 1.000000000000000000 ) ) ;
#1497 = FACE_BOUND ( 'NONE', #3844, .T. ) ;
#1498 = ORIENTED_EDGE ( 'NONE', *, *, #6262, .T. ) ;
#1499 = FACE_OUTER_BOUND ( 'NONE', #9460, .T. ) ;
#1500 = DIRECTION ( 'NONE',  ( -0.000000000000000000, -0.000000000000000000, 1.000000000000000000 ) ) ;
#1501 = CYLINDRICAL_SURFACE ( 'NONE', #3739, 0.7500000000000006661 ) ;
#1502 = EDGE_LOOP ( 'NONE', ( #2053, #676, #6979, #4313 ) ) ;
#1503 = EDGE_LOOP ( 'NONE', ( #5082, #3422, #7873, #1684 ) ) ;
#1504 = EDGE_LOOP ( 'NONE', ( #354, #4430, #8515, #3129 ) ) ;
#1505 = EDGE_CURVE ( 'NONE', #6269, #9263, #4257, .T. ) ;
#1506 = EDGE_CURVE ( 'NONE', #1253, #8444, #5269, .T. ) ;
#1507 = FACE_BOUND ( 'NONE', #9672, .T. ) ;
#1508 = VERTEX_POINT ( 'NONE', #3002 ) ;
#1509 = DIRECTION ( 'NONE',  ( -0.000000000000000000, -0.000000000000000000, 1.000000000000000000 ) ) ;
#1510 = DIRECTION ( 'NONE',  ( 0.000000000000000000, -0.000000000000000000, -1.000000000000000000 ) ) ;
#1511 = DIRECTION ( 'NONE',  ( -0.000000000000000000, 0.000000000000000000, 1.000000000000000000 ) ) ;
#1512 = CARTESIAN_POINT ( 'NONE',  ( 16.49999999999999289, 12.93891149740487023, 1.000000000000000000 ) ) ;
#1513 = CARTESIAN_POINT ( 'NONE',  ( -5.499999999999861444, -1.061088502595133765, -3.000000000000000000 ) ) ;
#1514 = DIRECTION ( 'NONE',  ( -0.000000000000000000, -0.000000000000000000, 1.000000000000000000 ) ) ;
#1515 = EDGE_LOOP ( 'NONE', ( #3449, #9332, #1041, #5989 ) ) ;
#1516 = EDGE_CURVE ( 'NONE', #3310, #7352, #4424, .T. ) ;
#1517 = ORIENTED_EDGE ( 'NONE', *, *, #5385, .F. ) ;
#1518 = DIRECTION ( 'NONE',  ( -0.000000000000000000, -0.000000000000000000, 1.000000000000000000 ) ) ;
#1519 = ORIENTED_EDGE ( 'NONE', *, *, #4612, .F. ) ;
#1520 = CARTESIAN_POINT ( 'NONE',  ( -12.49999999999979927, -7.061088502595134209, 1.000000000000000000 ) ) ;
#1521 = CARTESIAN_POINT ( 'NONE',  ( 5.000000000000181188, -5.061088502595135985, 0.000000000000000000 ) ) ;
#1522 = ORIENTED_EDGE ( 'NONE', *, *, #8356, .F. ) ;
#1523 = DIRECTION ( 'NONE',  ( 8.673617379884027583E-16, 1.000000000000000000, 0.000000000000000000 ) ) ;
#1524 = CARTESIAN_POINT ( 'NONE',  ( 12.00000000000011902, 0.9389114974048661244, 0.000000000000000000 ) ) ;
#1525 = VERTEX_POINT ( 'NONE', #8156 ) ;
#1526 = ORIENTED_EDGE ( 'NONE', *, *, #599, .F. ) ;
#1527 = EDGE_CURVE ( 'NONE', #8921, #7, #4375, .T. ) ;
#1528 = CARTESIAN_POINT ( 'NONE',  ( 5.000000000000056843, 6.938911497404866680, -3.000000000000000000 ) ) ;
#1529 = ORIENTED_EDGE ( 'NONE', *, *, #5041, .T. ) ;
#1530 = EDGE_CURVE ( 'NONE', #9342, #7350, #5515, .T. ) ;
#1531 = CYLINDRICAL_SURFACE ( 'NONE', #3344, 0.7500000000000006661 ) ;
#1532 = CARTESIAN_POINT ( 'NONE',  ( -4.749999999999965361, 8.938911497404866680, 0.000000000000000000 ) ) ;
#1533 = ORIENTED_EDGE ( 'NONE', *, *, #3281, .T. ) ;
#1534 = ORIENTED_EDGE ( 'NONE', *, *, #2251, .T. ) ;
#1535 = DIRECTION ( 'NONE',  ( 1.000000000000000000, 0.000000000000000000, 0.000000000000000000 ) ) ;
#1536 = DIRECTION ( 'NONE',  ( 0.000000000000000000, -0.000000000000000000, 1.000000000000000000 ) ) ;
#1537 = EDGE_LOOP ( 'NONE', ( #1736, #8049, #7036, #5301 ) ) ;
#1538 = CIRCLE ( 'NONE', #7862, 0.7500000000000006661 ) ;
#1539 = DIRECTION ( 'NONE',  ( -0.000000000000000000, -0.000000000000000000, 1.000000000000000000 ) ) ;
#1540 = CARTESIAN_POINT ( 'NONE',  ( 12.75000000000014033, -1.061088502595133765, 0.000000000000000000 ) ) ;
#1541 = ORIENTED_EDGE ( 'NONE', *, *, #7565, .T. ) ;
#1542 = LINE ( 'NONE', #9737, #1474 ) ;
#1543 = DIRECTION ( 'NONE',  ( 1.000000000000000000, 0.000000000000000000, 0.000000000000000000 ) ) ;
#1544 = EDGE_CURVE ( 'NONE', #690, #8087, #7744, .T. ) ;
#1545 = DIRECTION ( 'NONE',  ( -0.000000000000000000, -0.000000000000000000, 1.000000000000000000 ) ) ;
#1546 = ORIENTED_EDGE ( 'NONE', *, *, #8755, .F. ) ;
#1547 = VERTEX_POINT ( 'NONE', #8300 ) ;
#1548 = FACE_BOUND ( 'NONE', #8709, .T. ) ;
#1549 = ORIENTED_EDGE ( 'NONE', *, *, #6857, .T. ) ;
#1550 = CIRCLE ( 'NONE', #7082, 0.7500000000000006661 ) ;
#1551 = FACE_OUTER_BOUND ( 'NONE', #4355, .T. ) ;
#1552 = CARTESIAN_POINT ( 'NONE',  ( 5.000000000000035527, 8.938911497404866680, 1.000000000000000000 ) ) ;
#1553 = CARTESIAN_POINT ( 'NONE',  ( 11.25000000000015987, -3.061088502595133765, 0.000000000000000000 ) ) ;
#1554 = CARTESIAN_POINT ( 'NONE',  ( -2.749999999999903633, 2.938911497404866235, 1.000000000000000000 ) ) ;
#1555 = EDGE_CURVE ( 'NONE', #5114, #581, #1901, .T. ) ;
#1556 = CARTESIAN_POINT ( 'NONE',  ( -4.750000000000007105, 12.93891149740486668, -3.000000000000000000 ) ) ;
#1557 = LINE ( 'NONE', #2854, #1753 ) ;
#1558 = AXIS2_PLACEMENT_3D ( 'NONE', #7888, #3841, #87 ) ;
#1559 = EDGE_LOOP ( 'NONE', ( #69, #7775, #843, #9137 ) ) ;
#1560 = UNCERTAINTY_MEASURE_WITH_UNIT (LENGTH_MEASURE( 1.000000000000000082E-05 ), #558, 'distance_accuracy_value', 'NONE');
#1561 = VERTEX_POINT ( 'NONE', #6720 ) ;
#1562 = CARTESIAN_POINT ( 'NONE',  ( -12.49999999999975842, -11.06108850259513332, 1.000000000000000000 ) ) ;
#1563 = CARTESIAN_POINT ( 'NONE',  ( -8.249999999999737099, -13.06108850259513510, 1.000000000000000000 ) ) ;
#1564 = CARTESIAN_POINT ( 'NONE',  ( -28.50000000000000711, -11.00000000000000178, 7.000000000000000000 ) ) ;
#1565 = VECTOR ( 'NONE', #8862, 1000.000000000000000 ) ;
#1566 = ORIENTED_EDGE ( 'NONE', *, *, #9588, .T. ) ;
#1567 = FACE_OUTER_BOUND ( 'NONE', #8895, .T. ) ;
#1568 = EDGE_CURVE ( 'NONE', #3492, #8509, #7511, .T. ) ;
#1569 = EDGE_CURVE ( 'NONE', #8136, #5245, #3188, .T. ) ;
#1570 = DIRECTION ( 'NONE',  ( 1.000000000000000000, 0.000000000000000000, 0.000000000000000000 ) ) ;
#1571 = AXIS2_PLACEMENT_3D ( 'NONE', #8561, #6325, #4636 ) ;
#1572 = DIRECTION ( 'NONE',  ( -0.000000000000000000, -0.000000000000000000, 1.000000000000000000 ) ) ;
#1573 = LINE ( 'NONE', #636, #7261 ) ;
#1574 = ORIENTED_EDGE ( 'NONE', *, *, #6830, .T. ) ;
#1575 = DIRECTION ( 'NONE',  ( -0.000000000000000000, 0.000000000000000000, 1.000000000000000000 ) ) ;
#1576 = CARTESIAN_POINT ( 'NONE',  ( 7.750000000000222045, -9.061088502595131544, -3.000000000000000000 ) ) ;
#1577 = VERTEX_POINT ( 'NONE', #3644 ) ;
#1578 = ORIENTED_EDGE ( 'NONE', *, *, #385, .T. ) ;
#1579 = CIRCLE ( 'NONE', #8055, 0.7500000000000006661 ) ;
#1580 = DIRECTION ( 'NONE',  ( -0.000000000000000000, -0.000000000000000000, 1.000000000000000000 ) ) ;
#1581 = EDGE_CURVE ( 'NONE', #3865, #7079, #2920, .T. ) ;
#1582 = ORIENTED_EDGE ( 'NONE', *, *, #5727, .T. ) ;
#1583 = AXIS2_PLACEMENT_3D ( 'NONE', #8192, #5911, #8935 ) ;
#1584 = CARTESIAN_POINT ( 'NONE',  ( 1.500000000000263345, -13.06108850259513510, -3.000000000000000000 ) ) ;
#1585 = CIRCLE ( 'NONE', #4416, 0.7500000000000006661 ) ;
#1586 = CIRCLE ( 'NONE', #4882, 0.7500000000000006661 ) ;
#1587 = DIRECTION ( 'NONE',  ( 0.000000000000000000, -0.000000000000000000, -1.000000000000000000 ) ) ;
#1588 = VERTEX_POINT ( 'NONE', #7553 ) ;
#1589 = LINE ( 'NONE', #8418, #4939 ) ;
#1590 = CARTESIAN_POINT ( 'NONE',  ( 18.49999999999999645, 12.93891149740486846, 1.000000000000000000 ) ) ;
#1591 = AXIS2_PLACEMENT_3D ( 'NONE', #5408, #7012, #3252 ) ;
#1592 = CARTESIAN_POINT ( 'NONE',  ( 4.250000000000180300, -5.061088502595135985, 1.000000000000000000 ) ) ;
#1593 = CIRCLE ( 'NONE', #9009, 0.7500000000000006661 ) ;
#1594 = VERTEX_POINT ( 'NONE', #5918 ) ;
#1595 = EDGE_CURVE ( 'NONE', #8653, #4529, #8714, .T. ) ;
#1596 = EDGE_CURVE ( 'NONE', #7157, #649, #185, .T. ) ;
#1597 = VECTOR ( 'NONE', #8477, 1000.000000000000000 ) ;
#1598 = VECTOR ( 'NONE', #2147, 1000.000000000000000 ) ;
#1599 = VERTEX_POINT ( 'NONE', #4522 ) ;
#1600 = FACE_BOUND ( 'NONE', #2566, .T. ) ;
#1601 = CIRCLE ( 'NONE', #5058, 0.7500000000000006661 ) ;
#1602 = EDGE_LOOP ( 'NONE', ( #8178, #4383 ) ) ;
#1603 = CIRCLE ( 'NONE', #978, 0.7500000000000006661 ) ;
#1604 = DIRECTION ( 'NONE',  ( -0.000000000000000000, -0.000000000000000000, 1.000000000000000000 ) ) ;
#1605 = VECTOR ( 'NONE', #6918, 1000.000000000000000 ) ;
#1606 = AXIS2_PLACEMENT_3D ( 'NONE', #1934, #7180, #7226 ) ;
#1607 = DIRECTION ( 'NONE',  ( 1.000000000000000000, 0.000000000000000000, 0.000000000000000000 ) ) ;
#1608 = CARTESIAN_POINT ( 'NONE',  ( 32.50000000000000000, 17.50000000000000000, 2.000000000000000000 ) ) ;
#1609 = DIRECTION ( 'NONE',  ( 1.000000000000000000, 0.000000000000000000, 0.000000000000000000 ) ) ;
#1610 = CYLINDRICAL_SURFACE ( 'NONE', #9364, 0.7500000000000006661 ) ;
#1611 = CARTESIAN_POINT ( 'NONE',  ( 4.999999999999993783, 12.93891149740486668, -3.000000000000000000 ) ) ;
#1612 = CIRCLE ( 'NONE', #6829, 0.7500000000000006661 ) ;
#1613 = ORIENTED_EDGE ( 'NONE', *, *, #3373, .T. ) ;
#1614 = EDGE_CURVE ( 'NONE', #7197, #3538, #3161, .T. ) ;
#1615 = EDGE_LOOP ( 'NONE', ( #9322, #5736, #8675, #3396 ) ) ;
#1616 = ADVANCED_FACE ( 'NONE', ( #2176 ), #86, .F. ) ;
#1617 = DIRECTION ( 'NONE',  ( 1.000000000000000000, 0.000000000000000000, 0.000000000000000000 ) ) ;
#1618 = FACE_OUTER_BOUND ( 'NONE', #2994, .T. ) ;
#1619 = CARTESIAN_POINT ( 'NONE',  ( -5.499999999999882760, 0.9389114974048661244, 1.000000000000000000 ) ) ;
#1620 = ORIENTED_EDGE ( 'NONE', *, *, #419, .T. ) ;
#1621 = CARTESIAN_POINT ( 'NONE',  ( 5.000000000000244249, -11.06108850259513332, 1.000000000000000000 ) ) ;
#1622 = CARTESIAN_POINT ( 'NONE',  ( 4.999999999999993783, 12.93891149740486668, -3.000000000000000000 ) ) ;
#1623 = VECTOR ( 'NONE', #2164, 1000.000000000000000 ) ;
#1624 = EDGE_CURVE ( 'NONE', #4170, #9128, #3015, .T. ) ;
#1625 = ORIENTED_EDGE ( 'NONE', *, *, #7730, .T. ) ;
#1626 = EDGE_CURVE ( 'NONE', #7662, #1862, #163, .T. ) ;
#1627 = DIRECTION ( 'NONE',  ( 1.000000000000000000, 0.000000000000000000, 0.000000000000000000 ) ) ;
#1628 = VERTEX_POINT ( 'NONE', #5214 ) ;
#1629 = DIRECTION ( 'NONE',  ( 1.000000000000000000, 0.000000000000000000, 0.000000000000000000 ) ) ;
#1630 = CARTESIAN_POINT ( 'NONE',  ( 28.49999999999999645, 10.99999999999999822, 7.000000000000000000 ) ) ;
#1631 = ORIENTED_EDGE ( 'NONE', *, *, #712, .F. ) ;
#1632 = CIRCLE ( 'NONE', #7169, 0.7500000000000006661 ) ;
#1633 = EDGE_LOOP ( 'NONE', ( #9560, #2144, #6824, #6468 ) ) ;
#1634 = CIRCLE ( 'NONE', #3831, 0.7500000000000006661 ) ;
#1635 = DIRECTION ( 'NONE',  ( -0.000000000000000000, -0.000000000000000000, 1.000000000000000000 ) ) ;
#1636 = CIRCLE ( 'NONE', #58, 0.7500000000000006661 ) ;
#1637 = VERTEX_POINT ( 'NONE', #8252 ) ;
#1638 = EDGE_CURVE ( 'NONE', #2889, #8439, #7119, .T. ) ;
#1639 = FACE_OUTER_BOUND ( 'NONE', #6282, .T. ) ;
#1640 = ORIENTED_EDGE ( 'NONE', *, *, #1033, .T. ) ;
#1641 = VECTOR ( 'NONE', #7234, 1000.000000000000000 ) ;
#1642 = CARTESIAN_POINT ( 'NONE',  ( -12.49999999999996625, 8.938911497404866680, 0.000000000000000000 ) ) ;
#1643 = VERTEX_POINT ( 'NONE', #4665 ) ;
#1644 = VERTEX_POINT ( 'NONE', #7660 ) ;
#1645 = DIRECTION ( 'NONE',  ( 1.000000000000000000, 0.000000000000000000, 0.000000000000000000 ) ) ;
#1646 = CARTESIAN_POINT ( 'NONE',  ( 4.250000000000076383, 4.938911497404866680, -3.000000000000000000 ) ) ;
#1647 = LINE ( 'NONE', #1691, #9318 ) ;
#1648 = EDGE_LOOP ( 'NONE', ( #4973, #1883 ) ) ;
#1649 = VECTOR ( 'NONE', #7061, 1000.000000000000000 ) ;
#1650 = ORIENTED_EDGE ( 'NONE', *, *, #6590, .F. ) ;
#1651 = FACE_BOUND ( 'NONE', #7376, .T. ) ;
#1652 = ORIENTED_EDGE ( 'NONE', *, *, #4656, .F. ) ;
#1653 = EDGE_CURVE ( 'NONE', #8448, #5103, #5505, .T. ) ;
#1654 = FACE_BOUND ( 'NONE', #6920, .T. ) ;
#1655 = EDGE_CURVE ( 'NONE', #7131, #3511, #8852, .T. ) ;
#1656 = CARTESIAN_POINT ( 'NONE',  ( 2.250000000000159872, -3.061088502595133765, 1.000000000000000000 ) ) ;
#1657 = CARTESIAN_POINT ( 'NONE',  ( 30.50000000000000711, -8.999999999999996447, 12.00000000000000000 ) ) ;
#1658 = CARTESIAN_POINT ( 'NONE',  ( -1.999999999999944489, 6.938911497404866680, 0.000000000000000000 ) ) ;
#1659 = CARTESIAN_POINT ( 'NONE',  ( -30.49999999999999645, -8.999999999999996447, 12.00000000000000000 ) ) ;
#1660 = DIRECTION ( 'NONE',  ( -0.000000000000000000, 0.000000000000000000, 1.000000000000000000 ) ) ;
#1661 = ORIENTED_EDGE ( 'NONE', *, *, #316, .T. ) ;
#1662 = ORIENTED_EDGE ( 'NONE', *, *, #5469, .T. ) ;
#1663 = CARTESIAN_POINT ( 'NONE',  ( -32.50000000000000000, 17.50000000000000000, 0.000000000000000000 ) ) ;
#1664 = CARTESIAN_POINT ( 'NONE',  ( 8.500000000000138556, -1.061088502595133765, 0.000000000000000000 ) ) ;
#1665 = DIRECTION ( 'NONE',  ( 1.000000000000000000, 0.000000000000000000, 0.000000000000000000 ) ) ;
#1666 = CARTESIAN_POINT ( 'NONE',  ( -13.24999999999986322, -1.061088502595133765, -3.000000000000000000 ) ) ;
#1667 = ORIENTED_EDGE ( 'NONE', *, *, #3375, .T. ) ;
#1668 = LINE ( 'NONE', #7016, #3836 ) ;
#1669 = CARTESIAN_POINT ( 'NONE',  ( 5.000000000000077272, 4.938911497404866680, 1.000000000000000000 ) ) ;
#1670 = EDGE_CURVE ( 'NONE', #3560, #9288, #8541, .T. ) ;
#1671 = EDGE_LOOP ( 'NONE', ( #5677, #4489, #9492, #1405 ) ) ;
#1672 = ORIENTED_EDGE ( 'NONE', *, *, #4713, .T. ) ;
#1673 = FACE_OUTER_BOUND ( 'NONE', #3229, .T. ) ;
#1674 = ORIENTED_EDGE ( 'NONE', *, *, #3472, .F. ) ;
#1675 = LINE ( 'NONE', #7757, #4584 ) ;
#1676 = CARTESIAN_POINT ( 'NONE',  ( 8.500000000000014211, 10.93891149740486668, 0.000000000000000000 ) ) ;
#1677 = ORIENTED_EDGE ( 'NONE', *, *, #8887, .F. ) ;
#1678 = EDGE_LOOP ( 'NONE', ( #125, #3853 ) ) ;
#1679 = DIRECTION ( 'NONE',  ( 0.000000000000000000, -0.000000000000000000, -1.000000000000000000 ) ) ;
#1680 = EDGE_CURVE ( 'NONE', #4544, #7443, #7910, .T. ) ;
#1681 = ORIENTED_EDGE ( 'NONE', *, *, #7762, .F. ) ;
#1682 = VERTEX_POINT ( 'NONE', #330 ) ;
#1683 = CARTESIAN_POINT ( 'NONE',  ( -1.999999999999757083, -11.06108850259513332, 0.000000000000000000 ) ) ;
#1684 = ORIENTED_EDGE ( 'NONE', *, *, #1087, .F. ) ;
#1685 = DIRECTION ( 'NONE',  ( 1.000000000000000000, 0.000000000000000000, 0.000000000000000000 ) ) ;
#1686 = ORIENTED_EDGE ( 'NONE', *, *, #485, .F. ) ;
#1687 = ORIENTED_EDGE ( 'NONE', *, *, #772, .F. ) ;
#1688 = DIRECTION ( 'NONE',  ( 1.000000000000000000, 0.000000000000000000, 0.000000000000000000 ) ) ;
#1689 = APPLICATION_CONTEXT ( 'automotive_design' ) ;
#1690 = LINE ( 'NONE', #8466, #7438 ) ;
#1691 = CARTESIAN_POINT ( 'NONE',  ( 2.250000000000076383, 4.938911497404866680, -3.000000000000000000 ) ) ;
#1692 = EDGE_CURVE ( 'NONE', #1599, #2740, #8376, .T. ) ;
#1693 = ORIENTED_EDGE ( 'NONE', *, *, #2825, .T. ) ;
#1694 = CIRCLE ( 'NONE', #3891, 0.7500000000000006661 ) ;
#1695 = EDGE_LOOP ( 'NONE', ( #1718, #8805 ) ) ;
#1696 = DIRECTION ( 'NONE',  ( -0.000000000000000000, 0.000000000000000000, 1.000000000000000000 ) ) ;
#1697 = ORIENTED_EDGE ( 'NONE', *, *, #6491, .F. ) ;
#1698 = DIRECTION ( 'NONE',  ( 1.000000000000000000, 0.000000000000000000, 0.000000000000000000 ) ) ;
#1699 = CARTESIAN_POINT ( 'NONE',  ( 32.50000000000000000, 17.50000000000000000, 2.000000000000000000 ) ) ;
#1700 = CYLINDRICAL_SURFACE ( 'NONE', #5565, 0.7500000000000006661 ) ;
#1701 = CARTESIAN_POINT ( 'NONE',  ( 2.250000000000076383, 4.938911497404866680, 1.000000000000000000 ) ) ;
#1702 = CARTESIAN_POINT ( 'NONE',  ( 28.49999999999999645, 10.99999999999999822, 7.000000000000000000 ) ) ;
#1703 = DIRECTION ( 'NONE',  ( 1.000000000000000000, 0.000000000000000000, 0.000000000000000000 ) ) ;
#1704 = ADVANCED_FACE ( 'NONE', ( #979 ), #4077, .F. ) ;
#1705 = ORIENTED_EDGE ( 'NONE', *, *, #2812, .T. ) ;
#1706 = CIRCLE ( 'NONE', #1391, 0.7500000000000006661 ) ;
#1707 = EDGE_LOOP ( 'NONE', ( #2325, #7824 ) ) ;
#1708 = DIRECTION ( 'NONE',  ( 1.000000000000000000, 0.000000000000000000, 0.000000000000000000 ) ) ;
#1709 = FACE_OUTER_BOUND ( 'NONE', #8980, .T. ) ;
#1710 = DIRECTION ( 'NONE',  ( 1.000000000000000000, 0.000000000000000000, 0.000000000000000000 ) ) ;
#1711 = FACE_BOUND ( 'NONE', #3370, .T. ) ;
#1712 = ORIENTED_EDGE ( 'NONE', *, *, #6627, .F. ) ;
#1713 = LINE ( 'NONE', #1915, #3227 ) ;
#1714 = CARTESIAN_POINT ( 'NONE',  ( 1.500000000000180078, -5.061088502595135985, -3.000000000000000000 ) ) ;
#1715 = CIRCLE ( 'NONE', #2356, 0.7500000000000006661 ) ;
#1716 = AXIS2_PLACEMENT_3D ( 'NONE', #6933, #4688, #6785 ) ;
#1717 = CARTESIAN_POINT ( 'NONE',  ( -1.999999999999861222, -1.061088502595133765, -3.000000000000000000 ) ) ;
#1718 = ORIENTED_EDGE ( 'NONE', *, *, #743, .T. ) ;
#1719 = CIRCLE ( 'NONE', #7096, 0.7500000000000006661 ) ;
#1720 = CYLINDRICAL_SURFACE ( 'NONE', #6479, 0.7500000000000006661 ) ;
#1721 = ORIENTED_EDGE ( 'NONE', *, *, #7137, .T. ) ;
#1722 = EDGE_CURVE ( 'NONE', #9231, #7071, #4105, .T. ) ;
#1723 = DIRECTION ( 'NONE',  ( 1.000000000000000000, 0.000000000000000000, 0.000000000000000000 ) ) ;
#1724 = FACE_OUTER_BOUND ( 'NONE', #5550, .T. ) ;
#1725 = ORIENTED_EDGE ( 'NONE', *, *, #1680, .F. ) ;
#1726 = EDGE_LOOP ( 'NONE', ( #6891, #5283 ) ) ;
#1727 = DIRECTION ( 'NONE',  ( -0.000000000000000000, 0.000000000000000000, 1.000000000000000000 ) ) ;
#1728 = AXIS2_PLACEMENT_3D ( 'NONE', #4292, #5076, #4193 ) ;
#1729 = VERTEX_POINT ( 'NONE', #8446 ) ;
#1730 = ORIENTED_EDGE ( 'NONE', *, *, #1581, .F. ) ;
#1731 = CARTESIAN_POINT ( 'NONE',  ( -9.749999999999904077, 2.938911497404866235, -3.000000000000000000 ) ) ;
#1732 = ORIENTED_EDGE ( 'NONE', *, *, #4968, .F. ) ;
#1733 = EDGE_CURVE ( 'NONE', #6205, #7721, #7019, .T. ) ;
#1734 = CARTESIAN_POINT ( 'NONE',  ( -26.49999999999999645, -12.99999999999999645, 12.00000000000000000 ) ) ;
#1735 = AXIS2_PLACEMENT_3D ( 'NONE', #2071, #9424, #2668 ) ;
#1736 = ORIENTED_EDGE ( 'NONE', *, *, #1833, .F. ) ;
#1737 = EDGE_LOOP ( 'NONE', ( #4391, #60 ) ) ;
#1738 = DIRECTION ( 'NONE',  ( 0.000000000000000000, -0.000000000000000000, -1.000000000000000000 ) ) ;
#1739 = FACE_OUTER_BOUND ( 'NONE', #6375, .T. ) ;
#1740 = CARTESIAN_POINT ( 'NONE',  ( -13.24999999999996625, 8.938911497404866680, -3.000000000000000000 ) ) ;
#1741 = ORIENTED_EDGE ( 'NONE', *, *, #2057, .F. ) ;
#1742 = ORIENTED_EDGE ( 'NONE', *, *, #384, .F. ) ;
#1743 = AXIS2_PLACEMENT_3D ( 'NONE', #3555, #7965, #3414 ) ;
#1744 = AXIS2_PLACEMENT_3D ( 'NONE', #802, #9007, #65 ) ;
#1745 = DIRECTION ( 'NONE',  ( -1.000000000000000000, 0.000000000000000000, 0.000000000000000000 ) ) ;
#1746 = EDGE_CURVE ( 'NONE', #4442, #7435, #9487, .T. ) ;
#1747 = VERTEX_POINT ( 'NONE', #235 ) ;
#1748 = ADVANCED_FACE ( 'NONE', ( #6958 ), #9125, .F. ) ;
#1749 = DIRECTION ( 'NONE',  ( 1.000000000000000000, 0.000000000000000000, 0.000000000000000000 ) ) ;
#1750 = DIRECTION ( 'NONE',  ( -0.000000000000000000, 1.000000000000000000, -0.000000000000000000 ) ) ;
#1751 = DIRECTION ( 'NONE',  ( -0.000000000000000000, -0.000000000000000000, 1.000000000000000000 ) ) ;
#1752 = AXIS2_PLACEMENT_3D ( 'NONE', #62, #8360, #6734 ) ;
#1753 = VECTOR ( 'NONE', #8148, 1000.000000000000000 ) ;
#1754 = CARTESIAN_POINT ( 'NONE',  ( 1.500000000000242473, -11.06108850259513332, -3.000000000000000000 ) ) ;
#1755 = CARTESIAN_POINT ( 'NONE',  ( -1.999999999999840350, -3.061088502595133765, 1.000000000000000000 ) ) ;
#1756 = VECTOR ( 'NONE', #4942, 1000.000000000000000 ) ;
#1757 = DIRECTION ( 'NONE',  ( -0.000000000000000000, -0.000000000000000000, 1.000000000000000000 ) ) ;
#1758 = CIRCLE ( 'NONE', #5210, 0.7500000000000006661 ) ;
#1759 = EDGE_LOOP ( 'NONE', ( #7473, #1313 ) ) ;
#1760 = AXIS2_PLACEMENT_3D ( 'NONE', #6539, #497, #8904 ) ;
#1761 = DIRECTION ( 'NONE',  ( -0.000000000000000000, -0.000000000000000000, 1.000000000000000000 ) ) ;
#1762 = VECTOR ( 'NONE', #1757, 1000.000000000000000 ) ;
#1763 = VERTEX_POINT ( 'NONE', #3302 ) ;
#1764 = DIRECTION ( 'NONE',  ( 1.000000000000000000, 0.000000000000000000, 0.000000000000000000 ) ) ;
#1765 = DIRECTION ( 'NONE',  ( 0.000000000000000000, -0.000000000000000000, -1.000000000000000000 ) ) ;
#1766 = DIRECTION ( 'NONE',  ( 0.000000000000000000, -0.000000000000000000, -1.000000000000000000 ) ) ;
#1767 = CARTESIAN_POINT ( 'NONE',  ( -12.50000000000000711, 12.93891149740486668, -3.000000000000000000 ) ) ;
#1768 = VERTEX_POINT ( 'NONE', #7063 ) ;
#1769 = CARTESIAN_POINT ( 'NONE',  ( -1.999999999999777955, -9.061088502595131544, -3.000000000000000000 ) ) ;
#1770 = CARTESIAN_POINT ( 'NONE',  ( -9.749999999999758415, -11.06108850259513332, 1.000000000000000000 ) ) ;
#1771 = VECTOR ( 'NONE', #1337, 1000.000000000000000 ) ;
#1772 = CARTESIAN_POINT ( 'NONE',  ( -8.249999999999758415, -11.06108850259513332, -3.000000000000000000 ) ) ;
#1773 = AXIS2_PLACEMENT_3D ( 'NONE', #4721, #7177, #1780 ) ;
#1774 = VECTOR ( 'NONE', #9121, 1000.000000000000000 ) ;
#1775 = ORIENTED_EDGE ( 'NONE', *, *, #9275, .F. ) ;
#1776 = CARTESIAN_POINT ( 'NONE',  ( 8.500000000000076383, 4.938911497404866680, 0.000000000000000000 ) ) ;
#1777 = ORIENTED_EDGE ( 'NONE', *, *, #2780, .F. ) ;
#1778 = VECTOR ( 'NONE', #1377, 1000.000000000000000 ) ;
#1779 = DIRECTION ( 'NONE',  ( 1.000000000000000000, 0.000000000000000000, 0.000000000000000000 ) ) ;
#1780 = DIRECTION ( 'NONE',  ( 1.000000000000000000, 0.000000000000000000, 0.000000000000000000 ) ) ;
#1781 = ADVANCED_FACE ( 'NONE', ( #4715 ), #9180, .F. ) ;
#1782 = EDGE_LOOP ( 'NONE', ( #7989, #9403, #3436, #9194 ) ) ;
#1783 = EDGE_CURVE ( 'NONE', #2842, #4803, #6960, .T. ) ;
#1784 = EDGE_LOOP ( 'NONE', ( #5951, #1775, #755, #1194 ) ) ;
#1785 = CIRCLE ( 'NONE', #6523, 0.7500000000000006661 ) ;
#1786 = CARTESIAN_POINT ( 'NONE',  ( 8.500000000000138556, -1.061088502595133765, -3.000000000000000000 ) ) ;
#1787 = VECTOR ( 'NONE', #9022, 1000.000000000000000 ) ;
#1788 = VERTEX_POINT ( 'NONE', #883 ) ;
#1789 = CIRCLE ( 'NONE', #6371, 0.7500000000000006661 ) ;
#1790 = DIRECTION ( 'NONE',  ( 0.000000000000000000, -0.000000000000000000, -1.000000000000000000 ) ) ;
#1791 = ORIENTED_EDGE ( 'NONE', *, *, #8035, .T. ) ;
#1792 = CARTESIAN_POINT ( 'NONE',  ( -26.49999999999999645, 13.00000000000000711, 12.00000000000000000 ) ) ;
#1793 = VERTEX_POINT ( 'NONE', #128 ) ;
#1794 = AXIS2_PLACEMENT_3D ( 'NONE', #5394, #5596, #6246 ) ;
#1795 = ORIENTED_EDGE ( 'NONE', *, *, #200, .F. ) ;
#1796 = DIRECTION ( 'NONE',  ( -0.000000000000000000, 0.000000000000000000, 1.000000000000000000 ) ) ;
#1797 = DIRECTION ( 'NONE',  ( 0.000000000000000000, -0.000000000000000000, -1.000000000000000000 ) ) ;
#1798 = AXIS2_PLACEMENT_3D ( 'NONE', #777, #1523, #4521 ) ;
#1799 = EDGE_CURVE ( 'NONE', #3771, #4150, #7753, .T. ) ;
#1800 = ORIENTED_EDGE ( 'NONE', *, *, #5937, .F. ) ;
#1801 = VECTOR ( 'NONE', #4685, 1000.000000000000000 ) ;
#1802 = DIRECTION ( 'NONE',  ( 1.000000000000000000, 0.000000000000000000, 0.000000000000000000 ) ) ;
#1803 = EDGE_LOOP ( 'NONE', ( #4098, #5623 ) ) ;
#1804 = FACE_BOUND ( 'NONE', #8307, .T. ) ;
#1805 = PLANE ( 'NONE',  #2649 ) ;
#1806 = DIRECTION ( 'NONE',  ( -0.000000000000000000, -0.000000000000000000, 1.000000000000000000 ) ) ;
#1807 = DIRECTION ( 'NONE',  ( 1.000000000000000000, 0.000000000000000000, 0.000000000000000000 ) ) ;
#1808 = LINE ( 'NONE', #8626, #7472 ) ;
#1809 = CARTESIAN_POINT ( 'NONE',  ( 5.750000000000140332, -1.061088502595133765, 1.000000000000000000 ) ) ;
#1810 = EDGE_CURVE ( 'NONE', #4956, #2485, #6327, .T. ) ;
#1811 = VERTEX_POINT ( 'NONE', #6308 ) ;
#1812 = CARTESIAN_POINT ( 'NONE',  ( 12.00000000000015987, -3.061088502595133765, 1.000000000000000000 ) ) ;
#1813 = CIRCLE ( 'NONE', #8285, 0.7500000000000006661 ) ;
#1814 = VERTEX_POINT ( 'NONE', #1822 ) ;
#1815 = CARTESIAN_POINT ( 'NONE',  ( 5.000000000000097700, 2.938911497404866235, 0.000000000000000000 ) ) ;
#1816 = DIRECTION ( 'NONE',  ( -0.000000000000000000, -0.000000000000000000, 1.000000000000000000 ) ) ;
#1817 = DIRECTION ( 'NONE',  ( 1.000000000000000000, 0.000000000000000000, 0.000000000000000000 ) ) ;
#1818 = DIRECTION ( 'NONE',  ( 0.000000000000000000, -0.000000000000000000, -1.000000000000000000 ) ) ;
#1819 = VERTEX_POINT ( 'NONE', #4824 ) ;
#1820 = DIRECTION ( 'NONE',  ( 0.000000000000000000, -1.000000000000000000, 0.000000000000000000 ) ) ;
#1821 = CARTESIAN_POINT ( 'NONE',  ( 7.750000000000096811, 2.938911497404866235, 0.000000000000000000 ) ) ;
#1822 = CARTESIAN_POINT ( 'NONE',  ( -9.750000000000008882, 12.93891149740486668, 0.000000000000000000 ) ) ;
#1823 = EDGE_CURVE ( 'NONE', #5132, #8829, #7853, .T. ) ;
#1824 = VERTEX_POINT ( 'NONE', #7361 ) ;
#1825 = DIRECTION ( 'NONE',  ( 0.000000000000000000, -0.000000000000000000, -1.000000000000000000 ) ) ;
#1826 = ORIENTED_EDGE ( 'NONE', *, *, #8010, .T. ) ;
#1827 = CARTESIAN_POINT ( 'NONE',  ( 2.250000000000118128, 0.9389114974048661244, 0.000000000000000000 ) ) ;
#1828 = CARTESIAN_POINT ( 'NONE',  ( -18.50000000000000355, -13.06108850259513332, 0.000000000000000000 ) ) ;
#1829 = ORIENTED_EDGE ( 'NONE', *, *, #4634, .T. ) ;
#1830 = ORIENTED_EDGE ( 'NONE', *, *, #2442, .T. ) ;
#1831 = DIRECTION ( 'NONE',  ( 1.000000000000000000, 0.000000000000000000, 0.000000000000000000 ) ) ;
#1832 = ORIENTED_EDGE ( 'NONE', *, *, #7680, .T. ) ;
#1833 = EDGE_CURVE ( 'NONE', #7532, #3072, #7216, .T. ) ;
#1834 = ADVANCED_FACE ( 'NONE', ( #8687 ), #7258, .F. ) ;
#1835 = EDGE_LOOP ( 'NONE', ( #6843, #4048, #8604, #7249 ) ) ;
#1836 = DIRECTION ( 'NONE',  ( 1.000000000000000000, 0.000000000000000000, 0.000000000000000000 ) ) ;
#1837 = VERTEX_POINT ( 'NONE', #8833 ) ;
#1838 = CARTESIAN_POINT ( 'NONE',  ( -1.999999999999986233, 10.93891149740486668, 1.000000000000000000 ) ) ;
#1839 = VERTEX_POINT ( 'NONE', #1917 ) ;
#1840 = EDGE_LOOP ( 'NONE', ( #6773, #8095, #4473, #5551 ) ) ;
#1841 = LINE ( 'NONE', #5737, #8121 ) ;
#1842 = DIRECTION ( 'NONE',  ( 1.000000000000000000, 0.000000000000000000, 0.000000000000000000 ) ) ;
#1843 = EDGE_LOOP ( 'NONE', ( #5482, #4007 ) ) ;
#1844 = FACE_OUTER_BOUND ( 'NONE', #288, .T. ) ;
#1845 = ORIENTED_EDGE ( 'NONE', *, *, #3142, .T. ) ;
#1846 = FACE_BOUND ( 'NONE', #6110, .T. ) ;
#1847 = EDGE_CURVE ( 'NONE', #6241, #4141, #1118, .T. ) ;
#1848 = DIRECTION ( 'NONE',  ( 0.000000000000000000, -0.000000000000000000, -1.000000000000000000 ) ) ;
#1849 = CARTESIAN_POINT ( 'NONE',  ( 8.500000000000035527, 8.938911497404866680, 0.000000000000000000 ) ) ;
#1850 = FACE_OUTER_BOUND ( 'NONE', #1856, .T. ) ;
#1851 = DIRECTION ( 'NONE',  ( 1.000000000000000000, 0.000000000000000000, 0.000000000000000000 ) ) ;
#1852 = DIRECTION ( 'NONE',  ( 0.000000000000000000, 0.000000000000000000, 1.000000000000000000 ) ) ;
#1853 = ORIENTED_EDGE ( 'NONE', *, *, #6368, .T. ) ;
#1854 = CARTESIAN_POINT ( 'NONE',  ( -32.50000000000000000, -17.50000000000000000, 2.000000000000000000 ) ) ;
#1855 = AXIS2_PLACEMENT_3D ( 'NONE', #2980, #8220, #6697 ) ;
#1856 = EDGE_LOOP ( 'NONE', ( #4626, #1473, #4545, #3035 ) ) ;
#1857 = DIRECTION ( 'NONE',  ( -0.000000000000000000, 0.000000000000000000, 1.000000000000000000 ) ) ;
#1858 = DIRECTION ( 'NONE',  ( 1.000000000000000000, 0.000000000000000000, 0.000000000000000000 ) ) ;
#1859 = EDGE_CURVE ( 'NONE', #8444, #147, #6159, .T. ) ;
#1860 = LINE ( 'NONE', #2712, #3331 ) ;
#1861 = LINE ( 'NONE', #1666, #7145 ) ;
#1862 = VERTEX_POINT ( 'NONE', #4275 ) ;
#1863 = DIRECTION ( 'NONE',  ( 1.000000000000000000, 0.000000000000000000, 0.000000000000000000 ) ) ;
#1864 = DIRECTION ( 'NONE',  ( 1.000000000000000000, 0.000000000000000000, 0.000000000000000000 ) ) ;
#1865 = DIRECTION ( 'NONE',  ( -0.000000000000000000, -0.000000000000000000, 1.000000000000000000 ) ) ;
#1866 = VERTEX_POINT ( 'NONE', #7897 ) ;
#1867 = CARTESIAN_POINT ( 'NONE',  ( -4.749999999999902300, 2.938911497404866235, 1.000000000000000000 ) ) ;
#1868 = ORIENTED_EDGE ( 'NONE', *, *, #7552, .F. ) ;
#1869 = EDGE_CURVE ( 'NONE', #8405, #7298, #4567, .T. ) ;
#1870 = DIRECTION ( 'NONE',  ( 1.000000000000000000, 0.000000000000000000, 0.000000000000000000 ) ) ;
#1871 = CARTESIAN_POINT ( 'NONE',  ( 18.49999999999999645, -13.06108850259512977, 0.000000000000000000 ) ) ;
#1872 = AXIS2_PLACEMENT_3D ( 'NONE', #9375, #7057, #322 ) ;
#1873 = EDGE_CURVE ( 'NONE', #7260, #499, #6648, .T. ) ;
#1874 = ORIENTED_EDGE ( 'NONE', *, *, #1506, .F. ) ;
#1875 = CARTESIAN_POINT ( 'NONE',  ( -1.999999999999986233, 10.93891149740486668, 0.000000000000000000 ) ) ;
#1876 = DIRECTION ( 'NONE',  ( 1.000000000000000000, 0.000000000000000000, 0.000000000000000000 ) ) ;
#1877 = EDGE_LOOP ( 'NONE', ( #6580, #8368, #3927, #6832 ) ) ;
#1878 = CIRCLE ( 'NONE', #9753, 0.7500000000000006661 ) ;
#1879 = EDGE_LOOP ( 'NONE', ( #1845, #1066 ) ) ;
#1880 = CARTESIAN_POINT ( 'NONE',  ( 26.50000000000000711, -12.99999999999999645, 12.00000000000000000 ) ) ;
#1881 = EDGE_LOOP ( 'NONE', ( #7635, #1960, #2358, #6780 ) ) ;
#1882 = DIRECTION ( 'NONE',  ( 1.000000000000000000, 0.000000000000000000, 0.000000000000000000 ) ) ;
#1883 = ORIENTED_EDGE ( 'NONE', *, *, #1746, .T. ) ;
#1884 = ORIENTED_EDGE ( 'NONE', *, *, #4840, .F. ) ;
#1885 = VERTEX_POINT ( 'NONE', #1179 ) ;
#1886 = LINE ( 'NONE', #7974, #1641 ) ;
#1887 = VECTOR ( 'NONE', #9346, 1000.000000000000000 ) ;
#1888 = EDGE_CURVE ( 'NONE', #7555, #3238, #5522, .T. ) ;
#1889 = CARTESIAN_POINT ( 'NONE',  ( -8.999999999999861444, -1.061088502595133765, 0.000000000000000000 ) ) ;
#1890 = ORIENTED_EDGE ( 'NONE', *, *, #1847, .T. ) ;
#1891 = FACE_BOUND ( 'NONE', #2917, .T. ) ;
#1892 = ORIENTED_EDGE ( 'NONE', *, *, #7995, .F. ) ;
#1893 = DIRECTION ( 'NONE',  ( 1.000000000000000000, 0.000000000000000000, 0.000000000000000000 ) ) ;
#1894 = DIRECTION ( 'NONE',  ( 1.000000000000000000, 0.000000000000000000, 0.000000000000000000 ) ) ;
#1895 = EDGE_CURVE ( 'NONE', #8463, #3702, #6804, .T. ) ;
#1896 = EDGE_CURVE ( 'NONE', #2032, #3086, #2548, .T. ) ;
#1897 = CARTESIAN_POINT ( 'NONE',  ( -8.249999999999799272, -7.061088502595134209, 1.000000000000000000 ) ) ;
#1898 = DIRECTION ( 'NONE',  ( -0.000000000000000000, -0.000000000000000000, 1.000000000000000000 ) ) ;
#1899 = CIRCLE ( 'NONE', #6636, 0.7500000000000004441 ) ;
#1900 = PLANE ( 'NONE',  #332 ) ;
#1901 = CIRCLE ( 'NONE', #1931, 0.7500000000000006661 ) ;
#1902 = AXIS2_PLACEMENT_3D ( 'NONE', #1397, #1500, #7432 ) ;
#1903 = ORIENTED_EDGE ( 'NONE', *, *, #8617, .T. ) ;
#1904 = ORIENTED_EDGE ( 'NONE', *, *, #8312, .T. ) ;
#1905 = DIRECTION ( 'NONE',  ( -0.000000000000000000, -0.000000000000000000, 1.000000000000000000 ) ) ;
#1906 = ORIENTED_EDGE ( 'NONE', *, *, #8141, .F. ) ;
#1907 = AXIS2_PLACEMENT_3D ( 'NONE', #7505, #2913, #4474 ) ;
#1908 = CYLINDRICAL_SURFACE ( 'NONE', #475, 0.7500000000000006661 ) ;
#1909 = FACE_OUTER_BOUND ( 'NONE', #6116, .T. ) ;
#1910 = AXIS2_PLACEMENT_3D ( 'NONE', #7751, #3211, #2571 ) ;
#1911 = AXIS2_PLACEMENT_3D ( 'NONE', #4199, #406, #2639 ) ;
#1912 = CARTESIAN_POINT ( 'NONE',  ( 0.7500000000002211564, -9.061088502595131544, -3.000000000000000000 ) ) ;
#1913 = CARTESIAN_POINT ( 'NONE',  ( 1.500000000000117462, 0.9389114974048661244, 0.000000000000000000 ) ) ;
#1914 = ORIENTED_EDGE ( 'NONE', *, *, #3373, .F. ) ;
#1915 = CARTESIAN_POINT ( 'NONE',  ( 5.750000000000098588, 2.938911497404866235, -3.000000000000000000 ) ) ;
#1916 = DIRECTION ( 'NONE',  ( 1.000000000000000000, 0.000000000000000000, 0.000000000000000000 ) ) ;
#1917 = CARTESIAN_POINT ( 'NONE',  ( -8.249999999999944933, 6.938911497404866680, 0.000000000000000000 ) ) ;
#1918 = CIRCLE ( 'NONE', #7444, 0.7500000000000006661 ) ;
#1919 = CIRCLE ( 'NONE', #2720, 0.7500000000000006661 ) ;
#1920 = EDGE_CURVE ( 'NONE', #1547, #7350, #8101, .T. ) ;
#1921 = CIRCLE ( 'NONE', #3026, 0.7500000000000006661 ) ;
#1922 = EDGE_CURVE ( 'NONE', #5949, #6557, #6570, .T. ) ;
#1923 = ORIENTED_EDGE ( 'NONE', *, *, #7732, .F. ) ;
#1924 = CYLINDRICAL_SURFACE ( 'NONE', #8996, 0.7500000000000006661 ) ;
#1925 = VERTEX_POINT ( 'NONE', #7953 ) ;
#1926 = DIRECTION ( 'NONE',  ( 1.000000000000000000, 0.000000000000000000, 0.000000000000000000 ) ) ;
#1927 = CIRCLE ( 'NONE', #812, 0.7500000000000004441 ) ;
#1928 = LINE ( 'NONE', #6267, #1300 ) ;
#1929 = ORIENTED_EDGE ( 'NONE', *, *, #4387, .T. ) ;
#1930 = VECTOR ( 'NONE', #8694, 1000.000000000000000 ) ;
#1932 = CYLINDRICAL_SURFACE ( 'NONE', #850, 0.7500000000000006661 ) ;
#1931 = AXIS2_PLACEMENT_3D ( 'NONE', #778, #42, #632 ) ;
#1933 = DIRECTION ( 'NONE',  ( 1.000000000000000000, 0.000000000000000000, 0.000000000000000000 ) ) ;
#1934 = CARTESIAN_POINT ( 'NONE',  ( -5.499999999999986677, 10.93891149740486668, 1.000000000000000000 ) ) ;
#1935 = EDGE_CURVE ( 'NONE', #751, #5437, #5839, .T. ) ;
#1936 = CIRCLE ( 'NONE', #5712, 0.7500000000000006661 ) ;
#1937 = ADVANCED_FACE ( 'NONE', ( #9574 ), #5713, .F. ) ;
#1938 = VECTOR ( 'NONE', #7264, 1000.000000000000000 ) ;
#1939 = EDGE_LOOP ( 'NONE', ( #2439, #3141 ) ) ;
#1940 = DIRECTION ( 'NONE',  ( 1.000000000000000000, 0.000000000000000000, 0.000000000000000000 ) ) ;
#1941 = EDGE_LOOP ( 'NONE', ( #6860, #1386, #1225, #4256 ) ) ;
#1942 = CARTESIAN_POINT ( 'NONE',  ( -9.749999999999966249, 8.938911497404866680, 0.000000000000000000 ) ) ;
#1943 = EDGE_LOOP ( 'NONE', ( #3289, #2798, #4539, #8758 ) ) ;
#1944 = CIRCLE ( 'NONE', #7465, 0.7500000000000006661 ) ;
#1945 = EDGE_LOOP ( 'NONE', ( #6538, #7141, #1989, #5473 ) ) ;
#1946 = CARTESIAN_POINT ( 'NONE',  ( 18.49999999999999645, 12.93891149740486846, 1.000000000000000000 ) ) ;
#1947 = AXIS2_PLACEMENT_3D ( 'NONE', #1121, #922, #2565 ) ;
#1948 = DIRECTION ( 'NONE',  ( 0.000000000000000000, -0.000000000000000000, -1.000000000000000000 ) ) ;
#1949 = EDGE_CURVE ( 'NONE', #4428, #7008, #1585, .T. ) ;
#1950 = CIRCLE ( 'NONE', #2893, 0.7500000000000006661 ) ;
#1951 = EDGE_LOOP ( 'NONE', ( #9270, #7860 ) ) ;
#1952 = CARTESIAN_POINT ( 'NONE',  ( -27.70000000000000639, 11.00000000000000000, 7.000000000000000000 ) ) ;
#1953 = VECTOR ( 'NONE', #3388, 1000.000000000000000 ) ;
#1954 = EDGE_LOOP ( 'NONE', ( #2636, #35, #5745, #5030 ) ) ;
#1955 = FACE_OUTER_BOUND ( 'NONE', #2280, .T. ) ;
#1956 = CARTESIAN_POINT ( 'NONE',  ( -8.999999999999737099, -13.06108850259513510, -3.000000000000000000 ) ) ;
#1957 = ORIENTED_EDGE ( 'NONE', *, *, #9409, .F. ) ;
#1958 = DIRECTION ( 'NONE',  ( -0.000000000000000000, -0.000000000000000000, 1.000000000000000000 ) ) ;
#1959 = LINE ( 'NONE', #4165, #7626 ) ;
#1960 = ORIENTED_EDGE ( 'NONE', *, *, #1404, .F. ) ;
#1961 = DIRECTION ( 'NONE',  ( 1.000000000000000000, 0.000000000000000000, 0.000000000000000000 ) ) ;
#1962 = AXIS2_PLACEMENT_3D ( 'NONE', #3519, #3565, #4299 ) ;
#1963 = VERTEX_POINT ( 'NONE', #386 ) ;
#1964 = VERTEX_POINT ( 'NONE', #3548 ) ;
#1965 = EDGE_CURVE ( 'NONE', #7443, #4544, #960, .T. ) ;
#1966 = FACE_BOUND ( 'NONE', #3342, .T. ) ;
#1967 = EDGE_CURVE ( 'NONE', #8684, #5103, #8046, .T. ) ;
#1968 = ORIENTED_EDGE ( 'NONE', *, *, #8899, .T. ) ;
#1969 = CARTESIAN_POINT ( 'NONE',  ( 8.500000000000181188, -5.061088502595135985, -3.000000000000000000 ) ) ;
#1970 = DIRECTION ( 'NONE',  ( -0.000000000000000000, 0.000000000000000000, 1.000000000000000000 ) ) ;
#1971 = AXIS2_PLACEMENT_3D ( 'NONE', #4364, #5803, #9471 ) ;
#1972 = DIRECTION ( 'NONE',  ( 1.000000000000000000, 0.000000000000000000, 0.000000000000000000 ) ) ;
#1973 = CARTESIAN_POINT ( 'NONE',  ( 2.250000000000159872, -3.061088502595133765, -3.000000000000000000 ) ) ;
#1974 = ORIENTED_EDGE ( 'NONE', *, *, #6571, .T. ) ;
#1975 = LINE ( 'NONE', #2121, #2292 ) ;
#1976 = FACE_OUTER_BOUND ( 'NONE', #226, .T. ) ;
#1977 = DIRECTION ( 'NONE',  ( -0.000000000000000000, 0.000000000000000000, 1.000000000000000000 ) ) ;
#1978 = VECTOR ( 'NONE', #1409, 1000.000000000000000 ) ;
#1979 = DIRECTION ( 'NONE',  ( 1.000000000000000000, 0.000000000000000000, 0.000000000000000000 ) ) ;
#1980 = ORIENTED_EDGE ( 'NONE', *, *, #3208, .T. ) ;
#1981 = DIRECTION ( 'NONE',  ( 0.000000000000000000, -0.000000000000000000, -1.000000000000000000 ) ) ;
#1982 = CARTESIAN_POINT ( 'NONE',  ( 5.750000000000161648, -3.061088502595133765, 1.000000000000000000 ) ) ;
#1983 = ORIENTED_EDGE ( 'NONE', *, *, #7289, .T. ) ;
#1984 = EDGE_CURVE ( 'NONE', #7894, #7616, #5057, .T. ) ;
#1985 = DIRECTION ( 'NONE',  ( -0.000000000000000000, 0.000000000000000000, 1.000000000000000000 ) ) ;
#1986 = DIRECTION ( 'NONE',  ( -0.000000000000000000, -0.000000000000000000, 1.000000000000000000 ) ) ;
#1987 = CARTESIAN_POINT ( 'NONE',  ( -19.99999999999999645, -15.00000000000000000, 2.000000000000000000 ) ) ;
#1988 = SHAPE_DEFINITION_REPRESENTATION ( #6202, #56 ) ;
#1989 = ORIENTED_EDGE ( 'NONE', *, *, #2043, .F. ) ;
#1990 = CARTESIAN_POINT ( 'NONE',  ( 2.250000000000242917, -11.06108850259513332, 1.000000000000000000 ) ) ;
#1991 = ORIENTED_EDGE ( 'NONE', *, *, #2267, .T. ) ;
#1992 = FACE_OUTER_BOUND ( 'NONE', #6471, .T. ) ;
#1993 = VERTEX_POINT ( 'NONE', #8933 ) ;
#1994 = EDGE_CURVE ( 'NONE', #5025, #5430, #1557, .T. ) ;
#1995 = ORIENTED_EDGE ( 'NONE', *, *, #4488, .F. ) ;
#1996 = DIRECTION ( 'NONE',  ( -0.000000000000000000, -0.000000000000000000, 1.000000000000000000 ) ) ;
#1997 = DIRECTION ( 'NONE',  ( 1.000000000000000000, 0.000000000000000000, 0.000000000000000000 ) ) ;
#1998 = EDGE_LOOP ( 'NONE', ( #1317, #3461 ) ) ;
#1999 = LINE ( 'NONE', #3427, #8195 ) ;
#2000 = DIRECTION ( 'NONE',  ( -0.000000000000000000, -0.000000000000000000, 1.000000000000000000 ) ) ;
#2001 = EDGE_CURVE ( 'NONE', #6073, #1594, #1291, .T. ) ;
#2002 = FACE_OUTER_BOUND ( 'NONE', #9758, .T. ) ;
#2003 = DIRECTION ( 'NONE',  ( -0.000000000000000000, -0.000000000000000000, 1.000000000000000000 ) ) ;
#2004 = CARTESIAN_POINT ( 'NONE',  ( -9.749999999999801048, -7.061088502595134209, 0.000000000000000000 ) ) ;
#2005 = ORIENTED_EDGE ( 'NONE', *, *, #653, .T. ) ;
#2006 = ORIENTED_EDGE ( 'NONE', *, *, #4657, .F. ) ;
#2007 = ORIENTED_EDGE ( 'NONE', *, *, #7730, .F. ) ;
#2008 = FACE_OUTER_BOUND ( 'NONE', #4056, .T. ) ;
#2009 = ORIENTED_EDGE ( 'NONE', *, *, #7404, .F. ) ;
#2010 = DIRECTION ( 'NONE',  ( -0.000000000000000000, 0.000000000000000000, 1.000000000000000000 ) ) ;
#2011 = DIRECTION ( 'NONE',  ( 1.000000000000000000, 0.000000000000000000, 0.000000000000000000 ) ) ;
#2012 = DIRECTION ( 'NONE',  ( -0.000000000000000000, -0.000000000000000000, 1.000000000000000000 ) ) ;
#2013 = SURFACE_STYLE_USAGE ( .BOTH. , #1175 ) ;
#2014 = VERTEX_POINT ( 'NONE', #1467 ) ;
#2015 = CYLINDRICAL_SURFACE ( 'NONE', #1346, 0.7500000000000006661 ) ;
#2016 = CARTESIAN_POINT ( 'NONE',  ( 1.500000000000034195, 8.938911497404866680, 0.000000000000000000 ) ) ;
#2017 = EDGE_CURVE ( 'NONE', #3786, #1588, #4746, .T. ) ;
#2018 = DIRECTION ( 'NONE',  ( 1.000000000000000000, 0.000000000000000000, 0.000000000000000000 ) ) ;
#2019 = AXIS2_PLACEMENT_3D ( 'NONE', #6444, #5743, #9453 ) ;
#2020 = VECTOR ( 'NONE', #5328, 1000.000000000000000 ) ;
#2021 = DIRECTION ( 'NONE',  ( -0.000000000000000000, 0.000000000000000000, 1.000000000000000000 ) ) ;
#2022 = ORIENTED_EDGE ( 'NONE', *, *, #7783, .T. ) ;
#2023 = CARTESIAN_POINT ( 'NONE',  ( 1.500000000000138334, -1.061088502595133765, 0.000000000000000000 ) ) ;
#2024 = DIRECTION ( 'NONE',  ( 1.000000000000000000, 0.000000000000000000, 0.000000000000000000 ) ) ;
#2025 = ORIENTED_EDGE ( 'NONE', *, *, #9229, .T. ) ;
#2026 = CIRCLE ( 'NONE', #3118, 0.7500000000000006661 ) ;
#2027 = ORIENTED_EDGE ( 'NONE', *, *, #7610, .F. ) ;
#2028 = ADVANCED_FACE ( 'NONE', ( #6711 ), #4511, .F. ) ;
#2029 = CARTESIAN_POINT ( 'NONE',  ( 32.50000000000000000, 17.50000000000000000, 2.000000000000000000 ) ) ;
#2030 = EDGE_CURVE ( 'NONE', #3438, #2652, #9025, .T. ) ;
#2031 = VECTOR ( 'NONE', #9171, 1000.000000000000000 ) ;
#2032 = VERTEX_POINT ( 'NONE', #5198 ) ;
#2033 = FACE_OUTER_BOUND ( 'NONE', #8399, .T. ) ;
#2034 = VERTEX_POINT ( 'NONE', #2311 ) ;
#2035 = CARTESIAN_POINT ( 'NONE',  ( -1.999999999999923617, 4.938911497404866680, -3.000000000000000000 ) ) ;
#2036 = FACE_BOUND ( 'NONE', #3885, .T. ) ;
#2037 = ORIENTED_EDGE ( 'NONE', *, *, #8689, .F. ) ;
#2038 = VERTEX_POINT ( 'NONE', #5948 ) ;
#2039 = LINE ( 'NONE', #355, #2595 ) ;
#2040 = CARTESIAN_POINT ( 'NONE',  ( -12.49999999999994493, 6.938911497404866680, 0.000000000000000000 ) ) ;
#2041 = VECTOR ( 'NONE', #6107, 1000.000000000000000 ) ;
#2042 = ORIENTED_EDGE ( 'NONE', *, *, #5907, .T. ) ;
#2043 = EDGE_CURVE ( 'NONE', #3443, #2678, #6338, .T. ) ;
#2044 = EDGE_CURVE ( 'NONE', #6756, #2573, #3645, .T. ) ;
#2045 = CARTESIAN_POINT ( 'NONE',  ( -13.24999999999975842, -11.06108850259513332, 1.000000000000000000 ) ) ;
#2046 = VECTOR ( 'NONE', #3, 1000.000000000000000 ) ;
#2047 = CARTESIAN_POINT ( 'NONE',  ( 12.00000000000015987, -3.061088502595133765, -3.000000000000000000 ) ) ;
#2048 = CARTESIAN_POINT ( 'NONE',  ( 2.249999999999993339, 12.93891149740486668, 1.000000000000000000 ) ) ;
#2049 = ORIENTED_EDGE ( 'NONE', *, *, #9335, .F. ) ;
#2050 = CARTESIAN_POINT ( 'NONE',  ( -6.250000000000007994, 12.93891149740486668, 0.000000000000000000 ) ) ;
#2051 = DIRECTION ( 'NONE',  ( -0.000000000000000000, 0.000000000000000000, 1.000000000000000000 ) ) ;
#2052 = ORIENTED_EDGE ( 'NONE', *, *, #4502, .T. ) ;
#2053 = ORIENTED_EDGE ( 'NONE', *, *, #1481, .F. ) ;
#2054 = VECTOR ( 'NONE', #5472, 1000.000000000000000 ) ;
#2055 = VERTEX_POINT ( 'NONE', #5153 ) ;
#2056 = ADVANCED_FACE ( 'NONE', ( #8188 ), #29, .F. ) ;
#2057 = EDGE_CURVE ( 'NONE', #9401, #7172, #1441, .T. ) ;
#2058 = DIRECTION ( 'NONE',  ( -0.000000000000000000, -0.000000000000000000, 1.000000000000000000 ) ) ;
#2059 = ORIENTED_EDGE ( 'NONE', *, *, #1859, .T. ) ;
#2060 = CARTESIAN_POINT ( 'NONE',  ( 1.500000000000138334, -1.061088502595133765, 1.000000000000000000 ) ) ;
#2061 = CARTESIAN_POINT ( 'NONE',  ( -8.999999999999925393, 4.938911497404866680, -3.000000000000000000 ) ) ;
#2062 = CARTESIAN_POINT ( 'NONE',  ( -4.749999999999840128, -3.061088502595133765, -3.000000000000000000 ) ) ;
#2063 = ORIENTED_EDGE ( 'NONE', *, *, #290, .F. ) ;
#2064 = DIRECTION ( 'NONE',  ( 1.000000000000000000, 0.000000000000000000, 0.000000000000000000 ) ) ;
#2065 = CARTESIAN_POINT ( 'NONE',  ( -2.749999999999965805, 8.938911497404866680, -3.000000000000000000 ) ) ;
#2066 = DIRECTION ( 'NONE',  ( -0.000000000000000000, -0.000000000000000000, 1.000000000000000000 ) ) ;
#2067 = EDGE_LOOP ( 'NONE', ( #3029, #5605 ) ) ;
#2068 = CIRCLE ( 'NONE', #2223, 0.7500000000000006661 ) ;
#2069 = AXIS2_PLACEMENT_3D ( 'NONE', #1269, #1977, #2018 ) ;
#2070 = AXIS2_PLACEMENT_3D ( 'NONE', #2497, #310, #9365 ) ;
#2071 = CARTESIAN_POINT ( 'NONE',  ( -8.999999999999925393, 4.938911497404866680, -3.000000000000000000 ) ) ;
#2072 = ORIENTED_EDGE ( 'NONE', *, *, #5876, .T. ) ;
#2073 = CARTESIAN_POINT ( 'NONE',  ( 8.500000000000159872, -3.061088502595133765, 1.000000000000000000 ) ) ;
#2074 = FACE_OUTER_BOUND ( 'NONE', #8349, .T. ) ;
#2075 = ORIENTED_EDGE ( 'NONE', *, *, #4051, .F. ) ;
#2076 = VECTOR ( 'NONE', #3924, 1000.000000000000000 ) ;
#2077 = ORIENTED_EDGE ( 'NONE', *, *, #4212, .T. ) ;
#2078 = CIRCLE ( 'NONE', #6969, 0.7500000000000006661 ) ;
#2079 = DIRECTION ( 'NONE',  ( 1.000000000000000000, 0.000000000000000000, 0.000000000000000000 ) ) ;
#2080 = AXIS2_PLACEMENT_3D ( 'NONE', #223, #2552, #2499 ) ;
#2081 = AXIS2_PLACEMENT_3D ( 'NONE', #4301, #7133, #357 ) ;
#2082 = AXIS2_PLACEMENT_3D ( 'NONE', #5273, #737, #7517 ) ;
#2083 = EDGE_CURVE ( 'NONE', #1682, #6230, #3049, .T. ) ;
#2084 = CYLINDRICAL_SURFACE ( 'NONE', #9298, 0.7500000000000004441 ) ;
#2085 = ORIENTED_EDGE ( 'NONE', *, *, #293, .F. ) ;
#2086 = ADVANCED_FACE ( 'NONE', ( #5857 ), #3587, .F. ) ;
#2087 = VECTOR ( 'NONE', #4346, 1000.000000000000000 ) ;
#2088 = LINE ( 'NONE', #9546, #338 ) ;
#2089 = FACE_BOUND ( 'NONE', #4745, .T. ) ;
#2090 = EDGE_LOOP ( 'NONE', ( #7755, #2878, #9548, #6981 ) ) ;
#2091 = ORIENTED_EDGE ( 'NONE', *, *, #9656, .T. ) ;
#2092 = DIRECTION ( 'NONE',  ( 1.000000000000000000, 0.000000000000000000, 0.000000000000000000 ) ) ;
#2093 = CARTESIAN_POINT ( 'NONE',  ( 12.00000000000024336, -11.06108850259513332, -3.000000000000000000 ) ) ;
#2094 = AXIS2_PLACEMENT_3D ( 'NONE', #628, #8193, #9079 ) ;
#2095 = VECTOR ( 'NONE', #93, 1000.000000000000000 ) ;
#2096 = ORIENTED_EDGE ( 'NONE', *, *, #1984, .F. ) ;
#2097 = ORIENTED_EDGE ( 'NONE', *, *, #2545, .F. ) ;
#2098 = CIRCLE ( 'NONE', #4920, 0.7500000000000004441 ) ;
#2099 = CARTESIAN_POINT ( 'NONE',  ( -1.999999999999986233, 10.93891149740486668, 0.000000000000000000 ) ) ;
#2100 = AXIS2_PLACEMENT_3D ( 'NONE', #2416, #6862, #1665 ) ;
#2101 = AXIS2_PLACEMENT_3D ( 'NONE', #5500, #4858, #974 ) ;
#2102 = DIRECTION ( 'NONE',  ( 1.000000000000000000, 0.000000000000000000, 0.000000000000000000 ) ) ;
#2103 = CARTESIAN_POINT ( 'NONE',  ( -8.249999999999758415, -11.06108850259513332, 0.000000000000000000 ) ) ;
#2104 = EDGE_LOOP ( 'NONE', ( #9143, #4629, #7055, #4640 ) ) ;
#2105 = DIRECTION ( 'NONE',  ( 1.000000000000000000, 0.000000000000000000, 0.000000000000000000 ) ) ;
#2106 = EDGE_CURVE ( 'NONE', #3361, #7197, #6611, .T. ) ;
#2107 = CARTESIAN_POINT ( 'NONE',  ( 20.00000000000000000, 15.00000000000000178, 1.000000000000000000 ) ) ;
#2108 = VERTEX_POINT ( 'NONE', #621 ) ;
#2109 = VECTOR ( 'NONE', #5546, 1000.000000000000000 ) ;
#2110 = ORIENTED_EDGE ( 'NONE', *, *, #5844, .F. ) ;
#2111 = EDGE_LOOP ( 'NONE', ( #5859, #2759 ) ) ;
#2112 = ORIENTED_EDGE ( 'NONE', *, *, #8356, .T. ) ;
#2113 = AXIS2_PLACEMENT_3D ( 'NONE', #7001, #9212, #2496 ) ;
#2114 = CARTESIAN_POINT ( 'NONE',  ( -5.499999999999737099, -13.06108850259513510, -3.000000000000000000 ) ) ;
#2115 = ORIENTED_EDGE ( 'NONE', *, *, #1555, .F. ) ;
#2116 = AXIS2_PLACEMENT_3D ( 'NONE', #4809, #6449, #5598 ) ;
#2117 = DIRECTION ( 'NONE',  ( -0.000000000000000000, 1.000000000000000000, 0.000000000000000000 ) ) ;
#2118 = CYLINDRICAL_SURFACE ( 'NONE', #1286, 0.7500000000000006661 ) ;
#2119 = DIRECTION ( 'NONE',  ( 1.000000000000000000, 0.000000000000000000, 0.000000000000000000 ) ) ;
#2120 = AXIS2_PLACEMENT_3D ( 'NONE', #3081, #9696, #7571 ) ;
#2121 = CARTESIAN_POINT ( 'NONE',  ( 4.250000000000243361, -11.06108850259513332, -3.000000000000000000 ) ) ;
#2122 = EDGE_CURVE ( 'NONE', #9068, #923, #721, .T. ) ;
#2123 = FACE_OUTER_BOUND ( 'NONE', #1559, .T. ) ;
#2124 = EDGE_CURVE ( 'NONE', #9356, #1236, #9168, .T. ) ;
#2125 = CARTESIAN_POINT ( 'NONE',  ( -19.99999999999999645, -15.00000000000000000, 1.000000000000000000 ) ) ;
#2126 = VECTOR ( 'NONE', #4033, 1000.000000000000000 ) ;
#2127 = AXIS2_PLACEMENT_3D ( 'NONE', #8896, #7510, #732 ) ;
#2128 = ORIENTED_EDGE ( 'NONE', *, *, #408, .F. ) ;
#2129 = CIRCLE ( 'NONE', #7646, 0.7500000000000006661 ) ;
#2130 = CARTESIAN_POINT ( 'NONE',  ( 0.7500000000001587619, -3.061088502595133765, -3.000000000000000000 ) ) ;
#2131 = DIRECTION ( 'NONE',  ( -0.000000000000000000, -0.000000000000000000, 1.000000000000000000 ) ) ;
#2132 = DIRECTION ( 'NONE',  ( 1.000000000000000000, 0.000000000000000000, -0.000000000000000000 ) ) ;
#2133 = EDGE_LOOP ( 'NONE', ( #9736, #1378 ) ) ;
#2134 = CARTESIAN_POINT ( 'NONE',  ( 12.00000000000001421, 10.93891149740486668, -3.000000000000000000 ) ) ;
#2135 = ADVANCED_FACE ( 'NONE', ( #8332 ), #8238, .F. ) ;
#2137 = CARTESIAN_POINT ( 'NONE',  ( -11.74999999999977796, -9.061088502595131544, -3.000000000000000000 ) ) ;
#2136 = AXIS2_PLACEMENT_3D ( 'NONE', #1297, #3379, #6392 ) ;
#2138 = CARTESIAN_POINT ( 'NONE',  ( -12.49999999999988276, 0.9389114974048661244, 0.000000000000000000 ) ) ;
#2139 = ORIENTED_EDGE ( 'NONE', *, *, #6653, .T. ) ;
#2140 = CIRCLE ( 'NONE', #225, 0.7500000000000004441 ) ;
#2141 = DIRECTION ( 'NONE',  ( -0.000000000000000000, -0.000000000000000000, -1.000000000000000000 ) ) ;
#2142 = FACE_BOUND ( 'NONE', #4682, .T. ) ;
#2143 = ORIENTED_EDGE ( 'NONE', *, *, #9284, .F. ) ;
#2144 = ORIENTED_EDGE ( 'NONE', *, *, #7856, .F. ) ;
#2145 = LINE ( 'NONE', #790, #5105 ) ;
#2146 = EDGE_CURVE ( 'NONE', #8263, #9498, #7605, .T. ) ;
#2147 = DIRECTION ( 'NONE',  ( -0.000000000000000000, -0.000000000000000000, 1.000000000000000000 ) ) ;
#2148 = EDGE_CURVE ( 'NONE', #5949, #2331, #2396, .T. ) ;
#2149 = EDGE_CURVE ( 'NONE', #5231, #2927, #3960, .T. ) ;
#2150 = VERTEX_POINT ( 'NONE', #7006 ) ;
#2151 = CYLINDRICAL_SURFACE ( 'NONE', #4702, 0.7500000000000006661 ) ;
#2152 = CARTESIAN_POINT ( 'NONE',  ( 1.500000000000117462, 0.9389114974048661244, -3.000000000000000000 ) ) ;
#2153 = CARTESIAN_POINT ( 'NONE',  ( 16.49999999999999289, 12.93891149740487023, -3.000000000000000000 ) ) ;
#2154 = LINE ( 'NONE', #4452, #7745 ) ;
#2155 = DIRECTION ( 'NONE',  ( 0.000000000000000000, 0.000000000000000000, 1.000000000000000000 ) ) ;
#2156 = ORIENTED_EDGE ( 'NONE', *, *, #5312, .T. ) ;
#2157 = ORIENTED_EDGE ( 'NONE', *, *, #2883, .T. ) ;
#2158 = ORIENTED_EDGE ( 'NONE', *, *, #3153, .T. ) ;
#2159 = FACE_BOUND ( 'NONE', #5721, .T. ) ;
#2160 = EDGE_CURVE ( 'NONE', #4803, #615, #3826, .T. ) ;
#2161 = VERTEX_POINT ( 'NONE', #263 ) ;
#2162 = CYLINDRICAL_SURFACE ( 'NONE', #5012, 0.7500000000000006661 ) ;
#2163 = FACE_OUTER_BOUND ( 'NONE', #5370, .T. ) ;
#2164 = DIRECTION ( 'NONE',  ( -0.000000000000000000, -0.000000000000000000, 1.000000000000000000 ) ) ;
#2165 = CYLINDRICAL_SURFACE ( 'NONE', #1971, 0.7500000000000006661 ) ;
#2166 = CARTESIAN_POINT ( 'NONE',  ( 0.7500000000001378897, -1.061088502595133765, -3.000000000000000000 ) ) ;
#2167 = DIRECTION ( 'NONE',  ( 0.000000000000000000, -0.000000000000000000, -1.000000000000000000 ) ) ;
#2168 = ORIENTED_EDGE ( 'NONE', *, *, #5940, .T. ) ;
#2169 = ADVANCED_FACE ( 'NONE', ( #7794 ), #1020, .F. ) ;
#2170 = CARTESIAN_POINT ( 'NONE',  ( 4.250000000000014211, 10.93891149740486668, 0.000000000000000000 ) ) ;
#2171 = EDGE_LOOP ( 'NONE', ( #9562, #3465 ) ) ;
#2172 = DIRECTION ( 'NONE',  ( -0.000000000000000000, 0.000000000000000000, 1.000000000000000000 ) ) ;
#2173 = CARTESIAN_POINT ( 'NONE',  ( 12.00000000000007638, 4.938911497404866680, -3.000000000000000000 ) ) ;
#2174 = ORIENTED_EDGE ( 'NONE', *, *, #3021, .T. ) ;
#2175 = LINE ( 'NONE', #5160, #8115 ) ;
#2176 = FACE_OUTER_BOUND ( 'NONE', #5783, .T. ) ;
#2177 = EDGE_CURVE ( 'NONE', #6021, #5580, #8860, .T. ) ;
#2178 = EDGE_CURVE ( 'NONE', #726, #8936, #915, .T. ) ;
#2179 = CARTESIAN_POINT ( 'NONE',  ( -12.49999999999998757, 10.93891149740486668, 1.000000000000000000 ) ) ;
#2180 = ORIENTED_EDGE ( 'NONE', *, *, #3501, .F. ) ;
#2181 = EDGE_CURVE ( 'NONE', #147, #8444, #2868, .T. ) ;
#2182 = LINE ( 'NONE', #5166, #8713 ) ;
#2183 = FACE_BOUND ( 'NONE', #6820, .T. ) ;
#2184 = VERTEX_POINT ( 'NONE', #3918 ) ;
#2185 = ORIENTED_EDGE ( 'NONE', *, *, #2178, .T. ) ;
#2186 = CARTESIAN_POINT ( 'NONE',  ( -9.749999999999820588, -5.061088502595135985, 1.000000000000000000 ) ) ;
#2187 = CYLINDRICAL_SURFACE ( 'NONE', #3181, 0.7500000000000006661 ) ;
#2188 = AXIS2_PLACEMENT_3D ( 'NONE', #5650, #6514, #3542 ) ;
#2189 = ORIENTED_EDGE ( 'NONE', *, *, #9480, .T. ) ;
#2190 = ORIENTED_EDGE ( 'NONE', *, *, #4065, .T. ) ;
#2191 = CARTESIAN_POINT ( 'NONE',  ( 8.500000000000056843, 6.938911497404866680, 0.000000000000000000 ) ) ;
#2192 = DIRECTION ( 'NONE',  ( 0.000000000000000000, -0.000000000000000000, -1.000000000000000000 ) ) ;
#2193 = DIRECTION ( 'NONE',  ( 1.000000000000000000, 0.000000000000000000, 0.000000000000000000 ) ) ;
#2194 = AXIS2_PLACEMENT_3D ( 'NONE', #8583, #1761, #4169 ) ;
#2195 = DIRECTION ( 'NONE',  ( 1.000000000000000000, 0.000000000000000000, 0.000000000000000000 ) ) ;
#2196 = DIRECTION ( 'NONE',  ( -0.000000000000000000, -0.000000000000000000, 1.000000000000000000 ) ) ;
#2197 = ORIENTED_EDGE ( 'NONE', *, *, #8801, .T. ) ;
#2198 = VERTEX_POINT ( 'NONE', #6292 ) ;
#2199 = VERTEX_POINT ( 'NONE', #4759 ) ;
#2200 = VERTEX_POINT ( 'NONE', #6250 ) ;
#2201 = AXIS2_PLACEMENT_3D ( 'NONE', #4202, #7238, #7194 ) ;
#2202 = FACE_BOUND ( 'NONE', #246, .T. ) ;
#2203 = VERTEX_POINT ( 'NONE', #1809 ) ;
#2204 = EDGE_CURVE ( 'NONE', #3717, #9117, #6972, .T. ) ;
#2205 = DIRECTION ( 'NONE',  ( -0.000000000000000000, -0.000000000000000000, 1.000000000000000000 ) ) ;
#2206 = ADVANCED_FACE ( 'NONE', ( #9307 ), #6203, .F. ) ;
#2207 = CARTESIAN_POINT ( 'NONE',  ( 11.25000000000020073, -7.061088502595134209, 1.000000000000000000 ) ) ;
#2208 = CARTESIAN_POINT ( 'NONE',  ( 11.25000000000026290, -13.06108850259513510, -3.000000000000000000 ) ) ;
#2209 = DIRECTION ( 'NONE',  ( 1.000000000000000000, 0.000000000000000000, 0.000000000000000000 ) ) ;
#2210 = CARTESIAN_POINT ( 'NONE',  ( -32.50000000000000000, 17.50000000000000000, 0.000000000000000000 ) ) ;
#2211 = AXIS2_PLACEMENT_3D ( 'NONE', #1528, #7557, #782 ) ;
#2212 = DIRECTION ( 'NONE',  ( 1.000000000000000000, 0.000000000000000000, 0.000000000000000000 ) ) ;
#2213 = EDGE_LOOP ( 'NONE', ( #8745, #6057 ) ) ;
#2214 = EDGE_LOOP ( 'NONE', ( #4197, #6765 ) ) ;
#2215 = CIRCLE ( 'NONE', #7738, 0.7500000000000006661 ) ;
#2216 = CARTESIAN_POINT ( 'NONE',  ( -1.249999999999964917, 8.938911497404866680, -3.000000000000000000 ) ) ;
#2217 = DIRECTION ( 'NONE',  ( 0.000000000000000000, -0.000000000000000000, -1.000000000000000000 ) ) ;
#2218 = CARTESIAN_POINT ( 'NONE',  ( 8.500000000000202505, -7.061088502595134209, 1.000000000000000000 ) ) ;
#2219 = ORIENTED_EDGE ( 'NONE', *, *, #9642, .F. ) ;
#2220 = CARTESIAN_POINT ( 'NONE',  ( -9.000000000000007105, 12.93891149740486668, 0.000000000000000000 ) ) ;
#2221 = DIRECTION ( 'NONE',  ( 0.000000000000000000, -0.000000000000000000, -1.000000000000000000 ) ) ;
#2222 = ADVANCED_FACE ( 'NONE', ( #3871 ), #6855, .F. ) ;
#2223 = AXIS2_PLACEMENT_3D ( 'NONE', #6905, #877, #4705 ) ;
#2224 = AXIS2_PLACEMENT_3D ( 'NONE', #9063, #5383, #4543 ) ;
#2225 = AXIS2_PLACEMENT_3D ( 'NONE', #6784, #3810, #3859 ) ;
#2226 = DIRECTION ( 'NONE',  ( 0.000000000000000000, -1.000000000000000000, 0.000000000000000000 ) ) ;
#2227 = EDGE_LOOP ( 'NONE', ( #7436, #7826, #3553, #8824 ) ) ;
#2228 = CARTESIAN_POINT ( 'NONE',  ( 7.750000000000200728, -7.061088502595134209, -3.000000000000000000 ) ) ;
#2229 = VECTOR ( 'NONE', #3486, 1000.000000000000000 ) ;
#2230 = DIRECTION ( 'NONE',  ( 1.000000000000000000, 0.000000000000000000, 0.000000000000000000 ) ) ;
#2231 = EDGE_LOOP ( 'NONE', ( #1493, #8775, #3385, #9604 ) ) ;
#2232 = AXIS2_PLACEMENT_3D ( 'NONE', #4181, #1328, #532 ) ;
#2234 = ORIENTED_EDGE ( 'NONE', *, *, #4968, .T. ) ;
#2233 = CIRCLE ( 'NONE', #6961, 0.7500000000000006661 ) ;
#2235 = LINE ( 'NONE', #7563, #4321 ) ;
#2236 = CARTESIAN_POINT ( 'NONE',  ( -5.499999999999841016, -3.061088502595133765, 0.000000000000000000 ) ) ;
#2237 = EDGE_CURVE ( 'NONE', #4501, #9281, #4811, .T. ) ;
#2238 = EDGE_CURVE ( 'NONE', #4579, #7798, #4113, .T. ) ;
#2239 = AXIS2_PLACEMENT_3D ( 'NONE', #8879, #717, #2945 ) ;
#2240 = CIRCLE ( 'NONE', #6014, 0.7500000000000004441 ) ;
#2241 = ORIENTED_EDGE ( 'NONE', *, *, #1922, .F. ) ;
#2242 = AXIS2_PLACEMENT_3D ( 'NONE', #4116, #3340, #4850 ) ;
#2243 = AXIS2_PLACEMENT_3D ( 'NONE', #5278, #9634, #4532 ) ;
#2244 = DIRECTION ( 'NONE',  ( -0.000000000000000000, -0.000000000000000000, 1.000000000000000000 ) ) ;
#2245 = FACE_BOUND ( 'NONE', #9013, .T. ) ;
#2246 = ORIENTED_EDGE ( 'NONE', *, *, #1357, .T. ) ;
#2247 = CARTESIAN_POINT ( 'NONE',  ( -4.749999999999736211, -13.06108850259513510, 1.000000000000000000 ) ) ;
#2248 = AXIS2_PLACEMENT_3D ( 'NONE', #3699, #9091, #9134 ) ;
#2249 = CARTESIAN_POINT ( 'NONE',  ( 29.29999999999999716, 10.99999999999999822, 7.000000000000000000 ) ) ;
#2250 = DIRECTION ( 'NONE',  ( 0.000000000000000000, -0.000000000000000000, -1.000000000000000000 ) ) ;
#2251 = EDGE_CURVE ( 'NONE', #7520, #8471, #5398, .T. ) ;
#2252 = ORIENTED_EDGE ( 'NONE', *, *, #3872, .T. ) ;
#2253 = VERTEX_POINT ( 'NONE', #77 ) ;
#2254 = AXIS2_PLACEMENT_3D ( 'NONE', #4332, #3591, #7175 ) ;
#2255 = FACE_BOUND ( 'NONE', #6915, .T. ) ;
#2256 = AXIS2_PLACEMENT_3D ( 'NONE', #7320, #8004, #7960 ) ;
#2257 = EDGE_LOOP ( 'NONE', ( #4795, #6654, #7929, #4129 ) ) ;
#2258 = CARTESIAN_POINT ( 'NONE',  ( -1.999999999999902967, 2.938911497404866235, -3.000000000000000000 ) ) ;
#2259 = DIRECTION ( 'NONE',  ( 1.000000000000000000, 0.000000000000000000, 0.000000000000000000 ) ) ;
#2260 = LINE ( 'NONE', #2208, #1787 ) ;
#2261 = CIRCLE ( 'NONE', #5716, 0.7500000000000006661 ) ;
#2262 = CARTESIAN_POINT ( 'NONE',  ( -30.49999999999999645, -12.99999999999999645, 12.00000000000000000 ) ) ;
#2263 = CARTESIAN_POINT ( 'NONE',  ( -4.749999999999736211, -13.06108850259513510, -3.000000000000000000 ) ) ;
#2264 = DIRECTION ( 'NONE',  ( 1.000000000000000000, 0.000000000000000000, 0.000000000000000000 ) ) ;
#2265 = AXIS2_PLACEMENT_3D ( 'NONE', #2308, #3045, #5994 ) ;
#2266 = ADVANCED_FACE ( 'NONE', ( #3096 ), #6141, .F. ) ;
#2267 = EDGE_CURVE ( 'NONE', #5025, #8820, #23, .T. ) ;
#2268 = ORIENTED_EDGE ( 'NONE', *, *, #126, .F. ) ;
#2269 = AXIS2_PLACEMENT_3D ( 'NONE', #6139, #6944, #3193 ) ;
#2270 = VERTEX_POINT ( 'NONE', #4610 ) ;
#2271 = CARTESIAN_POINT ( 'NONE',  ( -8.249999999999820588, -5.061088502595135985, -3.000000000000000000 ) ) ;
#2272 = CIRCLE ( 'NONE', #8739, 0.7500000000000006661 ) ;
#2273 = FACE_OUTER_BOUND ( 'NONE', #2375, .T. ) ;
#2274 = FACE_OUTER_BOUND ( 'NONE', #4214, .T. ) ;
#2275 = ORIENTED_EDGE ( 'NONE', *, *, #8240, .F. ) ;
#2276 = DIRECTION ( 'NONE',  ( 1.000000000000000000, 0.000000000000000000, 0.000000000000000000 ) ) ;
#2277 = CIRCLE ( 'NONE', #7799, 0.7500000000000004441 ) ;
#2278 = DIRECTION ( 'NONE',  ( -0.000000000000000000, -0.000000000000000000, 1.000000000000000000 ) ) ;
#2279 = AXIS2_PLACEMENT_3D ( 'NONE', #4591, #3858, #4641 ) ;
#2280 = EDGE_LOOP ( 'NONE', ( #4666, #3036, #3581, #8268 ) ) ;
#2281 = LINE ( 'NONE', #3008, #5027 ) ;
#2282 = ORIENTED_EDGE ( 'NONE', *, *, #6948, .T. ) ;
#2283 = ADVANCED_FACE ( 'NONE', ( #7649 ), #1900, .F. ) ;
#2284 = FACE_OUTER_BOUND ( 'NONE', #1515, .T. ) ;
#2285 = CARTESIAN_POINT ( 'NONE',  ( -4.749999999999881872, 0.9389114974048661244, -3.000000000000000000 ) ) ;
#2286 = EDGE_LOOP ( 'NONE', ( #945, #4970, #3963, #6358 ) ) ;
#2287 = AXIS2_PLACEMENT_3D ( 'NONE', #9419, #7851, #4860 ) ;
#2288 = ORIENTED_EDGE ( 'NONE', *, *, #4612, .T. ) ;
#2289 = CARTESIAN_POINT ( 'NONE',  ( -13.24999999999984190, -3.061088502595133765, -3.000000000000000000 ) ) ;
#2290 = CARTESIAN_POINT ( 'NONE',  ( -18.50000000000000355, -13.06108850259513154, 1.000000000000000000 ) ) ;
#2291 = VERTEX_POINT ( 'NONE', #4063 ) ;
#2292 = VECTOR ( 'NONE', #8146, 1000.000000000000000 ) ;
#2293 = CARTESIAN_POINT ( 'NONE',  ( -11.75000000000000711, 12.93891149740486668, 0.000000000000000000 ) ) ;
#2294 = EDGE_CURVE ( 'NONE', #2525, #46, #7986, .T. ) ;
#2295 = DIRECTION ( 'NONE',  ( -0.000000000000000000, -0.000000000000000000, 1.000000000000000000 ) ) ;
#2296 = ORIENTED_EDGE ( 'NONE', *, *, #6408, .T. ) ;
#2297 = FACE_OUTER_BOUND ( 'NONE', #4168, .T. ) ;
#2298 = DIRECTION ( 'NONE',  ( 1.156482317317871725E-16, -1.000000000000000000, 0.000000000000000000 ) ) ;
#2299 = CARTESIAN_POINT ( 'NONE',  ( 1.500000000000138334, -1.061088502595133765, 1.000000000000000000 ) ) ;
#2300 = ORIENTED_EDGE ( 'NONE', *, *, #7708, .F. ) ;
#2301 = EDGE_LOOP ( 'NONE', ( #1923, #3540, #8784, #7031 ) ) ;
#2302 = FACE_BOUND ( 'NONE', #2337, .T. ) ;
#2303 = EDGE_CURVE ( 'NONE', #4484, #3359, #7245, .T. ) ;
#2304 = ORIENTED_EDGE ( 'NONE', *, *, #3787, .T. ) ;
#2305 = EDGE_CURVE ( 'NONE', #2270, #4403, #5851, .T. ) ;
#2306 = LINE ( 'NONE', #5293, #9746 ) ;
#2307 = DIRECTION ( 'NONE',  ( 1.000000000000000000, 0.000000000000000000, 0.000000000000000000 ) ) ;
#2308 = CARTESIAN_POINT ( 'NONE',  ( -1.999999999999882094, 0.9389114974048661244, -3.000000000000000000 ) ) ;
#2309 = DIRECTION ( 'NONE',  ( 1.000000000000000000, 0.000000000000000000, 0.000000000000000000 ) ) ;
#2310 = DIRECTION ( 'NONE',  ( 1.000000000000000000, 0.000000000000000000, 0.000000000000000000 ) ) ;
#2311 = CARTESIAN_POINT ( 'NONE',  ( 9.250000000000078160, 4.938911497404866680, 0.000000000000000000 ) ) ;
#2312 = ORIENTED_EDGE ( 'NONE', *, *, #1530, .F. ) ;
#2313 = ORIENTED_EDGE ( 'NONE', *, *, #6769, .F. ) ;
#2314 = DIRECTION ( 'NONE',  ( 1.000000000000000000, 0.000000000000000000, 0.000000000000000000 ) ) ;
#2315 = EDGE_LOOP ( 'NONE', ( #2490, #6321 ) ) ;
#2316 = LINE ( 'NONE', #2915, #4916 ) ;
#2317 = CARTESIAN_POINT ( 'NONE',  ( 26.50000000000000711, 9.000000000000001776, 12.00000000000000000 ) ) ;
#2318 = ORIENTED_EDGE ( 'NONE', *, *, #5327, .F. ) ;
#2319 = EDGE_CURVE ( 'NONE', #9724, #4635, #5693, .T. ) ;
#2320 = DIRECTION ( 'NONE',  ( -0.000000000000000000, -0.000000000000000000, 1.000000000000000000 ) ) ;
#2321 = DIRECTION ( 'NONE',  ( -0.000000000000000000, 0.000000000000000000, 1.000000000000000000 ) ) ;
#2322 = CARTESIAN_POINT ( 'NONE',  ( 11.25000000000022204, -9.061088502595131544, 0.000000000000000000 ) ) ;
#2323 = ORIENTED_EDGE ( 'NONE', *, *, #5441, .F. ) ;
#2324 = LINE ( 'NONE', #735, #1097 ) ;
#2325 = ORIENTED_EDGE ( 'NONE', *, *, #1404, .T. ) ;
#2326 = FACE_OUTER_BOUND ( 'NONE', #4564, .T. ) ;
#2327 = CYLINDRICAL_SURFACE ( 'NONE', #4122, 0.7999999999999986011 ) ;
#2328 = EDGE_CURVE ( 'NONE', #9263, #6269, #1919, .T. ) ;
#2329 = ORIENTED_EDGE ( 'NONE', *, *, #5787, .F. ) ;
#2330 = EDGE_CURVE ( 'NONE', #8450, #5430, #5215, .T. ) ;
#2331 = VERTEX_POINT ( 'NONE', #6451 ) ;
#2332 = CYLINDRICAL_SURFACE ( 'NONE', #333, 0.7500000000000006661 ) ;
#2333 = ADVANCED_FACE ( 'NONE', ( #7884 ), #7151, .F. ) ;
#2334 = EDGE_LOOP ( 'NONE', ( #3426, #3863 ) ) ;
#2335 = CARTESIAN_POINT ( 'NONE',  ( -12.49999999999990408, 2.938911497404866235, -3.000000000000000000 ) ) ;
#2336 = LINE ( 'NONE', #855, #3485 ) ;
#2337 = EDGE_LOOP ( 'NONE', ( #2799, #6586 ) ) ;
#2338 = CYLINDRICAL_SURFACE ( 'NONE', #3536, 0.7500000000000006661 ) ;
#2339 = CARTESIAN_POINT ( 'NONE',  ( -8.999999999999820588, -5.061088502595135985, -3.000000000000000000 ) ) ;
#2340 = DIRECTION ( 'NONE',  ( -1.000000000000000000, -0.000000000000000000, -0.000000000000000000 ) ) ;
#2341 = ORIENTED_EDGE ( 'NONE', *, *, #5667, .F. ) ;
#2342 = EDGE_CURVE ( 'NONE', #7390, #8829, #6502, .T. ) ;
#2343 = ADVANCED_FACE ( 'NONE', ( #4900 ), #7939, .F. ) ;
#2344 = VERTEX_POINT ( 'NONE', #9408 ) ;
#2345 = FACE_BOUND ( 'NONE', #8214, .T. ) ;
#2346 = ORIENTED_EDGE ( 'NONE', *, *, #5266, .F. ) ;
#2347 = CIRCLE ( 'NONE', #8969, 0.7500000000000006661 ) ;
#2348 = DIRECTION ( 'NONE',  ( 1.000000000000000000, 0.000000000000000000, 0.000000000000000000 ) ) ;
#2349 = CARTESIAN_POINT ( 'NONE',  ( 4.250000000000263789, -13.06108850259513510, 0.000000000000000000 ) ) ;
#2350 = DIRECTION ( 'NONE',  ( 1.000000000000000000, 0.000000000000000000, 0.000000000000000000 ) ) ;
#2351 = DIRECTION ( 'NONE',  ( 1.000000000000000000, 0.000000000000000000, 0.000000000000000000 ) ) ;
#2352 = DIRECTION ( 'NONE',  ( 1.000000000000000000, 0.000000000000000000, 0.000000000000000000 ) ) ;
#2353 = DIRECTION ( 'NONE',  ( 1.000000000000000000, 0.000000000000000000, 0.000000000000000000 ) ) ;
#2354 = ADVANCED_FACE ( 'NONE', ( #5698 ), #5644, .T. ) ;
#2355 = ADVANCED_FACE ( 'NONE', ( #7841 ), #8726, .F. ) ;
#2356 = AXIS2_PLACEMENT_3D ( 'NONE', #268, #3293, #6297 ) ;
#2357 = EDGE_CURVE ( 'NONE', #563, #8602, #657, .T. ) ;
#2358 = ORIENTED_EDGE ( 'NONE', *, *, #1733, .T. ) ;
#2359 = ORIENTED_EDGE ( 'NONE', *, *, #1033, .F. ) ;
#2360 = LINE ( 'NONE', #271, #2 ) ;
#2361 = DIRECTION ( 'NONE',  ( 1.000000000000000000, 0.000000000000000000, 0.000000000000000000 ) ) ;
#2362 = CYLINDRICAL_SURFACE ( 'NONE', #6675, 0.7500000000000006661 ) ;
#2363 = CIRCLE ( 'NONE', #2201, 0.7500000000000004441 ) ;
#2364 = ORIENTED_EDGE ( 'NONE', *, *, #4478, .T. ) ;
#2365 = LINE ( 'NONE', #2420, #8114 ) ;
#2366 = CARTESIAN_POINT ( 'NONE',  ( -12.49999999999979927, -7.061088502595134209, 0.000000000000000000 ) ) ;
#2367 = ADVANCED_FACE ( 'NONE', ( #909 ), #8428, .F. ) ;
#2368 = AXIS2_PLACEMENT_3D ( 'NONE', #7918, #7968, #5819 ) ;
#2369 = CARTESIAN_POINT ( 'NONE',  ( -1.249999999999923173, 4.938911497404866680, 1.000000000000000000 ) ) ;
#2370 = VERTEX_POINT ( 'NONE', #4753 ) ;
#2371 = DIRECTION ( 'NONE',  ( -0.000000000000000000, -0.000000000000000000, 1.000000000000000000 ) ) ;
#2372 = CARTESIAN_POINT ( 'NONE',  ( 1.500000000000159206, -3.061088502595133765, 1.000000000000000000 ) ) ;
#2373 = CARTESIAN_POINT ( 'NONE',  ( -5.499999999999903189, 2.938911497404866235, -3.000000000000000000 ) ) ;
#2374 = EDGE_LOOP ( 'NONE', ( #4186, #6355, #6122, #8464 ) ) ;
#2375 = EDGE_LOOP ( 'NONE', ( #9719, #3576, #1354, #2115 ) ) ;
#2376 = AXIS2_PLACEMENT_3D ( 'NONE', #9131, #2371, #6219 ) ;
#2377 = FACE_OUTER_BOUND ( 'NONE', #334, .T. ) ;
#2378 = CIRCLE ( 'NONE', #6487, 0.7500000000000006661 ) ;
#2379 = EDGE_CURVE ( 'NONE', #8829, #7390, #31, .T. ) ;
#2380 = ORIENTED_EDGE ( 'NONE', *, *, #6690, .T. ) ;
#2381 = EDGE_CURVE ( 'NONE', #3801, #2433, #8518, .T. ) ;
#2382 = AXIS2_PLACEMENT_3D ( 'NONE', #7056, #9221, #3830 ) ;
#2383 = DIRECTION ( 'NONE',  ( 0.000000000000000000, -0.000000000000000000, -1.000000000000000000 ) ) ;
#2384 = ORIENTED_EDGE ( 'NONE', *, *, #2342, .F. ) ;
#2385 = AXIS2_PLACEMENT_3D ( 'NONE', #1669, #927, #3150 ) ;
#2386 = VECTOR ( 'NONE', #8568, 1000.000000000000000 ) ;
#2387 = FACE_BOUND ( 'NONE', #8486, .T. ) ;
#2388 = ORIENTED_EDGE ( 'NONE', *, *, #3447, .T. ) ;
#2389 = VERTEX_POINT ( 'NONE', #8371 ) ;
#2390 = DIRECTION ( 'NONE',  ( 1.000000000000000000, 0.000000000000000000, -0.000000000000000000 ) ) ;
#2391 = FACE_OUTER_BOUND ( 'NONE', #9203, .T. ) ;
#2392 = CIRCLE ( 'NONE', #3038, 0.7500000000000006661 ) ;
#2393 = DIRECTION ( 'NONE',  ( 1.000000000000000000, 0.000000000000000000, 0.000000000000000000 ) ) ;
#2394 = AXIS2_PLACEMENT_3D ( 'NONE', #7845, #423, #6513 ) ;
#2395 = ORIENTED_EDGE ( 'NONE', *, *, #981, .T. ) ;
#2396 = CIRCLE ( 'NONE', #3335, 0.7500000000000006661 ) ;
#2397 = AXIS2_PLACEMENT_3D ( 'NONE', #7678, #1004, #2535 ) ;
#2398 = ORIENTED_EDGE ( 'NONE', *, *, #8702, .F. ) ;
#2399 = FACE_BOUND ( 'NONE', #9276, .T. ) ;
#2400 = ORIENTED_EDGE ( 'NONE', *, *, #5625, .T. ) ;
#2401 = VECTOR ( 'NONE', #238, 1000.000000000000000 ) ;
#2402 = FACE_BOUND ( 'NONE', #4719, .T. ) ;
#2403 = ADVANCED_FACE ( 'NONE', ( #4604 ), #159, .F. ) ;
#2404 = LINE ( 'NONE', #1699, #6165 ) ;
#2405 = DIRECTION ( 'NONE',  ( 1.000000000000000000, 0.000000000000000000, 0.000000000000000000 ) ) ;
#2406 = DIRECTION ( 'NONE',  ( -0.000000000000000000, 0.000000000000000000, 1.000000000000000000 ) ) ;
#2407 = DIRECTION ( 'NONE',  ( -0.000000000000000000, 0.000000000000000000, 1.000000000000000000 ) ) ;
#2408 = DIRECTION ( 'NONE',  ( 0.000000000000000000, -0.000000000000000000, -1.000000000000000000 ) ) ;
#2409 = VECTOR ( 'NONE', #2624, 1000.000000000000000 ) ;
#2410 = ORIENTED_EDGE ( 'NONE', *, *, #4387, .F. ) ;
#2411 = ORIENTED_EDGE ( 'NONE', *, *, #1896, .T. ) ;
#2412 = DIRECTION ( 'NONE',  ( 1.000000000000000000, 0.000000000000000000, 0.000000000000000000 ) ) ;
#2413 = VECTOR ( 'NONE', #3629, 1000.000000000000000 ) ;
#2414 = DIRECTION ( 'NONE',  ( -0.000000000000000000, -0.000000000000000000, 1.000000000000000000 ) ) ;
#2415 = ADVANCED_FACE ( 'NONE', ( #4649, #7642, #6195, #9110, #9210, #7089, #3866, #6895, #3330, #1654, #2450, #5442, #7685, #4804, #7733, #113, #216, #3134, #9301, #8472, #6244, #6135, #9156, #7046, #2402, #258, #956, #3282, #3967, #5392, #6998, #9256, #7788, #5334, #8574, #2494, #5487, #1013, #6287, #1804, #7835, #2599, #1102, #4435, #6540, #1349, #2876, #7333, #9628, #5878, #591, #7275, #9685, #5922, #5594, #2925, #498, #8119, #7374, #8064, #3601, #4342, #5777, #5130, #8205, #8949, #1294, #8850, #8803, #3652, #6585, #2036, #4845, #4295, #6344, #3562, #1430, #8621, #1846, #7470, #5023, #6629, #3515, #2183, #8905, #692, #549, #9585, #2142, #2827, #8163, #9547, #6682, #1385, #5822, #4382, #7417, #2089, #5079, #640, #5167, #9361, #7877, #4239, #2785, #787, #5421, #2964, #8992, #4671, #6024, #3793, #6823, #3013, #9187 ), #5274, .F. ) ;
#2416 = CARTESIAN_POINT ( 'NONE',  ( 12.00000000000011902, 0.9389114974048661244, -3.000000000000000000 ) ) ;
#2417 = DIRECTION ( 'NONE',  ( 1.000000000000000000, 0.000000000000000000, 0.000000000000000000 ) ) ;
#2418 = EDGE_LOOP ( 'NONE', ( #4503, #8610, #7663, #6556 ) ) ;
#2419 = CIRCLE ( 'NONE', #3369, 0.7500000000000004441 ) ;
#2420 = CARTESIAN_POINT ( 'NONE',  ( -11.74999999999984013, -3.061088502595133765, -3.000000000000000000 ) ) ;
#2421 = DIRECTION ( 'NONE',  ( 1.334402673828313339E-16, -1.000000000000000000, 0.000000000000000000 ) ) ;
#2422 = VECTOR ( 'NONE', #8476, 1000.000000000000000 ) ;
#2423 = VERTEX_POINT ( 'NONE', #1532 ) ;
#2424 = CARTESIAN_POINT ( 'NONE',  ( 9.250000000000035527, 8.938911497404866680, 0.000000000000000000 ) ) ;
#2425 = EDGE_CURVE ( 'NONE', #8405, #1925, #9045, .T. ) ;
#2426 = CARTESIAN_POINT ( 'NONE',  ( 1.500000000000013545, 10.93891149740486668, 1.000000000000000000 ) ) ;
#2427 = CARTESIAN_POINT ( 'NONE',  ( 8.500000000000159872, -3.061088502595133765, 1.000000000000000000 ) ) ;
#2428 = VERTEX_POINT ( 'NONE', #6724 ) ;
#2429 = CIRCLE ( 'NONE', #3837, 0.7500000000000006661 ) ;
#2430 = EDGE_LOOP ( 'NONE', ( #4182, #1454, #6316, #3609 ) ) ;
#2431 = AXIS2_PLACEMENT_3D ( 'NONE', #3423, #7132, #9444 ) ;
#2432 = DIRECTION ( 'NONE',  ( 1.156482317317871478E-16, -1.000000000000000000, 0.000000000000000000 ) ) ;
#2433 = VERTEX_POINT ( 'NONE', #3112 ) ;
#2434 = VERTEX_POINT ( 'NONE', #8452 ) ;
#2435 = CYLINDRICAL_SURFACE ( 'NONE', #4554, 0.7500000000000006661 ) ;
#2436 = CIRCLE ( 'NONE', #4005, 0.7500000000000006661 ) ;
#2437 = DIRECTION ( 'NONE',  ( 1.000000000000000000, 0.000000000000000000, 0.000000000000000000 ) ) ;
#2438 = EDGE_LOOP ( 'NONE', ( #4977, #6744, #6581, #7671 ) ) ;
#2439 = ORIENTED_EDGE ( 'NONE', *, *, #126, .T. ) ;
#2440 = CARTESIAN_POINT ( 'NONE',  ( 8.499999999999992895, 12.93891149740486668, 0.000000000000000000 ) ) ;
#2441 = EDGE_CURVE ( 'NONE', #8352, #8461, #9646, .T. ) ;
#2442 = EDGE_CURVE ( 'NONE', #2014, #2683, #6022, .T. ) ;
#2443 = CYLINDRICAL_SURFACE ( 'NONE', #2397, 0.7500000000000006661 ) ;
#2444 = LINE ( 'NONE', #1740, #2020 ) ;
#2445 = ORIENTED_EDGE ( 'NONE', *, *, #4338, .T. ) ;
#2446 = AXIS2_PLACEMENT_3D ( 'NONE', #9304, #8433, #6200 ) ;
#2447 = ORIENTED_EDGE ( 'NONE', *, *, #5506, .T. ) ;
#2448 = DIRECTION ( 'NONE',  ( 1.000000000000000000, 0.000000000000000000, 0.000000000000000000 ) ) ;
#2449 = ORIENTED_EDGE ( 'NONE', *, *, #5638, .F. ) ;
#2450 = FACE_BOUND ( 'NONE', #7682, .T. ) ;
#2451 = CARTESIAN_POINT ( 'NONE',  ( 11.25000000000013856, -1.061088502595133765, -3.000000000000000000 ) ) ;
#2452 = CARTESIAN_POINT ( 'NONE',  ( 7.750000000000180300, -5.061088502595135985, 0.000000000000000000 ) ) ;
#2453 = EDGE_CURVE ( 'NONE', #4947, #2525, #3700, .T. ) ;
#2454 = DIRECTION ( 'NONE',  ( 1.000000000000000000, 0.000000000000000000, 0.000000000000000000 ) ) ;
#2455 = CARTESIAN_POINT ( 'NONE',  ( -28.50000000000000355, 11.00000000000000000, 7.000000000000000000 ) ) ;
#2456 = CARTESIAN_POINT ( 'NONE',  ( -9.749999999999946709, 6.938911497404866680, -3.000000000000000000 ) ) ;
#2458 = EDGE_LOOP ( 'NONE', ( #4316, #6772 ) ) ;
#2457 = EDGE_CURVE ( 'NONE', #6241, #9401, #8403, .T. ) ;
#2459 = ORIENTED_EDGE ( 'NONE', *, *, #4910, .T. ) ;
#2460 = DIRECTION ( 'NONE',  ( -0.000000000000000000, 0.000000000000000000, 1.000000000000000000 ) ) ;
#2461 = FACE_OUTER_BOUND ( 'NONE', #6364, .T. ) ;
#2462 = CARTESIAN_POINT ( 'NONE',  ( -1.999999999999777955, -9.061088502595131544, -3.000000000000000000 ) ) ;
#2463 = DIRECTION ( 'NONE',  ( -0.000000000000000000, -0.000000000000000000, 1.000000000000000000 ) ) ;
#2464 = VERTEX_POINT ( 'NONE', #3068 ) ;
#2465 = FACE_OUTER_BOUND ( 'NONE', #3706, .T. ) ;
#2466 = DIRECTION ( 'NONE',  ( 1.000000000000000000, 0.000000000000000000, 0.000000000000000000 ) ) ;
#2467 = CARTESIAN_POINT ( 'NONE',  ( 2.250000000000014211, 10.93891149740486668, -3.000000000000000000 ) ) ;
#2468 = ADVANCED_FACE ( 'NONE', ( #6771 ), #7666, .F. ) ;
#2469 = DIRECTION ( 'NONE',  ( -0.000000000000000000, -0.000000000000000000, 1.000000000000000000 ) ) ;
#2470 = ORIENTED_EDGE ( 'NONE', *, *, #2596, .F. ) ;
#2471 = FACE_OUTER_BOUND ( 'NONE', #8060, .T. ) ;
#2472 = CARTESIAN_POINT ( 'NONE',  ( 12.00000000000024336, -11.06108850259513332, -3.000000000000000000 ) ) ;
#2473 = VERTEX_POINT ( 'NONE', #8351 ) ;
#2474 = ORIENTED_EDGE ( 'NONE', *, *, #5088, .T. ) ;
#2475 = CARTESIAN_POINT ( 'NONE',  ( 7.750000000000014211, 10.93891149740486668, 0.000000000000000000 ) ) ;
#2476 = EDGE_CURVE ( 'NONE', #7543, #8207, #3809, .T. ) ;
#2477 = ORIENTED_EDGE ( 'NONE', *, *, #6016, .T. ) ;
#2478 = ADVANCED_FACE ( 'NONE', ( #9092 ), #4628, .F. ) ;
#2479 = ADVANCED_FACE ( 'NONE', ( #133 ), #2327, .F. ) ;
#2480 = ORIENTED_EDGE ( 'NONE', *, *, #7236, .F. ) ;
#2481 = EDGE_LOOP ( 'NONE', ( #731, #4454, #711, #5276 ) ) ;
#2482 = PLANE ( 'NONE',  #6623 ) ;
#2483 = VERTEX_POINT ( 'NONE', #4486 ) ;
#2484 = DIRECTION ( 'NONE',  ( 1.000000000000000000, 0.000000000000000000, 0.000000000000000000 ) ) ;
#2485 = VERTEX_POINT ( 'NONE', #738 ) ;
#2486 = ORIENTED_EDGE ( 'NONE', *, *, #4390, .T. ) ;
#2487 = DIRECTION ( 'NONE',  ( -0.000000000000000000, -0.000000000000000000, 1.000000000000000000 ) ) ;
#2488 = DIRECTION ( 'NONE',  ( -0.000000000000000000, -0.000000000000000000, 1.000000000000000000 ) ) ;
#2489 = DIRECTION ( 'NONE',  ( -0.000000000000000000, -0.000000000000000000, 1.000000000000000000 ) ) ;
#2490 = ORIENTED_EDGE ( 'NONE', *, *, #5289, .T. ) ;
#2491 = ORIENTED_EDGE ( 'NONE', *, *, #7309, .T. ) ;
#2492 = PLANE ( 'NONE',  #2512 ) ;
#2493 = ORIENTED_EDGE ( 'NONE', *, *, #9389, .T. ) ;
#2494 = FACE_BOUND ( 'NONE', #8563, .T. ) ;
#2495 = DIRECTION ( 'NONE',  ( 1.000000000000000000, 0.000000000000000000, 0.000000000000000000 ) ) ;
#2496 = DIRECTION ( 'NONE',  ( 1.000000000000000000, 0.000000000000000000, 0.000000000000000000 ) ) ;
#2497 = CARTESIAN_POINT ( 'NONE',  ( -5.499999999999799272, -7.061088502595134209, -3.000000000000000000 ) ) ;
#2498 = DIRECTION ( 'NONE',  ( -0.000000000000000000, -0.000000000000000000, 1.000000000000000000 ) ) ;
#2499 = DIRECTION ( 'NONE',  ( 1.000000000000000000, 0.000000000000000000, 0.000000000000000000 ) ) ;
#2500 = EDGE_LOOP ( 'NONE', ( #8283, #4751 ) ) ;
#2501 = AXIS2_PLACEMENT_3D ( 'NONE', #7445, #72, #8326 ) ;
#2502 = EDGE_CURVE ( 'NONE', #3865, #5602, #822, .T. ) ;
#2503 = EDGE_CURVE ( 'NONE', #4207, #7570, #7619, .T. ) ;
#2504 = ORIENTED_EDGE ( 'NONE', *, *, #6590, .T. ) ;
#2505 = LINE ( 'NONE', #8530, #3165 ) ;
#2506 = DIRECTION ( 'NONE',  ( 1.000000000000000000, 0.000000000000000000, 0.000000000000000000 ) ) ;
#2507 = DIRECTION ( 'NONE',  ( 1.000000000000000000, 0.000000000000000000, 0.000000000000000000 ) ) ;
#2508 = CYLINDRICAL_SURFACE ( 'NONE', #1947, 0.7500000000000004441 ) ;
#2509 = ORIENTED_EDGE ( 'NONE', *, *, #3642, .T. ) ;
#2510 = DIRECTION ( 'NONE',  ( 1.000000000000000000, 0.000000000000000000, 0.000000000000000000 ) ) ;
#2511 = FACE_OUTER_BOUND ( 'NONE', #713, .T. ) ;
#2512 = AXIS2_PLACEMENT_3D ( 'NONE', #5484, #1745, #4750 ) ;
#2513 = DIRECTION ( 'NONE',  ( -0.000000000000000000, 0.000000000000000000, 1.000000000000000000 ) ) ;
#2514 = AXIS2_PLACEMENT_3D ( 'NONE', #5136, #3804, #6076 ) ;
#2515 = CARTESIAN_POINT ( 'NONE',  ( -11.74999999999992362, 4.938911497404866680, 0.000000000000000000 ) ) ;
#2516 = ORIENTED_EDGE ( 'NONE', *, *, #7880, .T. ) ;
#2517 = CYLINDRICAL_SURFACE ( 'NONE', #5380, 0.7500000000000006661 ) ;
#2518 = LINE ( 'NONE', #339, #1930 ) ;
#2519 = EDGE_LOOP ( 'NONE', ( #1906, #845, #9396, #8091 ) ) ;
#2520 = EDGE_CURVE ( 'NONE', #9494, #4886, #3846, .T. ) ;
#2521 = EDGE_LOOP ( 'NONE', ( #8000, #2680 ) ) ;
#2522 = LINE ( 'NONE', #242, #6017 ) ;
#2523 = CIRCLE ( 'NONE', #2690, 0.7500000000000006661 ) ;
#2524 = ORIENTED_EDGE ( 'NONE', *, *, #9755, .T. ) ;
#2525 = VERTEX_POINT ( 'NONE', #1871 ) ;
#2526 = CARTESIAN_POINT ( 'NONE',  ( 8.500000000000243361, -11.06108850259513332, -3.000000000000000000 ) ) ;
#2527 = ORIENTED_EDGE ( 'NONE', *, *, #3770, .T. ) ;
#2528 = DIRECTION ( 'NONE',  ( 1.000000000000000000, 0.000000000000000000, 0.000000000000000000 ) ) ;
#2529 = CIRCLE ( 'NONE', #9469, 0.7500000000000006661 ) ;
#2530 = ORIENTED_EDGE ( 'NONE', *, *, #5829, .F. ) ;
#2531 = EDGE_CURVE ( 'NONE', #7131, #4016, #1928, .T. ) ;
#2532 = ADVANCED_FACE ( 'NONE', ( #3309 ), #2577, .F. ) ;
#2533 = EDGE_LOOP ( 'NONE', ( #347, #94, #6883, #1383 ) ) ;
#2534 = CARTESIAN_POINT ( 'NONE',  ( -28.50000000000000711, -11.00000000000000178, 7.000000000000000000 ) ) ;
#2535 = DIRECTION ( 'NONE',  ( 1.000000000000000000, 0.000000000000000000, 0.000000000000000000 ) ) ;
#2536 = VECTOR ( 'NONE', #4615, 1000.000000000000000 ) ;
#2537 = EDGE_LOOP ( 'NONE', ( #9397, #6068 ) ) ;
#2538 = VECTOR ( 'NONE', #2278, 1000.000000000000000 ) ;
#2539 = AXIS2_PLACEMENT_3D ( 'NONE', #3916, #6943, #1807 ) ;
#2540 = FACE_BOUND ( 'NONE', #5054, .T. ) ;
#2541 = VERTEX_POINT ( 'NONE', #8494 ) ;
#2542 = CARTESIAN_POINT ( 'NONE',  ( -29.30000000000000426, 11.00000000000000000, 7.000000000000000000 ) ) ;
#2543 = CIRCLE ( 'NONE', #6800, 0.7500000000000004441 ) ;
#2544 = CARTESIAN_POINT ( 'NONE',  ( 16.49999999999999289, 12.93891149740487023, 0.000000000000000000 ) ) ;
#2545 = EDGE_CURVE ( 'NONE', #1047, #5419, #6977, .T. ) ;
#2546 = DIRECTION ( 'NONE',  ( 1.000000000000000000, 0.000000000000000000, 0.000000000000000000 ) ) ;
#2547 = AXIS2_PLACEMENT_3D ( 'NONE', #7129, #4794, #6329 ) ;
#2548 = CIRCLE ( 'NONE', #8073, 0.7500000000000006661 ) ;
#2549 = CARTESIAN_POINT ( 'NONE',  ( 5.000000000000119016, 0.9389114974048661244, -3.000000000000000000 ) ) ;
#2550 = DIRECTION ( 'NONE',  ( 0.000000000000000000, -0.000000000000000000, -1.000000000000000000 ) ) ;
#2551 = AXIS2_PLACEMENT_3D ( 'NONE', #55, #3745, #1536 ) ;
#2552 = DIRECTION ( 'NONE',  ( -0.000000000000000000, -0.000000000000000000, 1.000000000000000000 ) ) ;
#2553 = VERTEX_POINT ( 'NONE', #5511 ) ;
#2554 = VERTEX_POINT ( 'NONE', #7906 ) ;
#2555 = AXIS2_PLACEMENT_3D ( 'NONE', #5904, #8234, #3679 ) ;
#2556 = ORIENTED_EDGE ( 'NONE', *, *, #7285, .F. ) ;
#2557 = AXIS2_PLACEMENT_3D ( 'NONE', #4381, #3791, #639 ) ;
#2558 = DIRECTION ( 'NONE',  ( 0.000000000000000000, -0.000000000000000000, -1.000000000000000000 ) ) ;
#2559 = AXIS2_PLACEMENT_3D ( 'NONE', #6663, #9666, #2212 ) ;
#2560 = AXIS2_PLACEMENT_3D ( 'NONE', #7863, #5621, #1831 ) ;
#2561 = ORIENTED_EDGE ( 'NONE', *, *, #457, .T. ) ;
#2562 = CARTESIAN_POINT ( 'NONE',  ( 18.49999999999999645, -13.06108850259512977, 1.000000000000000000 ) ) ;
#2563 = DIRECTION ( 'NONE',  ( 1.000000000000000000, 0.000000000000000000, 0.000000000000000000 ) ) ;
#2564 = DIRECTION ( 'NONE',  ( -1.000000000000000000, 8.673617379884027583E-16, -0.000000000000000000 ) ) ;
#2565 = DIRECTION ( 'NONE',  ( 1.000000000000000000, 0.000000000000000000, 0.000000000000000000 ) ) ;
#2566 = EDGE_LOOP ( 'NONE', ( #5687, #6128 ) ) ;
#2567 = PLANE ( 'NONE',  #3070 ) ;
#2568 = DIRECTION ( 'NONE',  ( 0.000000000000000000, -0.000000000000000000, -1.000000000000000000 ) ) ;
#2569 = CIRCLE ( 'NONE', #4132, 0.7500000000000006661 ) ;
#2570 = EDGE_CURVE ( 'NONE', #6699, #4529, #2518, .T. ) ;
#2571 = DIRECTION ( 'NONE',  ( 1.000000000000000000, 0.000000000000000000, 0.000000000000000000 ) ) ;
#2572 = AXIS2_PLACEMENT_3D ( 'NONE', #4071, #3490, #7161 ) ;
#2573 = VERTEX_POINT ( 'NONE', #933 ) ;
#2574 = CARTESIAN_POINT ( 'NONE',  ( 1.500000000000117462, 0.9389114974048661244, 1.000000000000000000 ) ) ;
#2575 = ORIENTED_EDGE ( 'NONE', *, *, #8419, .F. ) ;
#2576 = CARTESIAN_POINT ( 'NONE',  ( 5.000000000000139444, -1.061088502595133765, 0.000000000000000000 ) ) ;
#2577 = CYLINDRICAL_SURFACE ( 'NONE', #7453, 0.7500000000000006661 ) ;
#2578 = ORIENTED_EDGE ( 'NONE', *, *, #9257, .F. ) ;
#2579 = ORIENTED_EDGE ( 'NONE', *, *, #7732, .T. ) ;
#2580 = DIRECTION ( 'NONE',  ( -0.000000000000000000, -0.000000000000000000, 1.000000000000000000 ) ) ;
#2581 = COLOUR_RGB ( '',0.7921568627450980005, 0.8196078431372548767, 0.9333333333333333481 ) ;
#2582 = ADVANCED_FACE ( 'NONE', ( #1724 ), #4039, .F. ) ;
#2583 = ORIENTED_EDGE ( 'NONE', *, *, #4891, .F. ) ;
#2584 = CIRCLE ( 'NONE', #9738, 0.7500000000000006661 ) ;
#2585 = DIRECTION ( 'NONE',  ( 1.000000000000000000, 0.000000000000000000, 0.000000000000000000 ) ) ;
#2586 = ORIENTED_EDGE ( 'NONE', *, *, #9656, .F. ) ;
#2587 = FACE_OUTER_BOUND ( 'NONE', #2873, .T. ) ;
#2588 = EDGE_LOOP ( 'NONE', ( #8738, #5204, #5553, #2009 ) ) ;
#2589 = AXIS2_PLACEMENT_3D ( 'NONE', #4806, #1806, #7048 ) ;
#2590 = VERTEX_POINT ( 'NONE', #1828 ) ;
#2591 = DIRECTION ( 'NONE',  ( -0.000000000000000000, -0.000000000000000000, 1.000000000000000000 ) ) ;
#2592 = CARTESIAN_POINT ( 'NONE',  ( -8.249999999999737099, -13.06108850259513510, 0.000000000000000000 ) ) ;
#2593 = AXIS2_PLACEMENT_3D ( 'NONE', #277, #7701, #3928 ) ;
#2594 = VERTEX_POINT ( 'NONE', #7759 ) ;
#2595 = VECTOR ( 'NONE', #2741, 1000.000000000000000 ) ;
#2596 = EDGE_CURVE ( 'NONE', #7189, #3715, #8867, .T. ) ;
#2597 = DIRECTION ( 'NONE',  ( -0.000000000000000000, -0.000000000000000000, 1.000000000000000000 ) ) ;
#2598 = ORIENTED_EDGE ( 'NONE', *, *, #2748, .F. ) ;
#2599 = FACE_BOUND ( 'NONE', #3143, .T. ) ;
#2600 = CARTESIAN_POINT ( 'NONE',  ( -1.999999999999819700, -5.061088502595135985, 0.000000000000000000 ) ) ;
#2601 = DIRECTION ( 'NONE',  ( 1.000000000000000000, 0.000000000000000000, 0.000000000000000000 ) ) ;
#2602 = CIRCLE ( 'NONE', #2765, 0.7500000000000006661 ) ;
#2603 = DIRECTION ( 'NONE',  ( -0.000000000000000000, -0.000000000000000000, 1.000000000000000000 ) ) ;
#2604 = CARTESIAN_POINT ( 'NONE',  ( 32.50000000000000000, -17.50000000000000000, 2.000000000000000000 ) ) ;
#2605 = DIRECTION ( 'NONE',  ( -0.000000000000000000, 0.000000000000000000, 1.000000000000000000 ) ) ;
#2606 = ORIENTED_EDGE ( 'NONE', *, *, #2630, .F. ) ;
#2607 = ADVANCED_FACE ( 'NONE', ( #3936 ), #3364, .F. ) ;
#2608 = ADVANCED_FACE ( 'NONE', ( #7817 ), #9235, .F. ) ;
#2609 = CARTESIAN_POINT ( 'NONE',  ( 9.250000000000181188, -5.061088502595135985, 0.000000000000000000 ) ) ;
#2610 = AXIS2_PLACEMENT_3D ( 'NONE', #7049, #1059, #9260 ) ;
#2611 = EDGE_LOOP ( 'NONE', ( #4827, #893, #2530, #265 ) ) ;
#2612 = DIRECTION ( 'NONE',  ( 1.000000000000000000, 0.000000000000000000, 0.000000000000000000 ) ) ;
#2613 = DIRECTION ( 'NONE',  ( 1.000000000000000000, 0.000000000000000000, 0.000000000000000000 ) ) ;
#2614 = CYLINDRICAL_SURFACE ( 'NONE', #6353, 0.7500000000000006661 ) ;
#2615 = CARTESIAN_POINT ( 'NONE',  ( 12.00000000000003553, 8.938911497404866680, -3.000000000000000000 ) ) ;
#2616 = ORIENTED_EDGE ( 'NONE', *, *, #1381, .F. ) ;
#2617 = DIRECTION ( 'NONE',  ( 1.000000000000000000, 0.000000000000000000, 0.000000000000000000 ) ) ;
#2618 = DIRECTION ( 'NONE',  ( 1.000000000000000000, 0.000000000000000000, 0.000000000000000000 ) ) ;
#2619 = CARTESIAN_POINT ( 'NONE',  ( -5.500000000000007105, 12.93891149740486668, 1.000000000000000000 ) ) ;
#2620 = ORIENTED_EDGE ( 'NONE', *, *, #889, .T. ) ;
#2621 = DIRECTION ( 'NONE',  ( 1.000000000000000000, 0.000000000000000000, 0.000000000000000000 ) ) ;
#2622 = ORIENTED_EDGE ( 'NONE', *, *, #1381, .T. ) ;
#2623 = EDGE_CURVE ( 'NONE', #2034, #9068, #7302, .T. ) ;
#2624 = DIRECTION ( 'NONE',  ( -0.000000000000000000, -0.000000000000000000, 1.000000000000000000 ) ) ;
#2625 = DIRECTION ( 'NONE',  ( -0.000000000000000000, -0.000000000000000000, 1.000000000000000000 ) ) ;
#2626 = ORIENTED_EDGE ( 'NONE', *, *, #8641, .T. ) ;
#2627 = CARTESIAN_POINT ( 'NONE',  ( -8.999999999999758415, -11.06108850259513332, -3.000000000000000000 ) ) ;
#2628 = DIRECTION ( 'NONE',  ( 1.000000000000000000, 0.000000000000000000, 0.000000000000000000 ) ) ;
#2629 = EDGE_LOOP ( 'NONE', ( #895, #1188, #4002, #7976 ) ) ;
#2630 = EDGE_CURVE ( 'NONE', #8468, #7987, #7025, .T. ) ;
#2631 = ORIENTED_EDGE ( 'NONE', *, *, #6511, .F. ) ;
#2632 = CARTESIAN_POINT ( 'NONE',  ( -5.499999999999944933, 6.938911497404866680, 0.000000000000000000 ) ) ;
#2633 = VERTEX_POINT ( 'NONE', #392 ) ;
#2634 = ADVANCED_FACE ( 'NONE', ( #3409 ), #5618, .F. ) ;
#2635 = DIRECTION ( 'NONE',  ( -1.000000000000000000, 0.000000000000000000, 0.000000000000000000 ) ) ;
#2636 = ORIENTED_EDGE ( 'NONE', *, *, #4287, .T. ) ;
#2637 = ORIENTED_EDGE ( 'NONE', *, *, #8625, .T. ) ;
#2638 = CARTESIAN_POINT ( 'NONE',  ( -12.49999999999986144, -1.061088502595133765, 0.000000000000000000 ) ) ;
#2639 = DIRECTION ( 'NONE',  ( 1.000000000000000000, 0.000000000000000000, 0.000000000000000000 ) ) ;
#2640 = ORIENTED_EDGE ( 'NONE', *, *, #2570, .T. ) ;
#2641 = FACE_BOUND ( 'NONE', #8951, .T. ) ;
#2642 = ORIENTED_EDGE ( 'NONE', *, *, #6430, .T. ) ;
#2643 = LINE ( 'NONE', #7878, #3433 ) ;
#2644 = DIRECTION ( 'NONE',  ( -0.000000000000000000, -0.000000000000000000, 1.000000000000000000 ) ) ;
#2645 = CARTESIAN_POINT ( 'NONE',  ( -26.49999999999999645, -12.99999999999999645, 12.00000000000000000 ) ) ;
#2646 = EDGE_CURVE ( 'NONE', #8316, #5410, #6313, .T. ) ;
#2647 = DIRECTION ( 'NONE',  ( 1.000000000000000000, 0.000000000000000000, 0.000000000000000000 ) ) ;
#2648 = EDGE_CURVE ( 'NONE', #84, #4901, #1081, .T. ) ;
#2649 = AXIS2_PLACEMENT_3D ( 'NONE', #7199, #454, #4058 ) ;
#2650 = CARTESIAN_POINT ( 'NONE',  ( 20.00000000000000000, 15.00000000000000178, 1.000000000000000000 ) ) ;
#2651 = ORIENTED_EDGE ( 'NONE', *, *, #2502, .T. ) ;
#2652 = VERTEX_POINT ( 'NONE', #7115 ) ;
#2653 = CARTESIAN_POINT ( 'NONE',  ( 7.750000000000096811, 2.938911497404866235, -3.000000000000000000 ) ) ;
#2654 = ORIENTED_EDGE ( 'NONE', *, *, #1180, .T. ) ;
#2655 = CARTESIAN_POINT ( 'NONE',  ( -5.499999999999924505, 4.938911497404866680, 1.000000000000000000 ) ) ;
#2656 = CYLINDRICAL_SURFACE ( 'NONE', #4689, 0.7999999999999986011 ) ;
#2657 = DIRECTION ( 'NONE',  ( 1.000000000000000000, 0.000000000000000000, 0.000000000000000000 ) ) ;
#2658 = CARTESIAN_POINT ( 'NONE',  ( -2.749999999999986677, 10.93891149740486668, 0.000000000000000000 ) ) ;
#2659 = EDGE_LOOP ( 'NONE', ( #6647, #2052 ) ) ;
#2660 = DIRECTION ( 'NONE',  ( -0.000000000000000000, -0.000000000000000000, 1.000000000000000000 ) ) ;
#2661 = ADVANCED_FACE ( 'NONE', ( #6378 ), #9386, .F. ) ;
#2662 = DIRECTION ( 'NONE',  ( 0.000000000000000000, -0.000000000000000000, -1.000000000000000000 ) ) ;
#2663 = EDGE_CURVE ( 'NONE', #3086, #2032, #4285, .T. ) ;
#2664 = ADVANCED_FACE ( 'NONE', ( #7408 ), #7220, .F. ) ;
#2665 = CARTESIAN_POINT ( 'NONE',  ( 8.500000000000243361, -11.06108850259513332, 0.000000000000000000 ) ) ;
#2666 = CIRCLE ( 'NONE', #1082, 0.7500000000000006661 ) ;
#2667 = EDGE_LOOP ( 'NONE', ( #6680, #3059, #9199, #1686 ) ) ;
#2668 = DIRECTION ( 'NONE',  ( 1.000000000000000000, 0.000000000000000000, 0.000000000000000000 ) ) ;
#2669 = DIRECTION ( 'NONE',  ( -0.000000000000000000, 0.000000000000000000, 1.000000000000000000 ) ) ;
#2670 = CARTESIAN_POINT ( 'NONE',  ( 1.500000000000096811, 2.938911497404866235, 1.000000000000000000 ) ) ;
#2671 = AXIS2_PLACEMENT_3D ( 'NONE', #2943, #8284, #759 ) ;
#2672 = VERTEX_POINT ( 'NONE', #2818 ) ;
#2673 = VERTEX_POINT ( 'NONE', #1982 ) ;
#2674 = EDGE_CURVE ( 'NONE', #6326, #45, #8894, .T. ) ;
#2675 = DIRECTION ( 'NONE',  ( 1.000000000000000000, 0.000000000000000000, 0.000000000000000000 ) ) ;
#2676 = CYLINDRICAL_SURFACE ( 'NONE', #6118, 0.7500000000000004441 ) ;
#2677 = AXIS2_PLACEMENT_3D ( 'NONE', #3120, #6692, #4587 ) ;
#2678 = VERTEX_POINT ( 'NONE', #6618 ) ;
#2679 = CARTESIAN_POINT ( 'NONE',  ( 4.250000000000034639, 8.938911497404866680, -3.000000000000000000 ) ) ;
#2680 = ORIENTED_EDGE ( 'NONE', *, *, #9768, .T. ) ;
#2681 = DIRECTION ( 'NONE',  ( 1.000000000000000000, 0.000000000000000000, 0.000000000000000000 ) ) ;
#2682 = EDGE_LOOP ( 'NONE', ( #2961, #1549 ) ) ;
#2683 = VERTEX_POINT ( 'NONE', #1338 ) ;
#2684 = DIRECTION ( 'NONE',  ( 0.000000000000000000, -0.000000000000000000, -1.000000000000000000 ) ) ;
#2685 = CIRCLE ( 'NONE', #8200, 0.7500000000000006661 ) ;
#2686 = CARTESIAN_POINT ( 'NONE',  ( -12.49999999999990408, 2.938911497404866235, 0.000000000000000000 ) ) ;
#2687 = EDGE_CURVE ( 'NONE', #2331, #8779, #8940, .T. ) ;
#2688 = EDGE_CURVE ( 'NONE', #7071, #9231, #4602, .T. ) ;
#2689 = VERTEX_POINT ( 'NONE', #3453 ) ;
#2690 = AXIS2_PLACEMENT_3D ( 'NONE', #6679, #8902, #1382 ) ;
#2691 = CARTESIAN_POINT ( 'NONE',  ( 1.500000000000263345, -13.06108850259513510, 0.000000000000000000 ) ) ;
#2692 = ORIENTED_EDGE ( 'NONE', *, *, #7692, .T. ) ;
#2693 = CARTESIAN_POINT ( 'NONE',  ( 5.750000000000098588, 2.938911497404866235, 1.000000000000000000 ) ) ;
#2694 = LINE ( 'NONE', #1104, #1159 ) ;
#2695 = EDGE_LOOP ( 'NONE', ( #5144, #6340 ) ) ;
#2696 = LINE ( 'NONE', #561, #324 ) ;
#2697 = DIRECTION ( 'NONE',  ( -0.000000000000000000, 0.000000000000000000, 1.000000000000000000 ) ) ;
#2698 = AXIS2_PLACEMENT_3D ( 'NONE', #4922, #7112, #7218 ) ;
#2699 = ORIENTED_EDGE ( 'NONE', *, *, #4119, .T. ) ;
#2700 = CARTESIAN_POINT ( 'NONE',  ( -1.999999999999840350, -3.061088502595133765, 0.000000000000000000 ) ) ;
#2701 = VECTOR ( 'NONE', #8054, 1000.000000000000000 ) ;
#2702 = CIRCLE ( 'NONE', #6953, 0.7500000000000004441 ) ;
#2703 = ORIENTED_EDGE ( 'NONE', *, *, #1722, .F. ) ;
#2704 = VERTEX_POINT ( 'NONE', #5767 ) ;
#2705 = CARTESIAN_POINT ( 'NONE',  ( -6.249999999999904077, 2.938911497404866235, -3.000000000000000000 ) ) ;
#2706 = EDGE_CURVE ( 'NONE', #6894, #2200, #40, .T. ) ;
#2707 = EDGE_LOOP ( 'NONE', ( #6011, #5077, #2940, #174 ) ) ;
#2708 = CIRCLE ( 'NONE', #7118, 0.7500000000000004441 ) ;
#2709 = DIRECTION ( 'NONE',  ( 0.000000000000000000, -0.000000000000000000, -1.000000000000000000 ) ) ;
#2710 = CYLINDRICAL_SURFACE ( 'NONE', #6446, 0.7500000000000006661 ) ;
#2711 = AXIS2_PLACEMENT_3D ( 'NONE', #5563, #6261, #278 ) ;
#2712 = CARTESIAN_POINT ( 'NONE',  ( 0.7499999999999922284, 12.93891149740486668, -3.000000000000000000 ) ) ;
#2713 = CARTESIAN_POINT ( 'NONE',  ( -1.249999999999902522, 2.938911497404866235, 0.000000000000000000 ) ) ;
#2714 = EDGE_LOOP ( 'NONE', ( #6559, #1150, #6788, #9659 ) ) ;
#2715 = FACE_OUTER_BOUND ( 'NONE', #1633, .T. ) ;
#2716 = DIRECTION ( 'NONE',  ( -0.000000000000000000, -0.000000000000000000, 1.000000000000000000 ) ) ;
#2717 = CARTESIAN_POINT ( 'NONE',  ( 4.250000000000201617, -7.061088502595134209, -3.000000000000000000 ) ) ;
#2718 = CIRCLE ( 'NONE', #6967, 0.7500000000000006661 ) ;
#2719 = CIRCLE ( 'NONE', #3334, 0.7500000000000006661 ) ;
#2720 = AXIS2_PLACEMENT_3D ( 'NONE', #4954, #9458, #7095 ) ;
#2721 = ADVANCED_FACE ( 'NONE', ( #3592 ), #8153, .F. ) ;
#2722 = VERTEX_POINT ( 'NONE', #538 ) ;
#2723 = CARTESIAN_POINT ( 'NONE',  ( 1.500000000000075939, 4.938911497404866680, 1.000000000000000000 ) ) ;
#2724 = CARTESIAN_POINT ( 'NONE',  ( 27.69999999999999929, 10.99999999999999822, 7.000000000000000000 ) ) ;
#2725 = AXIS2_PLACEMENT_3D ( 'NONE', #9278, #6376, #3215 ) ;
#2726 = PLANE ( 'NONE',  #4441 ) ;
#2727 = EDGE_LOOP ( 'NONE', ( #749, #7247, #349, #3775 ) ) ;
#2728 = DIRECTION ( 'NONE',  ( 1.000000000000000000, 0.000000000000000000, 0.000000000000000000 ) ) ;
#2729 = CARTESIAN_POINT ( 'NONE',  ( 5.000000000000139444, -1.061088502595133765, 1.000000000000000000 ) ) ;
#2730 = CARTESIAN_POINT ( 'NONE',  ( 11.99999999999999289, 12.93891149740486668, -3.000000000000000000 ) ) ;
#2731 = AXIS2_PLACEMENT_3D ( 'NONE', #6166, #4038, #7069 ) ;
#2732 = CIRCLE ( 'NONE', #5381, 0.7500000000000006661 ) ;
#2733 = EDGE_CURVE ( 'NONE', #2926, #4867, #3637, .T. ) ;
#2734 = EDGE_LOOP ( 'NONE', ( #1578, #71 ) ) ;
#2735 = CARTESIAN_POINT ( 'NONE',  ( -13.24999999999996625, 8.938911497404866680, 1.000000000000000000 ) ) ;
#2736 = EDGE_LOOP ( 'NONE', ( #4979, #7152, #3945, #8950 ) ) ;
#2737 = CARTESIAN_POINT ( 'NONE',  ( -30.49999999999999645, -12.99999999999999645, 12.00000000000000000 ) ) ;
#2738 = ORIENTED_EDGE ( 'NONE', *, *, #6948, .F. ) ;
#2739 = AXIS2_PLACEMENT_3D ( 'NONE', #1513, #8974, #4510 ) ;
#2740 = VERTEX_POINT ( 'NONE', #5011 ) ;
#2741 = DIRECTION ( 'NONE',  ( -0.000000000000000000, -0.000000000000000000, 1.000000000000000000 ) ) ;
#2742 = AXIS2_PLACEMENT_3D ( 'NONE', #8374, #5336, #3093 ) ;
#2743 = LINE ( 'NONE', #5681, #1756 ) ;
#2744 = VECTOR ( 'NONE', #222, 1000.000000000000000 ) ;
#2745 = VERTEX_POINT ( 'NONE', #9577 ) ;
#2746 = DIRECTION ( 'NONE',  ( 0.000000000000000000, -0.000000000000000000, -1.000000000000000000 ) ) ;
#2747 = CIRCLE ( 'NONE', #3989, 0.7500000000000004441 ) ;
#2748 = EDGE_CURVE ( 'NONE', #5699, #129, #8400, .T. ) ;
#2749 = DIRECTION ( 'NONE',  ( 1.000000000000000000, 0.000000000000000000, 0.000000000000000000 ) ) ;
#2750 = LINE ( 'NONE', #1206, #4932 ) ;
#2751 = CIRCLE ( 'NONE', #5885, 0.7500000000000006661 ) ;
#2752 = ORIENTED_EDGE ( 'NONE', *, *, #6966, .F. ) ;
#2753 = LINE ( 'NONE', #7348, #6640 ) ;
#2754 = DIRECTION ( 'NONE',  ( -0.000000000000000000, -0.000000000000000000, 1.000000000000000000 ) ) ;
#2755 = ORIENTED_EDGE ( 'NONE', *, *, #6210, .T. ) ;
#2756 = VERTEX_POINT ( 'NONE', #5069 ) ;
#2757 = CIRCLE ( 'NONE', #3681, 0.7500000000000006661 ) ;
#2758 = ORIENTED_EDGE ( 'NONE', *, *, #8638, .T. ) ;
#2759 = ORIENTED_EDGE ( 'NONE', *, *, #4089, .T. ) ;
#2760 = FACE_OUTER_BOUND ( 'NONE', #5279, .T. ) ;
#2761 = ORIENTED_EDGE ( 'NONE', *, *, #570, .F. ) ;
#2762 = LINE ( 'NONE', #6456, #805 ) ;
#2763 = DIRECTION ( 'NONE',  ( 1.000000000000000000, 0.000000000000000000, 0.000000000000000000 ) ) ;
#2764 = ADVANCED_FACE ( 'NONE', ( #9482 ), #2726, .F. ) ;
#2765 = AXIS2_PLACEMENT_3D ( 'NONE', #645, #1352, #1535 ) ;
#2766 = CARTESIAN_POINT ( 'NONE',  ( 8.500000000000264677, -13.06108850259513510, 1.000000000000000000 ) ) ;
#2767 = DIRECTION ( 'NONE',  ( -0.000000000000000000, 0.000000000000000000, 1.000000000000000000 ) ) ;
#2768 = EDGE_LOOP ( 'NONE', ( #734, #5097, #5311, #5378 ) ) ;
#2769 = DIRECTION ( 'NONE',  ( 1.000000000000000000, 0.000000000000000000, 0.000000000000000000 ) ) ;
#2770 = CARTESIAN_POINT ( 'NONE',  ( -1.999999999999902967, 2.938911497404866235, -3.000000000000000000 ) ) ;
#2771 = DIRECTION ( 'NONE',  ( -0.000000000000000000, 0.000000000000000000, 1.000000000000000000 ) ) ;
#2772 = ADVANCED_FACE ( 'NONE', ( #2074 ), #8839, .F. ) ;
#2773 = AXIS2_PLACEMENT_3D ( 'NONE', #3137, #6138, #367 ) ;
#2774 = DIRECTION ( 'NONE',  ( 1.000000000000000000, 0.000000000000000000, 0.000000000000000000 ) ) ;
#2775 = DIRECTION ( 'NONE',  ( 1.000000000000000000, 0.000000000000000000, 0.000000000000000000 ) ) ;
#2776 = DIRECTION ( 'NONE',  ( -0.000000000000000000, -0.000000000000000000, 1.000000000000000000 ) ) ;
#2777 = ORIENTED_EDGE ( 'NONE', *, *, #8032, .F. ) ;
#2778 = DIRECTION ( 'NONE',  ( 1.000000000000000000, 0.000000000000000000, 0.000000000000000000 ) ) ;
#2779 = DIRECTION ( 'NONE',  ( 0.000000000000000000, -0.000000000000000000, -1.000000000000000000 ) ) ;
#2780 = EDGE_CURVE ( 'NONE', #46, #4042, #2861, .T. ) ;
#2781 = ORIENTED_EDGE ( 'NONE', *, *, #5162, .T. ) ;
#2782 = DIRECTION ( 'NONE',  ( 0.000000000000000000, -0.000000000000000000, -1.000000000000000000 ) ) ;
#2783 = ORIENTED_EDGE ( 'NONE', *, *, #229, .T. ) ;
#2784 = CARTESIAN_POINT ( 'NONE',  ( 8.500000000000181188, -5.061088502595135985, 0.000000000000000000 ) ) ;
#2785 = FACE_BOUND ( 'NONE', #3393, .T. ) ;
#2786 = VERTEX_POINT ( 'NONE', #4371 ) ;
#2787 = EDGE_LOOP ( 'NONE', ( #611, #1498, #6984, #9291 ) ) ;
#2788 = CYLINDRICAL_SURFACE ( 'NONE', #6693, 0.7500000000000004441 ) ;
#2789 = CYLINDRICAL_SURFACE ( 'NONE', #3016, 0.7500000000000006661 ) ;
#2790 = EDGE_CURVE ( 'NONE', #8645, #6754, #5230, .T. ) ;
#2791 = EDGE_CURVE ( 'NONE', #6949, #3751, #7779, .T. ) ;
#2792 = ORIENTED_EDGE ( 'NONE', *, *, #251, .T. ) ;
#2793 = CARTESIAN_POINT ( 'NONE',  ( 30.50000000000000711, -12.99999999999999645, 12.00000000000000000 ) ) ;
#2794 = DIRECTION ( 'NONE',  ( -0.000000000000000000, 1.000000000000000000, -0.000000000000000000 ) ) ;
#2795 = DIRECTION ( 'NONE',  ( -0.000000000000000000, -0.000000000000000000, 1.000000000000000000 ) ) ;
#2796 = FACE_OUTER_BOUND ( 'NONE', #2768, .T. ) ;
#2797 = DIRECTION ( 'NONE',  ( 1.000000000000000000, 0.000000000000000000, 0.000000000000000000 ) ) ;
#2798 = ORIENTED_EDGE ( 'NONE', *, *, #2502, .F. ) ;
#2799 = ORIENTED_EDGE ( 'NONE', *, *, #4714, .T. ) ;
#2800 = ORIENTED_EDGE ( 'NONE', *, *, #4287, .F. ) ;
#2801 = EDGE_LOOP ( 'NONE', ( #9029, #8275, #417, #1240 ) ) ;
#2802 = FACE_BOUND ( 'NONE', #4889, .T. ) ;
#2803 = ORIENTED_EDGE ( 'NONE', *, *, #2791, .F. ) ;
#2804 = LINE ( 'NONE', #8825, #172 ) ;
#2805 = LINE ( 'NONE', #9605, #7241 ) ;
#2806 = DIRECTION ( 'NONE',  ( 0.000000000000000000, -1.000000000000000000, 0.000000000000000000 ) ) ;
#2807 = CARTESIAN_POINT ( 'NONE',  ( -30.49999999999999645, -8.999999999999996447, 2.000000000000000000 ) ) ;
#2808 = ORIENTED_EDGE ( 'NONE', *, *, #8282, .F. ) ;
#2809 = DIRECTION ( 'NONE',  ( 0.000000000000000000, 0.000000000000000000, 1.000000000000000000 ) ) ;
#2810 = DIRECTION ( 'NONE',  ( 0.000000000000000000, -0.000000000000000000, -1.000000000000000000 ) ) ;
#2811 = CARTESIAN_POINT ( 'NONE',  ( -16.49999999999999645, -13.06108850259513154, -3.000000000000000000 ) ) ;
#2812 = EDGE_CURVE ( 'NONE', #1168, #1963, #1229, .T. ) ;
#2813 = EDGE_CURVE ( 'NONE', #8136, #7801, #481, .T. ) ;
#2814 = ORIENTED_EDGE ( 'NONE', *, *, #3155, .T. ) ;
#2815 = VECTOR ( 'NONE', #9509, 1000.000000000000000 ) ;
#2816 = CARTESIAN_POINT ( 'NONE',  ( 16.49999999999999645, -13.06108850259512977, 1.000000000000000000 ) ) ;
#2817 = DIRECTION ( 'NONE',  ( -0.000000000000000000, -0.000000000000000000, 1.000000000000000000 ) ) ;
#2818 = CARTESIAN_POINT ( 'NONE',  ( 5.750000000000244249, -11.06108850259513332, 1.000000000000000000 ) ) ;
#2819 = ORIENTED_EDGE ( 'NONE', *, *, #2305, .F. ) ;
#2820 = CARTESIAN_POINT ( 'NONE',  ( -8.999999999999925393, 4.938911497404866680, 0.000000000000000000 ) ) ;
#2821 = CARTESIAN_POINT ( 'NONE',  ( 12.00000000000011902, 0.9389114974048661244, -3.000000000000000000 ) ) ;
#2822 = AXIS2_PLACEMENT_3D ( 'NONE', #3923, #8586, #6951 ) ;
#2823 = CARTESIAN_POINT ( 'NONE',  ( 11.25000000000026290, -13.06108850259513510, 1.000000000000000000 ) ) ;
#2824 = ORIENTED_EDGE ( 'NONE', *, *, #4919, .T. ) ;
#2825 = EDGE_CURVE ( 'NONE', #51, #179, #2955, .T. ) ;
#2826 = DIRECTION ( 'NONE',  ( -0.000000000000000000, -0.000000000000000000, 1.000000000000000000 ) ) ;
#2827 = FACE_BOUND ( 'NONE', #8598, .T. ) ;
#2828 = VERTEX_POINT ( 'NONE', #7459 ) ;
#2829 = ORIENTED_EDGE ( 'NONE', *, *, #6088, .T. ) ;
#2830 = CYLINDRICAL_SURFACE ( 'NONE', #5258, 0.7500000000000006661 ) ;
#2831 = DIRECTION ( 'NONE',  ( 1.000000000000000000, 0.000000000000000000, 0.000000000000000000 ) ) ;
#2832 = AXIS2_PLACEMENT_3D ( 'NONE', #4317, #5796, #9564 ) ;
#2833 = EDGE_LOOP ( 'NONE', ( #7033, #8072 ) ) ;
#2834 = CARTESIAN_POINT ( 'NONE',  ( -30.49999999999999645, 9.000000000000005329, 12.00000000000000000 ) ) ;
#2835 = EDGE_CURVE ( 'NONE', #3560, #6525, #1306, .T. ) ;
#2836 = AXIS2_PLACEMENT_3D ( 'NONE', #8314, #8216, #4445 ) ;
#2837 = CYLINDRICAL_SURFACE ( 'NONE', #3377, 0.7500000000000006661 ) ;
#2838 = ORIENTED_EDGE ( 'NONE', *, *, #2083, .F. ) ;
#2839 = DIRECTION ( 'NONE',  ( 1.000000000000000000, 0.000000000000000000, 0.000000000000000000 ) ) ;
#2840 = DIRECTION ( 'NONE',  ( 1.334402673828313093E-16, -1.000000000000000000, 0.000000000000000000 ) ) ;
#2841 = EDGE_LOOP ( 'NONE', ( #2445, #3705 ) ) ;
#2842 = VERTEX_POINT ( 'NONE', #9173 ) ;
#2843 = VECTOR ( 'NONE', #5919, 1000.000000000000000 ) ;
#2844 = ORIENTED_EDGE ( 'NONE', *, *, #43, .T. ) ;
#2845 = DIRECTION ( 'NONE',  ( 1.000000000000000000, 0.000000000000000000, 0.000000000000000000 ) ) ;
#2846 = EDGE_CURVE ( 'NONE', #6310, #7098, #4595, .T. ) ;
#2847 = ORIENTED_EDGE ( 'NONE', *, *, #5601, .T. ) ;
#2848 = DIRECTION ( 'NONE',  ( 1.000000000000000000, 0.000000000000000000, 0.000000000000000000 ) ) ;
#2849 = DIRECTION ( 'NONE',  ( 1.000000000000000000, 0.000000000000000000, 0.000000000000000000 ) ) ;
#2850 = FACE_OUTER_BOUND ( 'NONE', #2104, .T. ) ;
#2851 = AXIS2_PLACEMENT_3D ( 'NONE', #2179, #7467, #689 ) ;
#2852 = DIRECTION ( 'NONE',  ( -0.000000000000000000, -0.000000000000000000, 1.000000000000000000 ) ) ;
#2853 = LINE ( 'NONE', #1371, #2413 ) ;
#2854 = CARTESIAN_POINT ( 'NONE',  ( 29.29999999999999716, 10.99999999999999822, 7.000000000000000000 ) ) ;
#2855 = ORIENTED_EDGE ( 'NONE', *, *, #5845, .F. ) ;
#2856 = AXIS2_PLACEMENT_3D ( 'NONE', #6861, #5302, #2412 ) ;
#2857 = AXIS2_PLACEMENT_3D ( 'NONE', #1125, #9529, #4327 ) ;
#2858 = AXIS2_PLACEMENT_3D ( 'NONE', #8624, #5597, #2454 ) ;
#2859 = DIRECTION ( 'NONE',  ( 1.000000000000000000, 0.000000000000000000, 0.000000000000000000 ) ) ;
#2860 = CARTESIAN_POINT ( 'NONE',  ( -20.00000000000000000, 15.00000000000000178, 1.000000000000000000 ) ) ;
#2861 = LINE ( 'NONE', #7366, #3658 ) ;
#2862 = ADVANCED_FACE ( 'NONE', ( #3058 ), #3690, .F. ) ;
#2863 = ORIENTED_EDGE ( 'NONE', *, *, #849, .T. ) ;
#2864 = ADVANCED_FACE ( 'NONE', ( #5158 ), #9080, .F. ) ;
#2865 = CARTESIAN_POINT ( 'NONE',  ( -8.249999999999904077, 2.938911497404866235, 0.000000000000000000 ) ) ;
#2866 = VECTOR ( 'NONE', #4588, 1000.000000000000000 ) ;
#2867 = CARTESIAN_POINT ( 'NONE',  ( -30.49999999999999645, 9.000000000000005329, 12.00000000000000000 ) ) ;
#2868 = CIRCLE ( 'NONE', #495, 0.7500000000000006661 ) ;
#2869 = AXIS2_PLACEMENT_3D ( 'NONE', #8855, #1948, #5633 ) ;
#2870 = AXIS2_PLACEMENT_3D ( 'NONE', #25, #9707, #4322 ) ;
#2871 = VECTOR ( 'NONE', #9584, 1000.000000000000000 ) ;
#2872 = DIRECTION ( 'NONE',  ( -0.000000000000000000, 0.000000000000000000, 1.000000000000000000 ) ) ;
#2873 = EDGE_LOOP ( 'NONE', ( #6384, #8453, #3755, #3940 ) ) ;
#2874 = AXIS2_PLACEMENT_3D ( 'NONE', #7766, #4043, #7714 ) ;
#2875 = CARTESIAN_POINT ( 'NONE',  ( -30.49999999999999645, -8.999999999999996447, 12.00000000000000000 ) ) ;
#2876 = FACE_BOUND ( 'NONE', #7410, .T. ) ;
#2877 = ORIENTED_EDGE ( 'NONE', *, *, #7411, .F. ) ;
#2878 = ORIENTED_EDGE ( 'NONE', *, *, #3787, .F. ) ;
#2879 = CARTESIAN_POINT ( 'NONE',  ( 26.50000000000000711, 13.00000000000000178, 12.00000000000000000 ) ) ;
#2880 = CARTESIAN_POINT ( 'NONE',  ( -5.499999999999737099, -13.06108850259513510, 0.000000000000000000 ) ) ;
#2881 = AXIS2_PLACEMENT_3D ( 'NONE', #1134, #7219, #391 ) ;
#2882 = VECTOR ( 'NONE', #3400, 1000.000000000000000 ) ;
#2883 = EDGE_CURVE ( 'NONE', #6583, #5896, #1612, .T. ) ;
#2884 = VERTEX_POINT ( 'NONE', #2317 ) ;
#2885 = DIRECTION ( 'NONE',  ( -0.000000000000000000, -0.000000000000000000, 1.000000000000000000 ) ) ;
#2886 = VECTOR ( 'NONE', #4323, 1000.000000000000000 ) ;
#2887 = DIRECTION ( 'NONE',  ( -1.000000000000000000, -8.673617379884012792E-16, 0.000000000000000000 ) ) ;
#2888 = CARTESIAN_POINT ( 'NONE',  ( 5.000000000000160760, -3.061088502595133765, -3.000000000000000000 ) ) ;
#2889 = VERTEX_POINT ( 'NONE', #8248 ) ;
#2890 = LINE ( 'NONE', #1590, #635 ) ;
#2891 = LINE ( 'NONE', #562, #4775 ) ;
#2892 = ORIENTED_EDGE ( 'NONE', *, *, #7597, .F. ) ;
#2893 = AXIS2_PLACEMENT_3D ( 'NONE', #7243, #4253, #4993 ) ;
#2894 = VERTEX_POINT ( 'NONE', #6908 ) ;
#2895 = ADVANCED_FACE ( 'NONE', ( #83 ), #2362, .F. ) ;
#2896 = ORIENTED_EDGE ( 'NONE', *, *, #4162, .F. ) ;
#2897 = ORIENTED_EDGE ( 'NONE', *, *, #1065, .F. ) ;
#2898 = DIRECTION ( 'NONE',  ( -1.000000000000000000, 1.734723475976805517E-15, 0.000000000000000000 ) ) ;
#2899 = ORIENTED_EDGE ( 'NONE', *, *, #8271, .F. ) ;
#2900 = CIRCLE ( 'NONE', #8423, 0.7500000000000006661 ) ;
#2901 = CARTESIAN_POINT ( 'NONE',  ( 5.000000000000181188, -5.061088502595135985, -3.000000000000000000 ) ) ;
#2902 = CARTESIAN_POINT ( 'NONE',  ( -4.749999999999985789, 10.93891149740486668, 1.000000000000000000 ) ) ;
#2903 = DIRECTION ( 'NONE',  ( 1.000000000000000000, 0.000000000000000000, 0.000000000000000000 ) ) ;
#2904 = CIRCLE ( 'NONE', #8265, 0.7500000000000006661 ) ;
#2905 = CARTESIAN_POINT ( 'NONE',  ( 5.000000000000222933, -9.061088502595131544, -3.000000000000000000 ) ) ;
#2906 = CYLINDRICAL_SURFACE ( 'NONE', #8406, 0.7500000000000004441 ) ;
#2907 = DIRECTION ( 'NONE',  ( 0.000000000000000000, -0.000000000000000000, -1.000000000000000000 ) ) ;
#2908 = EDGE_CURVE ( 'NONE', #201, #4234, #7508, .T. ) ;
#2909 = AXIS2_PLACEMENT_3D ( 'NONE', #5457, #924, #8445 ) ;
#2910 = EDGE_CURVE ( 'NONE', #2473, #4901, #3041, .T. ) ;
#2911 = EDGE_LOOP ( 'NONE', ( #6265, #68, #5364, #146 ) ) ;
#2912 = AXIS2_PLACEMENT_3D ( 'NONE', #2153, #4540, #5179 ) ;
#2913 = DIRECTION ( 'NONE',  ( -0.000000000000000000, -0.000000000000000000, 1.000000000000000000 ) ) ;
#2914 = ORIENTED_EDGE ( 'NONE', *, *, #7823, .F. ) ;
#2915 = CARTESIAN_POINT ( 'NONE',  ( -16.50000000000000000, -2.201764411816716788E-15, 0.000000000000000000 ) ) ;
#2916 = DIRECTION ( 'NONE',  ( -1.000000000000000000, -0.000000000000000000, -0.000000000000000000 ) ) ;
#2917 = EDGE_LOOP ( 'NONE', ( #1830, #4598 ) ) ;
#2918 = DIRECTION ( 'NONE',  ( 1.000000000000000000, 0.000000000000000000, 0.000000000000000000 ) ) ;
#2920 = LINE ( 'NONE', #6677, #2538 ) ;
#2919 = AXIS2_PLACEMENT_3D ( 'NONE', #5227, #4385, #5971 ) ;
#2921 = VERTEX_POINT ( 'NONE', #7656 ) ;
#2922 = LINE ( 'NONE', #6819, #937 ) ;
#2923 = ORIENTED_EDGE ( 'NONE', *, *, #6614, .T. ) ;
#2924 = DIRECTION ( 'NONE',  ( 0.000000000000000000, -0.000000000000000000, -1.000000000000000000 ) ) ;
#2925 = FACE_BOUND ( 'NONE', #3649, .T. ) ;
#2926 = VERTEX_POINT ( 'NONE', #9718 ) ;
#2927 = VERTEX_POINT ( 'NONE', #1418 ) ;
#2928 = CARTESIAN_POINT ( 'NONE',  ( 12.75000000000005684, 6.938911497404866680, 1.000000000000000000 ) ) ;
#2929 = CARTESIAN_POINT ( 'NONE',  ( 11.99999999999999289, 12.93891149740486668, -3.000000000000000000 ) ) ;
#2930 = ADVANCED_FACE ( 'NONE', ( #2274 ), #124, .F. ) ;
#2931 = ORIENTED_EDGE ( 'NONE', *, *, #7017, .T. ) ;
#2932 = EDGE_CURVE ( 'NONE', #7328, #7237, #3510, .T. ) ;
#2933 = DIRECTION ( 'NONE',  ( 1.000000000000000000, 0.000000000000000000, 0.000000000000000000 ) ) ;
#2934 = FACE_OUTER_BOUND ( 'NONE', #6114, .T. ) ;
#2935 = DIRECTION ( 'NONE',  ( -0.000000000000000000, -0.000000000000000000, -1.000000000000000000 ) ) ;
#2936 = FACE_OUTER_BOUND ( 'NONE', #4372, .T. ) ;
#2937 = FACE_OUTER_BOUND ( 'NONE', #8917, .T. ) ;
#2938 = EDGE_LOOP ( 'NONE', ( #5648, #3812 ) ) ;
#2939 = ORIENTED_EDGE ( 'NONE', *, *, #2835, .T. ) ;
#2940 = ORIENTED_EDGE ( 'NONE', *, *, #5211, .F. ) ;
#2941 = FACE_BOUND ( 'NONE', #4369, .T. ) ;
#2942 = EDGE_LOOP ( 'NONE', ( #7931, #2504 ) ) ;
#2943 = CARTESIAN_POINT ( 'NONE',  ( 1.500000000000221601, -9.061088502595131544, 0.000000000000000000 ) ) ;
#2944 = EDGE_CURVE ( 'NONE', #1747, #5437, #5954, .T. ) ;
#2945 = DIRECTION ( 'NONE',  ( 1.000000000000000000, 0.000000000000000000, 0.000000000000000000 ) ) ;
#2946 = CARTESIAN_POINT ( 'NONE',  ( -2.749999999999861888, -1.061088502595133765, 0.000000000000000000 ) ) ;
#2947 = DIRECTION ( 'NONE',  ( -0.000000000000000000, -0.000000000000000000, 1.000000000000000000 ) ) ;
#2948 = CYLINDRICAL_SURFACE ( 'NONE', #2739, 0.7500000000000006661 ) ;
#2949 = DIRECTION ( 'NONE',  ( -0.000000000000000000, 0.000000000000000000, -1.000000000000000000 ) ) ;
#2950 = VERTEX_POINT ( 'NONE', #1476 ) ;
#2951 = EDGE_LOOP ( 'NONE', ( #8873, #4674 ) ) ;
#2952 = DIRECTION ( 'NONE',  ( 1.000000000000000000, 0.000000000000000000, 0.000000000000000000 ) ) ;
#2953 = EDGE_CURVE ( 'NONE', #5768, #1964, #985, .T. ) ;
#2954 = CARTESIAN_POINT ( 'NONE',  ( 1.499999999999992673, 12.93891149740486668, 1.000000000000000000 ) ) ;
#2955 = LINE ( 'NONE', #7600, #6186 ) ;
#2956 = EDGE_CURVE ( 'NONE', #7172, #9401, #3196, .T. ) ;
#2957 = EDGE_LOOP ( 'NONE', ( #4690, #5299, #2282, #2449 ) ) ;
#2958 = DIRECTION ( 'NONE',  ( -0.000000000000000000, 0.000000000000000000, 1.000000000000000000 ) ) ;
#2959 = CARTESIAN_POINT ( 'NONE',  ( 26.50000000000000711, -12.99999999999999645, 2.000000000000000000 ) ) ;
#2960 = LINE ( 'NONE', #4525, #5671 ) ;
#2961 = ORIENTED_EDGE ( 'NONE', *, *, #8240, .T. ) ;
#2962 = EDGE_CURVE ( 'NONE', #1925, #3563, #5868, .T. ) ;
#2963 = CARTESIAN_POINT ( 'NONE',  ( -9.749999999999946709, 6.938911497404866680, 1.000000000000000000 ) ) ;
#2964 = FACE_BOUND ( 'NONE', #362, .T. ) ;
#2965 = ORIENTED_EDGE ( 'NONE', *, *, #3851, .T. ) ;
#2966 = ORIENTED_EDGE ( 'NONE', *, *, #3861, .F. ) ;
#2967 = DIRECTION ( 'NONE',  ( -0.000000000000000000, -0.000000000000000000, -1.000000000000000000 ) ) ;
#2968 = CYLINDRICAL_SURFACE ( 'NONE', #3338, 0.7500000000000006661 ) ;
#2969 = AXIS2_PLACEMENT_3D ( 'NONE', #4126, #7891, #376 ) ;
#2970 = VERTEX_POINT ( 'NONE', #3351 ) ;
#2971 = DIRECTION ( 'NONE',  ( -0.000000000000000000, -0.000000000000000000, 1.000000000000000000 ) ) ;
#2972 = DIRECTION ( 'NONE',  ( 1.000000000000000000, 0.000000000000000000, 0.000000000000000000 ) ) ;
#2973 = LINE ( 'NONE', #1308, #7231 ) ;
#2974 = EDGE_LOOP ( 'NONE', ( #5072, #888, #5440, #1650 ) ) ;
#2975 = DIRECTION ( 'NONE',  ( 1.000000000000000000, 0.000000000000000000, 0.000000000000000000 ) ) ;
#2976 = AXIS2_PLACEMENT_3D ( 'NONE', #21, #2205, #813 ) ;
#2977 = EDGE_CURVE ( 'NONE', #8086, #8448, #8635, .T. ) ;
#2978 = EDGE_CURVE ( 'NONE', #1236, #8551, #1861, .T. ) ;
#2979 = DIRECTION ( 'NONE',  ( 0.000000000000000000, -0.000000000000000000, -1.000000000000000000 ) ) ;
#2980 = CARTESIAN_POINT ( 'NONE',  ( -5.500000000000007105, 12.93891149740486668, 1.000000000000000000 ) ) ;
#2981 = ORIENTED_EDGE ( 'NONE', *, *, #8930, .F. ) ;
#2982 = ORIENTED_EDGE ( 'NONE', *, *, #1638, .F. ) ;
#2983 = CIRCLE ( 'NONE', #7257, 0.7500000000000006661 ) ;
#2984 = FACE_BOUND ( 'NONE', #8819, .T. ) ;
#2985 = ORIENTED_EDGE ( 'NONE', *, *, #237, .T. ) ;
#2986 = CARTESIAN_POINT ( 'NONE',  ( -20.00000000000000000, 15.00000000000000178, 1.000000000000000000 ) ) ;
#2987 = DIRECTION ( 'NONE',  ( 1.000000000000000000, 0.000000000000000000, 0.000000000000000000 ) ) ;
#2988 = CARTESIAN_POINT ( 'NONE',  ( -6.249999999999841904, -3.061088502595133765, -3.000000000000000000 ) ) ;
#2989 = DIRECTION ( 'NONE',  ( -0.000000000000000000, -0.000000000000000000, 1.000000000000000000 ) ) ;
#2990 = DIRECTION ( 'NONE',  ( -0.000000000000000000, -0.000000000000000000, 1.000000000000000000 ) ) ;
#2991 = CIRCLE ( 'NONE', #5826, 0.7500000000000006661 ) ;
#2992 = DIRECTION ( 'NONE',  ( 0.000000000000000000, 0.000000000000000000, 1.000000000000000000 ) ) ;
#2994 = EDGE_LOOP ( 'NONE', ( #793, #6172, #1574, #1712 ) ) ;
#2993 = ADVANCED_FACE ( 'NONE', ( #6414 ), #326, .F. ) ;
#2995 = ORIENTED_EDGE ( 'NONE', *, *, #8689, .T. ) ;
#2996 = AXIS2_PLACEMENT_3D ( 'NONE', #1776, #930, #3991 ) ;
#2997 = FACE_OUTER_BOUND ( 'NONE', #5039, .T. ) ;
#2998 = DIRECTION ( 'NONE',  ( -0.000000000000000000, -0.000000000000000000, 1.000000000000000000 ) ) ;
#2999 = DIRECTION ( 'NONE',  ( 1.000000000000000000, 0.000000000000000000, 0.000000000000000000 ) ) ;
#3000 = ORIENTED_EDGE ( 'NONE', *, *, #8910, .T. ) ;
#3001 = CARTESIAN_POINT ( 'NONE',  ( -13.24999999999977973, -9.061088502595131544, 1.000000000000000000 ) ) ;
#3002 = CARTESIAN_POINT ( 'NONE',  ( -8.249999999999882760, 0.9389114974048661244, 0.000000000000000000 ) ) ;
#3003 = AXIS2_PLACEMENT_3D ( 'NONE', #7946, #7990, #3397 ) ;
#3004 = AXIS2_PLACEMENT_3D ( 'NONE', #2821, #1190, #2675 ) ;
#3005 = EDGE_CURVE ( 'NONE', #5101, #4494, #3925, .T. ) ;
#3006 = AXIS2_PLACEMENT_3D ( 'NONE', #5545, #221, #6349 ) ;
#3007 = ORIENTED_EDGE ( 'NONE', *, *, #1994, .F. ) ;
#3008 = CARTESIAN_POINT ( 'NONE',  ( -2.749999999999903633, 2.938911497404866235, -3.000000000000000000 ) ) ;
#3009 = ORIENTED_EDGE ( 'NONE', *, *, #3695, .T. ) ;
#3010 = CIRCLE ( 'NONE', #509, 0.7500000000000006661 ) ;
#3011 = LINE ( 'NONE', #9725, #9337 ) ;
#3012 = VECTOR ( 'NONE', #7774, 1000.000000000000000 ) ;
#3013 = FACE_BOUND ( 'NONE', #1879, .T. ) ;
#3014 = ORIENTED_EDGE ( 'NONE', *, *, #4089, .F. ) ;
#3015 = CIRCLE ( 'NONE', #6495, 0.7500000000000006661 ) ;
#3017 = ORIENTED_EDGE ( 'NONE', *, *, #4864, .F. ) ;
#3016 = AXIS2_PLACEMENT_3D ( 'NONE', #8018, #449, #8807 ) ;
#3018 = FACE_OUTER_BOUND ( 'NONE', #7828, .T. ) ;
#3019 = DIRECTION ( 'NONE',  ( -0.000000000000000000, -0.000000000000000000, 1.000000000000000000 ) ) ;
#3020 = AXIS2_PLACEMENT_3D ( 'NONE', #669, #6707, #6896 ) ;
#3021 = EDGE_CURVE ( 'NONE', #1295, #6856, #4134, .T. ) ;
#3022 = AXIS2_PLACEMENT_3D ( 'NONE', #3600, #548, #9441 ) ;
#3023 = ADVANCED_FACE ( 'NONE', ( #1711, #4662 ), #6955, .T. ) ;
#3024 = EDGE_LOOP ( 'NONE', ( #359, #9612, #1198, #1974 ) ) ;
#3025 = AXIS2_PLACEMENT_3D ( 'NONE', #167, #820, #4654 ) ;
#3026 = AXIS2_PLACEMENT_3D ( 'NONE', #9392, #3458, #5670 ) ;
#3027 = CARTESIAN_POINT ( 'NONE',  ( 32.50000000000000000, -17.50000000000000000, 0.000000000000000000 ) ) ;
#3028 = CARTESIAN_POINT ( 'NONE',  ( 26.50000000000000711, 13.00000000000000178, 2.000000000000000000 ) ) ;
#3029 = ORIENTED_EDGE ( 'NONE', *, *, #9295, .T. ) ;
#3030 = CARTESIAN_POINT ( 'NONE',  ( -8.999999999999987566, 10.93891149740486668, 0.000000000000000000 ) ) ;
#3031 = CIRCLE ( 'NONE', #7144, 0.7500000000000004441 ) ;
#3032 = AXIS2_PLACEMENT_3D ( 'NONE', #987, #3994, #1039 ) ;
#3033 = DIRECTION ( 'NONE',  ( 1.000000000000000000, 0.000000000000000000, 0.000000000000000000 ) ) ;
#3034 = DIRECTION ( 'NONE',  ( 1.000000000000000000, 0.000000000000000000, 0.000000000000000000 ) ) ;
#3035 = ORIENTED_EDGE ( 'NONE', *, *, #8641, .F. ) ;
#3036 = ORIENTED_EDGE ( 'NONE', *, *, #2457, .T. ) ;
#3037 = EDGE_CURVE ( 'NONE', #6754, #8645, #7623, .T. ) ;
#3038 = AXIS2_PLACEMENT_3D ( 'NONE', #6100, #8484, #2507 ) ;
#3039 = FACE_BOUND ( 'NONE', #8659, .T. ) ;
#3040 = EDGE_CURVE ( 'NONE', #2950, #500, #7699, .T. ) ;
#3041 = CIRCLE ( 'NONE', #8567, 0.7500000000000006661 ) ;
#3042 = EDGE_LOOP ( 'NONE', ( #3089, #7297, #7184, #3080 ) ) ;
#3043 = CARTESIAN_POINT ( 'NONE',  ( -13.24999999999982059, -5.061088502595135985, -3.000000000000000000 ) ) ;
#3044 = DIRECTION ( 'NONE',  ( -0.000000000000000000, -0.000000000000000000, 1.000000000000000000 ) ) ;
#3045 = DIRECTION ( 'NONE',  ( -0.000000000000000000, -0.000000000000000000, 1.000000000000000000 ) ) ;
#3046 = AXIS2_PLACEMENT_3D ( 'NONE', #5612, #2810, #3403 ) ;
#3047 = LINE ( 'NONE', #1512, #4480 ) ;
#3048 = CARTESIAN_POINT ( 'NONE',  ( 9.250000000000202505, -7.061088502595134209, 0.000000000000000000 ) ) ;
#3049 = LINE ( 'NONE', #7401, #7920 ) ;
#3050 = EDGE_LOOP ( 'NONE', ( #4305, #5169, #5674, #7886 ) ) ;
#3051 = EDGE_CURVE ( 'NONE', #1212, #6683, #3362, .T. ) ;
#3052 = AXIS2_PLACEMENT_3D ( 'NONE', #1659, #9261, #6854 ) ;
#3053 = EDGE_CURVE ( 'NONE', #5970, #5828, #9658, .T. ) ;
#3054 = ORIENTED_EDGE ( 'NONE', *, *, #7419, .T. ) ;
#3055 = DIRECTION ( 'NONE',  ( -0.000000000000000000, -0.000000000000000000, 1.000000000000000000 ) ) ;
#3056 = AXIS2_PLACEMENT_3D ( 'NONE', #4847, #5489, #2405 ) ;
#3057 = DIRECTION ( 'NONE',  ( -0.000000000000000000, -0.000000000000000000, -1.000000000000000000 ) ) ;
#3058 = FACE_OUTER_BOUND ( 'NONE', #7415, .T. ) ;
#3059 = ORIENTED_EDGE ( 'NONE', *, *, #5789, .F. ) ;
#3060 = EDGE_CURVE ( 'NONE', #9288, #340, #2732, .T. ) ;
#3061 = DIRECTION ( 'NONE',  ( -0.000000000000000000, 0.000000000000000000, 1.000000000000000000 ) ) ;
#3062 = CIRCLE ( 'NONE', #5730, 0.7500000000000004441 ) ;
#3063 = DIRECTION ( 'NONE',  ( 1.000000000000000000, 0.000000000000000000, 0.000000000000000000 ) ) ;
#3064 = AXIS2_PLACEMENT_3D ( 'NONE', #3467, #2591, #4198 ) ;
#3065 = CARTESIAN_POINT ( 'NONE',  ( 0.7500000000002003953, -7.061088502595134209, -3.000000000000000000 ) ) ;
#3066 = ORIENTED_EDGE ( 'NONE', *, *, #4092, .T. ) ;
#3067 = CARTESIAN_POINT ( 'NONE',  ( 1.500000000000180078, -5.061088502595135985, 1.000000000000000000 ) ) ;
#3068 = CARTESIAN_POINT ( 'NONE',  ( 12.74999999999999467, 12.93891149740486668, 1.000000000000000000 ) ) ;
#3069 = EDGE_LOOP ( 'NONE', ( #4401, #1257, #7504, #1314 ) ) ;
#3070 = AXIS2_PLACEMENT_3D ( 'NONE', #4074, #1820, #7107 ) ;
#3071 = ADVANCED_FACE ( 'NONE', ( #7893 ), #2508, .F. ) ;
#3072 = VERTEX_POINT ( 'NONE', #8589 ) ;
#3073 = ADVANCED_FACE ( 'NONE', ( #3203 ), #8535, .F. ) ;
#3074 = LINE ( 'NONE', #4439, #2087 ) ;
#3075 = ORIENTED_EDGE ( 'NONE', *, *, #5041, .F. ) ;
#3076 = AXIS2_PLACEMENT_3D ( 'NONE', #6568, #2852, #8043 ) ;
#3077 = DIRECTION ( 'NONE',  ( 1.000000000000000000, 0.000000000000000000, 0.000000000000000000 ) ) ;
#3078 = DIRECTION ( 'NONE',  ( 0.000000000000000000, -0.000000000000000000, -1.000000000000000000 ) ) ;
#3079 = EDGE_CURVE ( 'NONE', #3604, #3299, #4611, .T. ) ;
#3080 = ORIENTED_EDGE ( 'NONE', *, *, #2944, .F. ) ;
#3081 = CARTESIAN_POINT ( 'NONE',  ( 1.500000000000221601, -9.061088502595131544, -3.000000000000000000 ) ) ;
#3082 = ADVANCED_FACE ( 'NONE', ( #1028 ), #8485, .F. ) ;
#3083 = EDGE_CURVE ( 'NONE', #5520, #4458, #8254, .T. ) ;
#3084 = FACE_OUTER_BOUND ( 'NONE', #1671, .T. ) ;
#3085 = LINE ( 'NONE', #7530, #5965 ) ;
#3086 = VERTEX_POINT ( 'NONE', #1071 ) ;
#3087 = ORIENTED_EDGE ( 'NONE', *, *, #7516, .T. ) ;
#3088 = FACE_BOUND ( 'NONE', #6631, .T. ) ;
#3089 = ORIENTED_EDGE ( 'NONE', *, *, #7880, .F. ) ;
#3090 = LINE ( 'NONE', #6089, #130 ) ;
#3091 = MANIFOLD_SOLID_BREP ( 'Cut-Extrude3', #4934 ) ;
#3092 = DIRECTION ( 'NONE',  ( -0.000000000000000000, -0.000000000000000000, 1.000000000000000000 ) ) ;
#3093 = DIRECTION ( 'NONE',  ( 1.000000000000000000, 0.000000000000000000, 0.000000000000000000 ) ) ;
#3094 = DIRECTION ( 'NONE',  ( 1.000000000000000000, 0.000000000000000000, 0.000000000000000000 ) ) ;
#3095 = CARTESIAN_POINT ( 'NONE',  ( -2.749999999999757971, -11.06108850259513332, -3.000000000000000000 ) ) ;
#3096 = FACE_OUTER_BOUND ( 'NONE', #9379, .T. ) ;
#3097 = VERTEX_POINT ( 'NONE', #2658 ) ;
#3098 = ORIENTED_EDGE ( 'NONE', *, *, #8960, .F. ) ;
#3099 = CARTESIAN_POINT ( 'NONE',  ( -12.49999999999982059, -5.061088502595135985, 0.000000000000000000 ) ) ;
#3100 = FACE_OUTER_BOUND ( 'NONE', #1945, .T. ) ;
#3101 = DIRECTION ( 'NONE',  ( 0.000000000000000000, -0.000000000000000000, -1.000000000000000000 ) ) ;
#3102 = ORIENTED_EDGE ( 'NONE', *, *, #2149, .F. ) ;
#3103 = FACE_OUTER_BOUND ( 'NONE', #9450, .T. ) ;
#3104 = EDGE_CURVE ( 'NONE', #4458, #9440, #4072, .T. ) ;
#3105 = ADVANCED_FACE ( 'NONE', ( #5653 ), #8682, .F. ) ;
#3106 = DIRECTION ( 'NONE',  ( 1.000000000000000000, 0.000000000000000000, 0.000000000000000000 ) ) ;
#3107 = CARTESIAN_POINT ( 'NONE',  ( 16.49999999999999645, -13.06108850259512977, -3.000000000000000000 ) ) ;
#3108 = ORIENTED_EDGE ( 'NONE', *, *, #2910, .T. ) ;
#3109 = DIRECTION ( 'NONE',  ( 0.000000000000000000, -0.000000000000000000, -1.000000000000000000 ) ) ;
#3110 = ORIENTED_EDGE ( 'NONE', *, *, #1180, .F. ) ;
#3111 = CARTESIAN_POINT ( 'NONE',  ( -9.749999999999987566, 10.93891149740486668, 0.000000000000000000 ) ) ;
#3112 = CARTESIAN_POINT ( 'NONE',  ( -29.30000000000000426, 11.00000000000000000, 12.00000000000000000 ) ) ;
#3113 = ORIENTED_EDGE ( 'NONE', *, *, #9654, .T. ) ;
#3114 = ORIENTED_EDGE ( 'NONE', *, *, #2146, .T. ) ;
#3115 = AXIS2_PLACEMENT_3D ( 'NONE', #1103, #7837, #4990 ) ;
#3116 = CARTESIAN_POINT ( 'NONE',  ( -20.00000000000000000, 15.00000000000000178, 1.000000000000000000 ) ) ;
#3117 = VERTEX_POINT ( 'NONE', #572 ) ;
#3118 = AXIS2_PLACEMENT_3D ( 'NONE', #5142, #2051, #5096 ) ;
#3119 = EDGE_CURVE ( 'NONE', #8569, #8631, #3205, .T. ) ;
#3120 = CARTESIAN_POINT ( 'NONE',  ( -12.49999999999975842, -11.06108850259513332, -3.000000000000000000 ) ) ;
#3121 = DIRECTION ( 'NONE',  ( 0.000000000000000000, -0.000000000000000000, -1.000000000000000000 ) ) ;
#3122 = EDGE_LOOP ( 'NONE', ( #5875, #9119 ) ) ;
#3123 = ORIENTED_EDGE ( 'NONE', *, *, #152, .T. ) ;
#3124 = CARTESIAN_POINT ( 'NONE',  ( 11.25000000000015987, -3.061088502595133765, 1.000000000000000000 ) ) ;
#3125 = DIRECTION ( 'NONE',  ( -0.000000000000000000, -0.000000000000000000, 1.000000000000000000 ) ) ;
#3126 = LINE ( 'NONE', #66, #8190 ) ;
#3127 = AXIS2_PLACEMENT_3D ( 'NONE', #878, #7743, #4660 ) ;
#3128 = EDGE_LOOP ( 'NONE', ( #7163, #9668 ) ) ;
#3129 = ORIENTED_EDGE ( 'NONE', *, *, #5139, .F. ) ;
#3130 = ADVANCED_FACE ( 'NONE', ( #2850 ), #7253, .F. ) ;
#3131 = FACE_BOUND ( 'NONE', #5582, .T. ) ;
#3132 = ORIENTED_EDGE ( 'NONE', *, *, #3375, .F. ) ;
#3133 = CIRCLE ( 'NONE', #5641, 0.7500000000000006661 ) ;
#3134 = FACE_BOUND ( 'NONE', #3893, .T. ) ;
#3135 = DIRECTION ( 'NONE',  ( -0.000000000000000000, -0.000000000000000000, 1.000000000000000000 ) ) ;
#3136 = CARTESIAN_POINT ( 'NONE',  ( -8.249999999999985789, 10.93891149740486668, 1.000000000000000000 ) ) ;
#3137 = CARTESIAN_POINT ( 'NONE',  ( 26.50000000000000711, -8.999999999999996447, 12.00000000000000000 ) ) ;
#3138 = DIRECTION ( 'NONE',  ( 1.000000000000000000, 0.000000000000000000, 0.000000000000000000 ) ) ;
#3139 = CARTESIAN_POINT ( 'NONE',  ( 5.000000000000202505, -7.061088502595134209, 0.000000000000000000 ) ) ;
#3140 = AXIS2_PLACEMENT_3D ( 'NONE', #8924, #614, #2898 ) ;
#3141 = ORIENTED_EDGE ( 'NONE', *, *, #4102, .T. ) ;
#3142 = EDGE_CURVE ( 'NONE', #1215, #1351, #8892, .T. ) ;
#3143 = EDGE_LOOP ( 'NONE', ( #522, #1207 ) ) ;
#3144 = CARTESIAN_POINT ( 'NONE',  ( 8.500000000000119016, 0.9389114974048661244, 0.000000000000000000 ) ) ;
#3145 = CYLINDRICAL_SURFACE ( 'NONE', #3127, 0.7500000000000006661 ) ;
#3146 = CARTESIAN_POINT ( 'NONE',  ( -1.999999999999986233, 10.93891149740486668, -3.000000000000000000 ) ) ;
#3147 = CARTESIAN_POINT ( 'NONE',  ( -1.249999999999735989, -13.06108850259513510, -3.000000000000000000 ) ) ;
#3148 = VERTEX_POINT ( 'NONE', #9524 ) ;
#3149 = FACE_OUTER_BOUND ( 'NONE', #9252, .T. ) ;
#3150 = DIRECTION ( 'NONE',  ( 1.000000000000000000, 0.000000000000000000, 0.000000000000000000 ) ) ;
#3151 = ORIENTED_EDGE ( 'NONE', *, *, #3987, .F. ) ;
#3152 = ORIENTED_EDGE ( 'NONE', *, *, #1920, .F. ) ;
#3153 = EDGE_CURVE ( 'NONE', #1628, #705, #4448, .T. ) ;
#3154 = CARTESIAN_POINT ( 'NONE',  ( 1.500000000000055067, 6.938911497404866680, 1.000000000000000000 ) ) ;
#3155 = EDGE_CURVE ( 'NONE', #4200, #897, #9468, .T. ) ;
#3156 = FACE_OUTER_BOUND ( 'NONE', #2911, .T. ) ;
#3157 = CARTESIAN_POINT ( 'NONE',  ( 5.000000000000077272, 4.938911497404866680, -3.000000000000000000 ) ) ;
#3158 = ORIENTED_EDGE ( 'NONE', *, *, #5369, .T. ) ;
#3159 = VERTEX_POINT ( 'NONE', #2713 ) ;
#3160 = AXIS2_PLACEMENT_3D ( 'NONE', #89, #8449, #9183 ) ;
#3161 = CIRCLE ( 'NONE', #9504, 0.7500000000000006661 ) ;
#3162 = DIRECTION ( 'NONE',  ( -0.000000000000000000, 0.000000000000000000, 1.000000000000000000 ) ) ;
#3163 = AXIS2_PLACEMENT_3D ( 'NONE', #658, #9, #3033 ) ;
#3164 = ORIENTED_EDGE ( 'NONE', *, *, #4777, .T. ) ;
#3165 = VECTOR ( 'NONE', #826, 1000.000000000000000 ) ;
#3166 = EDGE_LOOP ( 'NONE', ( #7558, #5740, #314, #2096 ) ) ;
#3167 = CARTESIAN_POINT ( 'NONE',  ( 16.49999999999999289, 12.93891149740487023, 1.000000000000000000 ) ) ;
#3168 = ORIENTED_EDGE ( 'NONE', *, *, #7900, .F. ) ;
#3169 = EDGE_CURVE ( 'NONE', #2704, #3909, #5883, .T. ) ;
#3170 = VECTOR ( 'NONE', #3446, 1000.000000000000000 ) ;
#3171 = CARTESIAN_POINT ( 'NONE',  ( 1.500000000000242473, -11.06108850259513332, 0.000000000000000000 ) ) ;
#3172 = EDGE_LOOP ( 'NONE', ( #6886, #7310, #8847, #7272 ) ) ;
#3173 = ORIENTED_EDGE ( 'NONE', *, *, #8321, .T. ) ;
#3174 = CARTESIAN_POINT ( 'NONE',  ( -8.249999999999861444, -1.061088502595133765, -3.000000000000000000 ) ) ;
#3175 = CARTESIAN_POINT ( 'NONE',  ( -8.999999999999799272, -7.061088502595134209, 1.000000000000000000 ) ) ;
#3176 = AXIS2_PLACEMENT_3D ( 'NONE', #114, #3092, #5393 ) ;
#3177 = EDGE_CURVE ( 'NONE', #4727, #4667, #9192, .T. ) ;
#3178 = CYLINDRICAL_SURFACE ( 'NONE', #2224, 0.7500000000000006661 ) ;
#3179 = ORIENTED_EDGE ( 'NONE', *, *, #8987, .T. ) ;
#3180 = AXIS2_PLACEMENT_3D ( 'NONE', #9164, #8435, #5340 ) ;
#3181 = AXIS2_PLACEMENT_3D ( 'NONE', #2929, #5884, #5171 ) ;
#3182 = ORIENTED_EDGE ( 'NONE', *, *, #2531, .F. ) ;
#3183 = CARTESIAN_POINT ( 'NONE',  ( -1.249999999999860778, -1.061088502595133765, -3.000000000000000000 ) ) ;
#3184 = ORIENTED_EDGE ( 'NONE', *, *, #4502, .F. ) ;
#3185 = VECTOR ( 'NONE', #6266, 1000.000000000000000 ) ;
#3186 = DIRECTION ( 'NONE',  ( -0.000000000000000000, 0.000000000000000000, 1.000000000000000000 ) ) ;
#3187 = AXIS2_PLACEMENT_3D ( 'NONE', #8647, #6424, #9427 ) ;
#3188 = CIRCLE ( 'NONE', #7427, 0.7500000000000004441 ) ;
#3189 = CARTESIAN_POINT ( 'NONE',  ( 2.250000000000076383, 4.938911497404866680, 0.000000000000000000 ) ) ;
#3190 = CARTESIAN_POINT ( 'NONE',  ( -11.74999999999981881, -5.061088502595135985, 1.000000000000000000 ) ) ;
#3191 = CARTESIAN_POINT ( 'NONE',  ( 4.250000000000159872, -3.061088502595133765, 0.000000000000000000 ) ) ;
#3192 = EDGE_CURVE ( 'NONE', #7773, #8618, #1152, .T. ) ;
#3193 = DIRECTION ( 'NONE',  ( 1.000000000000000000, 0.000000000000000000, 0.000000000000000000 ) ) ;
#3194 = CARTESIAN_POINT ( 'NONE',  ( -5.499999999999737099, -13.06108850259513510, 0.000000000000000000 ) ) ;
#3195 = AXIS2_PLACEMENT_3D ( 'NONE', #9032, #3689, #6759 ) ;
#3196 = CIRCLE ( 'NONE', #9036, 0.7500000000000006661 ) ;
#3197 = ORIENTED_EDGE ( 'NONE', *, *, #1655, .F. ) ;
#3198 = VERTEX_POINT ( 'NONE', #7308 ) ;
#3199 = CARTESIAN_POINT ( 'NONE',  ( 2.250000000000014211, 10.93891149740486668, 1.000000000000000000 ) ) ;
#3200 = CIRCLE ( 'NONE', #5232, 0.7500000000000006661 ) ;
#3201 = CARTESIAN_POINT ( 'NONE',  ( -4.749999999999944045, 6.938911497404866680, -3.000000000000000000 ) ) ;
#3202 = CARTESIAN_POINT ( 'NONE',  ( 16.49999999999999289, 12.93891149740487023, 1.000000000000000000 ) ) ;
#3203 = FACE_OUTER_BOUND ( 'NONE', #2231, .T. ) ;
#3204 = ORIENTED_EDGE ( 'NONE', *, *, #6251, .T. ) ;
#3205 = CIRCLE ( 'NONE', #8729, 0.7500000000000006661 ) ;
#3206 = FACE_OUTER_BOUND ( 'NONE', #2588, .T. ) ;
#3207 = CARTESIAN_POINT ( 'NONE',  ( -5.499999999999903189, 2.938911497404866235, -3.000000000000000000 ) ) ;
#3208 = EDGE_CURVE ( 'NONE', #8087, #2014, #8828, .T. ) ;
#3209 = EDGE_CURVE ( 'NONE', #1768, #3117, #5053, .T. ) ;
#3210 = EDGE_CURVE ( 'NONE', #482, #7375, #4924, .T. ) ;
#3211 = DIRECTION ( 'NONE',  ( -0.000000000000000000, 0.000000000000000000, 1.000000000000000000 ) ) ;
#3212 = ORIENTED_EDGE ( 'NONE', *, *, #6685, .F. ) ;
#3213 = DIRECTION ( 'NONE',  ( 1.000000000000000000, 0.000000000000000000, 0.000000000000000000 ) ) ;
#3214 = EDGE_LOOP ( 'NONE', ( #7923, #6263, #4471, #5471 ) ) ;
#3215 = DIRECTION ( 'NONE',  ( 1.000000000000000000, 0.000000000000000000, 0.000000000000000000 ) ) ;
#3216 = CARTESIAN_POINT ( 'NONE',  ( -28.50000000000000355, 11.00000000000000000, 7.000000000000000000 ) ) ;
#3217 = VERTEX_POINT ( 'NONE', #1553 ) ;
#3218 = AXIS2_PLACEMENT_3D ( 'NONE', #5124, #3061, #8943 ) ;
#3219 = ORIENTED_EDGE ( 'NONE', *, *, #8199, .T. ) ;
#3220 = CIRCLE ( 'NONE', #3382, 0.7500000000000006661 ) ;
#3221 = CARTESIAN_POINT ( 'NONE',  ( 11.25000000000003375, 8.938911497404866680, 1.000000000000000000 ) ) ;
#3222 = EDGE_LOOP ( 'NONE', ( #6277, #1241, #2480, #3311 ) ) ;
#3223 = EDGE_LOOP ( 'NONE', ( #1795, #2493, #9413, #8424 ) ) ;
#3224 = ORIENTED_EDGE ( 'NONE', *, *, #8497, .F. ) ;
#3225 = LINE ( 'NONE', #6231, #2054 ) ;
#3226 = ORIENTED_EDGE ( 'NONE', *, *, #6966, .T. ) ;
#3227 = VECTOR ( 'NONE', #4914, 1000.000000000000000 ) ;
#3228 = DIRECTION ( 'NONE',  ( 0.000000000000000000, -0.000000000000000000, -1.000000000000000000 ) ) ;
#3229 = EDGE_LOOP ( 'NONE', ( #4158, #5867, #8414, #788 ) ) ;
#3230 = EDGE_LOOP ( 'NONE', ( #4940, #2761, #7420, #4462 ) ) ;
#3231 = FACE_OUTER_BOUND ( 'NONE', #594, .T. ) ;
#3232 = CYLINDRICAL_SURFACE ( 'NONE', #4417, 0.7500000000000006661 ) ;
#3233 = CYLINDRICAL_SURFACE ( 'NONE', #1716, 0.7500000000000004441 ) ;
#3234 = ORIENTED_EDGE ( 'NONE', *, *, #2328, .T. ) ;
#3235 = EDGE_CURVE ( 'NONE', #1577, #7072, #2260, .T. ) ;
#3236 = EDGE_CURVE ( 'NONE', #1811, #1599, #8929, .T. ) ;
#3237 = VECTOR ( 'NONE', #2351, 1000.000000000000000 ) ;
#3238 = VERTEX_POINT ( 'NONE', #5150 ) ;
#3239 = CARTESIAN_POINT ( 'NONE',  ( -27.70000000000000639, 11.00000000000000000, 7.000000000000000000 ) ) ;
#3240 = VERTEX_POINT ( 'NONE', #817 ) ;
#3241 = CARTESIAN_POINT ( 'NONE',  ( 8.500000000000097700, 2.938911497404866235, 0.000000000000000000 ) ) ;
#3242 = CARTESIAN_POINT ( 'NONE',  ( 2.250000000000242917, -11.06108850259513332, 0.000000000000000000 ) ) ;
#3243 = DIRECTION ( 'NONE',  ( -0.000000000000000000, 0.000000000000000000, 1.000000000000000000 ) ) ;
#3244 = CARTESIAN_POINT ( 'NONE',  ( 5.000000000000244249, -11.06108850259513332, 1.000000000000000000 ) ) ;
#3245 = CARTESIAN_POINT ( 'NONE',  ( -1.999999999999777955, -9.061088502595131544, 0.000000000000000000 ) ) ;
#3246 = DIRECTION ( 'NONE',  ( 0.000000000000000000, -0.000000000000000000, -1.000000000000000000 ) ) ;
#3247 = ORIENTED_EDGE ( 'NONE', *, *, #6746, .T. ) ;
#3248 = ADVANCED_FACE ( 'NONE', ( #6793 ), #5252, .F. ) ;
#3249 = ORIENTED_EDGE ( 'NONE', *, *, #4589, .T. ) ;
#3250 = CARTESIAN_POINT ( 'NONE',  ( -6.249999999999966249, 8.938911497404866680, 1.000000000000000000 ) ) ;
#3251 = DIRECTION ( 'NONE',  ( -0.000000000000000000, -0.000000000000000000, 1.000000000000000000 ) ) ;
#3252 = DIRECTION ( 'NONE',  ( 1.000000000000000000, 0.000000000000000000, 0.000000000000000000 ) ) ;
#3253 = DIRECTION ( 'NONE',  ( -0.000000000000000000, -0.000000000000000000, 1.000000000000000000 ) ) ;
#3254 = ORIENTED_EDGE ( 'NONE', *, *, #4634, .F. ) ;
#3255 = CARTESIAN_POINT ( 'NONE',  ( -32.50000000000000000, 17.50000000000000000, 0.000000000000000000 ) ) ;
#3256 = DIRECTION ( 'NONE',  ( -0.000000000000000000, -0.000000000000000000, 1.000000000000000000 ) ) ;
#3257 = DIRECTION ( 'NONE',  ( -0.000000000000000000, -0.000000000000000000, 1.000000000000000000 ) ) ;
#3258 = EDGE_CURVE ( 'NONE', #1488, #536, #5192, .T. ) ;
#3259 = ADVANCED_FACE ( 'NONE', ( #9749 ), #8287, .F. ) ;
#3260 = EDGE_LOOP ( 'NONE', ( #5189, #2411 ) ) ;
#3261 = DIRECTION ( 'NONE',  ( 1.000000000000000000, 0.000000000000000000, 0.000000000000000000 ) ) ;
#3262 = CARTESIAN_POINT ( 'NONE',  ( 4.249999999999993783, 12.93891149740486668, -3.000000000000000000 ) ) ;
#3263 = CARTESIAN_POINT ( 'NONE',  ( -9.749999999999987566, 10.93891149740486668, -3.000000000000000000 ) ) ;
#3264 = ORIENTED_EDGE ( 'NONE', *, *, #8910, .F. ) ;
#3265 = EDGE_LOOP ( 'NONE', ( #6295, #8526 ) ) ;
#3266 = LINE ( 'NONE', #3116, #7296 ) ;
#3267 = ORIENTED_EDGE ( 'NONE', *, *, #7223, .T. ) ;
#3268 = ADVANCED_FACE ( 'NONE', ( #3680, #4606 ), #7584, .T. ) ;
#3269 = ORIENTED_EDGE ( 'NONE', *, *, #9541, .F. ) ;
#3270 = DIRECTION ( 'NONE',  ( 1.000000000000000000, 0.000000000000000000, 0.000000000000000000 ) ) ;
#3271 = VERTEX_POINT ( 'NONE', #5944 ) ;
#3272 = DIRECTION ( 'NONE',  ( 1.000000000000000000, 0.000000000000000000, 0.000000000000000000 ) ) ;
#3273 = ORIENTED_EDGE ( 'NONE', *, *, #1127, .F. ) ;
#3274 = EDGE_LOOP ( 'NONE', ( #2752, #7454, #4524, #2855 ) ) ;
#3275 = DIRECTION ( 'NONE',  ( -0.000000000000000000, 0.000000000000000000, 1.000000000000000000 ) ) ;
#3276 = DIRECTION ( 'NONE',  ( 1.000000000000000000, 0.000000000000000000, 0.000000000000000000 ) ) ;
#3277 = VERTEX_POINT ( 'NONE', #7498 ) ;
#3278 = ORIENTED_EDGE ( 'NONE', *, *, #1823, .F. ) ;
#3279 = FACE_BOUND ( 'NONE', #5987, .T. ) ;
#3280 = ORIENTED_EDGE ( 'NONE', *, *, #4488, .T. ) ;
#3281 = EDGE_CURVE ( 'NONE', #201, #3530, #2419, .T. ) ;
#3282 = FACE_BOUND ( 'NONE', #6880, .T. ) ;
#3283 = ADVANCED_FACE ( 'NONE', ( #6660 ), #3822, .F. ) ;
#3284 = DIRECTION ( 'NONE',  ( 1.000000000000000000, 0.000000000000000000, 0.000000000000000000 ) ) ;
#3285 = CARTESIAN_POINT ( 'NONE',  ( 12.00000000000022204, -9.061088502595131544, -3.000000000000000000 ) ) ;
#3286 = CARTESIAN_POINT ( 'NONE',  ( -5.499999999999882760, 0.9389114974048661244, -3.000000000000000000 ) ) ;
#3287 = DIRECTION ( 'NONE',  ( 1.000000000000000000, 0.000000000000000000, 0.000000000000000000 ) ) ;
#3288 = CARTESIAN_POINT ( 'NONE',  ( 5.000000000000139444, -1.061088502595133765, 0.000000000000000000 ) ) ;
#3289 = ORIENTED_EDGE ( 'NONE', *, *, #4998, .F. ) ;
#3290 = ORIENTED_EDGE ( 'NONE', *, *, #6113, .F. ) ;
#3291 = ORIENTED_EDGE ( 'NONE', *, *, #2149, .T. ) ;
#3292 = VECTOR ( 'NONE', #424, 1000.000000000000000 ) ;
#3293 = DIRECTION ( 'NONE',  ( -0.000000000000000000, 0.000000000000000000, 1.000000000000000000 ) ) ;
#3294 = ORIENTED_EDGE ( 'NONE', *, *, #4594, .F. ) ;
#3295 = CARTESIAN_POINT ( 'NONE',  ( -26.49999999999999645, 13.00000000000000711, 12.00000000000000000 ) ) ;
#3296 = PLANE ( 'NONE',  #1872 ) ;
#3297 = DIRECTION ( 'NONE',  ( -0.000000000000000000, -0.000000000000000000, 1.000000000000000000 ) ) ;
#3298 = DIRECTION ( 'NONE',  ( 0.000000000000000000, -0.000000000000000000, -1.000000000000000000 ) ) ;
#3299 = VERTEX_POINT ( 'NONE', #9662 ) ;
#3300 = DIRECTION ( 'NONE',  ( -1.334402673828313339E-16, 1.000000000000000000, 0.000000000000000000 ) ) ;
#3301 = DIRECTION ( 'NONE',  ( -0.000000000000000000, -0.000000000000000000, 1.000000000000000000 ) ) ;
#3302 = CARTESIAN_POINT ( 'NONE',  ( 9.250000000000140332, -1.061088502595133765, 1.000000000000000000 ) ) ;
#3303 = EDGE_CURVE ( 'NONE', #9064, #2464, #7941, .T. ) ;
#3304 = EDGE_LOOP ( 'NONE', ( #5630, #518, #7303, #5147 ) ) ;
#3305 = CIRCLE ( 'NONE', #8832, 0.7500000000000006661 ) ;
#3306 = DIRECTION ( 'NONE',  ( 1.000000000000000000, 0.000000000000000000, 0.000000000000000000 ) ) ;
#3307 = ORIENTED_EDGE ( 'NONE', *, *, #200, .T. ) ;
#3308 = DIRECTION ( 'NONE',  ( 1.000000000000000000, 0.000000000000000000, 0.000000000000000000 ) ) ;
#3309 = FACE_OUTER_BOUND ( 'NONE', #1881, .T. ) ;
#3310 = VERTEX_POINT ( 'NONE', #7448 ) ;
#3311 = ORIENTED_EDGE ( 'NONE', *, *, #4065, .F. ) ;
#3312 = DIRECTION ( 'NONE',  ( 1.000000000000000000, 0.000000000000000000, 0.000000000000000000 ) ) ;
#3313 = EDGE_CURVE ( 'NONE', #2428, #577, #4300, .T. ) ;
#3314 = VECTOR ( 'NONE', #8116, 1000.000000000000000 ) ;
#3315 = EDGE_LOOP ( 'NONE', ( #997, #1460, #7479, #2049 ) ) ;
#3316 = CARTESIAN_POINT ( 'NONE',  ( -1.249999999999860778, -1.061088502595133765, 1.000000000000000000 ) ) ;
#3317 = DIRECTION ( 'NONE',  ( 1.000000000000000000, 0.000000000000000000, 0.000000000000000000 ) ) ;
#3318 = CIRCLE ( 'NONE', #5184, 0.7500000000000006661 ) ;
#3319 = ORIENTED_EDGE ( 'NONE', *, *, #3851, .F. ) ;
#3320 = ORIENTED_EDGE ( 'NONE', *, *, #7708, .T. ) ;
#3321 = CARTESIAN_POINT ( 'NONE',  ( 29.29999999999999716, -11.00000000000000178, 7.000000000000000000 ) ) ;
#3322 = CARTESIAN_POINT ( 'NONE',  ( 12.75000000000009770, 2.938911497404866235, 0.000000000000000000 ) ) ;
#3323 = ADVANCED_FACE ( 'NONE', ( #9072 ), #7537, .F. ) ;
#3324 = EDGE_CURVE ( 'NONE', #6691, #5341, #5560, .T. ) ;
#3325 = AXIS2_PLACEMENT_3D ( 'NONE', #9374, #2709, #1171 ) ;
#3326 = VERTEX_POINT ( 'NONE', #8328 ) ;
#3327 = AXIS2_PLACEMENT_3D ( 'NONE', #8393, #9325, #7109 ) ;
#3328 = FACE_BOUND ( 'NONE', #4358, .T. ) ;
#3329 = VERTEX_POINT ( 'NONE', #2946 ) ;
#3330 = FACE_BOUND ( 'NONE', #48, .T. ) ;
#3331 = VECTOR ( 'NONE', #5002, 1000.000000000000000 ) ;
#3332 = CARTESIAN_POINT ( 'NONE',  ( 7.750000000000014211, 10.93891149740486668, 1.000000000000000000 ) ) ;
#3333 = LINE ( 'NONE', #1657, #4776 ) ;
#3334 = AXIS2_PLACEMENT_3D ( 'NONE', #2655, #7674, #7483 ) ;
#3335 = AXIS2_PLACEMENT_3D ( 'NONE', #3139, #8380, #1703 ) ;
#3336 = LINE ( 'NONE', #6401, #4013 ) ;
#3337 = CARTESIAN_POINT ( 'NONE',  ( -13.24999999999973710, -13.06108850259513510, -3.000000000000000000 ) ) ;
#3338 = AXIS2_PLACEMENT_3D ( 'NONE', #5319, #5134, #9690 ) ;
#3339 = ORIENTED_EDGE ( 'NONE', *, *, #4179, .F. ) ;
#3340 = DIRECTION ( 'NONE',  ( -0.000000000000000000, -0.000000000000000000, 1.000000000000000000 ) ) ;
#3341 = EDGE_CURVE ( 'NONE', #8344, #2055, #8972, .T. ) ;
#3342 = EDGE_LOOP ( 'NONE', ( #5616, #3179 ) ) ;
#3343 = CIRCLE ( 'NONE', #4583, 0.7500000000000004441 ) ;
#3344 = AXIS2_PLACEMENT_3D ( 'NONE', #7469, #691, #5967 ) ;
#3345 = CYLINDRICAL_SURFACE ( 'NONE', #7556, 0.7500000000000006661 ) ;
#3346 = AXIS2_PLACEMENT_3D ( 'NONE', #2236, #8266, #4386 ) ;
#3347 = ORIENTED_EDGE ( 'NONE', *, *, #3734, .T. ) ;
#3348 = CARTESIAN_POINT ( 'NONE',  ( -5.499999999999841016, -3.061088502595133765, -3.000000000000000000 ) ) ;
#3349 = CARTESIAN_POINT ( 'NONE',  ( 7.750000000000096811, 2.938911497404866235, 1.000000000000000000 ) ) ;
#3350 = CARTESIAN_POINT ( 'NONE',  ( -8.249999999999861444, -1.061088502595133765, 0.000000000000000000 ) ) ;
#3351 = CARTESIAN_POINT ( 'NONE',  ( 11.25000000000017941, -5.061088502595135985, 1.000000000000000000 ) ) ;
#3352 = ORIENTED_EDGE ( 'NONE', *, *, #6571, .F. ) ;
#3353 = DIRECTION ( 'NONE',  ( 0.000000000000000000, -0.000000000000000000, -1.000000000000000000 ) ) ;
#3354 = CARTESIAN_POINT ( 'NONE',  ( -11.74999999999973710, -13.06108850259513510, -3.000000000000000000 ) ) ;
#3355 = DIRECTION ( 'NONE',  ( -0.000000000000000000, -0.000000000000000000, 1.000000000000000000 ) ) ;
#3356 = AXIS2_PLACEMENT_3D ( 'NONE', #2427, #6112, #887 ) ;
#3357 = EDGE_CURVE ( 'NONE', #4520, #1525, #6748, .T. ) ;
#3358 = EDGE_CURVE ( 'NONE', #4150, #5118, #4551, .T. ) ;
#3359 = VERTEX_POINT ( 'NONE', #9259 ) ;
#3360 = DIRECTION ( 'NONE',  ( -0.000000000000000000, 0.000000000000000000, 1.000000000000000000 ) ) ;
#3361 = VERTEX_POINT ( 'NONE', #2452 ) ;
#3362 = CIRCLE ( 'NONE', #1459, 0.7500000000000006661 ) ;
#3363 = DIRECTION ( 'NONE',  ( -1.000000000000000000, 0.000000000000000000, 0.000000000000000000 ) ) ;
#3364 = CYLINDRICAL_SURFACE ( 'NONE', #7139, 0.7999999999999986011 ) ;
#3365 = EDGE_LOOP ( 'NONE', ( #2622, #4907, #983, #9438 ) ) ;
#3366 = CARTESIAN_POINT ( 'NONE',  ( -5.499999999999861444, -1.061088502595133765, -3.000000000000000000 ) ) ;
#3367 = AXIS2_PLACEMENT_3D ( 'NONE', #2455, #6900, #9115 ) ;
#3368 = DIRECTION ( 'NONE',  ( 1.000000000000000000, 0.000000000000000000, 0.000000000000000000 ) ) ;
#3369 = AXIS2_PLACEMENT_3D ( 'NONE', #3764, #1408, #4406 ) ;
#3370 = EDGE_LOOP ( 'NONE', ( #811, #8273 ) ) ;
#3371 = CIRCLE ( 'NONE', #3218, 0.7500000000000006661 ) ;
#3372 = DIRECTION ( 'NONE',  ( -0.000000000000000000, -0.000000000000000000, 1.000000000000000000 ) ) ;
#3373 = EDGE_CURVE ( 'NONE', #2573, #6756, #3827, .T. ) ;
#3374 = PLANE ( 'NONE',  #3958 ) ;
#3375 = EDGE_CURVE ( 'NONE', #2786, #7028, #7007, .T. ) ;
#3376 = ORIENTED_EDGE ( 'NONE', *, *, #3531, .T. ) ;
#3377 = AXIS2_PLACEMENT_3D ( 'NONE', #4991, #8722, #1894 ) ;
#3378 = ORIENTED_EDGE ( 'NONE', *, *, #1920, .T. ) ;
#3379 = DIRECTION ( 'NONE',  ( -0.000000000000000000, -0.000000000000000000, 1.000000000000000000 ) ) ;
#3380 = CARTESIAN_POINT ( 'NONE',  ( -4.749999999999819700, -5.061088502595135985, 1.000000000000000000 ) ) ;
#3381 = EDGE_LOOP ( 'NONE', ( #8031, #4044 ) ) ;
#3382 = AXIS2_PLACEMENT_3D ( 'NONE', #4242, #501, #5781 ) ;
#3383 = FACE_BOUND ( 'NONE', #4356, .T. ) ;
#3384 = EDGE_CURVE ( 'NONE', #6056, #7731, #7171, .T. ) ;
#3385 = ORIENTED_EDGE ( 'NONE', *, *, #1195, .F. ) ;
#3386 = EDGE_CURVE ( 'NONE', #4603, #6326, #3333, .T. ) ;
#3387 = DIRECTION ( 'NONE',  ( 1.000000000000000000, 0.000000000000000000, 0.000000000000000000 ) ) ;
#3388 = DIRECTION ( 'NONE',  ( -0.000000000000000000, -0.000000000000000000, 1.000000000000000000 ) ) ;
#3389 = AXIS2_PLACEMENT_3D ( 'NONE', #5882, #3744, #9633 ) ;
#3390 = DIRECTION ( 'NONE',  ( 0.000000000000000000, -0.000000000000000000, -1.000000000000000000 ) ) ;
#3391 = DIRECTION ( 'NONE',  ( -0.000000000000000000, 0.000000000000000000, 1.000000000000000000 ) ) ;
#3392 = DIRECTION ( 'NONE',  ( 0.000000000000000000, -0.000000000000000000, -1.000000000000000000 ) ) ;
#3393 = EDGE_LOOP ( 'NONE', ( #3114, #1185 ) ) ;
#3394 = LINE ( 'NONE', #7053, #4862 ) ;
#3395 = ADVANCED_FACE ( 'NONE', ( #4756 ), #4651, .F. ) ;
#3396 = ORIENTED_EDGE ( 'NONE', *, *, #7928, .F. ) ;
#3397 = DIRECTION ( 'NONE',  ( 1.000000000000000000, 0.000000000000000000, 0.000000000000000000 ) ) ;
#3398 = CARTESIAN_POINT ( 'NONE',  ( -4.749999999999965361, 8.938911497404866680, 1.000000000000000000 ) ) ;
#3399 = CARTESIAN_POINT ( 'NONE',  ( -9.749999999999863221, -1.061088502595133765, -3.000000000000000000 ) ) ;
#3400 = DIRECTION ( 'NONE',  ( 1.000000000000000000, -1.734723475976805517E-15, 0.000000000000000000 ) ) ;
#3401 = VERTEX_POINT ( 'NONE', #3190 ) ;
#3402 = PLANE ( 'NONE',  #1016 ) ;
#3403 = DIRECTION ( 'NONE',  ( 1.000000000000000000, 0.000000000000000000, 0.000000000000000000 ) ) ;
#3404 = DIRECTION ( 'NONE',  ( 1.000000000000000000, 0.000000000000000000, 0.000000000000000000 ) ) ;
#3405 = ORIENTED_EDGE ( 'NONE', *, *, #8651, .T. ) ;
#3406 = CARTESIAN_POINT ( 'NONE',  ( 5.750000000000244249, -11.06108850259513332, -3.000000000000000000 ) ) ;
#3407 = VERTEX_POINT ( 'NONE', #3136 ) ;
#3408 = FACE_OUTER_BOUND ( 'NONE', #2430, .T. ) ;
#3409 = FACE_OUTER_BOUND ( 'NONE', #410, .T. ) ;
#3410 = EDGE_CURVE ( 'NONE', #8569, #9638, #3971, .T. ) ;
#3411 = EDGE_LOOP ( 'NONE', ( #9049, #2847 ) ) ;
#3412 = EDGE_CURVE ( 'NONE', #499, #7260, #1634, .T. ) ;
#3413 = LINE ( 'NONE', #6426, #5249 ) ;
#3414 = DIRECTION ( 'NONE',  ( 1.000000000000000000, 0.000000000000000000, 0.000000000000000000 ) ) ;
#3415 = DIRECTION ( 'NONE',  ( 0.000000000000000000, -0.000000000000000000, -1.000000000000000000 ) ) ;
#3416 = EDGE_LOOP ( 'NONE', ( #9351, #6443 ) ) ;
#3417 = ORIENTED_EDGE ( 'NONE', *, *, #3303, .T. ) ;
#3418 = CARTESIAN_POINT ( 'NONE',  ( 12.00000000000009770, 2.938911497404866235, 0.000000000000000000 ) ) ;
#3419 = VERTEX_POINT ( 'NONE', #1058 ) ;
#3420 = DIRECTION ( 'NONE',  ( -0.000000000000000000, -0.000000000000000000, -1.000000000000000000 ) ) ;
#3421 = ORIENTED_EDGE ( 'NONE', *, *, #7503, .F. ) ;
#3422 = ORIENTED_EDGE ( 'NONE', *, *, #6422, .T. ) ;
#3423 = CARTESIAN_POINT ( 'NONE',  ( 8.500000000000119016, 0.9389114974048661244, 1.000000000000000000 ) ) ;
#3424 = DIRECTION ( 'NONE',  ( 1.000000000000000000, 0.000000000000000000, 0.000000000000000000 ) ) ;
#3425 = ADVANCED_FACE ( 'NONE', ( #5445 ), #7790, .F. ) ;
#3426 = ORIENTED_EDGE ( 'NONE', *, *, #2706, .T. ) ;
#3427 = CARTESIAN_POINT ( 'NONE',  ( 16.49999999999999289, 12.93891149740487023, -3.000000000000000000 ) ) ;
#3428 = ORIENTED_EDGE ( 'NONE', *, *, #5088, .F. ) ;
#3429 = CARTESIAN_POINT ( 'NONE',  ( -8.999999999999966249, 8.938911497404866680, 0.000000000000000000 ) ) ;
#3430 = FACE_OUTER_BOUND ( 'NONE', #1954, .T. ) ;
#3431 = CARTESIAN_POINT ( 'NONE',  ( 7.750000000000014211, 10.93891149740486668, -3.000000000000000000 ) ) ;
#3432 = CARTESIAN_POINT ( 'NONE',  ( 1.500000000000159206, -3.061088502595133765, -3.000000000000000000 ) ) ;
#3433 = VECTOR ( 'NONE', #5639, 1000.000000000000000 ) ;
#3434 = CARTESIAN_POINT ( 'NONE',  ( -30.49999999999999645, -8.999999999999996447, 12.00000000000000000 ) ) ;
#3435 = ADVANCED_FACE ( 'NONE', ( #7687 ), #7838, .F. ) ;
#3436 = ORIENTED_EDGE ( 'NONE', *, *, #4561, .F. ) ;
#3437 = FACE_BOUND ( 'NONE', #5709, .T. ) ;
#3438 = VERTEX_POINT ( 'NONE', #219 ) ;
#3439 = DIRECTION ( 'NONE',  ( 1.000000000000000000, 0.000000000000000000, 0.000000000000000000 ) ) ;
#3440 = DIRECTION ( 'NONE',  ( -0.000000000000000000, -0.000000000000000000, 1.000000000000000000 ) ) ;
#3441 = LINE ( 'NONE', #2062, #7124 ) ;
#3442 = CARTESIAN_POINT ( 'NONE',  ( 5.000000000000097700, 2.938911497404866235, 0.000000000000000000 ) ) ;
#3443 = VERTEX_POINT ( 'NONE', #8474 ) ;
#3444 = CYLINDRICAL_SURFACE ( 'NONE', #4630, 0.7500000000000006661 ) ;
#3445 = PLANE ( 'NONE',  #7315 ) ;
#3446 = DIRECTION ( 'NONE',  ( -0.000000000000000000, -0.000000000000000000, 1.000000000000000000 ) ) ;
#3447 = EDGE_CURVE ( 'NONE', #754, #2370, #2272, .T. ) ;
#3448 = AXIS2_PLACEMENT_3D ( 'NONE', #1069, #1765, #272 ) ;
#3449 = ORIENTED_EDGE ( 'NONE', *, *, #9118, .F. ) ;
#3450 = CARTESIAN_POINT ( 'NONE',  ( 9.250000000000119016, 0.9389114974048661244, 1.000000000000000000 ) ) ;
#3451 = ORIENTED_EDGE ( 'NONE', *, *, #926, .T. ) ;
#3452 = FACE_OUTER_BOUND ( 'NONE', #1537, .T. ) ;
#3453 = CARTESIAN_POINT ( 'NONE',  ( 12.75000000000018119, -5.061088502595135985, 1.000000000000000000 ) ) ;
#3454 = VECTOR ( 'NONE', #2058, 1000.000000000000000 ) ;
#3455 = ORIENTED_EDGE ( 'NONE', *, *, #9230, .T. ) ;
#3456 = CARTESIAN_POINT ( 'NONE',  ( -2.749999999999882760, 0.9389114974048662354, 0.000000000000000000 ) ) ;
#3457 = CARTESIAN_POINT ( 'NONE',  ( -20.00000000000000000, 15.00000000000000178, 2.000000000000000000 ) ) ;
#3458 = DIRECTION ( 'NONE',  ( 0.000000000000000000, -0.000000000000000000, -1.000000000000000000 ) ) ;
#3459 = AXIS2_PLACEMENT_3D ( 'NONE', #6595, #5887, #5686 ) ;
#3460 = ADVANCED_FACE ( 'NONE', ( #309 ), #8576, .F. ) ;
#3461 = ORIENTED_EDGE ( 'NONE', *, *, #1307, .T. ) ;
#3462 = DIRECTION ( 'NONE',  ( 0.000000000000000000, -0.000000000000000000, -1.000000000000000000 ) ) ;
#3463 = EDGE_LOOP ( 'NONE', ( #6914, #4950, #1197, #9182 ) ) ;
#3464 = LINE ( 'NONE', #8802, #4903 ) ;
#3465 = ORIENTED_EDGE ( 'NONE', *, *, #2177, .T. ) ;
#3466 = EDGE_LOOP ( 'NONE', ( #9094, #515 ) ) ;
#3467 = CARTESIAN_POINT ( 'NONE',  ( -12.49999999999992362, 4.938911497404866680, -3.000000000000000000 ) ) ;
#3468 = CARTESIAN_POINT ( 'NONE',  ( 2.250000000000263789, -13.06108850259513510, 0.000000000000000000 ) ) ;
#3469 = ORIENTED_EDGE ( 'NONE', *, *, #8125, .T. ) ;
#3470 = ADVANCED_FACE ( 'NONE', ( #9303 ), #1700, .F. ) ;
#3471 = CARTESIAN_POINT ( 'NONE',  ( 26.50000000000000711, -8.999999999999996447, 12.00000000000000000 ) ) ;
#3472 = EDGE_CURVE ( 'NONE', #3238, #7555, #4459, .T. ) ;
#3473 = LINE ( 'NONE', #4248, #2815 ) ;
#3474 = DIRECTION ( 'NONE',  ( 0.000000000000000000, -0.000000000000000000, -1.000000000000000000 ) ) ;
#3475 = ORIENTED_EDGE ( 'NONE', *, *, #4446, .T. ) ;
#3476 = CARTESIAN_POINT ( 'NONE',  ( 11.99999999999999289, 12.93891149740486668, 1.000000000000000000 ) ) ;
#3477 = DIRECTION ( 'NONE',  ( 0.000000000000000000, -0.000000000000000000, -1.000000000000000000 ) ) ;
#3478 = CIRCLE ( 'NONE', #3781, 0.7500000000000006661 ) ;
#3479 = DIRECTION ( 'NONE',  ( 1.000000000000000000, 0.000000000000000000, 0.000000000000000000 ) ) ;
#3480 = AXIS2_PLACEMENT_3D ( 'NONE', #1006, #7039, #253 ) ;
#3481 = AXIS2_PLACEMENT_3D ( 'NONE', #8219, #858, #7486 ) ;
#3482 = EDGE_LOOP ( 'NONE', ( #6425, #1800, #5936, #4624 ) ) ;
#3483 = CYLINDRICAL_SURFACE ( 'NONE', #8668, 0.7500000000000006661 ) ;
#3484 = ORIENTED_EDGE ( 'NONE', *, *, #290, .T. ) ;
#3485 = VECTOR ( 'NONE', #6034, 1000.000000000000000 ) ;
#3486 = DIRECTION ( 'NONE',  ( -0.000000000000000000, -0.000000000000000000, 1.000000000000000000 ) ) ;
#3487 = CARTESIAN_POINT ( 'NONE',  ( -1.249999999999902522, 2.938911497404866235, -3.000000000000000000 ) ) ;
#3488 = AXIS2_PLACEMENT_3D ( 'NONE', #5458, #8489, #4774 ) ;
#3489 = EDGE_CURVE ( 'NONE', #2433, #1993, #6204, .T. ) ;
#3490 = DIRECTION ( 'NONE',  ( -0.000000000000000000, 0.000000000000000000, 1.000000000000000000 ) ) ;
#3491 = DIRECTION ( 'NONE',  ( -0.000000000000000000, 0.000000000000000000, 1.000000000000000000 ) ) ;
#3492 = VERTEX_POINT ( 'NONE', #161 ) ;
#3493 = CARTESIAN_POINT ( 'NONE',  ( 2.250000000000159872, -3.061088502595133765, 0.000000000000000000 ) ) ;
#3494 = CARTESIAN_POINT ( 'NONE',  ( 5.000000000000160760, -3.061088502595133765, 1.000000000000000000 ) ) ;
#3495 = DIRECTION ( 'NONE',  ( 0.000000000000000000, -0.000000000000000000, -1.000000000000000000 ) ) ;
#3496 = AXIS2_PLACEMENT_3D ( 'NONE', #910, #9258, #9157 ) ;
#3497 = AXIS2_PLACEMENT_3D ( 'NONE', #5078, #8118, #1348 ) ;
#3498 = AXIS2_PLACEMENT_3D ( 'NONE', #3726, #9752, #5448 ) ;
#3499 = VECTOR ( 'NONE', #2580, 1000.000000000000000 ) ;
#3500 = LINE ( 'NONE', #9384, #943 ) ;
#3501 = EDGE_CURVE ( 'NONE', #6894, #79, #7735, .T. ) ;
#3502 = CARTESIAN_POINT ( 'NONE',  ( -16.49999999999999645, -13.06108850259513154, 0.000000000000000000 ) ) ;
#3503 = DIRECTION ( 'NONE',  ( 1.000000000000000000, 0.000000000000000000, 0.000000000000000000 ) ) ;
#3504 = ADVANCED_FACE ( 'NONE', ( #4249 ), #3527, .F. ) ;
#3505 = ORIENTED_EDGE ( 'NONE', *, *, #3210, .F. ) ;
#3506 = VECTOR ( 'NONE', #3741, 1000.000000000000000 ) ;
#3507 = FACE_OUTER_BOUND ( 'NONE', #6552, .T. ) ;
#3508 = DIRECTION ( 'NONE',  ( 1.000000000000000000, 0.000000000000000000, 0.000000000000000000 ) ) ;
#3509 = VECTOR ( 'NONE', #132, 1000.000000000000000 ) ;
#3510 = CIRCLE ( 'NONE', #7933, 0.7500000000000006661 ) ;
#3511 = VERTEX_POINT ( 'NONE', #5744 ) ;
#3512 = DIRECTION ( 'NONE',  ( 1.000000000000000000, 0.000000000000000000, 0.000000000000000000 ) ) ;
#3513 = ORIENTED_EDGE ( 'NONE', *, *, #3040, .F. ) ;
#3514 = DIRECTION ( 'NONE',  ( -0.000000000000000000, 0.000000000000000000, 1.000000000000000000 ) ) ;
#3515 = FACE_BOUND ( 'NONE', #988, .T. ) ;
#3516 = ORIENTED_EDGE ( 'NONE', *, *, #2303, .F. ) ;
#3517 = AXIS2_PLACEMENT_3D ( 'NONE', #1268, #2716, #7952 ) ;
#3518 = ORIENTED_EDGE ( 'NONE', *, *, #6143, .T. ) ;
#3519 = CARTESIAN_POINT ( 'NONE',  ( -8.999999999999987566, 10.93891149740486668, 1.000000000000000000 ) ) ;
#3520 = AXIS2_PLACEMENT_3D ( 'NONE', #3442, #6459, #9570 ) ;
#3521 = DIRECTION ( 'NONE',  ( -0.000000000000000000, -0.000000000000000000, 1.000000000000000000 ) ) ;
#3522 = CIRCLE ( 'NONE', #1470, 0.7500000000000006661 ) ;
#3523 = ORIENTED_EDGE ( 'NONE', *, *, #3713, .T. ) ;
#3524 = LINE ( 'NONE', #7977, #4393 ) ;
#3525 = CIRCLE ( 'NONE', #1325, 0.7500000000000006661 ) ;
#3526 = CYLINDRICAL_SURFACE ( 'NONE', #8956, 0.7500000000000004441 ) ;
#3527 = CYLINDRICAL_SURFACE ( 'NONE', #205, 0.7500000000000006661 ) ;
#3528 = EDGE_CURVE ( 'NONE', #1963, #7352, #2750, .T. ) ;
#3529 = VECTOR ( 'NONE', #5869, 1000.000000000000000 ) ;
#3530 = VERTEX_POINT ( 'NONE', #5034 ) ;
#3531 = EDGE_CURVE ( 'NONE', #1363, #8461, #8078, .T. ) ;
#3532 = CARTESIAN_POINT ( 'NONE',  ( 0.7500000000000962563, 2.938911497404866235, -3.000000000000000000 ) ) ;
#3533 = CARTESIAN_POINT ( 'NONE',  ( 5.000000000000056843, 6.938911497404866680, 0.000000000000000000 ) ) ;
#3534 = ORIENTED_EDGE ( 'NONE', *, *, #9133, .T. ) ;
#3535 = ORIENTED_EDGE ( 'NONE', *, *, #7796, .T. ) ;
#3536 = AXIS2_PLACEMENT_3D ( 'NONE', #1356, #6037, #3752 ) ;
#3537 = ORIENTED_EDGE ( 'NONE', *, *, #5013, .F. ) ;
#3538 = VERTEX_POINT ( 'NONE', #6445 ) ;
#3539 = CYLINDRICAL_SURFACE ( 'NONE', #2832, 0.7500000000000006661 ) ;
#3540 = ORIENTED_EDGE ( 'NONE', *, *, #8937, .T. ) ;
#3541 = CARTESIAN_POINT ( 'NONE',  ( -12.49999999999988276, 0.9389114974048661244, -3.000000000000000000 ) ) ;
#3542 = DIRECTION ( 'NONE',  ( 0.000000000000000000, 0.000000000000000000, 1.000000000000000000 ) ) ;
#3543 = LINE ( 'NONE', #7103, #6652 ) ;
#3544 = DIRECTION ( 'NONE',  ( -0.000000000000000000, -0.000000000000000000, 1.000000000000000000 ) ) ;
#3545 = ORIENTED_EDGE ( 'NONE', *, *, #4697, .F. ) ;
#3546 = FACE_OUTER_BOUND ( 'NONE', #215, .T. ) ;
#3547 = CARTESIAN_POINT ( 'NONE',  ( -1.249999999999777511, -9.061088502595131544, 1.000000000000000000 ) ) ;
#3548 = CARTESIAN_POINT ( 'NONE',  ( 4.250000000000180300, -5.061088502595135985, 0.000000000000000000 ) ) ;
#3549 = EDGE_CURVE ( 'NONE', #6123, #4082, #370, .T. ) ;
#3550 = CARTESIAN_POINT ( 'NONE',  ( 8.500000000000243361, -11.06108850259513332, 1.000000000000000000 ) ) ;
#3551 = DIRECTION ( 'NONE',  ( 1.000000000000000000, 0.000000000000000000, 0.000000000000000000 ) ) ;
#3552 = CARTESIAN_POINT ( 'NONE',  ( 26.50000000000000711, -8.999999999999996447, 12.00000000000000000 ) ) ;
#3553 = ORIENTED_EDGE ( 'NONE', *, *, #4549, .F. ) ;
#3554 = FACE_OUTER_BOUND ( 'NONE', #8678, .T. ) ;
#3555 = CARTESIAN_POINT ( 'NONE',  ( 12.00000000000026468, -13.06108850259513510, 1.000000000000000000 ) ) ;
#3556 = ADVANCED_FACE ( 'NONE', ( #1250 ), #5640, .F. ) ;
#3557 = EDGE_CURVE ( 'NONE', #9650, #2541, #7795, .T. ) ;
#3558 = EDGE_LOOP ( 'NONE', ( #4477, #1455, #567, #2892 ) ) ;
#3559 = FACE_OUTER_BOUND ( 'NONE', #7771, .T. ) ;
#3560 = VERTEX_POINT ( 'NONE', #2103 ) ;
#3561 = CARTESIAN_POINT ( 'NONE',  ( -9.750000000000008882, 12.93891149740486668, 1.000000000000000000 ) ) ;
#3562 = FACE_BOUND ( 'NONE', #8366, .T. ) ;
#3563 = VERTEX_POINT ( 'NONE', #9596 ) ;
#3564 = ORIENTED_EDGE ( 'NONE', *, *, #2648, .T. ) ;
#3565 = DIRECTION ( 'NONE',  ( 0.000000000000000000, -0.000000000000000000, -1.000000000000000000 ) ) ;
#3566 = PLANE ( 'NONE',  #2081 ) ;
#3567 = ADVANCED_FACE ( 'NONE', ( #3430 ), #9556, .F. ) ;
#3568 = ORIENTED_EDGE ( 'NONE', *, *, #6964, .F. ) ;
#3569 = DIRECTION ( 'NONE',  ( 1.000000000000000000, 0.000000000000000000, 0.000000000000000000 ) ) ;
#3570 = LINE ( 'NONE', #3612, #1067 ) ;
#3571 = DIRECTION ( 'NONE',  ( -0.000000000000000000, -0.000000000000000000, 1.000000000000000000 ) ) ;
#3572 = ORIENTED_EDGE ( 'NONE', *, *, #408, .T. ) ;
#3573 = CARTESIAN_POINT ( 'NONE',  ( 28.49999999999999645, -11.00000000000000178, 12.00000000000000000 ) ) ;
#3574 = CARTESIAN_POINT ( 'NONE',  ( -32.50000000000000000, -17.50000000000000000, 0.000000000000000000 ) ) ;
#3575 = ORIENTED_EDGE ( 'NONE', *, *, #7431, .F. ) ;
#3576 = ORIENTED_EDGE ( 'NONE', *, *, #1402, .F. ) ;
#3577 = ORIENTED_EDGE ( 'NONE', *, *, #5506, .F. ) ;
#3578 = EDGE_CURVE ( 'NONE', #7782, #7526, #2904, .T. ) ;
#3579 = ADVANCED_FACE ( 'NONE', ( #2002 ), #2837, .F. ) ;
#3580 = DIRECTION ( 'NONE',  ( -0.000000000000000000, -0.000000000000000000, 1.000000000000000000 ) ) ;
#3581 = ORIENTED_EDGE ( 'NONE', *, *, #2956, .F. ) ;
#3582 = DIRECTION ( 'NONE',  ( 1.000000000000000000, 0.000000000000000000, 0.000000000000000000 ) ) ;
#3583 = LINE ( 'NONE', #5107, #3800 ) ;
#3584 = DIRECTION ( 'NONE',  ( -0.000000000000000000, -0.000000000000000000, 1.000000000000000000 ) ) ;
#3585 = DIRECTION ( 'NONE',  ( -0.000000000000000000, -0.000000000000000000, 1.000000000000000000 ) ) ;
#3586 = CARTESIAN_POINT ( 'NONE',  ( 5.000000000000244249, -11.06108850259513332, 0.000000000000000000 ) ) ;
#3587 = PLANE ( 'NONE',  #3802 ) ;
#3588 = ORIENTED_EDGE ( 'NONE', *, *, #7065, .F. ) ;
#3589 = AXIS2_PLACEMENT_3D ( 'NONE', #5137, #5979, #8130 ) ;
#3590 = LINE ( 'NONE', #6616, #3946 ) ;
#3591 = DIRECTION ( 'NONE',  ( -0.000000000000000000, 0.000000000000000000, 1.000000000000000000 ) ) ;
#3592 = FACE_OUTER_BOUND ( 'NONE', #1324, .T. ) ;
#3593 = ORIENTED_EDGE ( 'NONE', *, *, #8099, .T. ) ;
#3594 = EDGE_CURVE ( 'NONE', #5209, #7440, #6372, .T. ) ;
#3595 = CARTESIAN_POINT ( 'NONE',  ( 7.749999999999992895, 12.93891149740486668, 0.000000000000000000 ) ) ;
#3596 = FACE_BOUND ( 'NONE', #3466, .T. ) ;
#3597 = VECTOR ( 'NONE', #5706, 1000.000000000000000 ) ;
#3598 = DIRECTION ( 'NONE',  ( -0.000000000000000000, 0.000000000000000000, 1.000000000000000000 ) ) ;
#3599 = ORIENTED_EDGE ( 'NONE', *, *, #4575, .F. ) ;
#3600 = CARTESIAN_POINT ( 'NONE',  ( 12.00000000000020073, -7.061088502595134209, -3.000000000000000000 ) ) ;
#3601 = FACE_BOUND ( 'NONE', #1012, .T. ) ;
#3602 = ORIENTED_EDGE ( 'NONE', *, *, #7196, .T. ) ;
#3603 = EDGE_CURVE ( 'NONE', #754, #8207, #2694, .T. ) ;
#3604 = VERTEX_POINT ( 'NONE', #2048 ) ;
#3605 = CARTESIAN_POINT ( 'NONE',  ( -13.24999999999994671, 6.938911497404866680, -3.000000000000000000 ) ) ;
#3606 = CARTESIAN_POINT ( 'NONE',  ( -27.70000000000000995, -11.00000000000000178, 12.00000000000000000 ) ) ;
#3607 = AXIS2_PLACEMENT_3D ( 'NONE', #5753, #9462, #1403 ) ;
#3608 = ORIENTED_EDGE ( 'NONE', *, *, #4536, .T. ) ;
#3609 = ORIENTED_EDGE ( 'NONE', *, *, #9133, .F. ) ;
#3610 = CARTESIAN_POINT ( 'NONE',  ( -8.249999999999840128, -3.061088502595133765, 0.000000000000000000 ) ) ;
#3611 = VECTOR ( 'NONE', #2244, 1000.000000000000000 ) ;
#3612 = CARTESIAN_POINT ( 'NONE',  ( -18.50000000000000355, -13.06108850259513332, 1.000000000000000000 ) ) ;
#3613 = EDGE_CURVE ( 'NONE', #9498, #8263, #3673, .T. ) ;
#3614 = CARTESIAN_POINT ( 'NONE',  ( 26.50000000000000711, -8.999999999999996447, 12.00000000000000000 ) ) ;
#3615 = EDGE_CURVE ( 'NONE', #8223, #9064, #1309, .T. ) ;
#3616 = EDGE_CURVE ( 'NONE', #808, #4207, #4111, .T. ) ;
#3617 = DIRECTION ( 'NONE',  ( -0.000000000000000000, -0.000000000000000000, 1.000000000000000000 ) ) ;
#3618 = DIRECTION ( 'NONE',  ( 1.000000000000000000, 0.000000000000000000, 0.000000000000000000 ) ) ;
#3619 = EDGE_LOOP ( 'NONE', ( #784, #7768, #5679, #9184 ) ) ;
#3620 = ORIENTED_EDGE ( 'NONE', *, *, #3235, .T. ) ;
#3621 = ORIENTED_EDGE ( 'NONE', *, *, #1965, .F. ) ;
#3622 = CARTESIAN_POINT ( 'NONE',  ( -11.74999999999988276, 0.9389114974048661244, 0.000000000000000000 ) ) ;
#3623 = VERTEX_POINT ( 'NONE', #5833 ) ;
#3624 = CYLINDRICAL_SURFACE ( 'NONE', #1396, 0.7500000000000006661 ) ;
#3625 = LINE ( 'NONE', #6659, #7288 ) ;
#3626 = VECTOR ( 'NONE', #8945, 1000.000000000000000 ) ;
#3627 = VECTOR ( 'NONE', #4975, 1000.000000000000000 ) ;
#3628 = CARTESIAN_POINT ( 'NONE',  ( 0.7500000000002003953, -7.061088502595134209, 0.000000000000000000 ) ) ;
#3629 = DIRECTION ( 'NONE',  ( -0.000000000000000000, -0.000000000000000000, 1.000000000000000000 ) ) ;
#3630 = CIRCLE ( 'NONE', #5840, 0.7500000000000006661 ) ;
#3631 = EDGE_CURVE ( 'NONE', #8517, #4494, #7147, .T. ) ;
#3632 = CARTESIAN_POINT ( 'NONE',  ( 7.750000000000076383, 4.938911497404866680, -3.000000000000000000 ) ) ;
#3633 = ORIENTED_EDGE ( 'NONE', *, *, #5769, .F. ) ;
#3634 = VECTOR ( 'NONE', #3729, 1000.000000000000000 ) ;
#3635 = CYLINDRICAL_SURFACE ( 'NONE', #1907, 0.7500000000000006661 ) ;
#3636 = LINE ( 'NONE', #5303, #664 ) ;
#3637 = LINE ( 'NONE', #6473, #1778 ) ;
#3638 = ORIENTED_EDGE ( 'NONE', *, *, #3313, .T. ) ;
#3639 = AXIS2_PLACEMENT_3D ( 'NONE', #6716, #828, #9717 ) ;
#3640 = CARTESIAN_POINT ( 'NONE',  ( 8.500000000000035527, 8.938911497404866680, 1.000000000000000000 ) ) ;
#3641 = VECTOR ( 'NONE', #523, 1000.000000000000000 ) ;
#3642 = EDGE_CURVE ( 'NONE', #5264, #5438, #6400, .T. ) ;
#3643 = EDGE_CURVE ( 'NONE', #1547, #2389, #3525, .T. ) ;
#3644 = CARTESIAN_POINT ( 'NONE',  ( 11.25000000000026290, -13.06108850259513510, 0.000000000000000000 ) ) ;
#3645 = CIRCLE ( 'NONE', #8081, 0.7500000000000006661 ) ;
#3646 = VECTOR ( 'NONE', #5368, 1000.000000000000000 ) ;
#3647 = AXIS2_PLACEMENT_3D ( 'NONE', #1239, #4341, #2681 ) ;
#3648 = LINE ( 'NONE', #9681, #3626 ) ;
#3649 = EDGE_LOOP ( 'NONE', ( #2561, #624 ) ) ;
#3650 = CIRCLE ( 'NONE', #8395, 0.7500000000000006661 ) ;
#3651 = LINE ( 'NONE', #5315, #4744 ) ;
#3652 = FACE_BOUND ( 'NONE', #2458, .T. ) ;
#3653 = ORIENTED_EDGE ( 'NONE', *, *, #9179, .F. ) ;
#3654 = ORIENTED_EDGE ( 'NONE', *, *, #7463, .F. ) ;
#3655 = FACE_OUTER_BOUND ( 'NONE', #1840, .T. ) ;
#3656 = FACE_OUTER_BOUND ( 'NONE', #7868, .T. ) ;
#3657 = AXIS2_PLACEMENT_3D ( 'NONE', #2023, #8838, #1870 ) ;
#3658 = VECTOR ( 'NONE', #4333, 1000.000000000000000 ) ;
#3659 = ORIENTED_EDGE ( 'NONE', *, *, #8788, .F. ) ;
#3660 = ADVANCED_FACE ( 'NONE', ( #1499 ), #5138, .F. ) ;
#3661 = EDGE_CURVE ( 'NONE', #8777, #7728, #7430, .T. ) ;
#3662 = AXIS2_PLACEMENT_3D ( 'NONE', #4609, #6052, #2310 ) ;
#3663 = CARTESIAN_POINT ( 'NONE',  ( 11.25000000000022204, -9.061088502595131544, 1.000000000000000000 ) ) ;
#3664 = DIRECTION ( 'NONE',  ( 0.000000000000000000, -0.000000000000000000, -1.000000000000000000 ) ) ;
#3665 = DIRECTION ( 'NONE',  ( 1.000000000000000000, 0.000000000000000000, 0.000000000000000000 ) ) ;
#3666 = FACE_OUTER_BOUND ( 'NONE', #111, .T. ) ;
#3667 = CARTESIAN_POINT ( 'NONE',  ( -13.24999999999994671, 6.938911497404866680, 0.000000000000000000 ) ) ;
#3668 = ORIENTED_EDGE ( 'NONE', *, *, #4989, .F. ) ;
#3669 = CIRCLE ( 'NONE', #4455, 0.7500000000000004441 ) ;
#3670 = ORIENTED_EDGE ( 'NONE', *, *, #7054, .T. ) ;
#3671 = ORIENTED_EDGE ( 'NONE', *, *, #8083, .F. ) ;
#3672 = ORIENTED_EDGE ( 'NONE', *, *, #7153, .T. ) ;
#3673 = CIRCLE ( 'NONE', #4308, 0.7500000000000006661 ) ;
#3674 = EDGE_CURVE ( 'NONE', #5502, #5729, #1542, .T. ) ;
#3675 = EDGE_CURVE ( 'NONE', #6272, #8504, #2747, .T. ) ;
#3676 = FACE_BOUND ( 'NONE', #8636, .T. ) ;
#3677 = EDGE_LOOP ( 'NONE', ( #5610, #1791 ) ) ;
#3678 = DIRECTION ( 'NONE',  ( 1.000000000000000000, 0.000000000000000000, 0.000000000000000000 ) ) ;
#3679 = DIRECTION ( 'NONE',  ( 1.000000000000000000, 0.000000000000000000, 0.000000000000000000 ) ) ;
#3680 = FACE_BOUND ( 'NONE', #451, .T. ) ;
#3681 = AXIS2_PLACEMENT_3D ( 'NONE', #5932, #9645, #8959 ) ;
#3682 = CARTESIAN_POINT ( 'NONE',  ( 30.50000000000000711, -8.999999999999996447, 12.00000000000000000 ) ) ;
#3683 = CARTESIAN_POINT ( 'NONE',  ( -5.499999999999924505, 4.938911497404866680, 0.000000000000000000 ) ) ;
#3684 = DIRECTION ( 'NONE',  ( 0.000000000000000000, -0.000000000000000000, 1.000000000000000000 ) ) ;
#3685 = VERTEX_POINT ( 'NONE', #6080 ) ;
#3686 = EDGE_CURVE ( 'NONE', #240, #5722, #8898, .T. ) ;
#3687 = AXIS2_PLACEMENT_3D ( 'NONE', #1769, #7808, #2617 ) ;
#3688 = CARTESIAN_POINT ( 'NONE',  ( -30.49999999999999645, 9.000000000000005329, 2.000000000000000000 ) ) ;
#3689 = DIRECTION ( 'NONE',  ( -0.000000000000000000, 0.000000000000000000, 1.000000000000000000 ) ) ;
#3690 = CYLINDRICAL_SURFACE ( 'NONE', #7314, 0.7500000000000006661 ) ;
#3691 = ORIENTED_EDGE ( 'NONE', *, *, #67, .T. ) ;
#3692 = CARTESIAN_POINT ( 'NONE',  ( 12.00000000000001421, 10.93891149740486668, 0.000000000000000000 ) ) ;
#3694 = CARTESIAN_POINT ( 'NONE',  ( -8.999999999999779732, -9.061088502595131544, 1.000000000000000000 ) ) ;
#3693 = AXIS2_PLACEMENT_3D ( 'NONE', #8377, #672, #9161 ) ;
#3695 = EDGE_CURVE ( 'NONE', #2828, #9692, #5246, .T. ) ;
#3696 = FACE_OUTER_BOUND ( 'NONE', #5462, .T. ) ;
#3697 = ORIENTED_EDGE ( 'NONE', *, *, #7529, .T. ) ;
#3698 = EDGE_CURVE ( 'NONE', #5923, #8468, #1001, .T. ) ;
#3699 = CARTESIAN_POINT ( 'NONE',  ( 12.00000000000005507, 6.938911497404866680, 0.000000000000000000 ) ) ;
#3700 = LINE ( 'NONE', #9726, #1450 ) ;
#3701 = EDGE_LOOP ( 'NONE', ( #5063, #6928, #7515, #9105 ) ) ;
#3702 = VERTEX_POINT ( 'NONE', #604 ) ;
#3703 = CARTESIAN_POINT ( 'NONE',  ( -1.249999999999798383, -7.061088502595134209, 0.000000000000000000 ) ) ;
#3704 = CYLINDRICAL_SURFACE ( 'NONE', #8233, 0.7500000000000006661 ) ;
#3705 = ORIENTED_EDGE ( 'NONE', *, *, #9372, .T. ) ;
#3706 = EDGE_LOOP ( 'NONE', ( #465, #4036, #9151, #5377 ) ) ;
#3707 = CARTESIAN_POINT ( 'NONE',  ( 26.50000000000000711, 13.00000000000000178, 12.00000000000000000 ) ) ;
#3708 = LINE ( 'NONE', #4538, #5849 ) ;
#3709 = DIRECTION ( 'NONE',  ( 0.000000000000000000, -0.000000000000000000, -1.000000000000000000 ) ) ;
#3710 = ORIENTED_EDGE ( 'NONE', *, *, #1323, .F. ) ;
#3711 = CARTESIAN_POINT ( 'NONE',  ( -2.749999999999799272, -7.061088502595134209, 0.000000000000000000 ) ) ;
#3712 = DIRECTION ( 'NONE',  ( -0.000000000000000000, -0.000000000000000000, 1.000000000000000000 ) ) ;
#3713 = EDGE_CURVE ( 'NONE', #4458, #5520, #4616, .T. ) ;
#3714 = DIRECTION ( 'NONE',  ( -0.000000000000000000, 0.000000000000000000, 1.000000000000000000 ) ) ;
#3715 = VERTEX_POINT ( 'NONE', #2247 ) ;
#3716 = ORIENTED_EDGE ( 'NONE', *, *, #534, .T. ) ;
#3717 = VERTEX_POINT ( 'NONE', #8 ) ;
#3718 = FACE_BOUND ( 'NONE', #8168, .T. ) ;
#3719 = VERTEX_POINT ( 'NONE', #6695 ) ;
#3720 = DIRECTION ( 'NONE',  ( 0.000000000000000000, -0.000000000000000000, 1.000000000000000000 ) ) ;
#3721 = CARTESIAN_POINT ( 'NONE',  ( 5.000000000000202505, -7.061088502595134209, -3.000000000000000000 ) ) ;
#3722 = DIRECTION ( 'NONE',  ( -0.000000000000000000, -0.000000000000000000, 1.000000000000000000 ) ) ;
#3723 = DIRECTION ( 'NONE',  ( 0.000000000000000000, -0.000000000000000000, -1.000000000000000000 ) ) ;
#3724 = ADVANCED_FACE ( 'NONE', ( #5891 ), #2338, .F. ) ;
#3725 = DIRECTION ( 'NONE',  ( -0.000000000000000000, -0.000000000000000000, 1.000000000000000000 ) ) ;
#3726 = CARTESIAN_POINT ( 'NONE',  ( 12.00000000000024336, -11.06108850259513332, 0.000000000000000000 ) ) ;
#3727 = ORIENTED_EDGE ( 'NONE', *, *, #8447, .T. ) ;
#3728 = VERTEX_POINT ( 'NONE', #3614 ) ;
#3729 = DIRECTION ( 'NONE',  ( -0.000000000000000000, -0.000000000000000000, 1.000000000000000000 ) ) ;
#3730 = DIRECTION ( 'NONE',  ( 0.000000000000000000, -0.000000000000000000, -1.000000000000000000 ) ) ;
#3731 = DIRECTION ( 'NONE',  ( 1.000000000000000000, 0.000000000000000000, 0.000000000000000000 ) ) ;
#3732 = ORIENTED_EDGE ( 'NONE', *, *, #1432, .T. ) ;
#3733 = FACE_OUTER_BOUND ( 'NONE', #2714, .T. ) ;
#3734 = EDGE_CURVE ( 'NONE', #7460, #2198, #2757, .T. ) ;
#3735 = DIRECTION ( 'NONE',  ( 1.000000000000000000, 0.000000000000000000, 0.000000000000000000 ) ) ;
#3736 = ORIENTED_EDGE ( 'NONE', *, *, #2342, .T. ) ;
#3737 = DIRECTION ( 'NONE',  ( 1.000000000000000000, 0.000000000000000000, 0.000000000000000000 ) ) ;
#3738 = EDGE_LOOP ( 'NONE', ( #1183, #4590, #2006, #3593 ) ) ;
#3739 = AXIS2_PLACEMENT_3D ( 'NONE', #1312, #8869, #9740 ) ;
#3740 = DIRECTION ( 'NONE',  ( 1.000000000000000000, 0.000000000000000000, 0.000000000000000000 ) ) ;
#3741 = DIRECTION ( 'NONE',  ( -0.000000000000000000, -0.000000000000000000, 1.000000000000000000 ) ) ;
#3742 = ORIENTED_EDGE ( 'NONE', *, *, #6746, .F. ) ;
#3743 = ORIENTED_EDGE ( 'NONE', *, *, #2441, .T. ) ;
#3744 = DIRECTION ( 'NONE',  ( -0.000000000000000000, -0.000000000000000000, 1.000000000000000000 ) ) ;
#3745 = DIRECTION ( 'NONE',  ( 0.000000000000000000, 1.000000000000000000, 0.000000000000000000 ) ) ;
#3746 = EDGE_CURVE ( 'NONE', #6206, #79, #9207, .T. ) ;
#3747 = VECTOR ( 'NONE', #7697, 1000.000000000000000 ) ;
#3748 = ORIENTED_EDGE ( 'NONE', *, *, #266, .T. ) ;
#3749 = DIRECTION ( 'NONE',  ( -0.000000000000000000, -0.000000000000000000, 1.000000000000000000 ) ) ;
#3750 = PLANE ( 'NONE',  #1752 ) ;
#3751 = VERTEX_POINT ( 'NONE', #4395 ) ;
#3752 = DIRECTION ( 'NONE',  ( 1.000000000000000000, 0.000000000000000000, 0.000000000000000000 ) ) ;
#3753 = CARTESIAN_POINT ( 'NONE',  ( 20.00000000000000000, 15.00000000000000178, 2.000000000000000000 ) ) ;
#3754 = CARTESIAN_POINT ( 'NONE',  ( -11.74999999999981881, -5.061088502595135985, 0.000000000000000000 ) ) ;
#3755 = ORIENTED_EDGE ( 'NONE', *, *, #8199, .F. ) ;
#3756 = ADVANCED_FACE ( 'NONE', ( #2297 ), #6642, .F. ) ;
#3757 = ORIENTED_EDGE ( 'NONE', *, *, #1506, .T. ) ;
#3758 = CIRCLE ( 'NONE', #5973, 0.7500000000000006661 ) ;
#3759 = FACE_BOUND ( 'NONE', #9505, .T. ) ;
#3760 = ADVANCED_FACE ( 'NONE', ( #3807 ), #6737, .F. ) ;
#3761 = ORIENTED_EDGE ( 'NONE', *, *, #7370, .F. ) ;
#3762 = FACE_OUTER_BOUND ( 'NONE', #5342, .T. ) ;
#3763 = CYLINDRICAL_SURFACE ( 'NONE', #2555, 0.7500000000000006661 ) ;
#3764 = CARTESIAN_POINT ( 'NONE',  ( -2.000000000000007105, 12.93891149740486668, 0.000000000000000000 ) ) ;
#3765 = DIRECTION ( 'NONE',  ( 1.000000000000000000, 0.000000000000000000, 0.000000000000000000 ) ) ;
#3766 = CARTESIAN_POINT ( 'NONE',  ( -8.999999999999779732, -9.061088502595131544, -3.000000000000000000 ) ) ;
#3767 = AXIS2_PLACEMENT_3D ( 'NONE', #2526, #3372, #6180 ) ;
#3768 = DIRECTION ( 'NONE',  ( -0.000000000000000000, -0.000000000000000000, 1.000000000000000000 ) ) ;
#3769 = ORIENTED_EDGE ( 'NONE', *, *, #2330, .T. ) ;
#3770 = EDGE_CURVE ( 'NONE', #1146, #5101, #8317, .T. ) ;
#3771 = VERTEX_POINT ( 'NONE', #3711 ) ;
#3772 = AXIS2_PLACEMENT_3D ( 'NONE', #1333, #7456, #6007 ) ;
#3773 = EDGE_CURVE ( 'NONE', #4155, #3148, #6209, .T. ) ;
#3774 = CARTESIAN_POINT ( 'NONE',  ( -28.50000000000000355, 11.00000000000000000, 7.000000000000000000 ) ) ;
#3775 = ORIENTED_EDGE ( 'NONE', *, *, #7575, .F. ) ;
#3776 = DIRECTION ( 'NONE',  ( 1.000000000000000000, 0.000000000000000000, 0.000000000000000000 ) ) ;
#3777 = CARTESIAN_POINT ( 'NONE',  ( -8.999999999999758415, -11.06108850259513332, 0.000000000000000000 ) ) ;
#3778 = ORIENTED_EDGE ( 'NONE', *, *, #4931, .F. ) ;
#3779 = CARTESIAN_POINT ( 'NONE',  ( 12.75000000000022382, -9.061088502595131544, -3.000000000000000000 ) ) ;
#3780 = DIRECTION ( 'NONE',  ( -0.000000000000000000, -0.000000000000000000, -1.000000000000000000 ) ) ;
#3781 = AXIS2_PLACEMENT_3D ( 'NONE', #1815, #2010, #3439 ) ;
#3782 = CIRCLE ( 'NONE', #6795, 0.7500000000000006661 ) ;
#3783 = VECTOR ( 'NONE', #606, 1000.000000000000000 ) ;
#3784 = ORIENTED_EDGE ( 'NONE', *, *, #7760, .F. ) ;
#3785 = EDGE_CURVE ( 'NONE', #213, #4999, #706, .T. ) ;
#3786 = VERTEX_POINT ( 'NONE', #3321 ) ;
#3787 = EDGE_CURVE ( 'NONE', #8602, #563, #8587, .T. ) ;
#3788 = LINE ( 'NONE', #1426, #780 ) ;
#3789 = EDGE_LOOP ( 'NONE', ( #5087, #9109, #2085, #4209 ) ) ;
#3790 = CIRCLE ( 'NONE', #8071, 0.7500000000000006661 ) ;
#3791 = DIRECTION ( 'NONE',  ( -0.000000000000000000, -0.000000000000000000, 1.000000000000000000 ) ) ;
#3792 = VECTOR ( 'NONE', #6232, 1000.000000000000000 ) ;
#3793 = FACE_BOUND ( 'NONE', #5009, .T. ) ;
#3794 = ORIENTED_EDGE ( 'NONE', *, *, #681, .F. ) ;
#3795 = VECTOR ( 'NONE', #7999, 1000.000000000000000 ) ;
#3797 = ORIENTED_EDGE ( 'NONE', *, *, #1051, .F. ) ;
#3796 = AXIS2_PLACEMENT_3D ( 'NONE', #1889, #1243, #1997 ) ;
#3798 = DIRECTION ( 'NONE',  ( -0.000000000000000000, -0.000000000000000000, 1.000000000000000000 ) ) ;
#3799 = CYLINDRICAL_SURFACE ( 'NONE', #7764, 0.7500000000000004441 ) ;
#3800 = VECTOR ( 'NONE', #7536, 1000.000000000000000 ) ;
#3801 = VERTEX_POINT ( 'NONE', #148 ) ;
#3802 = AXIS2_PLACEMENT_3D ( 'NONE', #9712, #6799, #2949 ) ;
#3803 = AXIS2_PLACEMENT_3D ( 'NONE', #5468, #847, #289 ) ;
#3804 = DIRECTION ( 'NONE',  ( -0.000000000000000000, 0.000000000000000000, 1.000000000000000000 ) ) ;
#3805 = DIRECTION ( 'NONE',  ( 1.000000000000000000, 0.000000000000000000, 0.000000000000000000 ) ) ;
#3806 = ORIENTED_EDGE ( 'NONE', *, *, #1347, .T. ) ;
#3807 = FACE_OUTER_BOUND ( 'NONE', #8337, .T. ) ;
#3808 = VECTOR ( 'NONE', #3057, 1000.000000000000000 ) ;
#3809 = CIRCLE ( 'NONE', #5071, 0.7500000000000006661 ) ;
#3810 = DIRECTION ( 'NONE',  ( -0.000000000000000000, 0.000000000000000000, 1.000000000000000000 ) ) ;
#3811 = FACE_OUTER_BOUND ( 'NONE', #7624, .T. ) ;
#3812 = ORIENTED_EDGE ( 'NONE', *, *, #4647, .T. ) ;
#3813 = EDGE_LOOP ( 'NONE', ( #7086, #2516 ) ) ;
#3814 = CIRCLE ( 'NONE', #5045, 0.7500000000000006661 ) ;
#3815 = FACE_BOUND ( 'NONE', #5199, .T. ) ;
#3816 = AXIS2_PLACEMENT_3D ( 'NONE', #1521, #8390, #4563 ) ;
#3817 = EDGE_LOOP ( 'NONE', ( #5892, #4556, #3269, #4790 ) ) ;
#3818 = EDGE_CURVE ( 'NONE', #581, #5114, #3998, .T. ) ;
#3819 = CYLINDRICAL_SURFACE ( 'NONE', #2501, 0.7500000000000006661 ) ;
#3820 = EDGE_CURVE ( 'NONE', #3097, #6992, #1589, .T. ) ;
#3821 = CYLINDRICAL_SURFACE ( 'NONE', #7442, 0.7500000000000006661 ) ;
#3822 = CYLINDRICAL_SURFACE ( 'NONE', #8572, 0.7500000000000006661 ) ;
#3823 = CIRCLE ( 'NONE', #3662, 0.7500000000000004441 ) ;
#3824 = DIRECTION ( 'NONE',  ( 1.000000000000000000, 0.000000000000000000, 0.000000000000000000 ) ) ;
#3825 = CARTESIAN_POINT ( 'NONE',  ( -1.999999999999798828, -7.061088502595134209, 0.000000000000000000 ) ) ;
#3826 = LINE ( 'NONE', #9262, #1762 ) ;
#3827 = CIRCLE ( 'NONE', #2113, 0.7500000000000006661 ) ;
#3828 = ORIENTED_EDGE ( 'NONE', *, *, #4040, .T. ) ;
#3829 = ORIENTED_EDGE ( 'NONE', *, *, #280, .T. ) ;
#3830 = DIRECTION ( 'NONE',  ( 1.000000000000000000, 0.000000000000000000, 0.000000000000000000 ) ) ;
#3831 = AXIS2_PLACEMENT_3D ( 'NONE', #1849, #3868, #2546 ) ;
#3832 = CARTESIAN_POINT ( 'NONE',  ( 4.250000000000055955, 6.938911497404866680, -3.000000000000000000 ) ) ;
#3833 = DIRECTION ( 'NONE',  ( -0.000000000000000000, 0.000000000000000000, 1.000000000000000000 ) ) ;
#3834 = ORIENTED_EDGE ( 'NONE', *, *, #3631, .F. ) ;
#3835 = DIRECTION ( 'NONE',  ( 0.000000000000000000, -0.000000000000000000, -1.000000000000000000 ) ) ;
#3836 = VECTOR ( 'NONE', #7603, 1000.000000000000000 ) ;
#3837 = AXIS2_PLACEMENT_3D ( 'NONE', #3692, #9720, #8985 ) ;
#3838 = CARTESIAN_POINT ( 'NONE',  ( -8.999999999999841904, -3.061088502595133765, 1.000000000000000000 ) ) ;
#3839 = ADVANCED_FACE ( 'NONE', ( #1049 ), #9352, .F. ) ;
#3840 = AXIS2_PLACEMENT_3D ( 'NONE', #4884, #1151, #9500 ) ;
#3841 = DIRECTION ( 'NONE',  ( -0.000000000000000000, 0.000000000000000000, 1.000000000000000000 ) ) ;
#3842 = EDGE_LOOP ( 'NONE', ( #4933, #3732 ) ) ;
#3843 = CARTESIAN_POINT ( 'NONE',  ( -28.50000000000000711, -11.00000000000000178, 12.00000000000000000 ) ) ;
#3844 = EDGE_LOOP ( 'NONE', ( #5751, #3784, #6488, #1358 ) ) ;
#3845 = CARTESIAN_POINT ( 'NONE',  ( -1.999999999999840350, -3.061088502595133765, 0.000000000000000000 ) ) ;
#3846 = LINE ( 'NONE', #5363, #1605 ) ;
#3847 = EDGE_LOOP ( 'NONE', ( #1131, #9217, #1345, #3602 ) ) ;
#3848 = CIRCLE ( 'NONE', #9383, 0.7500000000000006661 ) ;
#3849 = VERTEX_POINT ( 'NONE', #6887 ) ;
#3850 = DIRECTION ( 'NONE',  ( 0.000000000000000000, -0.000000000000000000, -1.000000000000000000 ) ) ;
#3851 = EDGE_CURVE ( 'NONE', #1837, #7182, #5099, .T. ) ;
#3852 = ADVANCED_FACE ( 'NONE', ( #300 ), #7777, .F. ) ;
#3853 = ORIENTED_EDGE ( 'NONE', *, *, #7362, .T. ) ;
#3854 = AXIS2_PLACEMENT_3D ( 'NONE', #471, #3585, #3765 ) ;
#3855 = FACE_OUTER_BOUND ( 'NONE', #8660, .T. ) ;
#3856 = FACE_BOUND ( 'NONE', #3230, .T. ) ;
#3857 = VERTEX_POINT ( 'NONE', #7677 ) ;
#3858 = DIRECTION ( 'NONE',  ( 0.000000000000000000, -0.000000000000000000, -1.000000000000000000 ) ) ;
#3859 = DIRECTION ( 'NONE',  ( 1.000000000000000000, 0.000000000000000000, 0.000000000000000000 ) ) ;
#3860 = CARTESIAN_POINT ( 'NONE',  ( 32.50000000000000000, 17.50000000000000000, 2.000000000000000000 ) ) ;
#3861 = EDGE_CURVE ( 'NONE', #9244, #6997, #5325, .T. ) ;
#3862 = ORIENTED_EDGE ( 'NONE', *, *, #4162, .T. ) ;
#3863 = ORIENTED_EDGE ( 'NONE', *, *, #5385, .T. ) ;
#3864 = FACE_BOUND ( 'NONE', #4095, .T. ) ;
#3865 = VERTEX_POINT ( 'NONE', #857 ) ;
#3866 = FACE_BOUND ( 'NONE', #9237, .T. ) ;
#3867 = CARTESIAN_POINT ( 'NONE',  ( 8.500000000000056843, 6.938911497404866680, 0.000000000000000000 ) ) ;
#3868 = DIRECTION ( 'NONE',  ( -0.000000000000000000, 0.000000000000000000, 1.000000000000000000 ) ) ;
#3869 = CARTESIAN_POINT ( 'NONE',  ( -4.749999999999756639, -11.06108850259513332, 1.000000000000000000 ) ) ;
#3870 = CARTESIAN_POINT ( 'NONE',  ( 5.000000000000202505, -7.061088502595134209, -3.000000000000000000 ) ) ;
#3871 = FACE_OUTER_BOUND ( 'NONE', #6252, .T. ) ;
#3872 = EDGE_CURVE ( 'NONE', #5896, #4108, #7080, .T. ) ;
#3873 = EDGE_CURVE ( 'NONE', #6731, #5580, #6185, .T. ) ;
#3874 = VERTEX_POINT ( 'NONE', #3124 ) ;
#3875 = ORIENTED_EDGE ( 'NONE', *, *, #8097, .F. ) ;
#3876 = FACE_BOUND ( 'NONE', #3122, .T. ) ;
#3877 = CARTESIAN_POINT ( 'NONE',  ( 12.00000000000007638, 4.938911497404866680, 0.000000000000000000 ) ) ;
#3878 = FACE_OUTER_BOUND ( 'NONE', #7023, .T. ) ;
#3879 = CARTESIAN_POINT ( 'NONE',  ( 5.000000000000056843, 6.938911497404866680, 0.000000000000000000 ) ) ;
#3880 = ORIENTED_EDGE ( 'NONE', *, *, #1680, .T. ) ;
#3881 = DIRECTION ( 'NONE',  ( 1.000000000000000000, 0.000000000000000000, 0.000000000000000000 ) ) ;
#3882 = DIRECTION ( 'NONE',  ( 1.000000000000000000, 0.000000000000000000, 0.000000000000000000 ) ) ;
#3883 = ORIENTED_EDGE ( 'NONE', *, *, #3447, .F. ) ;
#3884 = CARTESIAN_POINT ( 'NONE',  ( 9.250000000000202505, -7.061088502595134209, 1.000000000000000000 ) ) ;
#3885 = EDGE_LOOP ( 'NONE', ( #5324, #9756 ) ) ;
#3886 = ADVANCED_FACE ( 'NONE', ( #9248 ), #9292, .F. ) ;
#3887 = DIRECTION ( 'NONE',  ( 1.000000000000000000, 0.000000000000000000, 0.000000000000000000 ) ) ;
#3888 = DIRECTION ( 'NONE',  ( -0.000000000000000000, 0.000000000000000000, 1.000000000000000000 ) ) ;
#3889 = ORIENTED_EDGE ( 'NONE', *, *, #2057, .T. ) ;
#3890 = ORIENTED_EDGE ( 'NONE', *, *, #5059, .F. ) ;
#3891 = AXIS2_PLACEMENT_3D ( 'NONE', #5689, #8721, #1205 ) ;
#3892 = DIRECTION ( 'NONE',  ( 1.000000000000000000, 0.000000000000000000, 0.000000000000000000 ) ) ;
#3893 = EDGE_LOOP ( 'NONE', ( #4600, #9589 ) ) ;
#3894 = ORIENTED_EDGE ( 'NONE', *, *, #7004, .F. ) ;
#3895 = DIRECTION ( 'NONE',  ( 1.000000000000000000, 0.000000000000000000, 0.000000000000000000 ) ) ;
#3896 = ORIENTED_EDGE ( 'NONE', *, *, #2953, .T. ) ;
#3897 = EDGE_CURVE ( 'NONE', #213, #3849, #7955, .T. ) ;
#3898 = CARTESIAN_POINT ( 'NONE',  ( -8.999999999999861444, -1.061088502595133765, 1.000000000000000000 ) ) ;
#3899 = ORIENTED_EDGE ( 'NONE', *, *, #8789, .F. ) ;
#3900 = ORIENTED_EDGE ( 'NONE', *, *, #4119, .F. ) ;
#3901 = DIRECTION ( 'NONE',  ( -0.000000000000000000, -0.000000000000000000, 1.000000000000000000 ) ) ;
#3902 = CARTESIAN_POINT ( 'NONE',  ( -12.49999999999986144, -1.061088502595133765, 1.000000000000000000 ) ) ;
#3903 = FACE_OUTER_BOUND ( 'NONE', #3817, .T. ) ;
#3904 = AXIS2_PLACEMENT_3D ( 'NONE', #6149, #8483, #2613 ) ;
#3905 = ORIENTED_EDGE ( 'NONE', *, *, #4188, .T. ) ;
#3906 = ORIENTED_EDGE ( 'NONE', *, *, #7942, .F. ) ;
#3907 = FACE_BOUND ( 'NONE', #5773, .T. ) ;
#3908 = EDGE_CURVE ( 'NONE', #4635, #8196, #103, .T. ) ;
#3909 = VERTEX_POINT ( 'NONE', #9145 ) ;
#3910 = VECTOR ( 'NONE', #7394, 1000.000000000000000 ) ;
#3911 = EDGE_CURVE ( 'NONE', #7721, #5410, #9532, .T. ) ;
#3912 = DIRECTION ( 'NONE',  ( 1.000000000000000000, 0.000000000000000000, 0.000000000000000000 ) ) ;
#3913 = ADVANCED_FACE ( 'NONE', ( #3231 ), #3955, .F. ) ;
#3914 = CARTESIAN_POINT ( 'NONE',  ( 11.25000000000024158, -11.06108850259513332, 0.000000000000000000 ) ) ;
#3915 = DIRECTION ( 'NONE',  ( 1.000000000000000000, 0.000000000000000000, 0.000000000000000000 ) ) ;
#3916 = CARTESIAN_POINT ( 'NONE',  ( -5.500000000000007105, 12.93891149740486668, -3.000000000000000000 ) ) ;
#3917 = DIRECTION ( 'NONE',  ( -0.000000000000000000, -0.000000000000000000, 1.000000000000000000 ) ) ;
#3918 = CARTESIAN_POINT ( 'NONE',  ( 5.750000000000119904, 0.9389114974048661244, 0.000000000000000000 ) ) ;
#3919 = AXIS2_PLACEMENT_3D ( 'NONE', #2335, #3749, #1393 ) ;
#3920 = ORIENTED_EDGE ( 'NONE', *, *, #5266, .T. ) ;
#3921 = ORIENTED_EDGE ( 'NONE', *, *, #4980, .F. ) ;
#3922 = DIRECTION ( 'NONE',  ( 1.000000000000000000, 0.000000000000000000, 0.000000000000000000 ) ) ;
#3923 = CARTESIAN_POINT ( 'NONE',  ( -12.49999999999996625, 8.938911497404866680, 1.000000000000000000 ) ) ;
#3924 = DIRECTION ( 'NONE',  ( -0.000000000000000000, -0.000000000000000000, 1.000000000000000000 ) ) ;
#3925 = LINE ( 'NONE', #4708, #9508 ) ;
#3926 = AXIS2_PLACEMENT_3D ( 'NONE', #545, #8846, #5774 ) ;
#3927 = ORIENTED_EDGE ( 'NONE', *, *, #6668, .T. ) ;
#3928 = DIRECTION ( 'NONE',  ( 1.000000000000000000, 0.000000000000000000, 0.000000000000000000 ) ) ;
#3929 = DIRECTION ( 'NONE',  ( 1.000000000000000000, 0.000000000000000000, 0.000000000000000000 ) ) ;
#3930 = AXIS2_PLACEMENT_3D ( 'NONE', #3550, #6470, #8836 ) ;
#3931 = ORIENTED_EDGE ( 'NONE', *, *, #5728, .F. ) ;
#3932 = ORIENTED_EDGE ( 'NONE', *, *, #576, .T. ) ;
#3933 = CARTESIAN_POINT ( 'NONE',  ( -1.999999999999736433, -13.06108850259513510, 1.000000000000000000 ) ) ;
#3934 = EDGE_LOOP ( 'NONE', ( #6837, #715, #2781, #8291 ) ) ;
#3935 = CARTESIAN_POINT ( 'NONE',  ( 5.000000000000097700, 2.938911497404866235, -3.000000000000000000 ) ) ;
#3936 = FACE_OUTER_BOUND ( 'NONE', #8030, .T. ) ;
#3937 = EDGE_CURVE ( 'NONE', #7098, #6310, #5253, .T. ) ;
#3938 = ORIENTED_EDGE ( 'NONE', *, *, #3169, .F. ) ;
#3939 = EDGE_CURVE ( 'NONE', #9682, #352, #8425, .T. ) ;
#3940 = ORIENTED_EDGE ( 'NONE', *, *, #4273, .T. ) ;
#3941 = AXIS2_PLACEMENT_3D ( 'NONE', #3843, #4035, #282 ) ;
#3942 = VECTOR ( 'NONE', #7604, 1000.000000000000000 ) ;
#3943 = DIRECTION ( 'NONE',  ( -0.000000000000000000, -0.000000000000000000, 1.000000000000000000 ) ) ;
#3944 = VECTOR ( 'NONE', #5035, 1000.000000000000000 ) ;
#3945 = ORIENTED_EDGE ( 'NONE', *, *, #3861, .T. ) ;
#3946 = VECTOR ( 'NONE', #9614, 1000.000000000000000 ) ;
#3947 = ORIENTED_EDGE ( 'NONE', *, *, #5239, .T. ) ;
#3948 = FACE_OUTER_BOUND ( 'NONE', #9174, .T. ) ;
#3949 = ORIENTED_EDGE ( 'NONE', *, *, #8559, .T. ) ;
#3950 = AXIS2_PLACEMENT_3D ( 'NONE', #2665, #5658, #5763 ) ;
#3951 = VECTOR ( 'NONE', #6126, 1000.000000000000000 ) ;
#3952 = CARTESIAN_POINT ( 'NONE',  ( -32.50000000000000000, 17.50000000000000000, 2.000000000000000000 ) ) ;
#3953 = ORIENTED_EDGE ( 'NONE', *, *, #585, .F. ) ;
#3954 = EDGE_LOOP ( 'NONE', ( #9155, #1529, #5910, #1037 ) ) ;
#3955 = CYLINDRICAL_SURFACE ( 'NONE', #212, 0.7500000000000006661 ) ;
#3956 = DIRECTION ( 'NONE',  ( 1.000000000000000000, 0.000000000000000000, 0.000000000000000000 ) ) ;
#3957 = CARTESIAN_POINT ( 'NONE',  ( 9.250000000000243361, -11.06108850259513332, 1.000000000000000000 ) ) ;
#3958 = AXIS2_PLACEMENT_3D ( 'NONE', #1792, #2635, #5431 ) ;
#3959 = ORIENTED_EDGE ( 'NONE', *, *, #8788, .T. ) ;
#3960 = CIRCLE ( 'NONE', #8706, 0.7500000000000006661 ) ;
#3961 = EDGE_CURVE ( 'NONE', #3407, #7987, #1010, .T. ) ;
#3962 = CIRCLE ( 'NONE', #5533, 0.7500000000000004441 ) ;
#3963 = ORIENTED_EDGE ( 'NONE', *, *, #7661, .T. ) ;
#3964 = FACE_BOUND ( 'NONE', #9601, .T. ) ;
#3965 = EDGE_LOOP ( 'NONE', ( #6558, #7578, #9188, #4639 ) ) ;
#3966 = AXIS2_PLACEMENT_3D ( 'NONE', #7373, #1196, #4195 ) ;
#3967 = FACE_BOUND ( 'NONE', #2334, .T. ) ;
#3968 = VECTOR ( 'NONE', #2916, 1000.000000000000000 ) ;
#3969 = CIRCLE ( 'NONE', #4407, 0.7500000000000006661 ) ;
#3970 = FACE_OUTER_BOUND ( 'NONE', #6807, .T. ) ;
#3971 = LINE ( 'NONE', #8521, #8113 ) ;
#3972 = LINE ( 'NONE', #164, #797 ) ;
#3973 = CARTESIAN_POINT ( 'NONE',  ( -16.50000000000000000, 12.93891149740486668, 0.000000000000000000 ) ) ;
#3974 = CARTESIAN_POINT ( 'NONE',  ( -12.50000000000000711, 12.93891149740486668, 1.000000000000000000 ) ) ;
#3975 = ADVANCED_FACE ( 'NONE', ( #9550 ), #4984, .F. ) ;
#3976 = VECTOR ( 'NONE', #1475, 1000.000000000000000 ) ;
#3977 = AXIS2_PLACEMENT_3D ( 'NONE', #1619, #4519, #7547 ) ;
#3978 = ORIENTED_EDGE ( 'NONE', *, *, #9642, .T. ) ;
#3979 = DIRECTION ( 'NONE',  ( 0.000000000000000000, 0.000000000000000000, 1.000000000000000000 ) ) ;
#3980 = CARTESIAN_POINT ( 'NONE',  ( 12.00000000000001421, 10.93891149740486668, -3.000000000000000000 ) ) ;
#3981 = DIRECTION ( 'NONE',  ( -0.000000000000000000, -0.000000000000000000, 1.000000000000000000 ) ) ;
#3982 = DIRECTION ( 'NONE',  ( -0.000000000000000000, 0.000000000000000000, 1.000000000000000000 ) ) ;
#3983 = ORIENTED_EDGE ( 'NONE', *, *, #9178, .T. ) ;
#3984 = DIRECTION ( 'NONE',  ( -0.000000000000000000, -0.000000000000000000, 1.000000000000000000 ) ) ;
#3985 = CARTESIAN_POINT ( 'NONE',  ( -6.249999999999862332, -1.061088502595133765, 0.000000000000000000 ) ) ;
#3986 = DIRECTION ( 'NONE',  ( -0.000000000000000000, -0.000000000000000000, 1.000000000000000000 ) ) ;
#3987 = EDGE_CURVE ( 'NONE', #1824, #2464, #1886, .T. ) ;
#3988 = VECTOR ( 'NONE', #6504, 1000.000000000000000 ) ;
#3989 = AXIS2_PLACEMENT_3D ( 'NONE', #8131, #7527, #1395 ) ;
#3990 = ORIENTED_EDGE ( 'NONE', *, *, #2545, .T. ) ;
#3991 = DIRECTION ( 'NONE',  ( 1.000000000000000000, 0.000000000000000000, 0.000000000000000000 ) ) ;
#3992 = ORIENTED_EDGE ( 'NONE', *, *, #5415, .F. ) ;
#3993 = DIRECTION ( 'NONE',  ( -0.000000000000000000, 0.000000000000000000, 1.000000000000000000 ) ) ;
#3994 = DIRECTION ( 'NONE',  ( -0.000000000000000000, 0.000000000000000000, 1.000000000000000000 ) ) ;
#3995 = ORIENTED_EDGE ( 'NONE', *, *, #1935, .F. ) ;
#3996 = CIRCLE ( 'NONE', #59, 0.7500000000000006661 ) ;
#3997 = ORIENTED_EDGE ( 'NONE', *, *, #6884, .T. ) ;
#3998 = CIRCLE ( 'NONE', #2279, 0.7500000000000006661 ) ;
#3999 = CYLINDRICAL_SURFACE ( 'NONE', #2874, 0.7500000000000004441 ) ;
#4000 = ORIENTED_EDGE ( 'NONE', *, *, #7110, .T. ) ;
#4001 = ADVANCED_FACE ( 'NONE', ( #448 ), #7337, .F. ) ;
#4002 = ORIENTED_EDGE ( 'NONE', *, *, #5992, .F. ) ;
#4003 = DIRECTION ( 'NONE',  ( 0.000000000000000000, -0.000000000000000000, -1.000000000000000000 ) ) ;
#4004 = ORIENTED_EDGE ( 'NONE', *, *, #6782, .T. ) ;
#4005 = AXIS2_PLACEMENT_3D ( 'NONE', #6306, #1123, #9380 ) ;
#4006 = DIRECTION ( 'NONE',  ( -0.000000000000000000, 0.000000000000000000, 1.000000000000000000 ) ) ;
#4007 = ORIENTED_EDGE ( 'NONE', *, *, #9179, .T. ) ;
#4008 = ORIENTED_EDGE ( 'NONE', *, *, #3142, .F. ) ;
#4009 = DIRECTION ( 'NONE',  ( -0.000000000000000000, -0.000000000000000000, 1.000000000000000000 ) ) ;
#4010 = CARTESIAN_POINT ( 'NONE',  ( -1.999999999999986233, 10.93891149740486668, 1.000000000000000000 ) ) ;
#4011 = DIRECTION ( 'NONE',  ( 1.000000000000000000, 0.000000000000000000, 0.000000000000000000 ) ) ;
#4012 = ORIENTED_EDGE ( 'NONE', *, *, #2238, .F. ) ;
#4013 = VECTOR ( 'NONE', #961, 1000.000000000000000 ) ;
#4014 = ORIENTED_EDGE ( 'NONE', *, *, #4853, .F. ) ;
#4015 = CARTESIAN_POINT ( 'NONE',  ( -18.50000000000000355, 12.93891149740487023, -3.000000000000000000 ) ) ;
#4016 = VERTEX_POINT ( 'NONE', #9398 ) ;
#4017 = CARTESIAN_POINT ( 'NONE',  ( -8.999999999999944933, 6.938911497404866680, -3.000000000000000000 ) ) ;
#4018 = EDGE_CURVE ( 'NONE', #5593, #7894, #7482, .T. ) ;
#4019 = DIRECTION ( 'NONE',  ( -0.000000000000000000, -0.000000000000000000, 1.000000000000000000 ) ) ;
#4020 = DIRECTION ( 'NONE',  ( -0.000000000000000000, -0.000000000000000000, -1.000000000000000000 ) ) ;
#4021 = CARTESIAN_POINT ( 'NONE',  ( -5.499999999999861444, -1.061088502595133765, 1.000000000000000000 ) ) ;
#4022 = DIRECTION ( 'NONE',  ( 1.000000000000000000, 0.000000000000000000, 0.000000000000000000 ) ) ;
#4023 = DIRECTION ( 'NONE',  ( 1.000000000000000000, 0.000000000000000000, 0.000000000000000000 ) ) ;
#4024 = DIRECTION ( 'NONE',  ( -0.000000000000000000, -0.000000000000000000, 1.000000000000000000 ) ) ;
#4025 = ORIENTED_EDGE ( 'NONE', *, *, #3037, .T. ) ;
#4026 = FACE_OUTER_BOUND ( 'NONE', #2481, .T. ) ;
#4027 = CARTESIAN_POINT ( 'NONE',  ( 4.250000000000139444, -1.061088502595133765, -3.000000000000000000 ) ) ;
#4028 = EDGE_CURVE ( 'NONE', #140, #9014, #2039, .T. ) ;
#4029 = DIRECTION ( 'NONE',  ( -0.000000000000000000, -0.000000000000000000, 1.000000000000000000 ) ) ;
#4030 = DIRECTION ( 'NONE',  ( -0.000000000000000000, -0.000000000000000000, 1.000000000000000000 ) ) ;
#4031 = EDGE_LOOP ( 'NONE', ( #7815, #7190 ) ) ;
#4032 = DIRECTION ( 'NONE',  ( 1.000000000000000000, 1.334402673828313339E-16, 0.000000000000000000 ) ) ;
#4033 = DIRECTION ( 'NONE',  ( -0.000000000000000000, -0.000000000000000000, 1.000000000000000000 ) ) ;
#4034 = DIRECTION ( 'NONE',  ( -0.000000000000000000, -0.000000000000000000, 1.000000000000000000 ) ) ;
#4035 = DIRECTION ( 'NONE',  ( 0.000000000000000000, 0.000000000000000000, 1.000000000000000000 ) ) ;
#4036 = ORIENTED_EDGE ( 'NONE', *, *, #723, .F. ) ;
#4037 = ADVANCED_FACE ( 'NONE', ( #6489 ), #2788, .F. ) ;
#4038 = DIRECTION ( 'NONE',  ( 0.000000000000000000, -0.000000000000000000, -1.000000000000000000 ) ) ;
#4039 = CYLINDRICAL_SURFACE ( 'NONE', #5371, 0.7500000000000006661 ) ;
#4040 = EDGE_CURVE ( 'NONE', #577, #6603, #1841, .T. ) ;
#4041 = EDGE_LOOP ( 'NONE', ( #2359, #1674, #5920, #6956 ) ) ;
#4042 = VERTEX_POINT ( 'NONE', #1946 ) ;
#4043 = DIRECTION ( 'NONE',  ( -0.000000000000000000, -0.000000000000000000, 1.000000000000000000 ) ) ;
#4044 = ORIENTED_EDGE ( 'NONE', *, *, #9669, .T. ) ;
#4045 = DIRECTION ( 'NONE',  ( -0.000000000000000000, -0.000000000000000000, 1.000000000000000000 ) ) ;
#4046 = ORIENTED_EDGE ( 'NONE', *, *, #2835, .F. ) ;
#4047 = DIRECTION ( 'NONE',  ( -0.000000000000000000, 1.000000000000000000, -0.000000000000000000 ) ) ;
#4048 = ORIENTED_EDGE ( 'NONE', *, *, #7429, .T. ) ;
#4049 = ORIENTED_EDGE ( 'NONE', *, *, #9060, .F. ) ;
#4050 = CARTESIAN_POINT ( 'NONE',  ( -5.499999999999841016, -3.061088502595133765, -3.000000000000000000 ) ) ;
#4051 = EDGE_CURVE ( 'NONE', #8409, #4867, #4153, .T. ) ;
#4052 = CARTESIAN_POINT ( 'NONE',  ( -12.49999999999996625, 8.938911497404866680, -3.000000000000000000 ) ) ;
#4053 = AXIS2_PLACEMENT_3D ( 'NONE', #7979, #308, #2749 ) ;
#4054 = ORIENTED_EDGE ( 'NONE', *, *, #1967, .T. ) ;
#4055 = FACE_BOUND ( 'NONE', #3842, .T. ) ;
#4056 = EDGE_LOOP ( 'NONE', ( #2844, #7204, #5070, #6433 ) ) ;
#4057 = DIRECTION ( 'NONE',  ( -0.000000000000000000, -0.000000000000000000, 1.000000000000000000 ) ) ;
#4058 = DIRECTION ( 'NONE',  ( 0.000000000000000000, -0.000000000000000000, -1.000000000000000000 ) ) ;
#4059 = CARTESIAN_POINT ( 'NONE',  ( -12.49999999999982059, -5.061088502595135985, -3.000000000000000000 ) ) ;
#4060 = EDGE_CURVE ( 'NONE', #8132, #2473, #8762, .T. ) ;
#4061 = CARTESIAN_POINT ( 'NONE',  ( -6.249999999999758415, -11.06108850259513332, 1.000000000000000000 ) ) ;
#4062 = CYLINDRICAL_SURFACE ( 'NONE', #6042, 0.7500000000000006661 ) ;
#4063 = CARTESIAN_POINT ( 'NONE',  ( -2.749999999999757971, -11.06108850259513332, 0.000000000000000000 ) ) ;
#4064 = ORIENTED_EDGE ( 'NONE', *, *, #8436, .F. ) ;
#4065 = EDGE_CURVE ( 'NONE', #240, #1885, #7191, .T. ) ;
#4066 = CIRCLE ( 'NONE', #9597, 0.7999999999999986011 ) ;
#4067 = CARTESIAN_POINT ( 'NONE',  ( -11.74999999999981881, -5.061088502595135985, -3.000000000000000000 ) ) ;
#4068 = EDGE_LOOP ( 'NONE', ( #1582, #4780 ) ) ;
#4069 = DIRECTION ( 'NONE',  ( -0.000000000000000000, -0.000000000000000000, 1.000000000000000000 ) ) ;
#4070 = CARTESIAN_POINT ( 'NONE',  ( 8.500000000000159872, -3.061088502595133765, -3.000000000000000000 ) ) ;
#4071 = CARTESIAN_POINT ( 'NONE',  ( 12.00000000000015987, -3.061088502595133765, 0.000000000000000000 ) ) ;
#4072 = LINE ( 'NONE', #1973, #2886 ) ;
#4073 = ORIENTED_EDGE ( 'NONE', *, *, #6816, .F. ) ;
#4074 = CARTESIAN_POINT ( 'NONE',  ( 16.49999999999999645, -13.06108850259512977, -3.000000000000000000 ) ) ;
#4075 = DIRECTION ( 'NONE',  ( -0.000000000000000000, 0.000000000000000000, 1.000000000000000000 ) ) ;
#4076 = VECTOR ( 'NONE', #4357, 1000.000000000000000 ) ;
#4077 = CYLINDRICAL_SURFACE ( 'NONE', #9160, 0.7500000000000006661 ) ;
#4078 = EDGE_CURVE ( 'NONE', #4886, #1561, #2129, .T. ) ;
#4079 = EDGE_CURVE ( 'NONE', #7424, #3419, #1166, .T. ) ;
#4080 = AXIS2_PLACEMENT_3D ( 'NONE', #1683, #6926, #1044 ) ;
#4081 = DIRECTION ( 'NONE',  ( 1.000000000000000000, 0.000000000000000000, 0.000000000000000000 ) ) ;
#4082 = VERTEX_POINT ( 'NONE', #1242 ) ;
#4083 = DIRECTION ( 'NONE',  ( 0.000000000000000000, 0.000000000000000000, 1.000000000000000000 ) ) ;
#4084 = CARTESIAN_POINT ( 'NONE',  ( -4.749999999999777955, -9.061088502595131544, -3.000000000000000000 ) ) ;
#4085 = ORIENTED_EDGE ( 'NONE', *, *, #8334, .T. ) ;
#4086 = VERTEX_POINT ( 'NONE', #5680 ) ;
#4087 = DIRECTION ( 'NONE',  ( 1.000000000000000000, 0.000000000000000000, 0.000000000000000000 ) ) ;
#4088 = AXIS2_PLACEMENT_3D ( 'NONE', #3418, #7330, #7228 ) ;
#4089 = EDGE_CURVE ( 'NONE', #9058, #4581, #3220, .T. ) ;
#4090 = ADVANCED_FACE ( 'NONE', ( #8806 ), #5026, .F. ) ;
#4091 = ORIENTED_EDGE ( 'NONE', *, *, #6511, .T. ) ;
#4092 = EDGE_CURVE ( 'NONE', #1236, #9356, #9065, .T. ) ;
#4093 = ORIENTED_EDGE ( 'NONE', *, *, #8719, .F. ) ;
#4094 = CARTESIAN_POINT ( 'NONE',  ( 28.49999999999999645, 10.99999999999999822, 12.00000000000000000 ) ) ;
#4095 = EDGE_LOOP ( 'NONE', ( #8164, #6702 ) ) ;
#4096 = CARTESIAN_POINT ( 'NONE',  ( -26.49999999999999645, 13.00000000000000711, 12.00000000000000000 ) ) ;
#4097 = AXIS2_PLACEMENT_3D ( 'NONE', #2723, #432, #4183 ) ;
#4098 = ORIENTED_EDGE ( 'NONE', *, *, #723, .T. ) ;
#4099 = EDGE_LOOP ( 'NONE', ( #3797, #6605, #1903, #9703 ) ) ;
#4100 = DIRECTION ( 'NONE',  ( 0.000000000000000000, -0.000000000000000000, -1.000000000000000000 ) ) ;
#4101 = CARTESIAN_POINT ( 'NONE',  ( -9.749999999999904077, 2.938911497404866235, 0.000000000000000000 ) ) ;
#4102 = EDGE_CURVE ( 'NONE', #9632, #7079, #1173, .T. ) ;
#4103 = CIRCLE ( 'NONE', #2856, 0.7500000000000004441 ) ;
#4104 = ORIENTED_EDGE ( 'NONE', *, *, #8720, .T. ) ;
#4105 = CIRCLE ( 'NONE', #3488, 0.7500000000000006661 ) ;
#4106 = AXIS2_PLACEMENT_3D ( 'NONE', #4897, #6554, #9558 ) ;
#4107 = FACE_BOUND ( 'NONE', #661, .T. ) ;
#4108 = VERTEX_POINT ( 'NONE', #6727 ) ;
#4109 = VECTOR ( 'NONE', #425, 1000.000000000000000 ) ;
#4110 = CARTESIAN_POINT ( 'NONE',  ( -13.24999999999992539, 4.938911497404866680, 1.000000000000000000 ) ) ;
#4111 = LINE ( 'NONE', #9510, #54 ) ;
#4112 = AXIS2_PLACEMENT_3D ( 'NONE', #8612, #9196, #2437 ) ;
#4113 = CIRCLE ( 'NONE', #3025, 0.7500000000000004441 ) ;
#4114 = CARTESIAN_POINT ( 'NONE',  ( 8.500000000000076383, 4.938911497404866680, -3.000000000000000000 ) ) ;
#4115 = CARTESIAN_POINT ( 'NONE',  ( 5.750000000000015099, 10.93891149740486668, -3.000000000000000000 ) ) ;
#4116 = CARTESIAN_POINT ( 'NONE',  ( 12.00000000000015987, -3.061088502595133765, -3.000000000000000000 ) ) ;
#4117 = ORIENTED_EDGE ( 'NONE', *, *, #5236, .T. ) ;
#4118 = AXIS2_PLACEMENT_3D ( 'NONE', #4485, #6023, #9044 ) ;
#4119 = EDGE_CURVE ( 'NONE', #7237, #7328, #2602, .T. ) ;
#4120 = LINE ( 'NONE', #4904, #4389 ) ;
#4121 = EDGE_CURVE ( 'NONE', #1253, #6602, #220, .T. ) ;
#4122 = AXIS2_PLACEMENT_3D ( 'NONE', #1630, #4578, #1487 ) ;
#4123 = AXIS2_PLACEMENT_3D ( 'NONE', #1042, #1679, #6227 ) ;
#4124 = EDGE_LOOP ( 'NONE', ( #1983, #9076 ) ) ;
#4125 = CARTESIAN_POINT ( 'NONE',  ( -6.249999999999987566, 10.93891149740486668, 1.000000000000000000 ) ) ;
#4126 = CARTESIAN_POINT ( 'NONE',  ( 1.500000000000221601, -9.061088502595131544, 1.000000000000000000 ) ) ;
#4127 = DIRECTION ( 'NONE',  ( 0.000000000000000000, -0.000000000000000000, -1.000000000000000000 ) ) ;
#4128 = DIRECTION ( 'NONE',  ( -0.000000000000000000, 0.000000000000000000, 1.000000000000000000 ) ) ;
#4129 = ORIENTED_EDGE ( 'NONE', *, *, #2030, .T. ) ;
#4130 = PLANE ( 'NONE',  #6217 ) ;
#4131 = CARTESIAN_POINT ( 'NONE',  ( -8.999999999999944933, 6.938911497404866680, 0.000000000000000000 ) ) ;
#4132 = AXIS2_PLACEMENT_3D ( 'NONE', #2954, #6669, #5953 ) ;
#4133 = DIRECTION ( 'NONE',  ( 1.000000000000000000, 0.000000000000000000, 0.000000000000000000 ) ) ;
#4134 = CIRCLE ( 'NONE', #2101, 0.7500000000000006661 ) ;
#4135 = CIRCLE ( 'NONE', #3046, 0.7500000000000006661 ) ;
#4136 = ORIENTED_EDGE ( 'NONE', *, *, #8312, .F. ) ;
#4137 = LINE ( 'NONE', #2816, #4716 ) ;
#4138 = VERTEX_POINT ( 'NONE', #5083 ) ;
#4139 = CARTESIAN_POINT ( 'NONE',  ( 1.500000000000013545, 10.93891149740486668, 0.000000000000000000 ) ) ;
#4140 = DIRECTION ( 'NONE',  ( -0.000000000000000000, -0.000000000000000000, 1.000000000000000000 ) ) ;
#4141 = VERTEX_POINT ( 'NONE', #9775 ) ;
#4142 = EDGE_CURVE ( 'NONE', #8631, #9251, #4531, .T. ) ;
#4143 = DIRECTION ( 'NONE',  ( 1.000000000000000000, 0.000000000000000000, 0.000000000000000000 ) ) ;
#4144 = AXIS2_PLACEMENT_3D ( 'NONE', #76, #5447, #2352 ) ;
#4145 = DIRECTION ( 'NONE',  ( 0.000000000000000000, -0.000000000000000000, -1.000000000000000000 ) ) ;
#4146 = CARTESIAN_POINT ( 'NONE',  ( 0.000000000000000000, 0.000000000000000000, 0.000000000000000000 ) ) ;
#4147 = VERTEX_POINT ( 'NONE', #1388 ) ;
#4148 = AXIS2_PLACEMENT_3D ( 'NONE', #6013, #7368, #9038 ) ;
#4149 = DIRECTION ( 'NONE',  ( -0.000000000000000000, 0.000000000000000000, 1.000000000000000000 ) ) ;
#4150 = VERTEX_POINT ( 'NONE', #3703 ) ;
#4151 = CARTESIAN_POINT ( 'NONE',  ( 18.49999999999999645, -13.06108850259512977, -3.000000000000000000 ) ) ;
#4152 = ORIENTED_EDGE ( 'NONE', *, *, #6177, .T. ) ;
#4153 = CIRCLE ( 'NONE', #3840, 0.7500000000000006661 ) ;
#4154 = EDGE_CURVE ( 'NONE', #9692, #8504, #8123, .T. ) ;
#4155 = VERTEX_POINT ( 'NONE', #741 ) ;
#4156 = CARTESIAN_POINT ( 'NONE',  ( 8.500000000000264677, -13.06108850259513510, -3.000000000000000000 ) ) ;
#4157 = CYLINDRICAL_SURFACE ( 'NONE', #7595, 0.7500000000000006661 ) ;
#4158 = ORIENTED_EDGE ( 'NONE', *, *, #3341, .F. ) ;
#4159 = DIRECTION ( 'NONE',  ( -0.000000000000000000, -0.000000000000000000, 1.000000000000000000 ) ) ;
#4160 = ORIENTED_EDGE ( 'NONE', *, *, #6385, .F. ) ;
#4161 = CARTESIAN_POINT ( 'NONE',  ( -28.50000000000000355, 11.00000000000000000, 12.00000000000000000 ) ) ;
#4162 = EDGE_CURVE ( 'NONE', #1063, #3604, #2235, .T. ) ;
#4163 = CARTESIAN_POINT ( 'NONE',  ( -8.250000000000007105, 12.93891149740486668, -3.000000000000000000 ) ) ;
#4164 = DIRECTION ( 'NONE',  ( -0.000000000000000000, -0.000000000000000000, 1.000000000000000000 ) ) ;
#4165 = CARTESIAN_POINT ( 'NONE',  ( 12.75000000000015987, -3.061088502595133765, -3.000000000000000000 ) ) ;
#4166 = DIRECTION ( 'NONE',  ( 0.000000000000000000, 1.000000000000000000, -0.000000000000000000 ) ) ;
#4167 = ORIENTED_EDGE ( 'NONE', *, *, #9257, .T. ) ;
#4168 = EDGE_LOOP ( 'NONE', ( #8142, #4703, #3534, #3184 ) ) ;
#4169 = DIRECTION ( 'NONE',  ( 1.000000000000000000, 0.000000000000000000, 0.000000000000000000 ) ) ;
#4170 = VERTEX_POINT ( 'NONE', #2928 ) ;
#4171 = CARTESIAN_POINT ( 'NONE',  ( -5.499999999999903189, 2.938911497404866235, 1.000000000000000000 ) ) ;
#4172 = FACE_OUTER_BOUND ( 'NONE', #9166, .T. ) ;
#4173 = LINE ( 'NONE', #8782, #829 ) ;
#4174 = DIRECTION ( 'NONE',  ( -0.000000000000000000, -0.000000000000000000, 1.000000000000000000 ) ) ;
#4175 = ORIENTED_EDGE ( 'NONE', *, *, #2106, .F. ) ;
#4176 = CIRCLE ( 'NONE', #8768, 0.7500000000000004441 ) ;
#4177 = CARTESIAN_POINT ( 'NONE',  ( -30.49999999999999645, -8.999999999999996447, 12.00000000000000000 ) ) ;
#4178 = CARTESIAN_POINT ( 'NONE',  ( -13.24999999999975842, -11.06108850259513332, 0.000000000000000000 ) ) ;
#4179 = EDGE_CURVE ( 'NONE', #3771, #8404, #2145, .T. ) ;
#4180 = ADVANCED_FACE ( 'NONE', ( #3018 ), #5170, .F. ) ;
#4181 = CARTESIAN_POINT ( 'NONE',  ( -1.999999999999757083, -11.06108850259513332, 1.000000000000000000 ) ) ;
#4182 = ORIENTED_EDGE ( 'NONE', *, *, #9219, .F. ) ;
#4183 = DIRECTION ( 'NONE',  ( 1.000000000000000000, 0.000000000000000000, 0.000000000000000000 ) ) ;
#4184 = CARTESIAN_POINT ( 'NONE',  ( -32.50000000000000000, 17.50000000000000000, 2.000000000000000000 ) ) ;
#4185 = DIRECTION ( 'NONE',  ( 0.000000000000000000, -0.000000000000000000, -1.000000000000000000 ) ) ;
#4186 = ORIENTED_EDGE ( 'NONE', *, *, #2453, .T. ) ;
#4187 = DIRECTION ( 'NONE',  ( 1.000000000000000000, 0.000000000000000000, 0.000000000000000000 ) ) ;
#4188 = EDGE_CURVE ( 'NONE', #1148, #5321, #8166, .T. ) ;
#4189 = CARTESIAN_POINT ( 'NONE',  ( 0.7500000000000754952, 4.938911497404866680, -3.000000000000000000 ) ) ;
#4190 = DIRECTION ( 'NONE',  ( 1.000000000000000000, 0.000000000000000000, 0.000000000000000000 ) ) ;
#4191 = EDGE_CURVE ( 'NONE', #8463, #8818, #8208, .T. ) ;
#4192 = ORIENTED_EDGE ( 'NONE', *, *, #901, .F. ) ;
#4193 = DIRECTION ( 'NONE',  ( 1.000000000000000000, 0.000000000000000000, 0.000000000000000000 ) ) ;
#4194 = VERTEX_POINT ( 'NONE', #696 ) ;
#4195 = DIRECTION ( 'NONE',  ( 1.000000000000000000, 0.000000000000000000, 0.000000000000000000 ) ) ;
#4196 = EDGE_LOOP ( 'NONE', ( #5886, #404, #4883, #8955 ) ) ;
#4197 = ORIENTED_EDGE ( 'NONE', *, *, #1195, .T. ) ;
#4198 = DIRECTION ( 'NONE',  ( 1.000000000000000000, 0.000000000000000000, 0.000000000000000000 ) ) ;
#4199 = CARTESIAN_POINT ( 'NONE',  ( 12.00000000000013856, -1.061088502595133765, 0.000000000000000000 ) ) ;
#4200 = VERTEX_POINT ( 'NONE', #9590 ) ;
#4201 = EDGE_CURVE ( 'NONE', #8461, #8352, #8279, .T. ) ;
#4202 = CARTESIAN_POINT ( 'NONE',  ( -1.999999999999736433, -13.06108850259513510, 1.000000000000000000 ) ) ;
#4203 = CARTESIAN_POINT ( 'NONE',  ( -5.499999999999966249, 8.938911497404866680, 0.000000000000000000 ) ) ;
#4204 = CARTESIAN_POINT ( 'NONE',  ( 5.000000000000097700, 2.938911497404866235, 1.000000000000000000 ) ) ;
#4205 = CARTESIAN_POINT ( 'NONE',  ( -11.74999999999984013, -3.061088502595133765, 0.000000000000000000 ) ) ;
#4206 = CARTESIAN_POINT ( 'NONE',  ( -30.49999999999999645, -8.999999999999996447, 2.000000000000000000 ) ) ;
#4207 = VERTEX_POINT ( 'NONE', #1491 ) ;
#4208 = DIRECTION ( 'NONE',  ( 1.000000000000000000, 0.000000000000000000, 0.000000000000000000 ) ) ;
#4209 = ORIENTED_EDGE ( 'NONE', *, *, #967, .F. ) ;
#4210 = ORIENTED_EDGE ( 'NONE', *, *, #4154, .T. ) ;
#4211 = EDGE_CURVE ( 'NONE', #5046, #8068, #6774, .T. ) ;
#4212 = EDGE_CURVE ( 'NONE', #9209, #5114, #4490, .T. ) ;
#4213 = FACE_BOUND ( 'NONE', #4241, .T. ) ;
#4214 = EDGE_LOOP ( 'NONE', ( #8353, #5391, #700, #695 ) ) ;
#4215 = FACE_OUTER_BOUND ( 'NONE', #3172, .T. ) ;
#4216 = CYLINDRICAL_SURFACE ( 'NONE', #8495, 0.7500000000000006661 ) ;
#4217 = DIRECTION ( 'NONE',  ( 1.000000000000000000, 0.000000000000000000, 0.000000000000000000 ) ) ;
#4218 = DIRECTION ( 'NONE',  ( 1.000000000000000000, 0.000000000000000000, 0.000000000000000000 ) ) ;
#4219 = ORIENTED_EDGE ( 'NONE', *, *, #3746, .F. ) ;
#4220 = DIRECTION ( 'NONE',  ( 1.000000000000000000, 0.000000000000000000, 0.000000000000000000 ) ) ;
#4221 = CARTESIAN_POINT ( 'NONE',  ( -4.749999999999756639, -11.06108850259513332, 0.000000000000000000 ) ) ;
#4222 = CARTESIAN_POINT ( 'NONE',  ( 8.500000000000222045, -9.061088502595131544, 0.000000000000000000 ) ) ;
#4223 = VECTOR ( 'NONE', #8680, 1000.000000000000000 ) ;
#4224 = VERTEX_POINT ( 'NONE', #2186 ) ;
#4225 = CARTESIAN_POINT ( 'NONE',  ( 7.750000000000242473, -11.06108850259513332, 0.000000000000000000 ) ) ;
#4226 = CARTESIAN_POINT ( 'NONE',  ( 5.000000000000056843, 6.938911497404866680, 1.000000000000000000 ) ) ;
#4227 = CARTESIAN_POINT ( 'NONE',  ( 30.50000000000000711, 9.000000000000001776, 12.00000000000000000 ) ) ;
#4228 = AXIS2_PLACEMENT_3D ( 'NONE', #9357, #5535, #1802 ) ;
#4229 = ORIENTED_EDGE ( 'NONE', *, *, #8720, .F. ) ;
#4230 = DIRECTION ( 'NONE',  ( 1.000000000000000000, 0.000000000000000000, 0.000000000000000000 ) ) ;
#4231 = CARTESIAN_POINT ( 'NONE',  ( 5.750000000000244249, -11.06108850259513332, 0.000000000000000000 ) ) ;
#4232 = VECTOR ( 'NONE', #1539, 1000.000000000000000 ) ;
#4233 = ADVANCED_FACE ( 'NONE', ( #3655 ), #2830, .F. ) ;
#4234 = VERTEX_POINT ( 'NONE', #4345 ) ;
#4235 = DIRECTION ( 'NONE',  ( 1.000000000000000000, 0.000000000000000000, 0.000000000000000000 ) ) ;
#4236 = ORIENTED_EDGE ( 'NONE', *, *, #8642, .T. ) ;
#4237 = ADVANCED_FACE ( 'NONE', ( #6632 ), #7521, .F. ) ;
#4238 = LINE ( 'NONE', #4151, #6508 ) ;
#4239 = FACE_BOUND ( 'NONE', #5483, .T. ) ;
#4240 = ORIENTED_EDGE ( 'NONE', *, *, #771, .T. ) ;
#4241 = EDGE_LOOP ( 'NONE', ( #8990, #4842 ) ) ;
#4242 = CARTESIAN_POINT ( 'NONE',  ( 5.000000000000035527, 8.938911497404866680, 0.000000000000000000 ) ) ;
#4243 = AXIS2_PLACEMENT_3D ( 'NONE', #8503, #5581, #1836 ) ;
#4244 = CARTESIAN_POINT ( 'NONE',  ( 7.750000000000242473, -11.06108850259513332, -3.000000000000000000 ) ) ;
#4245 = ORIENTED_EDGE ( 'NONE', *, *, #743, .F. ) ;
#4246 = CIRCLE ( 'NONE', #3941, 0.7999999999999986011 ) ;
#4247 = DIRECTION ( 'NONE',  ( -0.000000000000000000, 0.000000000000000000, 1.000000000000000000 ) ) ;
#4248 = CARTESIAN_POINT ( 'NONE',  ( -11.74999999999992362, 4.938911497404866680, -3.000000000000000000 ) ) ;
#4249 = FACE_OUTER_BOUND ( 'NONE', #8325, .T. ) ;
#4250 = VERTEX_POINT ( 'NONE', #9689 ) ;
#4251 = CARTESIAN_POINT ( 'NONE',  ( -4.749999999999777955, -9.061088502595131544, 1.000000000000000000 ) ) ;
#4252 = ADVANCED_FACE ( 'NONE', ( #5925 ), #8952, .F. ) ;
#4253 = DIRECTION ( 'NONE',  ( -0.000000000000000000, 0.000000000000000000, 1.000000000000000000 ) ) ;
#4254 = VECTOR ( 'NONE', #6300, 1000.000000000000000 ) ;
#4255 = ORIENTED_EDGE ( 'NONE', *, *, #398, .F. ) ;
#4256 = ORIENTED_EDGE ( 'NONE', *, *, #1733, .F. ) ;
#4257 = CIRCLE ( 'NONE', #9002, 0.7500000000000006661 ) ;
#4258 = CIRCLE ( 'NONE', #4410, 0.7500000000000006661 ) ;
#4259 = ORIENTED_EDGE ( 'NONE', *, *, #7042, .T. ) ;
#4260 = VERTEX_POINT ( 'NONE', #5456 ) ;
#4261 = FACE_BOUND ( 'NONE', #9411, .T. ) ;
#4262 = AXIS2_PLACEMENT_3D ( 'NONE', #82, #5499, #1710 ) ;
#4263 = ORIENTED_EDGE ( 'NONE', *, *, #9284, .T. ) ;
#4264 = CIRCLE ( 'NONE', #2547, 0.7500000000000006661 ) ;
#4265 = CARTESIAN_POINT ( 'NONE',  ( -11.74999999999988276, 0.9389114974048661244, 1.000000000000000000 ) ) ;
#4266 = CARTESIAN_POINT ( 'NONE',  ( 9.250000000000097700, 2.938911497404866235, 1.000000000000000000 ) ) ;
#4267 = AXIS2_PLACEMENT_3D ( 'NONE', #5412, #2513, #3882 ) ;
#4268 = AXIS2_PLACEMENT_3D ( 'NONE', #4010, #4741, #7038 ) ;
#4269 = LINE ( 'NONE', #3399, #483 ) ;
#4270 = CARTESIAN_POINT ( 'NONE',  ( 8.500000000000264677, -13.06108850259513510, 0.000000000000000000 ) ) ;
#4271 = ORIENTED_EDGE ( 'NONE', *, *, #4461, .F. ) ;
#4272 = CARTESIAN_POINT ( 'NONE',  ( 0.7500000000001795231, -5.061088502595135985, -3.000000000000000000 ) ) ;
#4273 = EDGE_CURVE ( 'NONE', #8965, #7544, #6416, .T. ) ;
#4274 = CARTESIAN_POINT ( 'NONE',  ( 8.499999999999992895, 12.93891149740486668, 1.000000000000000000 ) ) ;
#4275 = CARTESIAN_POINT ( 'NONE',  ( -9.749999999999779732, -9.061088502595131544, 1.000000000000000000 ) ) ;
#4276 = CIRCLE ( 'NONE', #7602, 0.7500000000000006661 ) ;
#4277 = AXIS2_PLACEMENT_3D ( 'NONE', #3067, #8948, #841 ) ;
#4278 = AXIS2_PLACEMENT_3D ( 'NONE', #3974, #2408, #7739 ) ;
#4279 = AXIS2_PLACEMENT_3D ( 'NONE', #9191, #892, #3892 ) ;
#4280 = CARTESIAN_POINT ( 'NONE',  ( -9.749999999999946709, 6.938911497404866680, 0.000000000000000000 ) ) ;
#4281 = CARTESIAN_POINT ( 'NONE',  ( 5.750000000000202505, -7.061088502595134209, 1.000000000000000000 ) ) ;
#4282 = AXIS2_PLACEMENT_3D ( 'NONE', #4868, #1276, #7905 ) ;
#4283 = DIRECTION ( 'NONE',  ( 1.000000000000000000, 0.000000000000000000, 0.000000000000000000 ) ) ;
#4284 = ORIENTED_EDGE ( 'NONE', *, *, #8181, .F. ) ;
#4285 = CIRCLE ( 'NONE', #4431, 0.7500000000000006661 ) ;
#4286 = ORIENTED_EDGE ( 'NONE', *, *, #5789, .T. ) ;
#4287 = EDGE_CURVE ( 'NONE', #536, #7728, #7951, .T. ) ;
#4288 = LINE ( 'NONE', #5771, #8217 ) ;
#4289 = CIRCLE ( 'NONE', #4262, 0.7500000000000006661 ) ;
#4290 = VECTOR ( 'NONE', #5263, 1000.000000000000000 ) ;
#4291 = ORIENTED_EDGE ( 'NONE', *, *, #7783, .F. ) ;
#4292 = CARTESIAN_POINT ( 'NONE',  ( -8.999999999999904077, 2.938911497404866235, -3.000000000000000000 ) ) ;
#4293 = EDGE_LOOP ( 'NONE', ( #5929, #9542 ) ) ;
#4294 = DIRECTION ( 'NONE',  ( -0.000000000000000000, -0.000000000000000000, 1.000000000000000000 ) ) ;
#4295 = FACE_BOUND ( 'NONE', #6730, .T. ) ;
#4296 = ORIENTED_EDGE ( 'NONE', *, *, #8611, .F. ) ;
#4297 = VECTOR ( 'NONE', #5111, 1000.000000000000000 ) ;
#4298 = ORIENTED_EDGE ( 'NONE', *, *, #8886, .F. ) ;
#4299 = DIRECTION ( 'NONE',  ( 1.000000000000000000, 0.000000000000000000, 0.000000000000000000 ) ) ;
#4300 = CIRCLE ( 'NONE', #44, 0.7500000000000006661 ) ;
#4301 = CARTESIAN_POINT ( 'NONE',  ( -18.50000000000000355, 12.93891149740487023, -3.000000000000000000 ) ) ;
#4302 = EDGE_CURVE ( 'NONE', #7435, #4442, #2436, .T. ) ;
#4303 = ADVANCED_FACE ( 'NONE', ( #7015 ), #3402, .F. ) ;
#4304 = CIRCLE ( 'NONE', #8733, 0.7500000000000006661 ) ;
#4305 = ORIENTED_EDGE ( 'NONE', *, *, #7135, .F. ) ;
#4306 = ORIENTED_EDGE ( 'NONE', *, *, #1869, .T. ) ;
#4307 = LINE ( 'NONE', #2834, #1565 ) ;
#4308 = AXIS2_PLACEMENT_3D ( 'NONE', #5690, #7240, #8024 ) ;
#4309 = DIRECTION ( 'NONE',  ( 0.000000000000000000, -0.000000000000000000, -1.000000000000000000 ) ) ;
#4310 = CIRCLE ( 'NONE', #1008, 0.7500000000000006661 ) ;
#4311 = DIRECTION ( 'NONE',  ( 0.000000000000000000, -0.000000000000000000, -1.000000000000000000 ) ) ;
#4312 = DIRECTION ( 'NONE',  ( -0.000000000000000000, 0.000000000000000000, 1.000000000000000000 ) ) ;
#4313 = ORIENTED_EDGE ( 'NONE', *, *, #4683, .F. ) ;
#4314 = ORIENTED_EDGE ( 'NONE', *, *, #3489, .T. ) ;
#4315 = AXIS2_PLACEMENT_3D ( 'NONE', #6588, #1199, #1093 ) ;
#4316 = ORIENTED_EDGE ( 'NONE', *, *, #8840, .T. ) ;
#4317 = CARTESIAN_POINT ( 'NONE',  ( -8.999999999999944933, 6.938911497404866680, -3.000000000000000000 ) ) ;
#4318 = ADVANCED_FACE ( 'NONE', ( #1073 ), #1177, .F. ) ;
#4319 = ORIENTED_EDGE ( 'NONE', *, *, #7493, .F. ) ;
#4320 = PLANE ( 'NONE',  #8025 ) ;
#4321 = VECTOR ( 'NONE', #8995, 1000.000000000000000 ) ;
#4322 = DIRECTION ( 'NONE',  ( 1.000000000000000000, 0.000000000000000000, 0.000000000000000000 ) ) ;
#4323 = DIRECTION ( 'NONE',  ( -0.000000000000000000, -0.000000000000000000, 1.000000000000000000 ) ) ;
#4324 = ORIENTED_EDGE ( 'NONE', *, *, #4337, .T. ) ;
#4325 = DIRECTION ( 'NONE',  ( 1.000000000000000000, 0.000000000000000000, 0.000000000000000000 ) ) ;
#4326 = FACE_OUTER_BOUND ( 'NONE', #8397, .T. ) ;
#4327 = DIRECTION ( 'NONE',  ( 1.000000000000000000, 0.000000000000000000, 0.000000000000000000 ) ) ;
#4328 = CIRCLE ( 'NONE', #5746, 0.7500000000000006661 ) ;
#4329 = EDGE_CURVE ( 'NONE', #2740, #1599, #6388, .T. ) ;
#4330 = PLANE ( 'NONE',  #3772 ) ;
#4331 = ORIENTED_EDGE ( 'NONE', *, *, #8930, .T. ) ;
#4332 = CARTESIAN_POINT ( 'NONE',  ( 4.999999999999993783, 12.93891149740486668, 0.000000000000000000 ) ) ;
#4333 = DIRECTION ( 'NONE',  ( -0.000000000000000000, -0.000000000000000000, 1.000000000000000000 ) ) ;
#4334 = EDGE_LOOP ( 'NONE', ( #7574, #443 ) ) ;
#4335 = DIRECTION ( 'NONE',  ( -0.000000000000000000, 0.000000000000000000, 1.000000000000000000 ) ) ;
#4336 = DIRECTION ( 'NONE',  ( -0.000000000000000000, 0.000000000000000000, 1.000000000000000000 ) ) ;
#4337 = EDGE_CURVE ( 'NONE', #705, #9650, #1713, .T. ) ;
#4338 = EDGE_CURVE ( 'NONE', #2689, #2970, #7964, .T. ) ;
#4339 = DIRECTION ( 'NONE',  ( 1.000000000000000000, 0.000000000000000000, 0.000000000000000000 ) ) ;
#4340 = ORIENTED_EDGE ( 'NONE', *, *, #7870, .F. ) ;
#4341 = DIRECTION ( 'NONE',  ( 0.000000000000000000, -0.000000000000000000, -1.000000000000000000 ) ) ;
#4342 = FACE_BOUND ( 'NONE', #2111, .T. ) ;
#4343 = ORIENTED_EDGE ( 'NONE', *, *, #1516, .T. ) ;
#4344 = ORIENTED_EDGE ( 'NONE', *, *, #3177, .F. ) ;
#4345 = CARTESIAN_POINT ( 'NONE',  ( -1.250000000000006439, 12.93891149740486668, 1.000000000000000000 ) ) ;
#4346 = DIRECTION ( 'NONE',  ( -0.000000000000000000, -0.000000000000000000, 1.000000000000000000 ) ) ;
#4347 = ORIENTED_EDGE ( 'NONE', *, *, #4633, .T. ) ;
#4348 = CARTESIAN_POINT ( 'NONE',  ( -13.24999999999977973, -9.061088502595131544, 0.000000000000000000 ) ) ;
#4349 = ADVANCED_FACE ( 'NONE', ( #3206 ), #8537, .F. ) ;
#4350 = CARTESIAN_POINT ( 'NONE',  ( -12.49999999999998757, 10.93891149740486668, 0.000000000000000000 ) ) ;
#4351 = ORIENTED_EDGE ( 'NONE', *, *, #8457, .T. ) ;
#4352 = CARTESIAN_POINT ( 'NONE',  ( -4.749999999999944045, 6.938911497404866680, 1.000000000000000000 ) ) ;
#4353 = DIRECTION ( 'NONE',  ( -0.000000000000000000, 1.000000000000000000, -0.000000000000000000 ) ) ;
#4354 = ORIENTED_EDGE ( 'NONE', *, *, #2001, .F. ) ;
#4355 = EDGE_LOOP ( 'NONE', ( #7917, #5666, #3376, #6485 ) ) ;
#4356 = EDGE_LOOP ( 'NONE', ( #8800, #9264 ) ) ;
#4357 = DIRECTION ( 'NONE',  ( -0.000000000000000000, -0.000000000000000000, 1.000000000000000000 ) ) ;
#4358 = EDGE_LOOP ( 'NONE', ( #4487, #2699 ) ) ;
#4359 = ADVANCED_FACE ( 'NONE', ( #2465 ), #276, .F. ) ;
#4360 = DIRECTION ( 'NONE',  ( -0.000000000000000000, -0.000000000000000000, 1.000000000000000000 ) ) ;
#4361 = EDGE_CURVE ( 'NONE', #2389, #1547, #5413, .T. ) ;
#4362 = DIRECTION ( 'NONE',  ( 0.000000000000000000, -0.000000000000000000, -1.000000000000000000 ) ) ;
#4363 = PRODUCT_DEFINITION_FORMATION_WITH_SPECIFIED_SOURCE ( 'ANY', '', #9198, .NOT_KNOWN. ) ;
#4364 = CARTESIAN_POINT ( 'NONE',  ( 1.500000000000200728, -7.061088502595134209, -3.000000000000000000 ) ) ;
#4365 = CARTESIAN_POINT ( 'NONE',  ( 12.00000000000026468, -13.06108850259513510, -3.000000000000000000 ) ) ;
#4366 = DIRECTION ( 'NONE',  ( -0.000000000000000000, -0.000000000000000000, 1.000000000000000000 ) ) ;
#4367 = ORIENTED_EDGE ( 'NONE', *, *, #5815, .T. ) ;
#4368 = FACE_OUTER_BOUND ( 'NONE', #6354, .T. ) ;
#4369 = EDGE_LOOP ( 'NONE', ( #8149, #5823 ) ) ;
#4370 = CYLINDRICAL_SURFACE ( 'NONE', #3639, 0.7500000000000006661 ) ;
#4371 = CARTESIAN_POINT ( 'NONE',  ( 11.25000000000017941, -5.061088502595135985, 0.000000000000000000 ) ) ;
#4372 = EDGE_LOOP ( 'NONE', ( #7940, #1672, #7406, #9536 ) ) ;
#4373 = DIRECTION ( 'NONE',  ( 1.000000000000000000, 0.000000000000000000, 0.000000000000000000 ) ) ;
#4374 = AXIS2_PLACEMENT_3D ( 'NONE', #5607, #6255, #1858 ) ;
#4375 = LINE ( 'NONE', #2959, #8242 ) ;
#4376 = EDGE_CURVE ( 'NONE', #5419, #860, #976, .T. ) ;
#4377 = ADVANCED_FACE ( 'NONE', ( #233 ), #4130, .F. ) ;
#4378 = AXIS2_PLACEMENT_3D ( 'NONE', #1854, #9412, #4852 ) ;
#4379 = CARTESIAN_POINT ( 'NONE',  ( -18.50000000000000355, -13.06108850259513332, -3.000000000000000000 ) ) ;
#4380 = ORIENTED_EDGE ( 'NONE', *, *, #3169, .T. ) ;
#4381 = CARTESIAN_POINT ( 'NONE',  ( -1.999999999999736433, -13.06108850259513510, -3.000000000000000000 ) ) ;
#4382 = FACE_BOUND ( 'NONE', #8502, .T. ) ;
#4383 = ORIENTED_EDGE ( 'NONE', *, *, #1203, .T. ) ;
#4384 = ORIENTED_EDGE ( 'NONE', *, *, #6296, .F. ) ;
#4385 = DIRECTION ( 'NONE',  ( -0.000000000000000000, -0.000000000000000000, 1.000000000000000000 ) ) ;
#4386 = DIRECTION ( 'NONE',  ( 1.000000000000000000, 0.000000000000000000, 0.000000000000000000 ) ) ;
#4387 = EDGE_CURVE ( 'NONE', #1644, #4108, #6547, .T. ) ;
#4388 = ADVANCED_FACE ( 'NONE', ( #9323 ), #2567, .F. ) ;
#4389 = VECTOR ( 'NONE', #837, 1000.000000000000000 ) ;
#4390 = EDGE_CURVE ( 'NONE', #2198, #7460, #9213, .T. ) ;
#4391 = ORIENTED_EDGE ( 'NONE', *, *, #3472, .T. ) ;
#4392 = CARTESIAN_POINT ( 'NONE',  ( 12.00000000000013856, -1.061088502595133765, -3.000000000000000000 ) ) ;
#4393 = VECTOR ( 'NONE', #7383, 1000.000000000000000 ) ;
#4394 = CARTESIAN_POINT ( 'NONE',  ( 8.500000000000138556, -1.061088502595133765, 1.000000000000000000 ) ) ;
#4395 = CARTESIAN_POINT ( 'NONE',  ( -2.749999999999861888, -1.061088502595133765, 1.000000000000000000 ) ) ;
#4396 = CYLINDRICAL_SURFACE ( 'NONE', #3481, 0.7999999999999986011 ) ;
#4397 = CARTESIAN_POINT ( 'NONE',  ( -8.999999999999944933, 6.938911497404866680, 0.000000000000000000 ) ) ;
#4398 = ADVANCED_FACE ( 'NONE', ( #7895 ), #3444, .F. ) ;
#4399 = ORIENTED_EDGE ( 'NONE', *, *, #1626, .T. ) ;
#4400 = AXIS2_PLACEMENT_3D ( 'NONE', #6582, #2782, #5020 ) ;
#4401 = ORIENTED_EDGE ( 'NONE', *, *, #7429, .F. ) ;
#4402 = LINE ( 'NONE', #8875, #3454 ) ;
#4403 = VERTEX_POINT ( 'NONE', #8881 ) ;
#4404 = CARTESIAN_POINT ( 'NONE',  ( 0.7500000000002627898, -13.06108850259513510, 1.000000000000000000 ) ) ;
#4405 = DIRECTION ( 'NONE',  ( -0.000000000000000000, -0.000000000000000000, 1.000000000000000000 ) ) ;
#4406 = DIRECTION ( 'NONE',  ( 1.000000000000000000, 0.000000000000000000, 0.000000000000000000 ) ) ;
#4407 = AXIS2_PLACEMENT_3D ( 'NONE', #583, #7225, #8112 ) ;
#4408 = DIRECTION ( 'NONE',  ( -1.000000000000000000, -0.000000000000000000, -0.000000000000000000 ) ) ;
#4409 = DIRECTION ( 'NONE',  ( 1.000000000000000000, 0.000000000000000000, 0.000000000000000000 ) ) ;
#4410 = AXIS2_PLACEMENT_3D ( 'NONE', #8724, #1311, #2839 ) ;
#4411 = DIRECTION ( 'NONE',  ( -0.000000000000000000, -0.000000000000000000, 1.000000000000000000 ) ) ;
#4412 = EDGE_CURVE ( 'NONE', #4260, #3874, #8594, .T. ) ;
#4413 = ADVANCED_FACE ( 'NONE', ( #5110 ), #2165, .F. ) ;
#4414 = VERTEX_POINT ( 'NONE', #618 ) ;
#4415 = CIRCLE ( 'NONE', #6959, 0.7500000000000006661 ) ;
#4416 = AXIS2_PLACEMENT_3D ( 'NONE', #2619, #8643, #4133 ) ;
#4417 = AXIS2_PLACEMENT_3D ( 'NONE', #5435, #8512, #3956 ) ;
#4418 = CARTESIAN_POINT ( 'NONE',  ( -4.749999999999819700, -5.061088502595135985, -3.000000000000000000 ) ) ;
#4419 = CYLINDRICAL_SURFACE ( 'NONE', #9655, 0.7500000000000006661 ) ;
#4420 = CARTESIAN_POINT ( 'NONE',  ( 8.500000000000222045, -9.061088502595131544, -3.000000000000000000 ) ) ;
#4421 = ORIENTED_EDGE ( 'NONE', *, *, #229, .F. ) ;
#4422 = CARTESIAN_POINT ( 'NONE',  ( -6.249999999999800160, -7.061088502595134209, 1.000000000000000000 ) ) ;
#4423 = VECTOR ( 'NONE', #9004, 1000.000000000000000 ) ;
#4424 = LINE ( 'NONE', #5125, #4 ) ;
#4425 = AXIS2_PLACEMENT_3D ( 'NONE', #1611, #7690, #4023 ) ;
#4426 = CIRCLE ( 'NONE', #7606, 0.7500000000000006661 ) ;
#4427 = AXIS2_PLACEMENT_3D ( 'NONE', #6968, #3363, #284 ) ;
#4428 = VERTEX_POINT ( 'NONE', #5906 ) ;
#4429 = LINE ( 'NONE', #4379, #8367 ) ;
#4430 = ORIENTED_EDGE ( 'NONE', *, *, #3037, .F. ) ;
#4431 = AXIS2_PLACEMENT_3D ( 'NONE', #2670, #4185, #5121 ) ;
#4432 = EDGE_CURVE ( 'NONE', #9127, #9014, #7490, .T. ) ;
#4433 = AXIS2_PLACEMENT_3D ( 'NONE', #3838, #733, #6868 ) ;
#4434 = CARTESIAN_POINT ( 'NONE',  ( -20.00000000000000000, 15.00000000000000178, 1.000000000000000000 ) ) ;
#4435 = FACE_BOUND ( 'NONE', #9583, .T. ) ;
#4436 = ORIENTED_EDGE ( 'NONE', *, *, #1245, .T. ) ;
#4437 = ORIENTED_EDGE ( 'NONE', *, *, #4188, .F. ) ;
#4438 = DIRECTION ( 'NONE',  ( -0.000000000000000000, 0.000000000000000000, 1.000000000000000000 ) ) ;
#4439 = CARTESIAN_POINT ( 'NONE',  ( 9.250000000000223821, -9.061088502595131544, -3.000000000000000000 ) ) ;
#4440 = VECTOR ( 'NONE', #433, 1000.000000000000000 ) ;
#4441 = AXIS2_PLACEMENT_3D ( 'NONE', #3552, #2132, #8051 ) ;
#4442 = VERTEX_POINT ( 'NONE', #7311 ) ;
#4443 = EDGE_LOOP ( 'NONE', ( #8109, #3889 ) ) ;
#4444 = CIRCLE ( 'NONE', #5387, 0.7500000000000006661 ) ;
#4445 = DIRECTION ( 'NONE',  ( 1.000000000000000000, 0.000000000000000000, 0.000000000000000000 ) ) ;
#4446 = EDGE_CURVE ( 'NONE', #352, #9682, #1342, .T. ) ;
#4447 = CARTESIAN_POINT ( 'NONE',  ( 4.250000000000014211, 10.93891149740486668, -3.000000000000000000 ) ) ;
#4448 = CIRCLE ( 'NONE', #3520, 0.7500000000000006661 ) ;
#4449 = FACE_OUTER_BOUND ( 'NONE', #4678, .T. ) ;
#4450 = DIRECTION ( 'NONE',  ( 0.000000000000000000, -0.000000000000000000, -1.000000000000000000 ) ) ;
#4451 = ORIENTED_EDGE ( 'NONE', *, *, #760, .F. ) ;
#4452 = CARTESIAN_POINT ( 'NONE',  ( 2.250000000000222489, -9.061088502595131544, -3.000000000000000000 ) ) ;
#4453 = LINE ( 'NONE', #1398, #5723 ) ;
#4454 = ORIENTED_EDGE ( 'NONE', *, *, #5523, .F. ) ;
#4455 = AXIS2_PLACEMENT_3D ( 'NONE', #3825, #8434, #9215 ) ;
#4456 = VERTEX_POINT ( 'NONE', #8186 ) ;
#4457 = EDGE_LOOP ( 'NONE', ( #8011, #6810, #8859, #15 ) ) ;
#4458 = VERTEX_POINT ( 'NONE', #3493 ) ;
#4459 = CIRCLE ( 'NONE', #6688, 0.7500000000000006661 ) ;
#4460 = FACE_BOUND ( 'NONE', #5901, .T. ) ;
#4461 = EDGE_CURVE ( 'NONE', #3217, #5131, #3848, .T. ) ;
#4462 = ORIENTED_EDGE ( 'NONE', *, *, #3616, .F. ) ;
#4463 = AXIS2_PLACEMENT_3D ( 'NONE', #6910, #3835, #2466 ) ;
#4464 = DIRECTION ( 'NONE',  ( -0.000000000000000000, -0.000000000000000000, 1.000000000000000000 ) ) ;
#4465 = CARTESIAN_POINT ( 'NONE',  ( -8.249999999999758415, -11.06108850259513332, 1.000000000000000000 ) ) ;
#4466 = CARTESIAN_POINT ( 'NONE',  ( -9.749999999999966249, 8.938911497404866680, -3.000000000000000000 ) ) ;
#4467 = VECTOR ( 'NONE', #4837, 1000.000000000000000 ) ;
#4468 = CARTESIAN_POINT ( 'NONE',  ( 8.500000000000119016, 0.9389114974048661244, -3.000000000000000000 ) ) ;
#4469 = DIRECTION ( 'NONE',  ( 1.000000000000000000, 0.000000000000000000, 0.000000000000000000 ) ) ;
#4470 = CARTESIAN_POINT ( 'NONE',  ( -8.999999999999861444, -1.061088502595133765, -3.000000000000000000 ) ) ;
#4471 = ORIENTED_EDGE ( 'NONE', *, *, #8447, .F. ) ;
#4472 = AXIS2_PLACEMENT_3D ( 'NONE', #7749, #8685, #5611 ) ;
#4473 = ORIENTED_EDGE ( 'NONE', *, *, #2688, .F. ) ;
#4474 = DIRECTION ( 'NONE',  ( 1.000000000000000000, 0.000000000000000000, 0.000000000000000000 ) ) ;
#4475 = DIRECTION ( 'NONE',  ( -1.334402673828313339E-16, 1.000000000000000000, -0.000000000000000000 ) ) ;
#4476 = CARTESIAN_POINT ( 'NONE',  ( -28.50000000000000711, -11.00000000000000178, 7.000000000000000000 ) ) ;
#4477 = ORIENTED_EDGE ( 'NONE', *, *, #2790, .F. ) ;
#4478 = EDGE_CURVE ( 'NONE', #9520, #3685, #7214, .T. ) ;
#4479 = DIRECTION ( 'NONE',  ( 1.000000000000000000, 0.000000000000000000, 0.000000000000000000 ) ) ;
#4481 = CARTESIAN_POINT ( 'NONE',  ( -1.999999999999736433, -13.06108850259513510, 0.000000000000000000 ) ) ;
#4480 = VECTOR ( 'NONE', #6092, 1000.000000000000000 ) ;
#4482 = EDGE_LOOP ( 'NONE', ( #3727, #6181 ) ) ;
#4483 = DIRECTION ( 'NONE',  ( -0.000000000000000000, -0.000000000000000000, 1.000000000000000000 ) ) ;
#4484 = VERTEX_POINT ( 'NONE', #4177 ) ;
#4485 = CARTESIAN_POINT ( 'NONE',  ( 5.000000000000222933, -9.061088502595131544, -3.000000000000000000 ) ) ;
#4486 = CARTESIAN_POINT ( 'NONE',  ( 11.25000000000013856, -1.061088502595133765, 1.000000000000000000 ) ) ;
#4487 = ORIENTED_EDGE ( 'NONE', *, *, #2932, .T. ) ;
#4488 = EDGE_CURVE ( 'NONE', #5367, #5963, #1975, .T. ) ;
#4489 = ORIENTED_EDGE ( 'NONE', *, *, #4536, .F. ) ;
#4490 = LINE ( 'NONE', #2289, #9693 ) ;
#4491 = AXIS2_PLACEMENT_3D ( 'NONE', #8919, #2155, #9103 ) ;
#4492 = DIRECTION ( 'NONE',  ( 1.000000000000000000, 0.000000000000000000, 0.000000000000000000 ) ) ;
#4493 = ADVANCED_FACE ( 'NONE', ( #8785 ), #2015, .F. ) ;
#4494 = VERTEX_POINT ( 'NONE', #6518 ) ;
#4495 = CARTESIAN_POINT ( 'NONE',  ( -11.74999999999975664, -11.06108850259513332, -3.000000000000000000 ) ) ;
#4496 = DIRECTION ( 'NONE',  ( 1.000000000000000000, 0.000000000000000000, 0.000000000000000000 ) ) ;
#4497 = ORIENTED_EDGE ( 'NONE', *, *, #7529, .F. ) ;
#4498 = DIRECTION ( 'NONE',  ( 1.000000000000000000, 0.000000000000000000, 0.000000000000000000 ) ) ;
#4499 = DIRECTION ( 'NONE',  ( 1.000000000000000000, 0.000000000000000000, 0.000000000000000000 ) ) ;
#4500 = CARTESIAN_POINT ( 'NONE',  ( -5.499999999999757527, -11.06108850259513332, 1.000000000000000000 ) ) ;
#4501 = VERTEX_POINT ( 'NONE', #7255 ) ;
#4502 = EDGE_CURVE ( 'NONE', #615, #2673, #7347, .T. ) ;
#4503 = ORIENTED_EDGE ( 'NONE', *, *, #1746, .F. ) ;
#4504 = FACE_BOUND ( 'NONE', #1998, .T. ) ;
#4505 = ORIENTED_EDGE ( 'NONE', *, *, #6674, .F. ) ;
#4506 = FACE_OUTER_BOUND ( 'NONE', #710, .T. ) ;
#4507 = CARTESIAN_POINT ( 'NONE',  ( -11.74999999999986144, -1.061088502595133765, 0.000000000000000000 ) ) ;
#4508 = DIRECTION ( 'NONE',  ( 1.000000000000000000, 0.000000000000000000, 0.000000000000000000 ) ) ;
#4509 = CARTESIAN_POINT ( 'NONE',  ( 9.250000000000243361, -11.06108850259513332, 0.000000000000000000 ) ) ;
#4510 = DIRECTION ( 'NONE',  ( 1.000000000000000000, 0.000000000000000000, 0.000000000000000000 ) ) ;
#4511 = CYLINDRICAL_SURFACE ( 'NONE', #7763, 0.7500000000000006661 ) ;
#4512 = ADVANCED_FACE ( 'NONE', ( #2715 ), #7359, .F. ) ;
#4513 = EDGE_CURVE ( 'NONE', #7782, #7629, #5855, .T. ) ;
#4514 = ADVANCED_FACE ( 'NONE', ( #3546 ), #7399, .T. ) ;
#4515 = ORIENTED_EDGE ( 'NONE', *, *, #3578, .T. ) ;
#4516 = ORIENTED_EDGE ( 'NONE', *, *, #4561, .T. ) ;
#4517 = DIRECTION ( 'NONE',  ( -0.000000000000000000, 0.000000000000000000, 1.000000000000000000 ) ) ;
#4518 = LINE ( 'NONE', #6009, #8718 ) ;
#4519 = DIRECTION ( 'NONE',  ( 0.000000000000000000, -0.000000000000000000, -1.000000000000000000 ) ) ;
#4520 = VERTEX_POINT ( 'NONE', #8096 ) ;
#4521 = DIRECTION ( 'NONE',  ( -1.000000000000000000, 8.673617379884027583E-16, 0.000000000000000000 ) ) ;
#4522 = CARTESIAN_POINT ( 'NONE',  ( 4.250000000000222045, -9.061088502595131544, 1.000000000000000000 ) ) ;
#4523 = ORIENTED_EDGE ( 'NONE', *, *, #8789, .T. ) ;
#4524 = ORIENTED_EDGE ( 'NONE', *, *, #1301, .F. ) ;
#4525 = CARTESIAN_POINT ( 'NONE',  ( -19.99999999999999645, -15.00000000000000000, 1.000000000000000000 ) ) ;
#4526 = VERTEX_POINT ( 'NONE', #3628 ) ;
#4527 = CARTESIAN_POINT ( 'NONE',  ( -8.250000000000007105, 12.93891149740486668, 1.000000000000000000 ) ) ;
#4528 = DIRECTION ( 'NONE',  ( 1.000000000000000000, 0.000000000000000000, 0.000000000000000000 ) ) ;
#4529 = VERTEX_POINT ( 'NONE', #1326 ) ;
#4530 = ORIENTED_EDGE ( 'NONE', *, *, #9219, .T. ) ;
#4531 = LINE ( 'NONE', #6027, #5741 ) ;
#4532 = DIRECTION ( 'NONE',  ( 1.000000000000000000, 0.000000000000000000, 0.000000000000000000 ) ) ;
#4533 = AXIS2_PLACEMENT_3D ( 'NONE', #3980, #228, #1117 ) ;
#4534 = ADVANCED_FACE ( 'NONE', ( #7996 ), #573, .F. ) ;
#4535 = EDGE_LOOP ( 'NONE', ( #7967, #6386, #6161, #3931 ) ) ;
#4536 = EDGE_CURVE ( 'NONE', #407, #5628, #8603, .T. ) ;
#4537 = DIRECTION ( 'NONE',  ( 1.000000000000000000, 0.000000000000000000, 0.000000000000000000 ) ) ;
#4538 = CARTESIAN_POINT ( 'NONE',  ( -8.249999999999777955, -9.061088502595131544, -3.000000000000000000 ) ) ;
#4539 = ORIENTED_EDGE ( 'NONE', *, *, #1581, .T. ) ;
#4540 = DIRECTION ( 'NONE',  ( -1.000000000000000000, -1.334402673828313093E-16, 0.000000000000000000 ) ) ;
#4541 = AXIS2_PLACEMENT_3D ( 'NONE', #1169, #7800, #7943 ) ;
#4542 = CARTESIAN_POINT ( 'NONE',  ( -20.00000000000000000, 15.00000000000000178, 1.000000000000000000 ) ) ;
#4543 = DIRECTION ( 'NONE',  ( 1.000000000000000000, 0.000000000000000000, 0.000000000000000000 ) ) ;
#4544 = VERTEX_POINT ( 'NONE', #4509 ) ;
#4545 = ORIENTED_EDGE ( 'NONE', *, *, #316, .F. ) ;
#4546 = FACE_BOUND ( 'NONE', #4482, .T. ) ;
#4547 = ORIENTED_EDGE ( 'NONE', *, *, #4337, .F. ) ;
#4548 = DIRECTION ( 'NONE',  ( 0.000000000000000000, -0.000000000000000000, -1.000000000000000000 ) ) ;
#4549 = EDGE_CURVE ( 'NONE', #45, #8921, #763, .T. ) ;
#4550 = FACE_OUTER_BOUND ( 'NONE', #2519, .T. ) ;
#4551 = LINE ( 'NONE', #74, #675 ) ;
#4552 = CARTESIAN_POINT ( 'NONE',  ( 12.00000000000003553, 8.938911497404866680, 0.000000000000000000 ) ) ;
#4553 = CARTESIAN_POINT ( 'NONE',  ( -26.49999999999999645, 13.00000000000000711, 2.000000000000000000 ) ) ;
#4554 = AXIS2_PLACEMENT_3D ( 'NONE', #7032, #245, #3270 ) ;
#4555 = CARTESIAN_POINT ( 'NONE',  ( 12.00000000000011902, 0.9389114974048661244, 1.000000000000000000 ) ) ;
#4556 = ORIENTED_EDGE ( 'NONE', *, *, #3258, .F. ) ;
#4557 = VERTEX_POINT ( 'NONE', #8330 ) ;
#4558 = VECTOR ( 'NONE', #7706, 1000.000000000000000 ) ;
#4559 = DIRECTION ( 'NONE',  ( 0.000000000000000000, -0.000000000000000000, -1.000000000000000000 ) ) ;
#4560 = EDGE_CURVE ( 'NONE', #5132, #2253, #6553, .T. ) ;
#4561 = EDGE_CURVE ( 'NONE', #3359, #4764, #7449, .T. ) ;
#4562 = LINE ( 'NONE', #773, #3808 ) ;
#4563 = DIRECTION ( 'NONE',  ( 1.000000000000000000, 0.000000000000000000, 0.000000000000000000 ) ) ;
#4564 = EDGE_LOOP ( 'NONE', ( #5329, #5019, #8302, #9031 ) ) ;
#4565 = DIRECTION ( 'NONE',  ( 1.000000000000000000, 0.000000000000000000, 0.000000000000000000 ) ) ;
#4566 = CARTESIAN_POINT ( 'NONE',  ( -12.49999999999998757, 10.93891149740486668, -3.000000000000000000 ) ) ;
#4567 = CIRCLE ( 'NONE', #6318, 0.7500000000000006661 ) ;
#4568 = AXIS2_PLACEMENT_3D ( 'NONE', #1754, #4757, #7792 ) ;
#4569 = LINE ( 'NONE', #5647, #5812 ) ;
#4570 = VERTEX_POINT ( 'NONE', #719 ) ;
#4571 = ORIENTED_EDGE ( 'NONE', *, *, #5352, .F. ) ;
#4572 = LINE ( 'NONE', #3065, #2843 ) ;
#4573 = ORIENTED_EDGE ( 'NONE', *, *, #1949, .F. ) ;
#4574 = AXIS2_PLACEMENT_3D ( 'NONE', #3146, #4029, #6152 ) ;
#4575 = EDGE_CURVE ( 'NONE', #2594, #9093, #3047, .T. ) ;
#4576 = CYLINDRICAL_SURFACE ( 'NONE', #4118, 0.7500000000000006661 ) ;
#4577 = CIRCLE ( 'NONE', #6655, 0.7500000000000006661 ) ;
#4578 = DIRECTION ( 'NONE',  ( -0.000000000000000000, -0.000000000000000000, 1.000000000000000000 ) ) ;
#4579 = VERTEX_POINT ( 'NONE', #1554 ) ;
#4580 = AXIS2_PLACEMENT_3D ( 'NONE', #6094, #9116, #2353 ) ;
#4581 = VERTEX_POINT ( 'NONE', #9114 ) ;
#4582 = LINE ( 'NONE', #1987, #343 ) ;
#4583 = AXIS2_PLACEMENT_3D ( 'NONE', #8429, #4605, #7047 ) ;
#4584 = VECTOR ( 'NONE', #9336, 1000.000000000000000 ) ;
#4585 = ORIENTED_EDGE ( 'NONE', *, *, #1895, .T. ) ;
#4586 = AXIS2_PLACEMENT_3D ( 'NONE', #2472, #5571, #5464 ) ;
#4587 = DIRECTION ( 'NONE',  ( 1.000000000000000000, 0.000000000000000000, 0.000000000000000000 ) ) ;
#4588 = DIRECTION ( 'NONE',  ( -1.000000000000000000, -0.000000000000000000, -0.000000000000000000 ) ) ;
#4589 = EDGE_CURVE ( 'NONE', #7894, #5593, #9390, .T. ) ;
#4590 = ORIENTED_EDGE ( 'NONE', *, *, #8842, .F. ) ;
#4591 = CARTESIAN_POINT ( 'NONE',  ( -12.49999999999984190, -3.061088502595133765, 1.000000000000000000 ) ) ;
#4592 = CIRCLE ( 'NONE', #6486, 0.7500000000000006661 ) ;
#4593 = ADVANCED_FACE ( 'NONE', ( #5396 ), #27, .F. ) ;
#4594 = EDGE_CURVE ( 'NONE', #6872, #4484, #4608, .T. ) ;
#4595 = CIRCLE ( 'NONE', #6031, 0.7999999999999986011 ) ;
#4596 = DIRECTION ( 'NONE',  ( -0.000000000000000000, -0.000000000000000000, 1.000000000000000000 ) ) ;
#4597 = CYLINDRICAL_SURFACE ( 'NONE', #8688, 0.7500000000000006661 ) ;
#4598 = ORIENTED_EDGE ( 'NONE', *, *, #8702, .T. ) ;
#4599 = AXIS2_PLACEMENT_3D ( 'NONE', #4131, #8786, #4915 ) ;
#4600 = ORIENTED_EDGE ( 'NONE', *, *, #5402, .T. ) ;
#4601 = FACE_BOUND ( 'NONE', #2695, .T. ) ;
#4602 = CIRCLE ( 'NONE', #8102, 0.7500000000000006661 ) ;
#4603 = VERTEX_POINT ( 'NONE', #3682 ) ;
#4604 = FACE_OUTER_BOUND ( 'NONE', #6176, .T. ) ;
#4605 = DIRECTION ( 'NONE',  ( -0.000000000000000000, 0.000000000000000000, 1.000000000000000000 ) ) ;
#4606 = FACE_OUTER_BOUND ( 'NONE', #8391, .T. ) ;
#4607 = CIRCLE ( 'NONE', #7002, 0.7500000000000006661 ) ;
#4608 = LINE ( 'NONE', #6709, #8133 ) ;
#4609 = CARTESIAN_POINT ( 'NONE',  ( -1.999999999999861222, -1.061088502595133765, 1.000000000000000000 ) ) ;
#4610 = CARTESIAN_POINT ( 'NONE',  ( 0.7500000000002211564, -9.061088502595131544, 0.000000000000000000 ) ) ;
#4611 = CIRCLE ( 'NONE', #6996, 0.7500000000000006661 ) ;
#4613 = ORIENTED_EDGE ( 'NONE', *, *, #1895, .F. ) ;
#4612 = EDGE_CURVE ( 'NONE', #2150, #2423, #4800, .T. ) ;
#4614 = EDGE_LOOP ( 'NONE', ( #4331, #2995 ) ) ;
#4615 = DIRECTION ( 'NONE',  ( -0.000000000000000000, -0.000000000000000000, -1.000000000000000000 ) ) ;
#4616 = CIRCLE ( 'NONE', #854, 0.7500000000000006661 ) ;
#4617 = CARTESIAN_POINT ( 'NONE',  ( 11.24999999999999289, 12.93891149740486668, 1.000000000000000000 ) ) ;
#4618 = CARTESIAN_POINT ( 'NONE',  ( -1.250000000000006439, 12.93891149740486668, -3.000000000000000000 ) ) ;
#4619 = ORIENTED_EDGE ( 'NONE', *, *, #7942, .T. ) ;
#4620 = DIRECTION ( 'NONE',  ( -0.000000000000000000, -0.000000000000000000, 1.000000000000000000 ) ) ;
#4621 = DIRECTION ( 'NONE',  ( 1.000000000000000000, 0.000000000000000000, 0.000000000000000000 ) ) ;
#4622 = ADVANCED_FACE ( 'NONE', ( #9750 ), #5254, .F. ) ;
#4623 = EDGE_LOOP ( 'NONE', ( #2486, #3347 ) ) ;
#4624 = ORIENTED_EDGE ( 'NONE', *, *, #4078, .F. ) ;
#4625 = CARTESIAN_POINT ( 'NONE',  ( 30.50000000000000711, 13.00000000000000178, 2.000000000000000000 ) ) ;
#4626 = ORIENTED_EDGE ( 'NONE', *, *, #7321, .F. ) ;
#4627 = DIRECTION ( 'NONE',  ( -0.000000000000000000, 0.000000000000000000, 1.000000000000000000 ) ) ;
#4628 = CYLINDRICAL_SURFACE ( 'NONE', #4754, 0.7500000000000006661 ) ;
#4629 = ORIENTED_EDGE ( 'NONE', *, *, #8640, .F. ) ;
#4630 = AXIS2_PLACEMENT_3D ( 'NONE', #2905, #1267, #6461 ) ;
#4631 = ORIENTED_EDGE ( 'NONE', *, *, #8419, .T. ) ;
#4632 = DIRECTION ( 'NONE',  ( 1.000000000000000000, 0.000000000000000000, 0.000000000000000000 ) ) ;
#4633 = EDGE_CURVE ( 'NONE', #7629, #3240, #5589, .T. ) ;
#4634 = EDGE_CURVE ( 'NONE', #7028, #2786, #4328, .T. ) ;
#4635 = VERTEX_POINT ( 'NONE', #75 ) ;
#4636 = DIRECTION ( 'NONE',  ( 1.000000000000000000, 0.000000000000000000, 0.000000000000000000 ) ) ;
#4637 = ORIENTED_EDGE ( 'NONE', *, *, #6578, .F. ) ;
#4638 = DIRECTION ( 'NONE',  ( -0.000000000000000000, -0.000000000000000000, 1.000000000000000000 ) ) ;
#4639 = ORIENTED_EDGE ( 'NONE', *, *, #9755, .F. ) ;
#4640 = ORIENTED_EDGE ( 'NONE', *, *, #7393, .F. ) ;
#4641 = DIRECTION ( 'NONE',  ( 1.000000000000000000, 0.000000000000000000, 0.000000000000000000 ) ) ;
#4642 = DIRECTION ( 'NONE',  ( -0.000000000000000000, -0.000000000000000000, 1.000000000000000000 ) ) ;
#4643 = DIRECTION ( 'NONE',  ( -0.000000000000000000, -0.000000000000000000, 1.000000000000000000 ) ) ;
#4644 = ORIENTED_EDGE ( 'NONE', *, *, #2303, .T. ) ;
#4645 = ORIENTED_EDGE ( 'NONE', *, *, #5816, .T. ) ;
#4646 = FACE_BOUND ( 'NONE', #5790, .T. ) ;
#4647 = EDGE_CURVE ( 'NONE', #5245, #8136, #2140, .T. ) ;
#4648 = ORIENTED_EDGE ( 'NONE', *, *, #7836, .T. ) ;
#4649 = FACE_BOUND ( 'NONE', #8341, .T. ) ;
#4650 = FACE_OUTER_BOUND ( 'NONE', #6529, .T. ) ;
#4651 = CYLINDRICAL_SURFACE ( 'NONE', #2589, 0.7500000000000006661 ) ;
#4652 = DIRECTION ( 'NONE',  ( -0.000000000000000000, -0.000000000000000000, 1.000000000000000000 ) ) ;
#4653 = FACE_OUTER_BOUND ( 'NONE', #7083, .T. ) ;
#4654 = DIRECTION ( 'NONE',  ( 1.000000000000000000, 0.000000000000000000, 0.000000000000000000 ) ) ;
#4655 = ORIENTED_EDGE ( 'NONE', *, *, #3412, .T. ) ;
#4656 = EDGE_CURVE ( 'NONE', #6753, #9244, #5113, .T. ) ;
#4657 = EDGE_CURVE ( 'NONE', #7021, #6615, #5997, .T. ) ;
#4658 = ORIENTED_EDGE ( 'NONE', *, *, #5122, .T. ) ;
#4659 = CARTESIAN_POINT ( 'NONE',  ( -1.999999999999882094, 0.9389114974048661244, 1.000000000000000000 ) ) ;
#4660 = DIRECTION ( 'NONE',  ( 1.000000000000000000, 0.000000000000000000, 0.000000000000000000 ) ) ;
#4661 = LINE ( 'NONE', #5346, #2076 ) ;
#4662 = FACE_OUTER_BOUND ( 'NONE', #3847, .T. ) ;
#4663 = VERTEX_POINT ( 'NONE', #7499 ) ;
#4664 = CYLINDRICAL_SURFACE ( 'NONE', #5570, 0.7500000000000006661 ) ;
#4665 = CARTESIAN_POINT ( 'NONE',  ( 11.25000000000009592, 2.938911497404866235, 0.000000000000000000 ) ) ;
#4666 = ORIENTED_EDGE ( 'NONE', *, *, #1847, .F. ) ;
#4667 = VERTEX_POINT ( 'NONE', #3869 ) ;
#4668 = CARTESIAN_POINT ( 'NONE',  ( -6.249999999999883649, 0.9389114974048662354, 0.000000000000000000 ) ) ;
#4669 = VERTEX_POINT ( 'NONE', #9023 ) ;
#4670 = CARTESIAN_POINT ( 'NONE',  ( -9.749999999999841904, -3.061088502595133765, 1.000000000000000000 ) ) ;
#4671 = FACE_BOUND ( 'NONE', #4031, .T. ) ;
#4672 = ORIENTED_EDGE ( 'NONE', *, *, #863, .T. ) ;
#4673 = ADVANCED_FACE ( 'NONE', ( #6899 ), #116, .F. ) ;
#4674 = ORIENTED_EDGE ( 'NONE', *, *, #9349, .T. ) ;
#4675 = VECTOR ( 'NONE', #411, 1000.000000000000000 ) ;
#4676 = CARTESIAN_POINT ( 'NONE',  ( -9.749999999999820588, -5.061088502595135985, 0.000000000000000000 ) ) ;
#4677 = ORIENTED_EDGE ( 'NONE', *, *, #874, .T. ) ;
#4678 = EDGE_LOOP ( 'NONE', ( #8922, #5645, #2395, #6925 ) ) ;
#4679 = CARTESIAN_POINT ( 'NONE',  ( 5.750000000000182077, -5.061088502595135985, 1.000000000000000000 ) ) ;
#4680 = EDGE_LOOP ( 'NONE', ( #403, #3932 ) ) ;
#4681 = LINE ( 'NONE', #3952, #1438 ) ;
#4682 = EDGE_LOOP ( 'NONE', ( #9394, #9676 ) ) ;
#4683 = EDGE_CURVE ( 'NONE', #80, #707, #1813, .T. ) ;
#4684 = EDGE_LOOP ( 'NONE', ( #4025, #6802 ) ) ;
#4685 = DIRECTION ( 'NONE',  ( -0.000000000000000000, -0.000000000000000000, 1.000000000000000000 ) ) ;
#4686 = EDGE_CURVE ( 'NONE', #3909, #3419, #3336, .T. ) ;
#4687 = CYLINDRICAL_SURFACE ( 'NONE', #166, 0.7500000000000006661 ) ;
#4688 = DIRECTION ( 'NONE',  ( -0.000000000000000000, -0.000000000000000000, 1.000000000000000000 ) ) ;
#4689 = AXIS2_PLACEMENT_3D ( 'NONE', #7355, #3440, #4856 ) ;
#4690 = ORIENTED_EDGE ( 'NONE', *, *, #4154, .F. ) ;
#4691 = ORIENTED_EDGE ( 'NONE', *, *, #237, .F. ) ;
#4692 = LINE ( 'NONE', #3183, #5486 ) ;
#4693 = ORIENTED_EDGE ( 'NONE', *, *, #5327, .T. ) ;
#4694 = CIRCLE ( 'NONE', #5646, 0.7500000000000006661 ) ;
#4695 = DIRECTION ( 'NONE',  ( -0.000000000000000000, -0.000000000000000000, 1.000000000000000000 ) ) ;
#4696 = DIRECTION ( 'NONE',  ( 1.000000000000000000, 0.000000000000000000, 0.000000000000000000 ) ) ;
#4697 = EDGE_CURVE ( 'NONE', #3685, #6594, #6867, .T. ) ;
#4698 = DIRECTION ( 'NONE',  ( 1.000000000000000000, 0.000000000000000000, 0.000000000000000000 ) ) ;
#4699 = DIRECTION ( 'NONE',  ( 1.000000000000000000, 0.000000000000000000, 0.000000000000000000 ) ) ;
#4700 = CYLINDRICAL_SURFACE ( 'NONE', #6360, 0.7999999999999986011 ) ;
#4701 = CARTESIAN_POINT ( 'NONE',  ( -12.49999999999977796, -9.061088502595131544, 1.000000000000000000 ) ) ;
#4702 = AXIS2_PLACEMENT_3D ( 'NONE', #853, #795, #6120 ) ;
#4703 = ORIENTED_EDGE ( 'NONE', *, *, #1783, .F. ) ;
#4704 = EDGE_LOOP ( 'NONE', ( #8877, #6567, #6026, #3513 ) ) ;
#4705 = DIRECTION ( 'NONE',  ( 1.000000000000000000, 0.000000000000000000, 0.000000000000000000 ) ) ;
#4706 = CARTESIAN_POINT ( 'NONE',  ( 12.75000000000007638, 4.938911497404866680, 0.000000000000000000 ) ) ;
#4707 = CYLINDRICAL_SURFACE ( 'NONE', #10, 0.7500000000000006661 ) ;
#4708 = CARTESIAN_POINT ( 'NONE',  ( -20.00000000000000000, 15.00000000000000178, 2.000000000000000000 ) ) ;
#4709 = CIRCLE ( 'NONE', #2368, 0.7500000000000006661 ) ;
#4710 = ORIENTED_EDGE ( 'NONE', *, *, #7419, .F. ) ;
#4711 = DIRECTION ( 'NONE',  ( 0.000000000000000000, -1.000000000000000000, 0.000000000000000000 ) ) ;
#4712 = LINE ( 'NONE', #9272, #9370 ) ;
#4713 = EDGE_CURVE ( 'NONE', #6310, #4995, #7003, .T. ) ;
#4714 = EDGE_CURVE ( 'NONE', #4761, #1866, #6706, .T. ) ;
#4715 = FACE_OUTER_BOUND ( 'NONE', #6726, .T. ) ;
#4716 = VECTOR ( 'NONE', #7173, 1000.000000000000000 ) ;
#4717 = ORIENTED_EDGE ( 'NONE', *, *, #3675, .F. ) ;
#4718 = CARTESIAN_POINT ( 'NONE',  ( 5.000000000000035527, 8.938911497404866680, 1.000000000000000000 ) ) ;
#4719 = EDGE_LOOP ( 'NONE', ( #9290, #2654 ) ) ;
#4720 = DIRECTION ( 'NONE',  ( -0.000000000000000000, 0.000000000000000000, 1.000000000000000000 ) ) ;
#4721 = CARTESIAN_POINT ( 'NONE',  ( -5.499999999999737099, -13.06108850259513510, 1.000000000000000000 ) ) ;
#4722 = ORIENTED_EDGE ( 'NONE', *, *, #1670, .F. ) ;
#4723 = ORIENTED_EDGE ( 'NONE', *, *, #4060, .F. ) ;
#4724 = AXIS2_PLACEMENT_3D ( 'NONE', #5344, #8387, #1617 ) ;
#4725 = CIRCLE ( 'NONE', #660, 0.7500000000000006661 ) ;
#4726 = DIRECTION ( 'NONE',  ( 1.000000000000000000, 0.000000000000000000, 0.000000000000000000 ) ) ;
#4727 = VERTEX_POINT ( 'NONE', #4061 ) ;
#4728 = ORIENTED_EDGE ( 'NONE', *, *, #3770, .F. ) ;
#4729 = VECTOR ( 'NONE', #5707, 1000.000000000000000 ) ;
#4730 = ADVANCED_FACE ( 'NONE', ( #261 ), #9406, .F. ) ;
#4731 = CIRCLE ( 'NONE', #1281, 0.7500000000000006661 ) ;
#4732 = ORIENTED_EDGE ( 'NONE', *, *, #5280, .T. ) ;
#4733 = CARTESIAN_POINT ( 'NONE',  ( -27.70000000000000995, -11.00000000000000178, 7.000000000000000000 ) ) ;
#4734 = EDGE_LOOP ( 'NONE', ( #6512, #736, #294, #3290 ) ) ;
#4735 = AXIS2_PLACEMENT_3D ( 'NONE', #4863, #9421, #7167 ) ;
#4736 = VECTOR ( 'NONE', #3521, 1000.000000000000000 ) ;
#4737 = CARTESIAN_POINT ( 'NONE',  ( -6.249999999999737099, -13.06108850259513510, -3.000000000000000000 ) ) ;
#4738 = ORIENTED_EDGE ( 'NONE', *, *, #457, .F. ) ;
#4739 = ORIENTED_EDGE ( 'NONE', *, *, #8456, .F. ) ;
#4740 = DIRECTION ( 'NONE',  ( -0.000000000000000000, -0.000000000000000000, 1.000000000000000000 ) ) ;
#4741 = DIRECTION ( 'NONE',  ( 0.000000000000000000, -0.000000000000000000, -1.000000000000000000 ) ) ;
#4742 = AXIS2_PLACEMENT_3D ( 'NONE', #6090, #9111, #6941 ) ;
#4743 = CARTESIAN_POINT ( 'NONE',  ( 0.000000000000000000, 0.000000000000000000, 12.00000000000000000 ) ) ;
#4744 = VECTOR ( 'NONE', #6770, 1000.000000000000000 ) ;
#4745 = EDGE_LOOP ( 'NONE', ( #5043, #5750 ) ) ;
#4746 = CIRCLE ( 'NONE', #814, 0.7999999999999986011 ) ;
#4747 = AXIS2_PLACEMENT_3D ( 'NONE', #4872, #7911, #1140 ) ;
#4748 = ORIENTED_EDGE ( 'NONE', *, *, #3643, .T. ) ;
#4749 = ADVANCED_FACE ( 'NONE', ( #6290 ), #7093, .F. ) ;
#4750 = DIRECTION ( 'NONE',  ( 0.000000000000000000, 0.000000000000000000, 1.000000000000000000 ) ) ;
#4751 = ORIENTED_EDGE ( 'NONE', *, *, #9176, .T. ) ;
#4752 = AXIS2_PLACEMENT_3D ( 'NONE', #9576, #2817, #5810 ) ;
#4753 = CARTESIAN_POINT ( 'NONE',  ( -6.249999999999924505, 4.938911497404866680, 0.000000000000000000 ) ) ;
#4754 = AXIS2_PLACEMENT_3D ( 'NONE', #2373, #7560, #5223 ) ;
#4755 = CYLINDRICAL_SURFACE ( 'NONE', #1437, 0.7500000000000006661 ) ;
#4756 = FACE_OUTER_BOUND ( 'NONE', #1111, .T. ) ;
#4757 = DIRECTION ( 'NONE',  ( -0.000000000000000000, -0.000000000000000000, 1.000000000000000000 ) ) ;
#4758 = DIRECTION ( 'NONE',  ( 0.000000000000000000, -0.000000000000000000, -1.000000000000000000 ) ) ;
#4759 = CARTESIAN_POINT ( 'NONE',  ( 4.250000000000118128, 0.9389114974048662354, 0.000000000000000000 ) ) ;
#4760 = AXIS2_PLACEMENT_3D ( 'NONE', #8108, #5720, #6671 ) ;
#4761 = VERTEX_POINT ( 'NONE', #1701 ) ;
#4762 = EDGE_CURVE ( 'NONE', #8404, #5118, #6225, .T. ) ;
#4763 = DIRECTION ( 'NONE',  ( 1.000000000000000000, 0.000000000000000000, 0.000000000000000000 ) ) ;
#4764 = VERTEX_POINT ( 'NONE', #2645 ) ;
#4765 = CARTESIAN_POINT ( 'NONE',  ( -1.249999999999902522, 2.938911497404866235, 1.000000000000000000 ) ) ;
#4766 = AXIS2_PLACEMENT_3D ( 'NONE', #8831, #720, #6610 ) ;
#4767 = LINE ( 'NONE', #4027, #7551 ) ;
#4768 = CYLINDRICAL_SURFACE ( 'NONE', #8883, 0.7500000000000006661 ) ;
#4769 = DIRECTION ( 'NONE',  ( 1.000000000000000000, 0.000000000000000000, 0.000000000000000000 ) ) ;
#4770 = ORIENTED_EDGE ( 'NONE', *, *, #1204, .T. ) ;
#4771 = AXIS2_PLACEMENT_3D ( 'NONE', #4270, #3491, #1322 ) ;
#4772 = DIRECTION ( 'NONE',  ( 0.000000000000000000, -0.000000000000000000, -1.000000000000000000 ) ) ;
#4773 = DIRECTION ( 'NONE',  ( 1.000000000000000000, 0.000000000000000000, 0.000000000000000000 ) ) ;
#4774 = DIRECTION ( 'NONE',  ( 1.000000000000000000, 0.000000000000000000, 0.000000000000000000 ) ) ;
#4775 = VECTOR ( 'NONE', #2840, 1000.000000000000000 ) ;
#4776 = VECTOR ( 'NONE', #4020, 1000.000000000000000 ) ;
#4777 = EDGE_CURVE ( 'NONE', #3492, #7035, #2702, .T. ) ;
#4778 = EDGE_LOOP ( 'NONE', ( #470, #9701, #4958, #435 ) ) ;
#4779 = CARTESIAN_POINT ( 'NONE',  ( -12.49999999999988276, 0.9389114974048661244, 0.000000000000000000 ) ) ;
#4780 = ORIENTED_EDGE ( 'NONE', *, *, #1655, .T. ) ;
#4781 = ADVANCED_FACE ( 'NONE', ( #8522 ), #8577, .F. ) ;
#4782 = LINE ( 'NONE', #1038, #3509 ) ;
#4783 = DIRECTION ( 'NONE',  ( 1.000000000000000000, 0.000000000000000000, 0.000000000000000000 ) ) ;
#4784 = ORIENTED_EDGE ( 'NONE', *, *, #2146, .F. ) ;
#4785 = VECTOR ( 'NONE', #5306, 1000.000000000000000 ) ;
#4786 = EDGE_LOOP ( 'NONE', ( #1122, #551 ) ) ;
#4787 = AXIS2_PLACEMENT_3D ( 'NONE', #6279, #1738, #1645 ) ;
#4788 = DIRECTION ( 'NONE',  ( 1.000000000000000000, 0.000000000000000000, 0.000000000000000000 ) ) ;
#4789 = ORIENTED_EDGE ( 'NONE', *, *, #1626, .F. ) ;
#4790 = ORIENTED_EDGE ( 'NONE', *, *, #939, .T. ) ;
#4791 = FACE_OUTER_BOUND ( 'NONE', #8103, .T. ) ;
#4792 = ORIENTED_EDGE ( 'NONE', *, *, #9296, .T. ) ;
#4793 = AXIS2_PLACEMENT_3D ( 'NONE', #5133, #4438, #8854 ) ;
#4794 = DIRECTION ( 'NONE',  ( -0.000000000000000000, 0.000000000000000000, 1.000000000000000000 ) ) ;
#4795 = ORIENTED_EDGE ( 'NONE', *, *, #5692, .T. ) ;
#4796 = ORIENTED_EDGE ( 'NONE', *, *, #1505, .T. ) ;
#4797 = DIRECTION ( 'NONE',  ( 1.000000000000000000, 0.000000000000000000, 0.000000000000000000 ) ) ;
#4798 = CYLINDRICAL_SURFACE ( 'NONE', #5366, 0.7500000000000006661 ) ;
#4799 = EDGE_CURVE ( 'NONE', #4456, #528, #3972, .T. ) ;
#4800 = CIRCLE ( 'NONE', #9070, 0.7500000000000006661 ) ;
#4801 = ORIENTED_EDGE ( 'NONE', *, *, #7392, .F. ) ;
#4802 = DIRECTION ( 'NONE',  ( 1.000000000000000000, 0.000000000000000000, 0.000000000000000000 ) ) ;
#4803 = VERTEX_POINT ( 'NONE', #3191 ) ;
#4804 = FACE_BOUND ( 'NONE', #4684, .T. ) ;
#4805 = DIRECTION ( 'NONE',  ( 1.000000000000000000, 0.000000000000000000, 0.000000000000000000 ) ) ;
#4806 = CARTESIAN_POINT ( 'NONE',  ( 1.500000000000138334, -1.061088502595133765, -3.000000000000000000 ) ) ;
#4807 = DIRECTION ( 'NONE',  ( -0.000000000000000000, -0.000000000000000000, 1.000000000000000000 ) ) ;
#4808 = EDGE_CURVE ( 'NONE', #5963, #2672, #8379, .T. ) ;
#4809 = CARTESIAN_POINT ( 'NONE',  ( -12.49999999999982059, -5.061088502595135985, 0.000000000000000000 ) ) ;
#4810 = ADVANCED_FACE ( 'NONE', ( #6248 ), #7839, .F. ) ;
#4811 = LINE ( 'NONE', #9216, #5532 ) ;
#4812 = ORIENTED_EDGE ( 'NONE', *, *, #8570, .F. ) ;
#4813 = CARTESIAN_POINT ( 'NONE',  ( -29.30000000000000782, -11.00000000000000178, 7.000000000000000000 ) ) ;
#4814 = ORIENTED_EDGE ( 'NONE', *, *, #4390, .F. ) ;
#4815 = DIRECTION ( 'NONE',  ( 1.000000000000000000, 0.000000000000000000, 0.000000000000000000 ) ) ;
#4816 = DIRECTION ( 'NONE',  ( -0.000000000000000000, 0.000000000000000000, 1.000000000000000000 ) ) ;
#4817 = DIRECTION ( 'NONE',  ( 1.000000000000000000, 0.000000000000000000, 0.000000000000000000 ) ) ;
#4818 = DIRECTION ( 'NONE',  ( 1.000000000000000000, 0.000000000000000000, 0.000000000000000000 ) ) ;
#4819 = ORIENTED_EDGE ( 'NONE', *, *, #5590, .F. ) ;
#4820 = DIRECTION ( 'NONE',  ( 0.000000000000000000, -0.000000000000000000, -1.000000000000000000 ) ) ;
#4821 = EDGE_CURVE ( 'NONE', #565, #9637, #9631, .T. ) ;
#4822 = CARTESIAN_POINT ( 'NONE',  ( -11.74999999999992362, 4.938911497404866680, 1.000000000000000000 ) ) ;
#4823 = ADVANCED_FACE ( 'NONE', ( #7736 ), #5490, .F. ) ;
#4824 = CARTESIAN_POINT ( 'NONE',  ( 0.7500000000001587619, -3.061088502595133765, 1.000000000000000000 ) ) ;
#4825 = ORIENTED_EDGE ( 'NONE', *, *, #8221, .F. ) ;
#4826 = LINE ( 'NONE', #8398, #4558 ) ;
#4827 = ORIENTED_EDGE ( 'NONE', *, *, #6016, .F. ) ;
#4828 = CARTESIAN_POINT ( 'NONE',  ( 28.49999999999999645, -11.00000000000000178, 7.000000000000000000 ) ) ;
#4829 = CARTESIAN_POINT ( 'NONE',  ( 0.7500000000000129896, 10.93891149740486668, -3.000000000000000000 ) ) ;
#4830 = ORIENTED_EDGE ( 'NONE', *, *, #585, .T. ) ;
#4831 = ORIENTED_EDGE ( 'NONE', *, *, #2687, .F. ) ;
#4832 = CARTESIAN_POINT ( 'NONE',  ( -1.249999999999881650, 0.9389114974048661244, 0.000000000000000000 ) ) ;
#4833 = DIRECTION ( 'NONE',  ( -0.000000000000000000, 0.000000000000000000, 1.000000000000000000 ) ) ;
#4834 = DIRECTION ( 'NONE',  ( -0.000000000000000000, -0.000000000000000000, 1.000000000000000000 ) ) ;
#4835 = ORIENTED_EDGE ( 'NONE', *, *, #1544, .T. ) ;
#4836 = EDGE_LOOP ( 'NONE', ( #5603, #8750, #5966, #9461 ) ) ;
#4837 = DIRECTION ( 'NONE',  ( -0.000000000000000000, -0.000000000000000000, 1.000000000000000000 ) ) ;
#4838 = DIRECTION ( 'NONE',  ( 1.000000000000000000, 0.000000000000000000, 0.000000000000000000 ) ) ;
#4839 = ADVANCED_FACE ( 'NONE', ( #1850 ), #4848, .F. ) ;
#4840 = EDGE_CURVE ( 'NONE', #4442, #2032, #7983, .T. ) ;
#4841 = AXIS2_PLACEMENT_3D ( 'NONE', #4394, #3664, #2102 ) ;
#4842 = ORIENTED_EDGE ( 'NONE', *, *, #722, .T. ) ;
#4843 = FACE_BOUND ( 'NONE', #2841, .T. ) ;
#4844 = ORIENTED_EDGE ( 'NONE', *, *, #2044, .F. ) ;
#4845 = FACE_BOUND ( 'NONE', #5426, .T. ) ;
#4846 = CARTESIAN_POINT ( 'NONE',  ( -8.999999999999882760, 0.9389114974048661244, 1.000000000000000000 ) ) ;
#4847 = CARTESIAN_POINT ( 'NONE',  ( -5.499999999999966249, 8.938911497404866680, 1.000000000000000000 ) ) ;
#4848 = CYLINDRICAL_SURFACE ( 'NONE', #6798, 0.7500000000000006661 ) ;
#4849 = DIRECTION ( 'NONE',  ( 1.000000000000000000, 0.000000000000000000, 0.000000000000000000 ) ) ;
#4850 = DIRECTION ( 'NONE',  ( 1.000000000000000000, 0.000000000000000000, 0.000000000000000000 ) ) ;
#4851 = EDGE_LOOP ( 'NONE', ( #6061, #5559 ) ) ;
#4852 = DIRECTION ( 'NONE',  ( 0.000000000000000000, -0.000000000000000000, 1.000000000000000000 ) ) ;
#4853 = EDGE_CURVE ( 'NONE', #4194, #7097, #1425, .T. ) ;
#4854 = ORIENTED_EDGE ( 'NONE', *, *, #9541, .T. ) ;
#4855 = CARTESIAN_POINT ( 'NONE',  ( 11.25000000000005507, 6.938911497404866680, -3.000000000000000000 ) ) ;
#4856 = DIRECTION ( 'NONE',  ( 1.000000000000000000, 0.000000000000000000, 0.000000000000000000 ) ) ;
#4857 = CARTESIAN_POINT ( 'NONE',  ( 12.75000000000022382, -9.061088502595131544, 0.000000000000000000 ) ) ;
#4858 = DIRECTION ( 'NONE',  ( 0.000000000000000000, -0.000000000000000000, -1.000000000000000000 ) ) ;
#4859 = ORIENTED_EDGE ( 'NONE', *, *, #8581, .T. ) ;
#4860 = DIRECTION ( 'NONE',  ( 1.000000000000000000, 0.000000000000000000, 0.000000000000000000 ) ) ;
#4861 = DIRECTION ( 'NONE',  ( 0.000000000000000000, 0.000000000000000000, 1.000000000000000000 ) ) ;
#4862 = VECTOR ( 'NONE', #1572, 1000.000000000000000 ) ;
#4863 = CARTESIAN_POINT ( 'NONE',  ( -12.49999999999977796, -9.061088502595131544, 1.000000000000000000 ) ) ;
#4864 = EDGE_CURVE ( 'NONE', #9742, #4727, #8027, .T. ) ;
#4865 = VECTOR ( 'NONE', #4159, 1000.000000000000000 ) ;
#4866 = DIRECTION ( 'NONE',  ( 1.000000000000000000, 0.000000000000000000, 0.000000000000000000 ) ) ;
#4867 = VERTEX_POINT ( 'NONE', #1897 ) ;
#4868 = CARTESIAN_POINT ( 'NONE',  ( 5.000000000000077272, 4.938911497404866680, 0.000000000000000000 ) ) ;
#4869 = CARTESIAN_POINT ( 'NONE',  ( 1.500000000000263345, -13.06108850259513510, 0.000000000000000000 ) ) ;
#4870 = ORIENTED_EDGE ( 'NONE', *, *, #953, .F. ) ;
#4871 = FACE_OUTER_BOUND ( 'NONE', #904, .T. ) ;
#4872 = CARTESIAN_POINT ( 'NONE',  ( -12.49999999999992362, 4.938911497404866680, 0.000000000000000000 ) ) ;
#4873 = VECTOR ( 'NONE', #9195, 1000.000000000000000 ) ;
#4874 = ORIENTED_EDGE ( 'NONE', *, *, #5816, .F. ) ;
#4875 = EDGE_CURVE ( 'NONE', #4764, #6872, #1251, .T. ) ;
#4876 = DIRECTION ( 'NONE',  ( -0.000000000000000000, -0.000000000000000000, 1.000000000000000000 ) ) ;
#4877 = ORIENTED_EDGE ( 'NONE', *, *, #9588, .F. ) ;
#4878 = CARTESIAN_POINT ( 'NONE',  ( 4.249999999999993783, 12.93891149740486668, 0.000000000000000000 ) ) ;
#4879 = AXIS2_PLACEMENT_3D ( 'NONE', #3933, #7814, #131 ) ;
#4880 = ORIENTED_EDGE ( 'NONE', *, *, #5842, .F. ) ;
#4881 = AXIS2_PLACEMENT_3D ( 'NONE', #7632, #6188, #9202 ) ;
#4883 = ORIENTED_EDGE ( 'NONE', *, *, #9296, .F. ) ;
#4882 = AXIS2_PLACEMENT_3D ( 'NONE', #6889, #2979, #1543 ) ;
#4884 = CARTESIAN_POINT ( 'NONE',  ( -8.999999999999799272, -7.061088502595134209, 1.000000000000000000 ) ) ;
#4885 = CARTESIAN_POINT ( 'NONE',  ( -6.249999999999987566, 10.93891149740486668, -3.000000000000000000 ) ) ;
#4886 = VERTEX_POINT ( 'NONE', #5642 ) ;
#4887 = CIRCLE ( 'NONE', #6496, 0.7500000000000006661 ) ;
#4888 = CARTESIAN_POINT ( 'NONE',  ( -9.000000000000007105, 12.93891149740486668, 0.000000000000000000 ) ) ;
#4889 = EDGE_LOOP ( 'NONE', ( #600, #6923 ) ) ;
#4890 = EDGE_CURVE ( 'NONE', #2894, #9231, #7936, .T. ) ;
#4891 = EDGE_CURVE ( 'NONE', #3271, #2198, #456, .T. ) ;
#4892 = CIRCLE ( 'NONE', #8542, 0.7500000000000006661 ) ;
#4893 = LINE ( 'NONE', #7934, #4675 ) ;
#4894 = CARTESIAN_POINT ( 'NONE',  ( 12.00000000000020073, -7.061088502595134209, 0.000000000000000000 ) ) ;
#4895 = AXIS2_PLACEMENT_3D ( 'NONE', #3348, #6359, #6411 ) ;
#4896 = AXIS2_PLACEMENT_3D ( 'NONE', #3288, #1660, #8525 ) ;
#4897 = CARTESIAN_POINT ( 'NONE',  ( -12.49999999999996625, 8.938911497404866680, 1.000000000000000000 ) ) ;
#4898 = DIRECTION ( 'NONE',  ( 1.000000000000000000, 0.000000000000000000, 0.000000000000000000 ) ) ;
#4899 = CIRCLE ( 'NONE', #3346, 0.7500000000000006661 ) ;
#4900 = FACE_OUTER_BOUND ( 'NONE', #3934, .T. ) ;
#4901 = VERTEX_POINT ( 'NONE', #4251 ) ;
#4902 = EDGE_LOOP ( 'NONE', ( #4291, #589, #5749, #601 ) ) ;
#4903 = VECTOR ( 'NONE', #5877, 1000.000000000000000 ) ;
#4904 = CARTESIAN_POINT ( 'NONE',  ( -32.50000000000000000, -17.50000000000000000, 2.000000000000000000 ) ) ;
#4905 = AXIS2_PLACEMENT_3D ( 'NONE', #307, #1056, #6940 ) ;
#4906 = CIRCLE ( 'NONE', #952, 0.7500000000000006661 ) ;
#4907 = ORIENTED_EDGE ( 'NONE', *, *, #2030, .F. ) ;
#4908 = FACE_OUTER_BOUND ( 'NONE', #5237, .T. ) ;
#4909 = PLANE ( 'NONE',  #2188 ) ;
#4910 = EDGE_CURVE ( 'NONE', #8196, #3326, #1119, .T. ) ;
#4911 = CARTESIAN_POINT ( 'NONE',  ( 0.7500000000002420286, -11.06108850259513332, 1.000000000000000000 ) ) ;
#4912 = DIRECTION ( 'NONE',  ( -0.000000000000000000, 0.000000000000000000, 1.000000000000000000 ) ) ;
#4913 = ORIENTED_EDGE ( 'NONE', *, *, #2177, .F. ) ;
#4914 = DIRECTION ( 'NONE',  ( -0.000000000000000000, -0.000000000000000000, 1.000000000000000000 ) ) ;
#4915 = DIRECTION ( 'NONE',  ( 1.000000000000000000, 0.000000000000000000, 0.000000000000000000 ) ) ;
#4916 = VECTOR ( 'NONE', #4475, 1000.000000000000000 ) ;
#4917 = CARTESIAN_POINT ( 'NONE',  ( -8.249999999999737099, -13.06108850259513510, -3.000000000000000000 ) ) ;
#4918 = VECTOR ( 'NONE', #774, 1000.000000000000000 ) ;
#4919 = EDGE_CURVE ( 'NONE', #8020, #2740, #6643, .T. ) ;
#4920 = AXIS2_PLACEMENT_3D ( 'NONE', #3245, #5297, #4022 ) ;
#4921 = ORIENTED_EDGE ( 'NONE', *, *, #4697, .T. ) ;
#4922 = CARTESIAN_POINT ( 'NONE',  ( 5.000000000000077272, 4.938911497404866680, 0.000000000000000000 ) ) ;
#4923 = VERTEX_POINT ( 'NONE', #4205 ) ;
#4924 = CIRCLE ( 'NONE', #6035, 0.7500000000000006661 ) ;
#4925 = CYLINDRICAL_SURFACE ( 'NONE', #4752, 0.7999999999999986011 ) ;
#4926 = DIRECTION ( 'NONE',  ( 1.000000000000000000, 0.000000000000000000, 0.000000000000000000 ) ) ;
#4927 = EDGE_LOOP ( 'NONE', ( #9571, #1083, #3778, #3151 ) ) ;
#4928 = CARTESIAN_POINT ( 'NONE',  ( -4.749999999999777955, -9.061088502595131544, 0.000000000000000000 ) ) ;
#4929 = FACE_OUTER_BOUND ( 'NONE', #3315, .T. ) ;
#4930 = CARTESIAN_POINT ( 'NONE',  ( -1.999999999999757083, -11.06108850259513332, -3.000000000000000000 ) ) ;
#4931 = EDGE_CURVE ( 'NONE', #2464, #9064, #5197, .T. ) ;
#4932 = VECTOR ( 'NONE', #5788, 1000.000000000000000 ) ;
#4933 = ORIENTED_EDGE ( 'NONE', *, *, #8927, .T. ) ;
#4934 = CLOSED_SHELL ( 'NONE', ( #2607, #5029, #5990, #851, #3259, #9048, #7998, #7859, #6462, #6086, #5635, #1781, #1834, #3071, #2721, #8976, #6157, #8416, #5805, #4090, #2135, #7513, #3839, #7462, #7085, #342, #584, #7121, #4180, #8627, #2772, #2993, #597, #7914, #3435, #3886, #542, #3724, #5140, #9595, #5575, #9255, #6298, #2478, #3073, #694, #9422, #8150, #4781, #8211, #1303, #6396, #4593, #5427, #353, #4534, #5351, #5964, #6221, #5651, #1285, #1748, #7195, #1154, #3660, #7138, #745, #4233, #6549, #8764, #8508, #9329, #8582, #1937, #9552, #4749, #2403, #5624, #3913, #8372, #4839, #5404, #2634, #57, #7090, #4493, #3082, #3425, #5480, #5928, #9037, #6407, #169, #2355, #6712, #9308, #2862, #7346, #4318, #2367, #4349, #9621, #2582, #3460, #2333, #2266, #5386, #9106, #2664, #7797, #5443, #7847, #4622, #5536, #6911, #4001, #1005, #6175, #5691, #136, #5154, #5831, #5188, #418, #598, #2608, #9721, #9744, #6729, #8335, #2895, #9610, #6406, #7259, #2206, #5086, #4237, #9061, #5128, #5526, #6757, #1420, #168, #5779, #5061, #9511, #3248, #6144, #622, #4944, #6593, #6783, #2661, #8298, #6885, #1270, #3579, #2028, #2468, #8388, #848, #4398, #3756, #6196, #4823, #6758, #4413, #8520, #7822, #3283, #2169, #99, #3130, #9432, #4252, #7594, #1032, #2864, #9698, #3395, #7550, #4810, #7246, #5818, #3470, #4730, #78, #1495, #420, #9097, #3323, #7041, #2343, #20, #3504, #2222, #7944, #9328, #1335, #8912, #7344, #6713, #5173, #1704, #8941, #6878, #5119, #4512, #6029, #1616, #7540, #4388, #3760, #279, #6129, #3105, #2532, #9579, #4037, #823, #4359, #698, #8743, #7640, #3556, #8322, #444, #3975, #1232, #5572, #9083, #364, #4377, #8431, #5338, #6476, #1339, #3567, #2086, #6347, #8034, #2415, #8171, #5950, #3852, #1181, #7691, #8595, #6876, #801, #2056, #3268, #6564, #4673, #2764, #5861, #1447, #6040, #4303, #6434, #5459, #3023, #2479, #4514, #8663, #2354, #2930, #472, #9448, #1214, #6492, #2283, #9620, #5091, #6077 ) ) ;
#4935 = CARTESIAN_POINT ( 'NONE',  ( -5.499999999999778844, -9.061088502595131544, 0.000000000000000000 ) ) ;
#4936 = ORIENTED_EDGE ( 'NONE', *, *, #7064, .F. ) ;
#4937 = FACE_OUTER_BOUND ( 'NONE', #2957, .T. ) ;
#4938 = ORIENTED_EDGE ( 'NONE', *, *, #1555, .T. ) ;
#4939 = VECTOR ( 'NONE', #7630, 1000.000000000000000 ) ;
#4940 = ORIENTED_EDGE ( 'NONE', *, *, #557, .F. ) ;
#4941 = DIRECTION ( 'NONE',  ( 1.000000000000000000, 0.000000000000000000, 0.000000000000000000 ) ) ;
#4942 = DIRECTION ( 'NONE',  ( -0.000000000000000000, 1.000000000000000000, -0.000000000000000000 ) ) ;
#4943 = EDGE_CURVE ( 'NONE', #4147, #1729, #2696, .T. ) ;
#4944 = ADVANCED_FACE ( 'NONE', ( #2796 ), #5791, .F. ) ;
#4945 = VERTEX_POINT ( 'NONE', #9647 ) ;
#4946 = CARTESIAN_POINT ( 'NONE',  ( 4.250000000000055955, 6.938911497404866680, 0.000000000000000000 ) ) ;
#4947 = VERTEX_POINT ( 'NONE', #1163 ) ;
#4948 = CARTESIAN_POINT ( 'NONE',  ( -8.249999999999777955, -9.061088502595131544, 0.000000000000000000 ) ) ;
#4949 = DIRECTION ( 'NONE',  ( 1.000000000000000000, 0.000000000000000000, 0.000000000000000000 ) ) ;
#4950 = ORIENTED_EDGE ( 'NONE', *, *, #3324, .F. ) ;
#4951 = DIRECTION ( 'NONE',  ( 1.000000000000000000, 0.000000000000000000, 0.000000000000000000 ) ) ;
#4952 = DIRECTION ( 'NONE',  ( 1.000000000000000000, 0.000000000000000000, 0.000000000000000000 ) ) ;
#4953 = ORIENTED_EDGE ( 'NONE', *, *, #9016, .T. ) ;
#4954 = CARTESIAN_POINT ( 'NONE',  ( 12.00000000000022204, -9.061088502595131544, 0.000000000000000000 ) ) ;
#4955 = ORIENTED_EDGE ( 'NONE', *, *, #5352, .T. ) ;
#4956 = VERTEX_POINT ( 'NONE', #2050 ) ;
#4957 = FACE_BOUND ( 'NONE', #7945, .T. ) ;
#4958 = ORIENTED_EDGE ( 'NONE', *, *, #6271, .T. ) ;
#4959 = DIRECTION ( 'NONE',  ( -0.000000000000000000, 0.000000000000000000, 1.000000000000000000 ) ) ;
#4960 = CARTESIAN_POINT ( 'NONE',  ( -30.49999999999999645, 13.00000000000000533, 12.00000000000000000 ) ) ;
#4961 = CARTESIAN_POINT ( 'NONE',  ( 11.25000000000005507, 6.938911497404866680, 1.000000000000000000 ) ) ;
#4962 =( NAMED_UNIT ( * ) SI_UNIT ( $, .STERADIAN. ) SOLID_ANGLE_UNIT ( ) );
#4963 = ORIENTED_EDGE ( 'NONE', *, *, #8755, .T. ) ;
#4964 = DIRECTION ( 'NONE',  ( -0.000000000000000000, -0.000000000000000000, 1.000000000000000000 ) ) ;
#4965 = DIRECTION ( 'NONE',  ( 1.000000000000000000, 0.000000000000000000, 0.000000000000000000 ) ) ;
#4966 = CARTESIAN_POINT ( 'NONE',  ( 1.500000000000096811, 2.938911497404866235, 1.000000000000000000 ) ) ;
#4967 = EDGE_CURVE ( 'NONE', #3361, #6258, #3630, .T. ) ;
#4968 = EDGE_CURVE ( 'NONE', #6856, #1295, #4258, .T. ) ;
#4969 = LINE ( 'NONE', #7262, #6147 ) ;
#4970 = ORIENTED_EDGE ( 'NONE', *, *, #5815, .F. ) ;
#4971 = LINE ( 'NONE', #5719, #4440 ) ;
#4972 = DIRECTION ( 'NONE',  ( 0.000000000000000000, -0.000000000000000000, -1.000000000000000000 ) ) ;
#4973 = ORIENTED_EDGE ( 'NONE', *, *, #4302, .T. ) ;
#4974 = CARTESIAN_POINT ( 'NONE',  ( 26.50000000000000711, 13.00000000000000178, 2.000000000000000000 ) ) ;
#4975 = DIRECTION ( 'NONE',  ( 1.156482317317871478E-16, -1.000000000000000000, 0.000000000000000000 ) ) ;
#4976 = DIRECTION ( 'NONE',  ( -0.000000000000000000, -0.000000000000000000, 1.000000000000000000 ) ) ;
#4977 = ORIENTED_EDGE ( 'NONE', *, *, #7018, .T. ) ;
#4978 = CARTESIAN_POINT ( 'NONE',  ( -1.999999999999798828, -7.061088502595134209, -3.000000000000000000 ) ) ;
#4979 = ORIENTED_EDGE ( 'NONE', *, *, #9147, .F. ) ;
#4980 = EDGE_CURVE ( 'NONE', #5841, #779, #2753, .T. ) ;
#4981 = DIRECTION ( 'NONE',  ( -0.000000000000000000, 0.000000000000000000, 1.000000000000000000 ) ) ;
#4982 = ORIENTED_EDGE ( 'NONE', *, *, #4943, .T. ) ;
#4983 = EDGE_LOOP ( 'NONE', ( #5930, #8261, #2824, #5881 ) ) ;
#4984 = CYLINDRICAL_SURFACE ( 'NONE', #3064, 0.7500000000000006661 ) ;
#4985 = DIRECTION ( 'NONE',  ( 1.000000000000000000, 0.000000000000000000, 0.000000000000000000 ) ) ;
#4986 = ORIENTED_EDGE ( 'NONE', *, *, #9372, .F. ) ;
#4987 = CARTESIAN_POINT ( 'NONE',  ( 2.250000000000055955, 6.938911497404866680, 0.000000000000000000 ) ) ;
#4988 = EDGE_CURVE ( 'NONE', #7440, #5209, #8533, .T. ) ;
#4989 = EDGE_CURVE ( 'NONE', #5580, #6021, #2378, .T. ) ;
#4990 = DIRECTION ( 'NONE',  ( 1.000000000000000000, 0.000000000000000000, 0.000000000000000000 ) ) ;
#4991 = CARTESIAN_POINT ( 'NONE',  ( 5.000000000000119016, 0.9389114974048661244, -3.000000000000000000 ) ) ;
#4992 = CARTESIAN_POINT ( 'NONE',  ( -8.249999999999923617, 4.938911497404866680, -3.000000000000000000 ) ) ;
#4993 = DIRECTION ( 'NONE',  ( 1.000000000000000000, 0.000000000000000000, 0.000000000000000000 ) ) ;
#4994 = ORIENTED_EDGE ( 'NONE', *, *, #6982, .T. ) ;
#4995 = VERTEX_POINT ( 'NONE', #8671 ) ;
#4996 = VERTEX_POINT ( 'NONE', #4352 ) ;
#4997 = PLANE ( 'NONE',  #9285 ) ;
#4998 = EDGE_CURVE ( 'NONE', #5602, #9632, #413, .T. ) ;
#4999 = VERTEX_POINT ( 'NONE', #9455 ) ;
#5000 = FACE_OUTER_BOUND ( 'NONE', #644, .T. ) ;
#5001 = CARTESIAN_POINT ( 'NONE',  ( -13.25000000000000888, 12.93891149740486668, 1.000000000000000000 ) ) ;
#5002 = DIRECTION ( 'NONE',  ( -0.000000000000000000, -0.000000000000000000, 1.000000000000000000 ) ) ;
#5003 = DIRECTION ( 'NONE',  ( 0.000000000000000000, -0.000000000000000000, -1.000000000000000000 ) ) ;
#5004 = VERTEX_POINT ( 'NONE', #9739 ) ;
#5005 = CARTESIAN_POINT ( 'NONE',  ( 5.000000000000160760, -3.061088502595133765, 1.000000000000000000 ) ) ;
#5006 = LINE ( 'NONE', #6463, #834 ) ;
#5007 = DIRECTION ( 'NONE',  ( 1.000000000000000000, 0.000000000000000000, 0.000000000000000000 ) ) ;
#5008 = DIRECTION ( 'NONE',  ( 1.000000000000000000, 0.000000000000000000, 0.000000000000000000 ) ) ;
#5009 = EDGE_LOOP ( 'NONE', ( #7045, #4585 ) ) ;
#5010 = CARTESIAN_POINT ( 'NONE',  ( -6.250000000000007994, 12.93891149740486668, -3.000000000000000000 ) ) ;
#5011 = CARTESIAN_POINT ( 'NONE',  ( 5.750000000000223821, -9.061088502595131544, 1.000000000000000000 ) ) ;
#5012 = AXIS2_PLACEMENT_3D ( 'NONE', #1406, #9660, #5991 ) ;
#5013 = EDGE_CURVE ( 'NONE', #1063, #6450, #9153, .T. ) ;
#5014 = ORIENTED_EDGE ( 'NONE', *, *, #5417, .F. ) ;
#5015 = EDGE_CURVE ( 'NONE', #4403, #6073, #2154, .T. ) ;
#5016 = EDGE_LOOP ( 'NONE', ( #7331, #4421, #3875, #693 ) ) ;
#5017 = DIRECTION ( 'NONE',  ( 1.000000000000000000, 0.000000000000000000, 0.000000000000000000 ) ) ;
#5018 = AXIS2_PLACEMENT_3D ( 'NONE', #5176, #7426, #9694 ) ;
#5019 = ORIENTED_EDGE ( 'NONE', *, *, #1967, .F. ) ;
#5020 = DIRECTION ( 'NONE',  ( 1.000000000000000000, 0.000000000000000000, 0.000000000000000000 ) ) ;
#5021 = ORIENTED_EDGE ( 'NONE', *, *, #91, .T. ) ;
#5022 = DIRECTION ( 'NONE',  ( -0.000000000000000000, -0.000000000000000000, 1.000000000000000000 ) ) ;
#5023 = FACE_BOUND ( 'NONE', #190, .T. ) ;
#5024 = ORIENTED_EDGE ( 'NONE', *, *, #6315, .T. ) ;
#5025 = VERTEX_POINT ( 'NONE', #2249 ) ;
#5026 = CYLINDRICAL_SURFACE ( 'NONE', #2136, 0.7500000000000006661 ) ;
#5027 = VECTOR ( 'NONE', #6767, 1000.000000000000000 ) ;
#5028 = CARTESIAN_POINT ( 'NONE',  ( -1.249999999999860778, -1.061088502595133765, 0.000000000000000000 ) ) ;
#5029 = ADVANCED_FACE ( 'NONE', ( #2936 ), #4396, .F. ) ;
#5030 = ORIENTED_EDGE ( 'NONE', *, *, #3258, .T. ) ;
#5031 = AXIS2_PLACEMENT_3D ( 'NONE', #9232, #1825, #1627 ) ;
#5032 = DIRECTION ( 'NONE',  ( 1.000000000000000000, 0.000000000000000000, 0.000000000000000000 ) ) ;
#5033 = CARTESIAN_POINT ( 'NONE',  ( 5.000000000000222933, -9.061088502595131544, 0.000000000000000000 ) ) ;
#5034 = CARTESIAN_POINT ( 'NONE',  ( -2.750000000000007550, 12.93891149740486668, 0.000000000000000000 ) ) ;
#5035 = DIRECTION ( 'NONE',  ( -0.000000000000000000, 1.000000000000000000, -0.000000000000000000 ) ) ;
#5036 = DIRECTION ( 'NONE',  ( -0.000000000000000000, 0.000000000000000000, 1.000000000000000000 ) ) ;
#5037 = CIRCLE ( 'NONE', #8529, 0.7500000000000004441 ) ;
#5038 = ORIENTED_EDGE ( 'NONE', *, *, #4018, .T. ) ;
#5039 = EDGE_LOOP ( 'NONE', ( #4870, #4245, #1904, #1892 ) ) ;
#5040 = AXIS2_PLACEMENT_3D ( 'NONE', #1343, #5669, #1234 ) ;
#5041 = EDGE_CURVE ( 'NONE', #2199, #8618, #708, .T. ) ;
#5042 = AXIS2_PLACEMENT_3D ( 'NONE', #3244, #9214, #4699 ) ;
#5043 = ORIENTED_EDGE ( 'NONE', *, *, #504, .T. ) ;
#5044 = DIRECTION ( 'NONE',  ( -0.000000000000000000, 0.000000000000000000, -1.000000000000000000 ) ) ;
#5045 = AXIS2_PLACEMENT_3D ( 'NONE', #7992, #1218, #4217 ) ;
#5046 = VERTEX_POINT ( 'NONE', #8276 ) ;
#5047 = AXIS2_PLACEMENT_3D ( 'NONE', #1838, #3228, #1882 ) ;
#5048 = CARTESIAN_POINT ( 'NONE',  ( -5.499999999999966249, 8.938911497404866680, 1.000000000000000000 ) ) ;
#5049 = DIRECTION ( 'NONE',  ( 0.000000000000000000, -0.000000000000000000, -1.000000000000000000 ) ) ;
#5050 = AXIS2_PLACEMENT_3D ( 'NONE', #1622, #3355, #4621 ) ;
#5051 = AXIS2_PLACEMENT_3D ( 'NONE', #5530, #252, #3276 ) ;
#5052 = CARTESIAN_POINT ( 'NONE',  ( 5.000000000000160760, -3.061088502595133765, 0.000000000000000000 ) ) ;
#5053 = LINE ( 'NONE', #7357, #9041 ) ;
#5054 = EDGE_LOOP ( 'NONE', ( #2059, #6373 ) ) ;
#5055 = DIRECTION ( 'NONE',  ( 1.000000000000000000, 0.000000000000000000, -0.000000000000000000 ) ) ;
#5056 = DIRECTION ( 'NONE',  ( 0.000000000000000000, -0.000000000000000000, -1.000000000000000000 ) ) ;
#5057 = LINE ( 'NONE', #9611, #6004 ) ;
#5058 = AXIS2_PLACEMENT_3D ( 'NONE', #9606, #5149, #2849 ) ;
#5059 = EDGE_CURVE ( 'NONE', #6119, #860, #1586, .T. ) ;
#5060 = CIRCLE ( 'NONE', #2082, 0.7500000000000006661 ) ;
#5061 = ADVANCED_FACE ( 'NONE', ( #1451 ), #5141, .F. ) ;
#5062 = VECTOR ( 'NONE', #8975, 1000.000000000000000 ) ;
#5063 = ORIENTED_EDGE ( 'NONE', *, *, #9653, .F. ) ;
#5064 = AXIS2_PLACEMENT_3D ( 'NONE', #7564, #6074, #9730 ) ;
#5065 = DIRECTION ( 'NONE',  ( -0.000000000000000000, -0.000000000000000000, 1.000000000000000000 ) ) ;
#5066 = ORIENTED_EDGE ( 'NONE', *, *, #8212, .T. ) ;
#5067 = CARTESIAN_POINT ( 'NONE',  ( -13.24999999999996625, 8.938911497404866680, 0.000000000000000000 ) ) ;
#5068 = CIRCLE ( 'NONE', #9507, 0.7500000000000006661 ) ;
#5069 = CARTESIAN_POINT ( 'NONE',  ( -13.25000000000000888, 12.93891149740486668, 0.000000000000000000 ) ) ;
#5070 = ORIENTED_EDGE ( 'NONE', *, *, #9162, .F. ) ;
#5071 = AXIS2_PLACEMENT_3D ( 'NONE', #5316, #5968, #2230 ) ;
#5072 = ORIENTED_EDGE ( 'NONE', *, *, #4142, .F. ) ;
#5073 = LINE ( 'NONE', #8008, #7901 ) ;
#5074 = CIRCLE ( 'NONE', #2239, 0.7500000000000006661 ) ;
#5075 = EDGE_CURVE ( 'NONE', #4042, #7907, #2890, .T. ) ;
#5076 = DIRECTION ( 'NONE',  ( -0.000000000000000000, -0.000000000000000000, 1.000000000000000000 ) ) ;
#5077 = ORIENTED_EDGE ( 'NONE', *, *, #5590, .T. ) ;
#5078 = CARTESIAN_POINT ( 'NONE',  ( -8.999999999999966249, 8.938911497404866680, 1.000000000000000000 ) ) ;
#5079 = FACE_BOUND ( 'NONE', #2067, .T. ) ;
#5080 = EDGE_LOOP ( 'NONE', ( #6064, #8573 ) ) ;
#5081 = AXIS2_PLACEMENT_3D ( 'NONE', #7896, #1124, #5762 ) ;
#5082 = ORIENTED_EDGE ( 'NONE', *, *, #5225, .F. ) ;
#5083 = CARTESIAN_POINT ( 'NONE',  ( -4.749999999999798383, -7.061088502595134209, 1.000000000000000000 ) ) ;
#5084 = CARTESIAN_POINT ( 'NONE',  ( -13.24999999999994671, 6.938911497404866680, 1.000000000000000000 ) ) ;
#5085 = AXIS2_PLACEMENT_3D ( 'NONE', #209, #5436, #3034 ) ;
#5086 = ADVANCED_FACE ( 'NONE', ( #5982 ), #8174, .F. ) ;
#5087 = ORIENTED_EDGE ( 'NONE', *, *, #875, .F. ) ;
#5088 = EDGE_CURVE ( 'NONE', #6630, #1637, #5241, .T. ) ;
#5089 = CARTESIAN_POINT ( 'NONE',  ( -4.749999999999902300, 2.938911497404866235, 0.000000000000000000 ) ) ;
#5090 = AXIS2_PLACEMENT_3D ( 'NONE', #912, #6942, #2601 ) ;
#5091 = ADVANCED_FACE ( 'NONE', ( #5933 ), #752, .F. ) ;
#5092 = DIRECTION ( 'NONE',  ( 0.000000000000000000, -1.000000000000000000, 0.000000000000000000 ) ) ;
#5093 = CIRCLE ( 'NONE', #8267, 0.7500000000000006661 ) ;
#5094 = ORIENTED_EDGE ( 'NONE', *, *, #3083, .F. ) ;
#5095 = CARTESIAN_POINT ( 'NONE',  ( -12.50000000000000711, 12.93891149740486668, 1.000000000000000000 ) ) ;
#5096 = DIRECTION ( 'NONE',  ( 1.000000000000000000, 0.000000000000000000, 0.000000000000000000 ) ) ;
#5097 = ORIENTED_EDGE ( 'NONE', *, *, #1873, .F. ) ;
#5098 = ORIENTED_EDGE ( 'NONE', *, *, #3051, .F. ) ;
#5099 = CIRCLE ( 'NONE', #4787, 0.7500000000000006661 ) ;
#5100 = EDGE_LOOP ( 'NONE', ( #7765, #6228, #8557, #931 ) ) ;
#5101 = VERTEX_POINT ( 'NONE', #3753 ) ;
#5102 = DIRECTION ( 'NONE',  ( -0.000000000000000000, 0.000000000000000000, 1.000000000000000000 ) ) ;
#5103 = VERTEX_POINT ( 'NONE', #5326 ) ;
#5104 = LINE ( 'NONE', #9747, #605 ) ;
#5105 = VECTOR ( 'NONE', #7474, 1000.000000000000000 ) ;
#5106 = EDGE_CURVE ( 'NONE', #5004, #610, #477, .T. ) ;
#5107 = CARTESIAN_POINT ( 'NONE',  ( 5.750000000000265565, -13.06108850259513510, -3.000000000000000000 ) ) ;
#5108 = DIRECTION ( 'NONE',  ( 1.000000000000000000, 0.000000000000000000, 0.000000000000000000 ) ) ;
#5109 = EDGE_CURVE ( 'NONE', #3159, #5924, #5999, .T. ) ;
#5110 = FACE_OUTER_BOUND ( 'NONE', #3050, .T. ) ;
#5111 = DIRECTION ( 'NONE',  ( -0.000000000000000000, -0.000000000000000000, 1.000000000000000000 ) ) ;
#5112 = DIRECTION ( 'NONE',  ( 1.000000000000000000, 0.000000000000000000, 0.000000000000000000 ) ) ;
#5113 = CIRCLE ( 'NONE', #7659, 0.7500000000000006661 ) ;
#5114 = VERTEX_POINT ( 'NONE', #9062 ) ;
#5115 = CARTESIAN_POINT ( 'NONE',  ( -1.999999999999777955, -9.061088502595131544, 1.000000000000000000 ) ) ;
#5116 = ORIENTED_EDGE ( 'NONE', *, *, #1127, .T. ) ;
#5117 = CIRCLE ( 'NONE', #6234, 0.7500000000000006661 ) ;
#5118 = VERTEX_POINT ( 'NONE', #5893 ) ;
#5119 = ADVANCED_FACE ( 'NONE', ( #3666 ), #6038, .F. ) ;
#5120 = CARTESIAN_POINT ( 'NONE',  ( 7.750000000000263789, -13.06108850259513510, 1.000000000000000000 ) ) ;
#5121 = DIRECTION ( 'NONE',  ( 1.000000000000000000, 0.000000000000000000, 0.000000000000000000 ) ) ;
#5122 = EDGE_CURVE ( 'NONE', #1561, #4886, #1274, .T. ) ;
#5123 = ORIENTED_EDGE ( 'NONE', *, *, #835, .F. ) ;
#5124 = CARTESIAN_POINT ( 'NONE',  ( -8.999999999999799272, -7.061088502595134209, 0.000000000000000000 ) ) ;
#5125 = CARTESIAN_POINT ( 'NONE',  ( 30.50000000000000711, 13.00000000000000178, 12.00000000000000000 ) ) ;
#5126 = CARTESIAN_POINT ( 'NONE',  ( 9.250000000000264677, -13.06108850259513510, -3.000000000000000000 ) ) ;
#5127 = ORIENTED_EDGE ( 'NONE', *, *, #1653, .T. ) ;
#5128 = ADVANCED_FACE ( 'NONE', ( #3084 ), #9102, .F. ) ;
#5129 = LINE ( 'NONE', #6628, #2871 ) ;
#5130 = FACE_BOUND ( 'NONE', #2133, .T. ) ;
#5131 = VERTEX_POINT ( 'NONE', #5478 ) ;
#5132 = VERTEX_POINT ( 'NONE', #2592 ) ;
#5133 = CARTESIAN_POINT ( 'NONE',  ( -12.49999999999977796, -9.061088502595131544, 0.000000000000000000 ) ) ;
#5134 = DIRECTION ( 'NONE',  ( -0.000000000000000000, -0.000000000000000000, 1.000000000000000000 ) ) ;
#5135 = ORIENTED_EDGE ( 'NONE', *, *, #6672, .T. ) ;
#5136 = CARTESIAN_POINT ( 'NONE',  ( 11.99999999999999289, 12.93891149740486668, 0.000000000000000000 ) ) ;
#5137 = CARTESIAN_POINT ( 'NONE',  ( 12.00000000000018119, -5.061088502595135985, -3.000000000000000000 ) ) ;
#5138 = CYLINDRICAL_SURFACE ( 'NONE', #2120, 0.7500000000000006661 ) ;
#5139 = EDGE_CURVE ( 'NONE', #447, #8760, #8226, .T. ) ;
#5140 = ADVANCED_FACE ( 'NONE', ( #9146 ), #2443, .F. ) ;
#5141 = CYLINDRICAL_SURFACE ( 'NONE', #6151, 0.7500000000000006661 ) ;
#5142 = CARTESIAN_POINT ( 'NONE',  ( -8.999999999999779732, -9.061088502595131544, 0.000000000000000000 ) ) ;
#5143 = VERTEX_POINT ( 'NONE', #4101 ) ;
#5144 = ORIENTED_EDGE ( 'NONE', *, *, #7370, .T. ) ;
#5145 = EDGE_LOOP ( 'NONE', ( #2447, #2477 ) ) ;
#5146 = CYLINDRICAL_SURFACE ( 'NONE', #8033, 0.7500000000000006661 ) ;
#5147 = ORIENTED_EDGE ( 'NONE', *, *, #8035, .F. ) ;
#5148 = CARTESIAN_POINT ( 'NONE',  ( -13.24999999999973710, -13.06108850259513510, 1.000000000000000000 ) ) ;
#5149 = DIRECTION ( 'NONE',  ( 0.000000000000000000, -0.000000000000000000, -1.000000000000000000 ) ) ;
#5150 = CARTESIAN_POINT ( 'NONE',  ( -11.74999999999973710, -13.06108850259513510, 0.000000000000000000 ) ) ;
#5151 = CARTESIAN_POINT ( 'NONE',  ( -5.499999999999861444, -1.061088502595133765, 0.000000000000000000 ) ) ;
#5152 = DIRECTION ( 'NONE',  ( 1.000000000000000000, 0.000000000000000000, 0.000000000000000000 ) ) ;
#5153 = CARTESIAN_POINT ( 'NONE',  ( -9.749999999999966249, 8.938911497404866680, 1.000000000000000000 ) ) ;
#5155 = EDGE_LOOP ( 'NONE', ( #4351, #4347 ) ) ;
#5154 = ADVANCED_FACE ( 'NONE', ( #1739 ), #3232, .F. ) ;
#5156 = CARTESIAN_POINT ( 'NONE',  ( -12.49999999999988276, 0.9389114974048661244, 1.000000000000000000 ) ) ;
#5157 = DIRECTION ( 'NONE',  ( -0.000000000000000000, 0.000000000000000000, 1.000000000000000000 ) ) ;
#5158 = FACE_OUTER_BOUND ( 'NONE', #3619, .T. ) ;
#5159 = ORIENTED_EDGE ( 'NONE', *, *, #1373, .F. ) ;
#5160 = CARTESIAN_POINT ( 'NONE',  ( -1.249999999999881650, 0.9389114974048661244, -3.000000000000000000 ) ) ;
#5161 = DIRECTION ( 'NONE',  ( 1.000000000000000000, 0.000000000000000000, 0.000000000000000000 ) ) ;
#5162 = EDGE_CURVE ( 'NONE', #539, #9286, #1690, .T. ) ;
#5163 = CIRCLE ( 'NONE', #1558, 0.7500000000000006661 ) ;
#5164 = CARTESIAN_POINT ( 'NONE',  ( 7.750000000000180300, -5.061088502595135985, 1.000000000000000000 ) ) ;
#5165 = ORIENTED_EDGE ( 'NONE', *, *, #1323, .T. ) ;
#5166 = CARTESIAN_POINT ( 'NONE',  ( -6.249999999999883649, 0.9389114974048662354, -3.000000000000000000 ) ) ;
#5167 = FACE_BOUND ( 'NONE', #8002, .T. ) ;
#5168 = VERTEX_POINT ( 'NONE', #149 ) ;
#5169 = ORIENTED_EDGE ( 'NONE', *, *, #9204, .F. ) ;
#5170 = CYLINDRICAL_SURFACE ( 'NONE', #2919, 0.7500000000000006661 ) ;
#5171 = DIRECTION ( 'NONE',  ( 1.000000000000000000, 0.000000000000000000, 0.000000000000000000 ) ) ;
#5172 = AXIS2_PLACEMENT_3D ( 'NONE', #7287, #4247, #9643 ) ;
#5173 = ADVANCED_FACE ( 'NONE', ( #7780 ), #4687, .F. ) ;
#5174 = ORIENTED_EDGE ( 'NONE', *, *, #2181, .F. ) ;
#5175 = ORIENTED_EDGE ( 'NONE', *, *, #3528, .T. ) ;
#5176 = CARTESIAN_POINT ( 'NONE',  ( 5.000000000000181188, -5.061088502595135985, 0.000000000000000000 ) ) ;
#5177 = AXIS2_PLACEMENT_3D ( 'NONE', #2138, #2872, #3737 ) ;
#5178 = DIRECTION ( 'NONE',  ( 1.000000000000000000, 0.000000000000000000, 0.000000000000000000 ) ) ;
#5179 = DIRECTION ( 'NONE',  ( 1.334402673828313093E-16, -1.000000000000000000, 0.000000000000000000 ) ) ;
#5180 = DIRECTION ( 'NONE',  ( 1.000000000000000000, 0.000000000000000000, 0.000000000000000000 ) ) ;
#5181 = DIRECTION ( 'NONE',  ( 1.000000000000000000, 0.000000000000000000, 0.000000000000000000 ) ) ;
#5182 = ORIENTED_EDGE ( 'NONE', *, *, #1516, .F. ) ;
#5183 = ORIENTED_EDGE ( 'NONE', *, *, #8021, .T. ) ;
#5184 = AXIS2_PLACEMENT_3D ( 'NONE', #4779, #6311, #3261 ) ;
#5185 = ORIENTED_EDGE ( 'NONE', *, *, #6668, .F. ) ;
#5186 = EDGE_CURVE ( 'NONE', #7704, #2889, #5588, .T. ) ;
#5187 = FACE_BOUND ( 'NONE', #3260, .T. ) ;
#5188 = ADVANCED_FACE ( 'NONE', ( #2391 ), #4798, .F. ) ;
#5189 = ORIENTED_EDGE ( 'NONE', *, *, #2663, .T. ) ;
#5190 = CARTESIAN_POINT ( 'NONE',  ( -28.50000000000000711, -11.00000000000000178, 12.00000000000000000 ) ) ;
#5191 = DIRECTION ( 'NONE',  ( 0.000000000000000000, -0.000000000000000000, -1.000000000000000000 ) ) ;
#5192 = LINE ( 'NONE', #1608, #992 ) ;
#5193 = CIRCLE ( 'NONE', #1583, 0.7500000000000006661 ) ;
#5194 = AXIS2_PLACEMENT_3D ( 'NONE', #7326, #5724, #6427 ) ;
#5195 = DIRECTION ( 'NONE',  ( -0.000000000000000000, 0.000000000000000000, 1.000000000000000000 ) ) ;
#5196 = DIRECTION ( 'NONE',  ( 1.000000000000000000, 0.000000000000000000, 0.000000000000000000 ) ) ;
#5197 = CIRCLE ( 'NONE', #9003, 0.7500000000000006661 ) ;
#5198 = CARTESIAN_POINT ( 'NONE',  ( 0.7500000000000962563, 2.938911497404866235, 1.000000000000000000 ) ) ;
#5199 = EDGE_LOOP ( 'NONE', ( #2246, #781 ) ) ;
#5200 = CIRCLE ( 'NONE', #9474, 0.7500000000000006661 ) ;
#5201 = EDGE_CURVE ( 'NONE', #6992, #5729, #5685, .T. ) ;
#5202 = VECTOR ( 'NONE', #1223, 1000.000000000000000 ) ;
#5203 = CIRCLE ( 'NONE', #7754, 0.7500000000000006661 ) ;
#5204 = ORIENTED_EDGE ( 'NONE', *, *, #8539, .T. ) ;
#5205 = CARTESIAN_POINT ( 'NONE',  ( 0.7500000000001795231, -5.061088502595135985, 1.000000000000000000 ) ) ;
#5206 = ORIENTED_EDGE ( 'NONE', *, *, #1390, .F. ) ;
#5207 = FACE_OUTER_BOUND ( 'NONE', #7561, .T. ) ;
#5208 = DIRECTION ( 'NONE',  ( 0.000000000000000000, -0.000000000000000000, -1.000000000000000000 ) ) ;
#5209 = VERTEX_POINT ( 'NONE', #5382 ) ;
#5210 = AXIS2_PLACEMENT_3D ( 'NONE', #6048, #1510, #8971 ) ;
#5211 = EDGE_CURVE ( 'NONE', #5438, #1160, #8861, .T. ) ;
#5212 = CARTESIAN_POINT ( 'NONE',  ( 8.500000000000119016, 0.9389114974048661244, -3.000000000000000000 ) ) ;
#5213 = VECTOR ( 'NONE', #7158, 1000.000000000000000 ) ;
#5214 = CARTESIAN_POINT ( 'NONE',  ( 4.250000000000097700, 2.938911497404866235, 0.000000000000000000 ) ) ;
#5215 = CIRCLE ( 'NONE', #968, 0.7999999999999986011 ) ;
#5216 = VECTOR ( 'NONE', #792, 1000.000000000000000 ) ;
#5217 = AXIS2_PLACEMENT_3D ( 'NONE', #7230, #2826, #5821 ) ;
#5218 = CYLINDRICAL_SURFACE ( 'NONE', #6779, 0.7500000000000006661 ) ;
#5219 = EDGE_LOOP ( 'NONE', ( #5915, #1439, #6698, #8554 ) ) ;
#5220 = VECTOR ( 'NONE', #2776, 1000.000000000000000 ) ;
#5221 = AXIS2_PLACEMENT_3D ( 'NONE', #7369, #5870, #5017 ) ;
#5222 = DIRECTION ( 'NONE',  ( -0.000000000000000000, -0.000000000000000000, 1.000000000000000000 ) ) ;
#5223 = DIRECTION ( 'NONE',  ( 1.000000000000000000, 0.000000000000000000, 0.000000000000000000 ) ) ;
#5224 = ORIENTED_EDGE ( 'NONE', *, *, #4910, .F. ) ;
#5225 = EDGE_CURVE ( 'NONE', #5341, #6691, #807, .T. ) ;
#5226 = EDGE_LOOP ( 'NONE', ( #4192, #5403, #824, #663 ) ) ;
#5227 = CARTESIAN_POINT ( 'NONE',  ( -12.49999999999994493, 6.938911497404866680, -3.000000000000000000 ) ) ;
#5228 = DIRECTION ( 'NONE',  ( -0.000000000000000000, 0.000000000000000000, 1.000000000000000000 ) ) ;
#5229 = CIRCLE ( 'NONE', #7932, 0.7999999999999986011 ) ;
#5230 = CIRCLE ( 'NONE', #8885, 0.7500000000000004441 ) ;
#5231 = VERTEX_POINT ( 'NONE', #947 ) ;
#5232 = AXIS2_PLACEMENT_3D ( 'NONE', #7005, #2407, #8378 ) ;
#5233 = CYLINDRICAL_SURFACE ( 'NONE', #9451, 0.7500000000000006661 ) ;
#5234 = CARTESIAN_POINT ( 'NONE',  ( -13.24999999999990408, 2.938911497404866235, -3.000000000000000000 ) ) ;
#5235 = PRESENTATION_LAYER_ASSIGNMENT (  '', '', ( #9518 ) ) ;
#5236 = EDGE_CURVE ( 'NONE', #8946, #8551, #4887, .T. ) ;
#5237 = EDGE_LOOP ( 'NONE', ( #6405, #7126, #8180, #770 ) ) ;
#5238 = CARTESIAN_POINT ( 'NONE',  ( -12.49999999999990408, 2.938911497404866235, 1.000000000000000000 ) ) ;
#5239 = EDGE_CURVE ( 'NONE', #243, #4170, #9294, .T. ) ;
#5240 = EDGE_CURVE ( 'NONE', #4867, #8409, #5524, .T. ) ;
#5241 = LINE ( 'NONE', #6738, #6320 ) ;
#5242 = CARTESIAN_POINT ( 'NONE',  ( 5.000000000000264677, -13.06108850259513510, 0.000000000000000000 ) ) ;
#5243 = ORIENTED_EDGE ( 'NONE', *, *, #5267, .T. ) ;
#5244 = CIRCLE ( 'NONE', #995, 0.7500000000000006661 ) ;
#5245 = VERTEX_POINT ( 'NONE', #7871 ) ;
#5246 = CIRCLE ( 'NONE', #6533, 0.7500000000000004441 ) ;
#5247 = FACE_BOUND ( 'NONE', #2214, .T. ) ;
#5248 = ORIENTED_EDGE ( 'NONE', *, *, #5662, .F. ) ;
#5249 = VECTOR ( 'NONE', #9485, 1000.000000000000000 ) ;
#5250 = DIRECTION ( 'NONE',  ( -0.000000000000000000, -0.000000000000000000, 1.000000000000000000 ) ) ;
#5251 = DIRECTION ( 'NONE',  ( 1.000000000000000000, 0.000000000000000000, 0.000000000000000000 ) ) ;
#5252 = CYLINDRICAL_SURFACE ( 'NONE', #2742, 0.7500000000000006661 ) ;
#5253 = CIRCLE ( 'NONE', #9055, 0.7999999999999986011 ) ;
#5254 = CYLINDRICAL_SURFACE ( 'NONE', #1023, 0.7500000000000006661 ) ;
#5255 = DIRECTION ( 'NONE',  ( -0.000000000000000000, -0.000000000000000000, 1.000000000000000000 ) ) ;
#5256 = DIRECTION ( 'NONE',  ( 0.000000000000000000, 1.000000000000000000, 0.000000000000000000 ) ) ;
#5257 = EDGE_LOOP ( 'NONE', ( #8911, #7676, #1662, #5272 ) ) ;
#5258 = AXIS2_PLACEMENT_3D ( 'NONE', #8908, #6687, #2092 ) ;
#5259 = ORIENTED_EDGE ( 'NONE', *, *, #6177, .F. ) ;
#5260 = CYLINDRICAL_SURFACE ( 'NONE', #1272, 0.7500000000000006661 ) ;
#5261 = ORIENTED_EDGE ( 'NONE', *, *, #4560, .F. ) ;
#5262 = CARTESIAN_POINT ( 'NONE',  ( -11.74999999999986144, -1.061088502595133765, 1.000000000000000000 ) ) ;
#5263 = DIRECTION ( 'NONE',  ( -0.000000000000000000, -0.000000000000000000, 1.000000000000000000 ) ) ;
#5264 = VERTEX_POINT ( 'NONE', #3322 ) ;
#5265 = CARTESIAN_POINT ( 'NONE',  ( -1.250000000000006439, 12.93891149740486668, 0.000000000000000000 ) ) ;
#5266 = EDGE_CURVE ( 'NONE', #1047, #6119, #6989, .T. ) ;
#5267 = EDGE_CURVE ( 'NONE', #690, #2683, #9354, .T. ) ;
#5269 = LINE ( 'NONE', #2137, #3942 ) ;
#5268 = AXIS2_PLACEMENT_3D ( 'NONE', #6750, #2406, #1609 ) ;
#5270 = EDGE_LOOP ( 'NONE', ( #6390, #7673, #2899, #8866 ) ) ;
#5271 = CARTESIAN_POINT ( 'NONE',  ( -6.249999999999737099, -13.06108850259513510, 1.000000000000000000 ) ) ;
#5272 = ORIENTED_EDGE ( 'NONE', *, *, #1444, .F. ) ;
#5273 = CARTESIAN_POINT ( 'NONE',  ( -12.49999999999982059, -5.061088502595135985, 1.000000000000000000 ) ) ;
#5274 = PLANE ( 'NONE',  #184 ) ;
#5275 = ORIENTED_EDGE ( 'NONE', *, *, #3897, .T. ) ;
#5276 = ORIENTED_EDGE ( 'NONE', *, *, #7269, .F. ) ;
#5277 = CARTESIAN_POINT ( 'NONE',  ( 7.750000000000138556, -1.061088502595133765, -3.000000000000000000 ) ) ;
#5278 = CARTESIAN_POINT ( 'NONE',  ( 8.500000000000138556, -1.061088502595133765, -3.000000000000000000 ) ) ;
#5279 = EDGE_LOOP ( 'NONE', ( #374, #3352, #1144, #6494 ) ) ;
#5280 = EDGE_CURVE ( 'NONE', #2434, #6667, #8616, .T. ) ;
#5281 = CARTESIAN_POINT ( 'NONE',  ( 9.250000000000035527, 8.938911497404866680, -3.000000000000000000 ) ) ;
#5282 = FACE_OUTER_BOUND ( 'NONE', #2301, .T. ) ;
#5283 = ORIENTED_EDGE ( 'NONE', *, *, #9640, .T. ) ;
#5284 = DIRECTION ( 'NONE',  ( -0.000000000000000000, 0.000000000000000000, 1.000000000000000000 ) ) ;
#5285 = DIRECTION ( 'NONE',  ( -0.000000000000000000, -0.000000000000000000, 1.000000000000000000 ) ) ;
#5286 = DIRECTION ( 'NONE',  ( 1.000000000000000000, 0.000000000000000000, 0.000000000000000000 ) ) ;
#5287 = ORIENTED_EDGE ( 'NONE', *, *, #6816, .T. ) ;
#5288 = ORIENTED_EDGE ( 'NONE', *, *, #4412, .T. ) ;
#5289 = EDGE_CURVE ( 'NONE', #4669, #8509, #6649, .T. ) ;
#5290 = EDGE_CURVE ( 'NONE', #4663, #6230, #5203, .T. ) ;
#5291 = FACE_BOUND ( 'NONE', #8794, .T. ) ;
#5292 = ORIENTED_EDGE ( 'NONE', *, *, #9710, .F. ) ;
#5293 = CARTESIAN_POINT ( 'NONE',  ( 12.75000000000024336, -11.06108850259513332, -3.000000000000000000 ) ) ;
#5294 = DIRECTION ( 'NONE',  ( 0.000000000000000000, -0.000000000000000000, -1.000000000000000000 ) ) ;
#5295 = DIRECTION ( 'NONE',  ( 1.000000000000000000, 0.000000000000000000, 0.000000000000000000 ) ) ;
#5296 = CARTESIAN_POINT ( 'NONE',  ( 26.50000000000000711, -8.999999999999996447, 2.000000000000000000 ) ) ;
#5297 = DIRECTION ( 'NONE',  ( -0.000000000000000000, 0.000000000000000000, 1.000000000000000000 ) ) ;
#5298 = DIRECTION ( 'NONE',  ( 0.000000000000000000, -0.000000000000000000, -1.000000000000000000 ) ) ;
#5299 = ORIENTED_EDGE ( 'NONE', *, *, #3695, .F. ) ;
#5300 = EDGE_CURVE ( 'NONE', #1148, #8309, #2233, .T. ) ;
#5301 = ORIENTED_EDGE ( 'NONE', *, *, #8888, .F. ) ;
#5302 = DIRECTION ( 'NONE',  ( -0.000000000000000000, 0.000000000000000000, 1.000000000000000000 ) ) ;
#5303 = CARTESIAN_POINT ( 'NONE',  ( -2.750000000000007550, 12.93891149740486668, -3.000000000000000000 ) ) ;
#5304 = DIRECTION ( 'NONE',  ( -0.000000000000000000, -0.000000000000000000, 1.000000000000000000 ) ) ;
#5305 = EDGE_LOOP ( 'NONE', ( #4648, #2158 ) ) ;
#5306 = DIRECTION ( 'NONE',  ( -0.000000000000000000, -0.000000000000000000, 1.000000000000000000 ) ) ;
#5307 = CARTESIAN_POINT ( 'NONE',  ( 8.500000000000181188, -5.061088502595135985, 1.000000000000000000 ) ) ;
#5308 = CIRCLE ( 'NONE', #6749, 0.7500000000000006661 ) ;
#5309 = LINE ( 'NONE', #3107, #5960 ) ;
#5310 = ORIENTED_EDGE ( 'NONE', *, *, #5959, .T. ) ;
#5311 = ORIENTED_EDGE ( 'NONE', *, *, #6769, .T. ) ;
#5312 = EDGE_CURVE ( 'NONE', #577, #2428, #489, .T. ) ;
#5313 = FACE_OUTER_BOUND ( 'NONE', #5388, .T. ) ;
#5314 = ORIENTED_EDGE ( 'NONE', *, *, #3281, .F. ) ;
#5315 = CARTESIAN_POINT ( 'NONE',  ( -8.249999999999882760, 0.9389114974048661244, -3.000000000000000000 ) ) ;
#5316 = CARTESIAN_POINT ( 'NONE',  ( -5.499999999999924505, 4.938911497404866680, 1.000000000000000000 ) ) ;
#5317 = ORIENTED_EDGE ( 'NONE', *, *, #8057, .T. ) ;
#5318 = ORIENTED_EDGE ( 'NONE', *, *, #3773, .T. ) ;
#5319 = CARTESIAN_POINT ( 'NONE',  ( 1.500000000000117462, 0.9389114974048661244, -3.000000000000000000 ) ) ;
#5320 = VECTOR ( 'NONE', #3251, 1000.000000000000000 ) ;
#5321 = VERTEX_POINT ( 'NONE', #5084 ) ;
#5322 = CYLINDRICAL_SURFACE ( 'NONE', #2677, 0.7500000000000006661 ) ;
#5323 = FACE_BOUND ( 'NONE', #2227, .T. ) ;
#5324 = ORIENTED_EDGE ( 'NONE', *, *, #8765, .T. ) ;
#5325 = LINE ( 'NONE', #3174, #5407 ) ;
#5326 = CARTESIAN_POINT ( 'NONE',  ( -16.49999999999999645, -13.06108850259513154, 1.000000000000000000 ) ) ;
#5327 = EDGE_CURVE ( 'NONE', #3857, #4999, #8385, .T. ) ;
#5328 = DIRECTION ( 'NONE',  ( -0.000000000000000000, -0.000000000000000000, 1.000000000000000000 ) ) ;
#5329 = ORIENTED_EDGE ( 'NONE', *, *, #9731, .F. ) ;
#5330 = ORIENTED_EDGE ( 'NONE', *, *, #3412, .F. ) ;
#5331 = CIRCLE ( 'NONE', #9609, 0.7999999999999986011 ) ;
#5332 = FACE_BOUND ( 'NONE', #7130, .T. ) ;
#5333 = EDGE_LOOP ( 'NONE', ( #1053, #5824 ) ) ;
#5334 = FACE_BOUND ( 'NONE', #5145, .T. ) ;
#5335 = CYLINDRICAL_SURFACE ( 'NONE', #17, 0.7500000000000006661 ) ;
#5336 = DIRECTION ( 'NONE',  ( -0.000000000000000000, -0.000000000000000000, 1.000000000000000000 ) ) ;
#5337 = CARTESIAN_POINT ( 'NONE',  ( -5.499999999999966249, 8.938911497404866680, 0.000000000000000000 ) ) ;
#5338 = ADVANCED_FACE ( 'NONE', ( #6544 ), #3566, .F. ) ;
#5339 = FACE_OUTER_BOUND ( 'NONE', #1477, .T. ) ;
#5340 = DIRECTION ( 'NONE',  ( 1.000000000000000000, 0.000000000000000000, 0.000000000000000000 ) ) ;
#5341 = VERTEX_POINT ( 'NONE', #7925 ) ;
#5342 = EDGE_LOOP ( 'NONE', ( #3992, #1725, #9770, #4710 ) ) ;
#5343 = CIRCLE ( 'NONE', #6787, 0.7500000000000006661 ) ;
#5344 = CARTESIAN_POINT ( 'NONE',  ( 5.000000000000035527, 8.938911497404866680, -3.000000000000000000 ) ) ;
#5345 = VECTOR ( 'NONE', #6447, 1000.000000000000000 ) ;
#5346 = CARTESIAN_POINT ( 'NONE',  ( -1.249999999999819256, -5.061088502595135985, -3.000000000000000000 ) ) ;
#5347 = DIRECTION ( 'NONE',  ( 1.000000000000000000, 0.000000000000000000, 0.000000000000000000 ) ) ;
#5348 = ORIENTED_EDGE ( 'NONE', *, *, #1101, .T. ) ;
#5349 = LINE ( 'NONE', #9175, #2126 ) ;
#5350 = EDGE_CURVE ( 'NONE', #7834, #4663, #6589, .T. ) ;
#5351 = ADVANCED_FACE ( 'NONE', ( #7338 ), #2789, .F. ) ;
#5352 = EDGE_CURVE ( 'NONE', #8005, #5495, #8074, .T. ) ;
#5353 = CARTESIAN_POINT ( 'NONE',  ( -16.50000000000000000, 12.93891149740486668, 1.000000000000000000 ) ) ;
#5354 = CIRCLE ( 'NONE', #9159, 0.7999999999999986011 ) ;
#5355 = VECTOR ( 'NONE', #4034, 1000.000000000000000 ) ;
#5356 = VECTOR ( 'NONE', #3617, 1000.000000000000000 ) ;
#5357 = PLANE ( 'NONE',  #4378 ) ;
#5358 = ORIENTED_EDGE ( 'NONE', *, *, #1859, .F. ) ;
#5359 = DIRECTION ( 'NONE',  ( 0.000000000000000000, -0.000000000000000000, -1.000000000000000000 ) ) ;
#5360 = CIRCLE ( 'NONE', #7281, 0.7500000000000006661 ) ;
#5361 = DIRECTION ( 'NONE',  ( -0.000000000000000000, -0.000000000000000000, 1.000000000000000000 ) ) ;
#5362 = VECTOR ( 'NONE', #4047, 1000.000000000000000 ) ;
#5363 = CARTESIAN_POINT ( 'NONE',  ( 4.250000000000263789, -13.06108850259513510, -3.000000000000000000 ) ) ;
#5364 = ORIENTED_EDGE ( 'NONE', *, *, #4875, .F. ) ;
#5365 = AXIS2_PLACEMENT_3D ( 'NONE', #2700, #313, #3479 ) ;
#5367 = VERTEX_POINT ( 'NONE', #9399 ) ;
#5366 = AXIS2_PLACEMENT_3D ( 'NONE', #6335, #7725, #902 ) ;
#5368 = DIRECTION ( 'NONE',  ( -0.000000000000000000, -0.000000000000000000, 1.000000000000000000 ) ) ;
#5369 = EDGE_CURVE ( 'NONE', #2161, #7829, #9591, .T. ) ;
#5370 = EDGE_LOOP ( 'NONE', ( #9516, #5654, #8052, #4831 ) ) ;
#5371 = AXIS2_PLACEMENT_3D ( 'NONE', #8550, #9338, #4783 ) ;
#5372 = CIRCLE ( 'NONE', #1138, 0.7500000000000006661 ) ;
#5373 = ORIENTED_EDGE ( 'NONE', *, *, #5186, .T. ) ;
#5374 = CARTESIAN_POINT ( 'NONE',  ( -5.499999999999819700, -5.061088502595135985, 1.000000000000000000 ) ) ;
#5375 = VERTEX_POINT ( 'NONE', #3380 ) ;
#5376 = DIRECTION ( 'NONE',  ( -0.000000000000000000, -0.000000000000000000, 1.000000000000000000 ) ) ;
#5377 = ORIENTED_EDGE ( 'NONE', *, *, #8987, .F. ) ;
#5378 = ORIENTED_EDGE ( 'NONE', *, *, #3773, .F. ) ;
#5379 = DIRECTION ( 'NONE',  ( -0.000000000000000000, 0.000000000000000000, -1.000000000000000000 ) ) ;
#5380 = AXIS2_PLACEMENT_3D ( 'NONE', #5510, #8548, #1723 ) ;
#5381 = AXIS2_PLACEMENT_3D ( 'NONE', #178, #3298, #4818 ) ;
#5382 = CARTESIAN_POINT ( 'NONE',  ( 27.69999999999999929, -11.00000000000000178, 12.00000000000000000 ) ) ;
#5383 = DIRECTION ( 'NONE',  ( -0.000000000000000000, -0.000000000000000000, 1.000000000000000000 ) ) ;
#5384 = VERTEX_POINT ( 'NONE', #5028 ) ;
#5385 = EDGE_CURVE ( 'NONE', #2200, #6894, #6005, .T. ) ;
#5386 = ADVANCED_FACE ( 'NONE', ( #502 ), #4157, .F. ) ;
#5387 = AXIS2_PLACEMENT_3D ( 'NONE', #4274, #2662, #6519 ) ;
#5388 = EDGE_LOOP ( 'NONE', ( #7519, #1387, #8117, #5659 ) ) ;
#5389 = FACE_OUTER_BOUND ( 'NONE', #6108, .T. ) ;
#5390 = VECTOR ( 'NONE', #1264, 1000.000000000000000 ) ;
#5391 = ORIENTED_EDGE ( 'NONE', *, *, #3937, .F. ) ;
#5392 = FACE_BOUND ( 'NONE', #416, .T. ) ;
#5393 = DIRECTION ( 'NONE',  ( 1.000000000000000000, 0.000000000000000000, 0.000000000000000000 ) ) ;
#5394 = CARTESIAN_POINT ( 'NONE',  ( 12.00000000000018119, -5.061088502595135985, 0.000000000000000000 ) ) ;
#5395 = AXIS2_PLACEMENT_3D ( 'NONE', #6291, #2697, #6350 ) ;
#5396 = FACE_OUTER_BOUND ( 'NONE', #7601, .T. ) ;
#5397 = DIRECTION ( 'NONE',  ( 1.000000000000000000, 0.000000000000000000, 0.000000000000000000 ) ) ;
#5398 = LINE ( 'NONE', #2456, #1597 ) ;
#5399 = AXIS2_PLACEMENT_3D ( 'NONE', #6898, #1751, #1015 ) ;
#5400 = EDGE_LOOP ( 'NONE', ( #5466, #9139, #6102, #101 ) ) ;
#5401 = CIRCLE ( 'NONE', #7329, 0.7500000000000006661 ) ;
#5402 = EDGE_CURVE ( 'NONE', #9244, #6753, #6328, .T. ) ;
#5403 = ORIENTED_EDGE ( 'NONE', *, *, #505, .T. ) ;
#5404 = ADVANCED_FACE ( 'NONE', ( #9501 ), #1153, .F. ) ;
#5405 = CARTESIAN_POINT ( 'NONE',  ( 26.50000000000000711, 9.000000000000001776, 2.000000000000000000 ) ) ;
#5406 = FACE_OUTER_BOUND ( 'NONE', #1401, .T. ) ;
#5407 = VECTOR ( 'NONE', #3901, 1000.000000000000000 ) ;
#5408 = CARTESIAN_POINT ( 'NONE',  ( -1.999999999999986233, 10.93891149740486668, -3.000000000000000000 ) ) ;
#5409 = DIRECTION ( 'NONE',  ( -0.000000000000000000, -0.000000000000000000, 1.000000000000000000 ) ) ;
#5410 = VERTEX_POINT ( 'NONE', #6440 ) ;
#5411 = DIRECTION ( 'NONE',  ( 0.000000000000000000, -0.000000000000000000, -1.000000000000000000 ) ) ;
#5412 = CARTESIAN_POINT ( 'NONE',  ( -1.999999999999798828, -7.061088502595134209, 0.000000000000000000 ) ) ;
#5413 = CIRCLE ( 'NONE', #4472, 0.7500000000000006661 ) ;
#5414 = EDGE_LOOP ( 'NONE', ( #6169, #5912 ) ) ;
#5415 = EDGE_CURVE ( 'NONE', #7443, #630, #9445, .T. ) ;
#5416 = ORIENTED_EDGE ( 'NONE', *, *, #6732, .T. ) ;
#5417 = EDGE_CURVE ( 'NONE', #9281, #4200, #2743, .T. ) ;
#5418 = CARTESIAN_POINT ( 'NONE',  ( 7.750000000000200728, -7.061088502595134209, 1.000000000000000000 ) ) ;
#5419 = VERTEX_POINT ( 'NONE', #3468 ) ;
#5420 = DIRECTION ( 'NONE',  ( 1.000000000000000000, 0.000000000000000000, 0.000000000000000000 ) ) ;
#5421 = FACE_BOUND ( 'NONE', #154, .T. ) ;
#5422 = ORIENTED_EDGE ( 'NONE', *, *, #2425, .T. ) ;
#5423 = AXIS2_PLACEMENT_3D ( 'NONE', #328, #6259, #5655 ) ;
#5424 = ORIENTED_EDGE ( 'NONE', *, *, #485, .T. ) ;
#5425 = LINE ( 'NONE', #9138, #3646 ) ;
#5426 = EDGE_LOOP ( 'NONE', ( #2758, #388 ) ) ;
#5427 = ADVANCED_FACE ( 'NONE', ( #6490 ), #2968, .F. ) ;
#5428 = ORIENTED_EDGE ( 'NONE', *, *, #1624, .F. ) ;
#5429 = CARTESIAN_POINT ( 'NONE',  ( -30.49999999999999645, -8.999999999999996447, 12.00000000000000000 ) ) ;
#5430 = VERTEX_POINT ( 'NONE', #1492 ) ;
#5431 = DIRECTION ( 'NONE',  ( 0.000000000000000000, 0.000000000000000000, 1.000000000000000000 ) ) ;
#5432 = ORIENTED_EDGE ( 'NONE', *, *, #8221, .T. ) ;
#5433 = ORIENTED_EDGE ( 'NONE', *, *, #2328, .F. ) ;
#5434 = CARTESIAN_POINT ( 'NONE',  ( -12.49999999999998757, 10.93891149740486668, -3.000000000000000000 ) ) ;
#5435 = CARTESIAN_POINT ( 'NONE',  ( 8.500000000000181188, -5.061088502595135985, -3.000000000000000000 ) ) ;
#5436 = DIRECTION ( 'NONE',  ( -0.000000000000000000, -0.000000000000000000, 1.000000000000000000 ) ) ;
#5437 = VERTEX_POINT ( 'NONE', #8997 ) ;
#5438 = VERTEX_POINT ( 'NONE', #7476 ) ;
#5439 = FACE_BOUND ( 'NONE', #4443, .T. ) ;
#5440 = ORIENTED_EDGE ( 'NONE', *, *, #3410, .T. ) ;
#5441 = EDGE_CURVE ( 'NONE', #8808, #8653, #5926, .T. ) ;
#5442 = FACE_BOUND ( 'NONE', #3416, .T. ) ;
#5443 = ADVANCED_FACE ( 'NONE', ( #6827 ), #2332, .F. ) ;
#5444 = LINE ( 'NONE', #73, #5858 ) ;
#5445 = FACE_OUTER_BOUND ( 'NONE', #9236, .T. ) ;
#5446 = DIRECTION ( 'NONE',  ( -0.000000000000000000, -0.000000000000000000, 1.000000000000000000 ) ) ;
#5447 = DIRECTION ( 'NONE',  ( -0.000000000000000000, -0.000000000000000000, 1.000000000000000000 ) ) ;
#5448 = DIRECTION ( 'NONE',  ( 1.000000000000000000, 0.000000000000000000, 0.000000000000000000 ) ) ;
#5449 = EDGE_LOOP ( 'NONE', ( #33, #4497, #4631, #2219 ) ) ;
#5450 = ORIENTED_EDGE ( 'NONE', *, *, #7823, .T. ) ;
#5451 = FACE_OUTER_BOUND ( 'NONE', #7850, .T. ) ;
#5452 = CARTESIAN_POINT ( 'NONE',  ( -11.74999999999979927, -7.061088502595134209, -3.000000000000000000 ) ) ;
#5453 = CARTESIAN_POINT ( 'NONE',  ( 5.000000000000119016, 0.9389114974048661244, 1.000000000000000000 ) ) ;
#5454 = CARTESIAN_POINT ( 'NONE',  ( 1.499999999999992673, 12.93891149740486668, 1.000000000000000000 ) ) ;
#5455 = VERTEX_POINT ( 'NONE', #2290 ) ;
#5456 = CARTESIAN_POINT ( 'NONE',  ( 12.75000000000015987, -3.061088502595133765, 1.000000000000000000 ) ) ;
#5457 = CARTESIAN_POINT ( 'NONE',  ( 5.000000000000119016, 0.9389114974048661244, 0.000000000000000000 ) ) ;
#5458 = CARTESIAN_POINT ( 'NONE',  ( 1.500000000000242473, -11.06108850259513332, 1.000000000000000000 ) ) ;
#5459 = ADVANCED_FACE ( 'NONE', ( #7522 ), #6775, .F. ) ;
#5460 = ORIENTED_EDGE ( 'NONE', *, *, #5739, .T. ) ;
#5461 = DIRECTION ( 'NONE',  ( 0.000000000000000000, -0.000000000000000000, -1.000000000000000000 ) ) ;
#5462 = EDGE_LOOP ( 'NONE', ( #3894, #2077, #8213, #1742 ) ) ;
#5463 = CARTESIAN_POINT ( 'NONE',  ( 1.500000000000075939, 4.938911497404866680, 0.000000000000000000 ) ) ;
#5464 = DIRECTION ( 'NONE',  ( 1.000000000000000000, 0.000000000000000000, 0.000000000000000000 ) ) ;
#5465 = ORIENTED_EDGE ( 'NONE', *, *, #1965, .T. ) ;
#5466 = ORIENTED_EDGE ( 'NONE', *, *, #7625, .F. ) ;
#5467 = AXIS2_PLACEMENT_3D ( 'NONE', #4161, #511, #4805 ) ;
#5468 = CARTESIAN_POINT ( 'NONE',  ( 8.500000000000014211, 10.93891149740486668, -3.000000000000000000 ) ) ;
#5469 = EDGE_CURVE ( 'NONE', #9117, #2203, #1389, .T. ) ;
#5470 = EDGE_LOOP ( 'NONE', ( #5573, #5416 ) ) ;
#5471 = ORIENTED_EDGE ( 'NONE', *, *, #3358, .F. ) ;
#5472 = DIRECTION ( 'NONE',  ( -0.000000000000000000, -0.000000000000000000, 1.000000000000000000 ) ) ;
#5473 = ORIENTED_EDGE ( 'NONE', *, *, #6613, .F. ) ;
#5474 = DIRECTION ( 'NONE',  ( -0.000000000000000000, 0.000000000000000000, 1.000000000000000000 ) ) ;
#5475 = EDGE_LOOP ( 'NONE', ( #8227, #4677 ) ) ;
#5476 = EDGE_LOOP ( 'NONE', ( #257, #6846, #6624, #3900 ) ) ;
#5477 = DIRECTION ( 'NONE',  ( 0.000000000000000000, 0.000000000000000000, 1.000000000000000000 ) ) ;
#5478 = CARTESIAN_POINT ( 'NONE',  ( 12.75000000000015987, -3.061088502595133765, 0.000000000000000000 ) ) ;
#5479 = FACE_OUTER_BOUND ( 'NONE', #8386, .T. ) ;
#5480 = ADVANCED_FACE ( 'NONE', ( #8354 ), #2187, .F. ) ;
#5481 = CIRCLE ( 'NONE', #1235, 0.7500000000000006661 ) ;
#5482 = ORIENTED_EDGE ( 'NONE', *, *, #7236, .T. ) ;
#5483 = EDGE_LOOP ( 'NONE', ( #1829, #1667 ) ) ;
#5484 = CARTESIAN_POINT ( 'NONE',  ( 30.50000000000000711, -8.999999999999996447, 12.00000000000000000 ) ) ;
#5485 = ORIENTED_EDGE ( 'NONE', *, *, #2910, .F. ) ;
#5486 = VECTOR ( 'NONE', #5592, 1000.000000000000000 ) ;
#5487 = FACE_BOUND ( 'NONE', #8613, .T. ) ;
#5488 = DIRECTION ( 'NONE',  ( -0.000000000000000000, -0.000000000000000000, 1.000000000000000000 ) ) ;
#5489 = DIRECTION ( 'NONE',  ( 0.000000000000000000, -0.000000000000000000, -1.000000000000000000 ) ) ;
#5490 = CYLINDRICAL_SURFACE ( 'NONE', #4568, 0.7500000000000006661 ) ;
#5491 = DIRECTION ( 'NONE',  ( 1.000000000000000000, 0.000000000000000000, 0.000000000000000000 ) ) ;
#5492 = DIRECTION ( 'NONE',  ( -0.000000000000000000, 0.000000000000000000, 1.000000000000000000 ) ) ;
#5493 = AXIS2_PLACEMENT_3D ( 'NONE', #508, #5832, #5742 ) ;
#5494 = EDGE_CURVE ( 'NONE', #8760, #447, #3962, .T. ) ;
#5495 = VERTEX_POINT ( 'NONE', #8210 ) ;
#5496 = ORIENTED_EDGE ( 'NONE', *, *, #874, .F. ) ;
#5497 = CARTESIAN_POINT ( 'NONE',  ( 12.00000000000009770, 2.938911497404866235, -3.000000000000000000 ) ) ;
#5498 = CARTESIAN_POINT ( 'NONE',  ( -5.499999999999819700, -5.061088502595135985, 0.000000000000000000 ) ) ;
#5499 = DIRECTION ( 'NONE',  ( -0.000000000000000000, 0.000000000000000000, 1.000000000000000000 ) ) ;
#5500 = CARTESIAN_POINT ( 'NONE',  ( 5.000000000000181188, -5.061088502595135985, 1.000000000000000000 ) ) ;
#5501 = AXIS2_PLACEMENT_3D ( 'NONE', #4935, #4149, #4235 ) ;
#5502 = VERTEX_POINT ( 'NONE', #697 ) ;
#5503 = DIRECTION ( 'NONE',  ( 1.000000000000000000, 0.000000000000000000, 0.000000000000000000 ) ) ;
#5504 = DIRECTION ( 'NONE',  ( -0.000000000000000000, -0.000000000000000000, 1.000000000000000000 ) ) ;
#5505 = LINE ( 'NONE', #5353, #5684 ) ;
#5506 = EDGE_CURVE ( 'NONE', #5168, #4520, #4899, .T. ) ;
#5507 = ORIENTED_EDGE ( 'NONE', *, *, #7762, .T. ) ;
#5508 = CARTESIAN_POINT ( 'NONE',  ( 12.75000000000020250, -7.061088502595134209, 1.000000000000000000 ) ) ;
#5509 = EDGE_CURVE ( 'NONE', #4141, #7172, #3074, .T. ) ;
#5510 = CARTESIAN_POINT ( 'NONE',  ( -12.49999999999996625, 8.938911497404866680, -3.000000000000000000 ) ) ;
#5511 = CARTESIAN_POINT ( 'NONE',  ( 11.25000000000005507, 6.938911497404866680, 0.000000000000000000 ) ) ;
#5512 = VERTEX_POINT ( 'NONE', #3606 ) ;
#5513 = ORIENTED_EDGE ( 'NONE', *, *, #6685, .T. ) ;
#5514 = AXIS2_PLACEMENT_3D ( 'NONE', #578, #769, #8979 ) ;
#5515 = CIRCLE ( 'NONE', #6150, 0.7500000000000006661 ) ;
#5516 = CARTESIAN_POINT ( 'NONE',  ( -1.999999999999923617, 4.938911497404866680, 1.000000000000000000 ) ) ;
#5517 = ORIENTED_EDGE ( 'NONE', *, *, #5665, .T. ) ;
#5518 = AXIS2_PLACEMENT_3D ( 'NONE', #7252, #4127, #9523 ) ;
#5519 = AXIS2_PLACEMENT_3D ( 'NONE', #1642, #703, #100 ) ;
#5520 = VERTEX_POINT ( 'NONE', #742 ) ;
#5521 = LINE ( 'NONE', #1731, #9142 ) ;
#5522 = CIRCLE ( 'NONE', #7437, 0.7500000000000006661 ) ;
#5523 = EDGE_CURVE ( 'NONE', #4581, #9058, #9496, .T. ) ;
#5524 = CIRCLE ( 'NONE', #1433, 0.7500000000000006661 ) ;
#5525 = CARTESIAN_POINT ( 'NONE',  ( 4.250000000000034639, 8.938911497404866680, 1.000000000000000000 ) ) ;
#5526 = ADVANCED_FACE ( 'NONE', ( #6634 ), #3704, .F. ) ;
#5527 = ORIENTED_EDGE ( 'NONE', *, *, #6524, .T. ) ;
#5528 = EDGE_LOOP ( 'NONE', ( #5450, #6482 ) ) ;
#5529 = DIRECTION ( 'NONE',  ( 1.000000000000000000, 0.000000000000000000, 0.000000000000000000 ) ) ;
#5530 = CARTESIAN_POINT ( 'NONE',  ( 12.00000000000009770, 2.938911497404866235, 1.000000000000000000 ) ) ;
#5531 = AXIS2_PLACEMENT_3D ( 'NONE', #1552, #7644, #6136 ) ;
#5532 = VECTOR ( 'NONE', #6946, 1000.000000000000000 ) ;
#5533 = AXIS2_PLACEMENT_3D ( 'NONE', #596, #9095, #4492 ) ;
#5534 = EDGE_LOOP ( 'NONE', ( #3182, #283, #6226, #8993 ) ) ;
#5535 = DIRECTION ( 'NONE',  ( -0.000000000000000000, 0.000000000000000000, 1.000000000000000000 ) ) ;
#5536 = ADVANCED_FACE ( 'NONE', ( #7378 ), #6028, .F. ) ;
#5537 = EDGE_LOOP ( 'NONE', ( #4284, #7512, #6305, #7994 ) ) ;
#5538 = AXIS2_PLACEMENT_3D ( 'NONE', #8939, #2172, #5864 ) ;
#5539 = EDGE_CURVE ( 'NONE', #2927, #5231, #3650, .T. ) ;
#5540 = DIRECTION ( 'NONE',  ( -0.000000000000000000, -0.000000000000000000, 1.000000000000000000 ) ) ;
#5541 = EDGE_CURVE ( 'NONE', #1814, #8352, #8311, .T. ) ;
#5542 = VECTOR ( 'NONE', #842, 1000.000000000000000 ) ;
#5543 = FACE_OUTER_BOUND ( 'NONE', #5476, .T. ) ;
#5544 = DIRECTION ( 'NONE',  ( 1.000000000000000000, 0.000000000000000000, 0.000000000000000000 ) ) ;
#5545 = CARTESIAN_POINT ( 'NONE',  ( -1.999999999999798828, -7.061088502595134209, 1.000000000000000000 ) ) ;
#5546 = DIRECTION ( 'NONE',  ( -0.000000000000000000, -0.000000000000000000, 1.000000000000000000 ) ) ;
#5547 = DIRECTION ( 'NONE',  ( -0.000000000000000000, -0.000000000000000000, 1.000000000000000000 ) ) ;
#5548 = VECTOR ( 'NONE', #325, 1000.000000000000000 ) ;
#5549 = ORIENTED_EDGE ( 'NONE', *, *, #7017, .F. ) ;
#5550 = EDGE_LOOP ( 'NONE', ( #6006, #5566, #8715, #3152 ) ) ;
#5551 = ORIENTED_EDGE ( 'NONE', *, *, #8021, .F. ) ;
#5552 = CARTESIAN_POINT ( 'NONE',  ( -4.749999999999819700, -5.061088502595135985, 0.000000000000000000 ) ) ;
#5553 = ORIENTED_EDGE ( 'NONE', *, *, #2932, .F. ) ;
#5554 = CARTESIAN_POINT ( 'NONE',  ( -8.999999999999904077, 2.938911497404866235, 0.000000000000000000 ) ) ;
#5555 = VECTOR ( 'NONE', #9163, 1000.000000000000000 ) ;
#5556 = CARTESIAN_POINT ( 'NONE',  ( -2.749999999999903633, 2.938911497404866235, 0.000000000000000000 ) ) ;
#5557 = CARTESIAN_POINT ( 'NONE',  ( 4.250000000000034639, 8.938911497404866680, 0.000000000000000000 ) ) ;
#5558 = CARTESIAN_POINT ( 'NONE',  ( 0.000000000000000000, 0.000000000000000000, 12.00000000000000000 ) ) ;
#5559 = ORIENTED_EDGE ( 'NONE', *, *, #1935, .T. ) ;
#5560 = CIRCLE ( 'NONE', #6193, 0.7500000000000006661 ) ;
#5561 = DIRECTION ( 'NONE',  ( 1.000000000000000000, 0.000000000000000000, 0.000000000000000000 ) ) ;
#5562 = CARTESIAN_POINT ( 'NONE',  ( -8.999999999999799272, -7.061088502595134209, -3.000000000000000000 ) ) ;
#5563 = CARTESIAN_POINT ( 'NONE',  ( 1.500000000000096811, 2.938911497404866235, 0.000000000000000000 ) ) ;
#5564 = VECTOR ( 'NONE', #2797, 1000.000000000000000 ) ;
#5565 = AXIS2_PLACEMENT_3D ( 'NONE', #6348, #8430, #5544 ) ;
#5566 = ORIENTED_EDGE ( 'NONE', *, *, #8664, .T. ) ;
#5567 = DIRECTION ( 'NONE',  ( 0.000000000000000000, -0.000000000000000000, -1.000000000000000000 ) ) ;
#5568 = VERTEX_POINT ( 'NONE', #646 ) ;
#5569 = CARTESIAN_POINT ( 'NONE',  ( -13.24999999999986322, -1.061088502595133765, 1.000000000000000000 ) ) ;
#5570 = AXIS2_PLACEMENT_3D ( 'NONE', #8392, #4620, #6957 ) ;
#5571 = DIRECTION ( 'NONE',  ( -0.000000000000000000, -0.000000000000000000, 1.000000000000000000 ) ) ;
#5572 = ADVANCED_FACE ( 'NONE', ( #3656 ), #3799, .F. ) ;
#5573 = ORIENTED_EDGE ( 'NONE', *, *, #7503, .T. ) ;
#5574 = AXIS2_PLACEMENT_3D ( 'NONE', #2627, #8751, #8650 ) ;
#5575 = ADVANCED_FACE ( 'NONE', ( #8407 ), #991, .F. ) ;
#5576 = ORIENTED_EDGE ( 'NONE', *, *, #7074, .T. ) ;
#5577 = AXIS2_PLACEMENT_3D ( 'NONE', #4156, #552, #7279 ) ;
#5578 = DIRECTION ( 'NONE',  ( -0.000000000000000000, -0.000000000000000000, 1.000000000000000000 ) ) ;
#5579 = ORIENTED_EDGE ( 'NONE', *, *, #3531, .F. ) ;
#5580 = VERTEX_POINT ( 'NONE', #6270 ) ;
#5581 = DIRECTION ( 'NONE',  ( 0.000000000000000000, -0.000000000000000000, -1.000000000000000000 ) ) ;
#5582 = EDGE_LOOP ( 'NONE', ( #9035, #2042 ) ) ;
#5583 = AXIS2_PLACEMENT_3D ( 'NONE', #6661, #9664, #4325 ) ;
#5584 = CARTESIAN_POINT ( 'NONE',  ( -5.499999999999778844, -9.061088502595131544, -3.000000000000000000 ) ) ;
#5585 = ORIENTED_EDGE ( 'NONE', *, *, #8559, .F. ) ;
#5586 = EDGE_LOOP ( 'NONE', ( #4306, #7864 ) ) ;
#5587 = CARTESIAN_POINT ( 'NONE',  ( -1.999999999999736433, -13.06108850259513510, -3.000000000000000000 ) ) ;
#5588 = LINE ( 'NONE', #1646, #3951 ) ;
#5589 = CIRCLE ( 'NONE', #6394, 0.7500000000000006661 ) ;
#5590 = EDGE_CURVE ( 'NONE', #1643, #1160, #6117, .T. ) ;
#5591 = ORIENTED_EDGE ( 'NONE', *, *, #1155, .T. ) ;
#5592 = DIRECTION ( 'NONE',  ( -0.000000000000000000, -0.000000000000000000, 1.000000000000000000 ) ) ;
#5593 = VERTEX_POINT ( 'NONE', #7821 ) ;
#5594 = FACE_BOUND ( 'NONE', #1695, .T. ) ;
#5595 = CARTESIAN_POINT ( 'NONE',  ( -1.999999999999882094, 0.9389114974048661244, 0.000000000000000000 ) ) ;
#5596 = DIRECTION ( 'NONE',  ( -0.000000000000000000, 0.000000000000000000, 1.000000000000000000 ) ) ;
#5597 = DIRECTION ( 'NONE',  ( 0.000000000000000000, -0.000000000000000000, -1.000000000000000000 ) ) ;
#5598 = DIRECTION ( 'NONE',  ( 1.000000000000000000, 0.000000000000000000, 0.000000000000000000 ) ) ;
#5599 = CARTESIAN_POINT ( 'NONE',  ( -5.499999999999986677, 10.93891149740486668, -3.000000000000000000 ) ) ;
#5600 = EDGE_CURVE ( 'NONE', #2108, #7978, #7140, .T. ) ;
#5601 = EDGE_CURVE ( 'NONE', #2055, #5568, #6815, .T. ) ;
#5602 = VERTEX_POINT ( 'NONE', #2475 ) ;
#5603 = ORIENTED_EDGE ( 'NONE', *, *, #4446, .F. ) ;
#5604 = LINE ( 'NONE', #6409, #7409 ) ;
#5605 = ORIENTED_EDGE ( 'NONE', *, *, #5106, .T. ) ;
#5606 = LINE ( 'NONE', #9521, #2229 ) ;
#5607 = CARTESIAN_POINT ( 'NONE',  ( 5.000000000000097700, 2.938911497404866235, 1.000000000000000000 ) ) ;
#5608 = DIRECTION ( 'NONE',  ( 1.000000000000000000, 0.000000000000000000, 0.000000000000000000 ) ) ;
#5609 = FILL_AREA_STYLE_COLOUR ( '', #2581 ) ;
#5610 = ORIENTED_EDGE ( 'NONE', *, *, #3384, .T. ) ;
#5611 = DIRECTION ( 'NONE',  ( 1.000000000000000000, 0.000000000000000000, 0.000000000000000000 ) ) ;
#5612 = CARTESIAN_POINT ( 'NONE',  ( -8.999999999999820588, -5.061088502595135985, 1.000000000000000000 ) ) ;
#5613 = DIRECTION ( 'NONE',  ( -0.000000000000000000, 0.000000000000000000, 1.000000000000000000 ) ) ;
#5614 = EDGE_CURVE ( 'NONE', #2485, #4956, #969, .T. ) ;
#5615 = CARTESIAN_POINT ( 'NONE',  ( 12.00000000000026468, -13.06108850259513510, 0.000000000000000000 ) ) ;
#5616 = ORIENTED_EDGE ( 'NONE', *, *, #7576, .T. ) ;
#5617 = CARTESIAN_POINT ( 'NONE',  ( -1.249999999999964917, 8.938911497404866680, 1.000000000000000000 ) ) ;
#5618 = CYLINDRICAL_SURFACE ( 'NONE', #8394, 0.7500000000000006661 ) ;
#5619 = EDGE_LOOP ( 'NONE', ( #8362, #7217 ) ) ;
#5620 = CYLINDRICAL_SURFACE ( 'NONE', #5574, 0.7500000000000006661 ) ;
#5621 = DIRECTION ( 'NONE',  ( -0.000000000000000000, 0.000000000000000000, 1.000000000000000000 ) ) ;
#5622 = EDGE_CURVE ( 'NONE', #3329, #3751, #7669, .T. ) ;
#5623 = ORIENTED_EDGE ( 'NONE', *, *, #901, .T. ) ;
#5624 = ADVANCED_FACE ( 'NONE', ( #7622 ), #9238, .F. ) ;
#5625 = EDGE_CURVE ( 'NONE', #8468, #5923, #6973, .T. ) ;
#5626 = VERTEX_POINT ( 'NONE', #3221 ) ;
#5627 = LINE ( 'NONE', #8799, #8683 ) ;
#5628 = VERTEX_POINT ( 'NONE', #4676 ) ;
#5629 = CARTESIAN_POINT ( 'NONE',  ( 12.75000000000014033, -1.061088502595133765, 1.000000000000000000 ) ) ;
#5630 = ORIENTED_EDGE ( 'NONE', *, *, #6315, .F. ) ;
#5631 = ORIENTED_EDGE ( 'NONE', *, *, #7610, .T. ) ;
#5632 = DIRECTION ( 'NONE',  ( 1.000000000000000000, 0.000000000000000000, 0.000000000000000000 ) ) ;
#5633 = DIRECTION ( 'NONE',  ( 1.000000000000000000, 0.000000000000000000, 0.000000000000000000 ) ) ;
#5634 = ORIENTED_EDGE ( 'NONE', *, *, #6801, .T. ) ;
#5635 = ADVANCED_FACE ( 'NONE', ( #2377 ), #3999, .F. ) ;
#5636 = FACE_BOUND ( 'NONE', #5794, .T. ) ;
#5637 = EDGE_LOOP ( 'NONE', ( #3588, #6324, #1413, #7299 ) ) ;
#5638 = EDGE_CURVE ( 'NONE', #8504, #6272, #9020, .T. ) ;
#5639 = DIRECTION ( 'NONE',  ( -0.000000000000000000, -0.000000000000000000, 1.000000000000000000 ) ) ;
#5640 = CYLINDRICAL_SURFACE ( 'NONE', #5888, 0.7500000000000004441 ) ;
#5641 = AXIS2_PLACEMENT_3D ( 'NONE', #1664, #9267, #920 ) ;
#5642 = CARTESIAN_POINT ( 'NONE',  ( 4.250000000000263789, -13.06108850259513510, 1.000000000000000000 ) ) ;
#5643 = LINE ( 'NONE', #8028, #3988 ) ;
#5644 = PLANE ( 'NONE',  #506 ) ;
#5645 = ORIENTED_EDGE ( 'NONE', *, *, #9107, .F. ) ;
#5646 = AXIS2_PLACEMENT_3D ( 'NONE', #5942, #8970, #8676 ) ;
#5647 = CARTESIAN_POINT ( 'NONE',  ( -9.749999999999820588, -5.061088502595135985, -3.000000000000000000 ) ) ;
#5648 = ORIENTED_EDGE ( 'NONE', *, *, #1569, .T. ) ;
#5649 = CARTESIAN_POINT ( 'NONE',  ( 11.25000000000001421, 10.93891149740486668, 0.000000000000000000 ) ) ;
#5650 = CARTESIAN_POINT ( 'NONE',  ( 30.50000000000000711, 13.00000000000000178, 12.00000000000000000 ) ) ;
#5651 = ADVANCED_FACE ( 'NONE', ( #6879 ), #7073, .F. ) ;
#5652 = CARTESIAN_POINT ( 'NONE',  ( -6.249999999999820588, -5.061088502595135985, -3.000000000000000000 ) ) ;
#5653 = FACE_OUTER_BOUND ( 'NONE', #2736, .T. ) ;
#5654 = ORIENTED_EDGE ( 'NONE', *, *, #1922, .T. ) ;
#5655 = DIRECTION ( 'NONE',  ( 1.000000000000000000, 0.000000000000000000, 0.000000000000000000 ) ) ;
#5656 = DIRECTION ( 'NONE',  ( -0.000000000000000000, -0.000000000000000000, 1.000000000000000000 ) ) ;
#5657 = CIRCLE ( 'NONE', #7885, 0.7500000000000006661 ) ;
#5658 = DIRECTION ( 'NONE',  ( -0.000000000000000000, 0.000000000000000000, 1.000000000000000000 ) ) ;
#5659 = ORIENTED_EDGE ( 'NONE', *, *, #3872, .F. ) ;
#5660 = AXIS2_PLACEMENT_3D ( 'NONE', #2691, #6548, #556 ) ;
#5661 = DIRECTION ( 'NONE',  ( -0.000000000000000000, 0.000000000000000000, 1.000000000000000000 ) ) ;
#5662 = EDGE_CURVE ( 'NONE', #5768, #6856, #2522, .T. ) ;
#5663 = DIRECTION ( 'NONE',  ( 1.000000000000000000, 0.000000000000000000, 0.000000000000000000 ) ) ;
#5664 = DIRECTION ( 'NONE',  ( 1.000000000000000000, 0.000000000000000000, 0.000000000000000000 ) ) ;
#5665 = EDGE_CURVE ( 'NONE', #8517, #3438, #3266, .T. ) ;
#5666 = ORIENTED_EDGE ( 'NONE', *, *, #152, .F. ) ;
#5667 = EDGE_CURVE ( 'NONE', #9418, #3198, #5425, .T. ) ;
#5668 = CYLINDRICAL_SURFACE ( 'NONE', #7634, 0.7500000000000006661 ) ;
#5669 = DIRECTION ( 'NONE',  ( -0.000000000000000000, 0.000000000000000000, 1.000000000000000000 ) ) ;
#5670 = DIRECTION ( 'NONE',  ( 1.000000000000000000, 0.000000000000000000, 0.000000000000000000 ) ) ;
#5671 = VECTOR ( 'NONE', #47, 1000.000000000000000 ) ;
#5672 = ORIENTED_EDGE ( 'NONE', *, *, #6801, .F. ) ;
#5673 = DIRECTION ( 'NONE',  ( 0.000000000000000000, -0.000000000000000000, -1.000000000000000000 ) ) ;
#5674 = ORIENTED_EDGE ( 'NONE', *, *, #925, .T. ) ;
#5675 = DIRECTION ( 'NONE',  ( 0.000000000000000000, -0.000000000000000000, -1.000000000000000000 ) ) ;
#5676 = CIRCLE ( 'NONE', #5031, 0.7500000000000006661 ) ;
#5677 = ORIENTED_EDGE ( 'NONE', *, *, #6331, .F. ) ;
#5678 = CIRCLE ( 'NONE', #1743, 0.7500000000000006661 ) ;
#5679 = ORIENTED_EDGE ( 'NONE', *, *, #7928, .T. ) ;
#5680 = CARTESIAN_POINT ( 'NONE',  ( -13.24999999999982059, -5.061088502595135985, 1.000000000000000000 ) ) ;
#5681 = CARTESIAN_POINT ( 'NONE',  ( -26.49999999999999645, -8.999999999999996447, 2.000000000000000000 ) ) ;
#5682 = VECTOR ( 'NONE', #1518, 1000.000000000000000 ) ;
#5683 = ORIENTED_EDGE ( 'NONE', *, *, #198, .F. ) ;
#5684 = VECTOR ( 'NONE', #2421, 1000.000000000000000 ) ;
#5685 = CIRCLE ( 'NONE', #4268, 0.7500000000000004441 ) ;
#5686 = DIRECTION ( 'NONE',  ( 1.000000000000000000, 0.000000000000000000, 0.000000000000000000 ) ) ;
#5687 = ORIENTED_EDGE ( 'NONE', *, *, #6888, .T. ) ;
#5688 = CIRCLE ( 'NONE', #8863, 0.7500000000000006661 ) ;
#5689 = CARTESIAN_POINT ( 'NONE',  ( -5.499999999999841016, -3.061088502595133765, 1.000000000000000000 ) ) ;
#5690 = CARTESIAN_POINT ( 'NONE',  ( 12.00000000000024336, -11.06108850259513332, 0.000000000000000000 ) ) ;
#5691 = ADVANCED_FACE ( 'NONE', ( #9283 ), #8555, .F. ) ;
#5692 = EDGE_CURVE ( 'NONE', #2652, #6184, #4582, .T. ) ;
#5693 = CIRCLE ( 'NONE', #5365, 0.7500000000000004441 ) ;
#5694 = CARTESIAN_POINT ( 'NONE',  ( 8.500000000000035527, 8.938911497404866680, -3.000000000000000000 ) ) ;
#5695 = DIRECTION ( 'NONE',  ( 0.000000000000000000, -0.000000000000000000, -1.000000000000000000 ) ) ;
#5696 = CIRCLE ( 'NONE', #9649, 0.7500000000000006661 ) ;
#5697 = EDGE_LOOP ( 'NONE', ( #6395, #4046, #1201, #7887 ) ) ;
#5698 = FACE_OUTER_BOUND ( 'NONE', #199, .T. ) ;
#5699 = VERTEX_POINT ( 'NONE', #4832 ) ;
#5700 = CIRCLE ( 'NONE', #1446, 0.7500000000000006661 ) ;
#5701 = FACE_BOUND ( 'NONE', #8889, .T. ) ;
#5702 = AXIS2_PLACEMENT_3D ( 'NONE', #1061, #1604, #3912 ) ;
#5703 = CIRCLE ( 'NONE', #7277, 0.7500000000000006661 ) ;
#5704 = EDGE_LOOP ( 'NONE', ( #8977, #3828, #2007, #1469 ) ) ;
#5705 = CARTESIAN_POINT ( 'NONE',  ( -1.999999999999757083, -11.06108850259513332, 0.000000000000000000 ) ) ;
#5706 = DIRECTION ( 'NONE',  ( -0.000000000000000000, -0.000000000000000000, 1.000000000000000000 ) ) ;
#5707 = DIRECTION ( 'NONE',  ( -0.000000000000000000, -0.000000000000000000, 1.000000000000000000 ) ) ;
#5708 = CARTESIAN_POINT ( 'NONE',  ( 8.500000000000119016, 0.9389114974048661244, 0.000000000000000000 ) ) ;
#5709 = EDGE_LOOP ( 'NONE', ( #8313, #7875 ) ) ;
#5710 = DIRECTION ( 'NONE',  ( 0.000000000000000000, -0.000000000000000000, -1.000000000000000000 ) ) ;
#5711 = DIRECTION ( 'NONE',  ( 0.000000000000000000, -0.000000000000000000, -1.000000000000000000 ) ) ;
#5712 = AXIS2_PLACEMENT_3D ( 'NONE', #8792, #1981, #3551 ) ;
#5713 = CYLINDRICAL_SURFACE ( 'NONE', #2857, 0.7500000000000006661 ) ;
#5714 = VECTOR ( 'NONE', #5409, 1000.000000000000000 ) ;
#5715 = EDGE_CURVE ( 'NONE', #6576, #5375, #1921, .T. ) ;
#5716 = AXIS2_PLACEMENT_3D ( 'NONE', #3683, #8098, #7400 ) ;
#5717 = DIRECTION ( 'NONE',  ( 1.000000000000000000, 0.000000000000000000, 0.000000000000000000 ) ) ;
#5718 = AXIS2_PLACEMENT_3D ( 'NONE', #5708, #2767, #2119 ) ;
#5719 = CARTESIAN_POINT ( 'NONE',  ( 1.132868842363122632E-14, -13.06108850259511911, 0.000000000000000000 ) ) ;
#5720 = DIRECTION ( 'NONE',  ( -0.000000000000000000, -0.000000000000000000, 1.000000000000000000 ) ) ;
#5721 = EDGE_LOOP ( 'NONE', ( #8138, #3978 ) ) ;
#5722 = VERTEX_POINT ( 'NONE', #8754 ) ;
#5723 = VECTOR ( 'NONE', #8084, 1000.000000000000000 ) ;
#5724 = DIRECTION ( 'NONE',  ( 0.000000000000000000, -0.000000000000000000, -1.000000000000000000 ) ) ;
#5725 = DIRECTION ( 'NONE',  ( 1.000000000000000000, 0.000000000000000000, 0.000000000000000000 ) ) ;
#5726 = AXIS2_PLACEMENT_3D ( 'NONE', #512, #5092, #3474 ) ;
#5727 = EDGE_CURVE ( 'NONE', #3511, #7131, #24, .T. ) ;
#5728 = EDGE_CURVE ( 'NONE', #7978, #4138, #438, .T. ) ;
#5729 = VERTEX_POINT ( 'NONE', #1191 ) ;
#5730 = AXIS2_PLACEMENT_3D ( 'NONE', #1875, #4335, #2728 ) ;
#5731 = CARTESIAN_POINT ( 'NONE',  ( -27.70000000000000995, -11.00000000000000178, 7.000000000000000000 ) ) ;
#5732 = EDGE_LOOP ( 'NONE', ( #4877, #8942, #9728, #4049 ) ) ;
#5733 = FACE_OUTER_BOUND ( 'NONE', #7982, .T. ) ;
#5734 = ORIENTED_EDGE ( 'NONE', *, *, #1888, .F. ) ;
#5735 = AXIS2_PLACEMENT_3D ( 'NONE', #2440, #8363, #1688 ) ;
#5736 = ORIENTED_EDGE ( 'NONE', *, *, #4513, .T. ) ;
#5737 = CARTESIAN_POINT ( 'NONE',  ( -13.24999999999975842, -11.06108850259513332, -3.000000000000000000 ) ) ;
#5738 = CARTESIAN_POINT ( 'NONE',  ( 12.00000000000001421, 10.93891149740486668, 1.000000000000000000 ) ) ;
#5739 = EDGE_CURVE ( 'NONE', #306, #7396, #4426, .T. ) ;
#5740 = ORIENTED_EDGE ( 'NONE', *, *, #6578, .T. ) ;
#5741 = VECTOR ( 'NONE', #9050, 1000.000000000000000 ) ;
#5742 = DIRECTION ( 'NONE',  ( 1.000000000000000000, 0.000000000000000000, 0.000000000000000000 ) ) ;
#5743 = DIRECTION ( 'NONE',  ( 0.000000000000000000, -0.000000000000000000, -1.000000000000000000 ) ) ;
#5744 = CARTESIAN_POINT ( 'NONE',  ( -11.74999999999979927, -7.061088502595134209, 0.000000000000000000 ) ) ;
#5745 = ORIENTED_EDGE ( 'NONE', *, *, #8183, .F. ) ;
#5746 = AXIS2_PLACEMENT_3D ( 'NONE', #818, #5946, #6051 ) ;
#5747 = CARTESIAN_POINT ( 'NONE',  ( -1.999999999999840350, -3.061088502595133765, 1.000000000000000000 ) ) ;
#5748 = CARTESIAN_POINT ( 'NONE',  ( 8.500000000000264677, -13.06108850259513510, 0.000000000000000000 ) ) ;
#5749 = ORIENTED_EDGE ( 'NONE', *, *, #4079, .F. ) ;
#5750 = ORIENTED_EDGE ( 'NONE', *, *, #1065, .T. ) ;
#5751 = ORIENTED_EDGE ( 'NONE', *, *, #3528, .F. ) ;
#5752 = EDGE_CURVE ( 'NONE', #9286, #7829, #5860, .T. ) ;
#5753 = CARTESIAN_POINT ( 'NONE',  ( 5.000000000000202505, -7.061088502595134209, 1.000000000000000000 ) ) ;
#5754 = EDGE_CURVE ( 'NONE', #1160, #5438, #5696, .T. ) ;
#5755 = ORIENTED_EDGE ( 'NONE', *, *, #5715, .T. ) ;
#5756 = DIRECTION ( 'NONE',  ( 1.000000000000000000, 0.000000000000000000, 0.000000000000000000 ) ) ;
#5757 = CARTESIAN_POINT ( 'NONE',  ( -5.499999999999841016, -3.061088502595133765, 0.000000000000000000 ) ) ;
#5758 = CARTESIAN_POINT ( 'NONE',  ( -13.24999999999984190, -3.061088502595133765, 0.000000000000000000 ) ) ;
#5759 = CARTESIAN_POINT ( 'NONE',  ( 5.000000000000119016, 0.9389114974048661244, 1.000000000000000000 ) ) ;
#5760 = ORIENTED_EDGE ( 'NONE', *, *, #2596, .T. ) ;
#5761 = DIRECTION ( 'NONE',  ( -0.000000000000000000, 0.000000000000000000, 1.000000000000000000 ) ) ;
#5762 = DIRECTION ( 'NONE',  ( 1.000000000000000000, 0.000000000000000000, 0.000000000000000000 ) ) ;
#5763 = DIRECTION ( 'NONE',  ( 1.000000000000000000, 0.000000000000000000, 0.000000000000000000 ) ) ;
#5764 = LINE ( 'NONE', #6572, #9306 ) ;
#5765 = ORIENTED_EDGE ( 'NONE', *, *, #1255, .T. ) ;
#5766 = LINE ( 'NONE', #5010, #2409 ) ;
#5767 = CARTESIAN_POINT ( 'NONE',  ( 9.250000000000119016, 0.9389114974048661244, 0.000000000000000000 ) ) ;
#5768 = VERTEX_POINT ( 'NONE', #6478 ) ;
#5769 = EDGE_CURVE ( 'NONE', #8165, #2483, #5372, .T. ) ;
#5770 = DIRECTION ( 'NONE',  ( 0.000000000000000000, -1.000000000000000000, 0.000000000000000000 ) ) ;
#5771 = CARTESIAN_POINT ( 'NONE',  ( -6.249999999999862332, -1.061088502595133765, -3.000000000000000000 ) ) ;
#5772 = DIRECTION ( 'NONE',  ( 0.000000000000000000, 0.000000000000000000, 1.000000000000000000 ) ) ;
#5773 = EDGE_LOOP ( 'NONE', ( #2112, #3054 ) ) ;
#5774 = DIRECTION ( 'NONE',  ( 1.000000000000000000, 0.000000000000000000, 0.000000000000000000 ) ) ;
#5775 = ORIENTED_EDGE ( 'NONE', *, *, #4808, .T. ) ;
#5776 = FACE_OUTER_BOUND ( 'NONE', #667, .T. ) ;
#5777 = FACE_BOUND ( 'NONE', #8206, .T. ) ;
#5778 = ORIENTED_EDGE ( 'NONE', *, *, #5539, .F. ) ;
#5779 = ADVANCED_FACE ( 'NONE', ( #396 ), #7120, .F. ) ;
#5780 = ORIENTED_EDGE ( 'NONE', *, *, #5240, .T. ) ;
#5781 = DIRECTION ( 'NONE',  ( 1.000000000000000000, 0.000000000000000000, 0.000000000000000000 ) ) ;
#5782 = DIRECTION ( 'NONE',  ( 1.000000000000000000, 0.000000000000000000, 0.000000000000000000 ) ) ;
#5783 = EDGE_LOOP ( 'NONE', ( #7693, #6947, #2190, #3653 ) ) ;
#5784 = ORIENTED_EDGE ( 'NONE', *, *, #4891, .T. ) ;
#5785 = DIRECTION ( 'NONE',  ( -0.000000000000000000, 0.000000000000000000, 1.000000000000000000 ) ) ;
#5786 = DIRECTION ( 'NONE',  ( 1.000000000000000000, 0.000000000000000000, 0.000000000000000000 ) ) ;
#5787 = EDGE_CURVE ( 'NONE', #9470, #2894, #651, .T. ) ;
#5788 = DIRECTION ( 'NONE',  ( -0.000000000000000000, 1.000000000000000000, -0.000000000000000000 ) ) ;
#5789 = EDGE_CURVE ( 'NONE', #7375, #482, #173, .T. ) ;
#5790 = EDGE_LOOP ( 'NONE', ( #5066, #6191 ) ) ;
#5791 = CYLINDRICAL_SURFACE ( 'NONE', #1110, 0.7500000000000006661 ) ;
#5792 = LINE ( 'NONE', #1361, #7325 ) ;
#5793 = ORIENTED_EDGE ( 'NONE', *, *, #8183, .T. ) ;
#5794 = EDGE_LOOP ( 'NONE', ( #587, #1431 ) ) ;
#5795 = ORIENTED_EDGE ( 'NONE', *, *, #6936, .T. ) ;
#5796 = DIRECTION ( 'NONE',  ( -0.000000000000000000, -0.000000000000000000, 1.000000000000000000 ) ) ;
#5797 = ORIENTED_EDGE ( 'NONE', *, *, #9409, .T. ) ;
#5798 = CARTESIAN_POINT ( 'NONE',  ( 5.750000000000119904, 0.9389114974048661244, -3.000000000000000000 ) ) ;
#5799 = FACE_OUTER_BOUND ( 'NONE', #6083, .T. ) ;
#5800 = LINE ( 'NONE', #378, #4729 ) ;
#5801 = CARTESIAN_POINT ( 'NONE',  ( -5.499999999999757527, -11.06108850259513332, 1.000000000000000000 ) ) ;
#5802 = ORIENTED_EDGE ( 'NONE', *, *, #9640, .F. ) ;
#5803 = DIRECTION ( 'NONE',  ( -0.000000000000000000, -0.000000000000000000, 1.000000000000000000 ) ) ;
#5804 = CYLINDRICAL_SURFACE ( 'NONE', #3517, 0.7500000000000006661 ) ;
#5805 = ADVANCED_FACE ( 'NONE', ( #9431 ), #2676, .F. ) ;
#5806 = CARTESIAN_POINT ( 'NONE',  ( -12.49999999999973710, -13.06108850259513510, 0.000000000000000000 ) ) ;
#5807 = CIRCLE ( 'NONE', #6919, 0.7500000000000006661 ) ;
#5808 = EDGE_LOOP ( 'NONE', ( #2897, #1534, #9549, #6505 ) ) ;
#5809 = CARTESIAN_POINT ( 'NONE',  ( 29.29999999999999716, -11.00000000000000178, 12.00000000000000000 ) ) ;
#5810 = DIRECTION ( 'NONE',  ( 1.000000000000000000, 0.000000000000000000, 0.000000000000000000 ) ) ;
#5811 = DIRECTION ( 'NONE',  ( -0.000000000000000000, 0.000000000000000000, 1.000000000000000000 ) ) ;
#5812 = VECTOR ( 'NONE', #8527, 1000.000000000000000 ) ;
#5813 = ORIENTED_EDGE ( 'NONE', *, *, #9540, .T. ) ;
#5814 = DIRECTION ( 'NONE',  ( 1.000000000000000000, 0.000000000000000000, 0.000000000000000000 ) ) ;
#5815 = EDGE_CURVE ( 'NONE', #6220, #2038, #758, .T. ) ;
#5816 = EDGE_CURVE ( 'NONE', #5841, #6630, #5807, .T. ) ;
#5817 = DIRECTION ( 'NONE',  ( 0.000000000000000000, -0.000000000000000000, -1.000000000000000000 ) ) ;
#5818 = ADVANCED_FACE ( 'NONE', ( #5406 ), #3145, .F. ) ;
#5819 = DIRECTION ( 'NONE',  ( 1.000000000000000000, 0.000000000000000000, 0.000000000000000000 ) ) ;
#5820 = ORIENTED_EDGE ( 'NONE', *, *, #3153, .F. ) ;
#5821 = DIRECTION ( 'NONE',  ( 1.000000000000000000, 0.000000000000000000, 0.000000000000000000 ) ) ;
#5822 = FACE_BOUND ( 'NONE', #4068, .T. ) ;
#5823 = ORIENTED_EDGE ( 'NONE', *, *, #5917, .T. ) ;
#5824 = ORIENTED_EDGE ( 'NONE', *, *, #7004, .T. ) ;
#5825 = CARTESIAN_POINT ( 'NONE',  ( -2.749999999999924505, 4.938911497404866680, -3.000000000000000000 ) ) ;
#5826 = AXIS2_PLACEMENT_3D ( 'NONE', #2632, #1344, #3512 ) ;
#5827 = DIRECTION ( 'NONE',  ( 1.000000000000000000, 0.000000000000000000, 0.000000000000000000 ) ) ;
#5828 = VERTEX_POINT ( 'NONE', #3349 ) ;
#5829 = EDGE_CURVE ( 'NONE', #1793, #1525, #7872, .T. ) ;
#5830 = AXIS2_PLACEMENT_3D ( 'NONE', #4718, #5461, #7756 ) ;
#5831 = ADVANCED_FACE ( 'NONE', ( #2461 ), #6361, .F. ) ;
#5832 = DIRECTION ( 'NONE',  ( -0.000000000000000000, -0.000000000000000000, 1.000000000000000000 ) ) ;
#5833 = CARTESIAN_POINT ( 'NONE',  ( -1.249999999999819256, -5.061088502595135985, 0.000000000000000000 ) ) ;
#5834 = ORIENTED_EDGE ( 'NONE', *, *, #4821, .F. ) ;
#5835 = DIRECTION ( 'NONE',  ( 0.000000000000000000, 0.000000000000000000, 1.000000000000000000 ) ) ;
#5836 = LINE ( 'NONE', #7388, #1318 ) ;
#5837 = ORIENTED_EDGE ( 'NONE', *, *, #9147, .T. ) ;
#5838 = ORIENTED_EDGE ( 'NONE', *, *, #8810, .T. ) ;
#5839 = CIRCLE ( 'NONE', #2232, 0.7500000000000004441 ) ;
#5840 = AXIS2_PLACEMENT_3D ( 'NONE', #8868, #9514, #4951 ) ;
#5841 = VERTEX_POINT ( 'NONE', #4706 ) ;
#5842 = EDGE_CURVE ( 'NONE', #6184, #5101, #1026, .T. ) ;
#5843 = EDGE_CURVE ( 'NONE', #6230, #4663, #9437, .T. ) ;
#5844 = EDGE_CURVE ( 'NONE', #3511, #463, #122, .T. ) ;
#5845 = EDGE_CURVE ( 'NONE', #2344, #4996, #7102, .T. ) ;
#5846 = DIRECTION ( 'NONE',  ( 1.000000000000000000, 0.000000000000000000, -0.000000000000000000 ) ) ;
#5847 = AXIS2_PLACEMENT_3D ( 'NONE', #2462, #6302, #1070 ) ;
#5848 = EDGE_LOOP ( 'NONE', ( #7068, #2965 ) ) ;
#5849 = VECTOR ( 'NONE', #9734, 1000.000000000000000 ) ;
#5850 = LINE ( 'NONE', #569, #3292 ) ;
#5851 = CIRCLE ( 'NONE', #9639, 0.7500000000000006661 ) ;
#5852 = VECTOR ( 'NONE', #2488, 1000.000000000000000 ) ;
#5853 = CARTESIAN_POINT ( 'NONE',  ( -9.749999999999884537, 0.9389114974048662354, 1.000000000000000000 ) ) ;
#5854 = DIRECTION ( 'NONE',  ( -0.000000000000000000, 0.000000000000000000, 1.000000000000000000 ) ) ;
#5855 = LINE ( 'NONE', #4272, #9218 ) ;
#5856 = CARTESIAN_POINT ( 'NONE',  ( 4.250000000000159872, -3.061088502595133765, 1.000000000000000000 ) ) ;
#5857 = FACE_OUTER_BOUND ( 'NONE', #2629, .T. ) ;
#5858 = VECTOR ( 'NONE', #7686, 1000.000000000000000 ) ;
#5859 = ORIENTED_EDGE ( 'NONE', *, *, #5523, .T. ) ;
#5860 = CIRCLE ( 'NONE', #1606, 0.7500000000000006661 ) ;
#5861 = ADVANCED_FACE ( 'NONE', ( #6208 ), #3296, .F. ) ;
#5862 = CARTESIAN_POINT ( 'NONE',  ( 0.7500000000001378897, -1.061088502595133765, 0.000000000000000000 ) ) ;
#5863 = ORIENTED_EDGE ( 'NONE', *, *, #8161, .T. ) ;
#5864 = DIRECTION ( 'NONE',  ( 1.000000000000000000, 0.000000000000000000, 0.000000000000000000 ) ) ;
#5865 = AXIS2_PLACEMENT_3D ( 'NONE', #5463, #3993, #1779 ) ;
#5866 = CARTESIAN_POINT ( 'NONE',  ( -1.999999999999861222, -1.061088502595133765, 1.000000000000000000 ) ) ;
#5867 = ORIENTED_EDGE ( 'NONE', *, *, #9563, .F. ) ;
#5868 = CIRCLE ( 'NONE', #3977, 0.7500000000000006661 ) ;
#5869 = DIRECTION ( 'NONE',  ( -0.000000000000000000, -0.000000000000000000, 1.000000000000000000 ) ) ;
#5870 = DIRECTION ( 'NONE',  ( -0.000000000000000000, 0.000000000000000000, 1.000000000000000000 ) ) ;
#5871 = VECTOR ( 'NONE', #7997, 1000.000000000000000 ) ;
#5872 = AXIS2_PLACEMENT_3D ( 'NONE', #5759, #8783, #8041 ) ;
#5873 = EDGE_CURVE ( 'NONE', #2344, #1768, #7402, .T. ) ;
#5874 = DIRECTION ( 'NONE',  ( 1.000000000000000000, 0.000000000000000000, 0.000000000000000000 ) ) ;
#5875 = ORIENTED_EDGE ( 'NONE', *, *, #9598, .F. ) ;
#5876 = EDGE_CURVE ( 'NONE', #7035, #4669, #7011, .T. ) ;
#5877 = DIRECTION ( 'NONE',  ( -0.000000000000000000, -0.000000000000000000, 1.000000000000000000 ) ) ;
#5878 = FACE_BOUND ( 'NONE', #9149, .T. ) ;
#5879 = ORIENTED_EDGE ( 'NONE', *, *, #623, .F. ) ;
#5880 = VECTOR ( 'NONE', #1898, 1000.000000000000000 ) ;
#5881 = ORIENTED_EDGE ( 'NONE', *, *, #1692, .F. ) ;
#5882 = CARTESIAN_POINT ( 'NONE',  ( -12.49999999999973710, -13.06108850259513510, -3.000000000000000000 ) ) ;
#5883 = CIRCLE ( 'NONE', #5718, 0.7500000000000006661 ) ;
#5884 = DIRECTION ( 'NONE',  ( -0.000000000000000000, -0.000000000000000000, 1.000000000000000000 ) ) ;
#5885 = AXIS2_PLACEMENT_3D ( 'NONE', #1189, #8006, #7266 ) ;
#5886 = ORIENTED_EDGE ( 'NONE', *, *, #9310, .F. ) ;
#5887 = DIRECTION ( 'NONE',  ( 0.000000000000000000, -0.000000000000000000, -1.000000000000000000 ) ) ;
#5888 = AXIS2_PLACEMENT_3D ( 'NONE', #7981, #8864, #412 ) ;
#5889 = CARTESIAN_POINT ( 'NONE',  ( -8.999999999999779732, -9.061088502595131544, 1.000000000000000000 ) ) ;
#5890 = CIRCLE ( 'NONE', #2909, 0.7500000000000006661 ) ;
#5891 = FACE_OUTER_BOUND ( 'NONE', #7633, .T. ) ;
#5892 = ORIENTED_EDGE ( 'NONE', *, *, #6273, .T. ) ;
#5893 = CARTESIAN_POINT ( 'NONE',  ( -1.249999999999798383, -7.061088502595134209, 1.000000000000000000 ) ) ;
#5894 = EDGE_CURVE ( 'NONE', #3717, #9077, #4767, .T. ) ;
#5895 = DIRECTION ( 'NONE',  ( -0.000000000000000000, -0.000000000000000000, 1.000000000000000000 ) ) ;
#5896 = VERTEX_POINT ( 'NONE', #9317 ) ;
#5897 = ORIENTED_EDGE ( 'NONE', *, *, #6491, .T. ) ;
#5898 = AXIS2_PLACEMENT_3D ( 'NONE', #4050, #8465, #9200 ) ;
#5899 = ORIENTED_EDGE ( 'NONE', *, *, #186, .F. ) ;
#5900 = CARTESIAN_POINT ( 'NONE',  ( 8.499999999999992895, 12.93891149740486668, 0.000000000000000000 ) ) ;
#5901 = EDGE_LOOP ( 'NONE', ( #6877, #1334 ) ) ;
#5902 = DIRECTION ( 'NONE',  ( -0.000000000000000000, -0.000000000000000000, 1.000000000000000000 ) ) ;
#5903 = AXIS2_PLACEMENT_3D ( 'NONE', #2638, #6439, #5632 ) ;
#5904 = CARTESIAN_POINT ( 'NONE',  ( -12.49999999999982059, -5.061088502595135985, -3.000000000000000000 ) ) ;
#5905 = CARTESIAN_POINT ( 'NONE',  ( 4.250000000000222045, -9.061088502595131544, -3.000000000000000000 ) ) ;
#5906 = CARTESIAN_POINT ( 'NONE',  ( -6.250000000000007994, 12.93891149740486668, 1.000000000000000000 ) ) ;
#5907 = EDGE_CURVE ( 'NONE', #2541, #9650, #8654, .T. ) ;
#5908 = DIRECTION ( 'NONE',  ( -0.000000000000000000, -0.000000000000000000, 1.000000000000000000 ) ) ;
#5909 = DIRECTION ( 'NONE',  ( 1.000000000000000000, 0.000000000000000000, 0.000000000000000000 ) ) ;
#5910 = ORIENTED_EDGE ( 'NONE', *, *, #3192, .F. ) ;
#5911 = DIRECTION ( 'NONE',  ( -0.000000000000000000, 0.000000000000000000, 1.000000000000000000 ) ) ;
#5912 = ORIENTED_EDGE ( 'NONE', *, *, #8887, .T. ) ;
#5913 = DIRECTION ( 'NONE',  ( -0.000000000000000000, -0.000000000000000000, 1.000000000000000000 ) ) ;
#5914 = DIRECTION ( 'NONE',  ( 1.000000000000000000, 0.000000000000000000, 0.000000000000000000 ) ) ;
#5915 = ORIENTED_EDGE ( 'NONE', *, *, #7760, .T. ) ;
#5916 = DIRECTION ( 'NONE',  ( 1.000000000000000000, 0.000000000000000000, 0.000000000000000000 ) ) ;
#5917 = EDGE_CURVE ( 'NONE', #7097, #4194, #917, .T. ) ;
#5918 = CARTESIAN_POINT ( 'NONE',  ( 0.7500000000002211564, -9.061088502595131544, 1.000000000000000000 ) ) ;
#5919 = DIRECTION ( 'NONE',  ( -0.000000000000000000, -0.000000000000000000, 1.000000000000000000 ) ) ;
#5920 = ORIENTED_EDGE ( 'NONE', *, *, #568, .T. ) ;
#5921 = CARTESIAN_POINT ( 'NONE',  ( -11.74999999999977796, -9.061088502595131544, 1.000000000000000000 ) ) ;
#5922 = FACE_BOUND ( 'NONE', #757, .T. ) ;
#5923 = VERTEX_POINT ( 'NONE', #7654 ) ;
#5924 = VERTEX_POINT ( 'NONE', #5556 ) ;
#5925 = FACE_OUTER_BOUND ( 'NONE', #119, .T. ) ;
#5926 = LINE ( 'NONE', #6689, #7286 ) ;
#5927 = EDGE_CURVE ( 'NONE', #3702, #8463, #3133, .T. ) ;
#5928 = ADVANCED_FACE ( 'NONE', ( #1709 ), #972, .F. ) ;
#5929 = ORIENTED_EDGE ( 'NONE', *, *, #2001, .T. ) ;
#5930 = ORIENTED_EDGE ( 'NONE', *, *, #3236, .F. ) ;
#5931 = CARTESIAN_POINT ( 'NONE',  ( 1.500000000000034195, 8.938911497404866680, 1.000000000000000000 ) ) ;
#5932 = CARTESIAN_POINT ( 'NONE',  ( -8.999999999999925393, 4.938911497404866680, 1.000000000000000000 ) ) ;
#5933 = FACE_OUTER_BOUND ( 'NONE', #3365, .T. ) ;
#5934 = LINE ( 'NONE', #8963, #8019 ) ;
#5935 = VERTEX_POINT ( 'NONE', #9568 ) ;
#5936 = ORIENTED_EDGE ( 'NONE', *, *, #9358, .T. ) ;
#5937 = EDGE_CURVE ( 'NONE', #4250, #9494, #1706, .T. ) ;
#5938 = EDGE_LOOP ( 'NONE', ( #6087, #5797 ) ) ;
#5939 = FACE_BOUND ( 'NONE', #4623, .T. ) ;
#5940 = EDGE_CURVE ( 'NONE', #7616, #5626, #2666, .T. ) ;
#5941 = ORIENTED_EDGE ( 'NONE', *, *, #9540, .F. ) ;
#5942 = CARTESIAN_POINT ( 'NONE',  ( -8.999999999999944933, 6.938911497404866680, 1.000000000000000000 ) ) ;
#5943 = DIRECTION ( 'NONE',  ( -0.000000000000000000, -0.000000000000000000, 1.000000000000000000 ) ) ;
#5944 = CARTESIAN_POINT ( 'NONE',  ( -8.249999999999923617, 4.938911497404866680, 0.000000000000000000 ) ) ;
#5945 = CIRCLE ( 'NONE', #6106, 0.7500000000000004441 ) ;
#5946 = DIRECTION ( 'NONE',  ( -0.000000000000000000, 0.000000000000000000, 1.000000000000000000 ) ) ;
#5947 = CYLINDRICAL_SURFACE ( 'NONE', #8253, 0.7500000000000006661 ) ;
#5948 = CARTESIAN_POINT ( 'NONE',  ( -6.249999999999820588, -5.061088502595135985, 0.000000000000000000 ) ) ;
#5949 = VERTEX_POINT ( 'NONE', #8093 ) ;
#5950 = ADVANCED_FACE ( 'NONE', ( #1319 ), #4320, .F. ) ;
#5951 = ORIENTED_EDGE ( 'NONE', *, *, #1271, .F. ) ;
#5952 = CARTESIAN_POINT ( 'NONE',  ( -5.499999999999737099, -13.06108850259513510, -3.000000000000000000 ) ) ;
#5953 = DIRECTION ( 'NONE',  ( 1.000000000000000000, 0.000000000000000000, 0.000000000000000000 ) ) ;
#5954 = LINE ( 'NONE', #880, #4290 ) ;
#5955 = ORIENTED_EDGE ( 'NONE', *, *, #7703, .F. ) ;
#5956 = FACE_OUTER_BOUND ( 'NONE', #4196, .T. ) ;
#5957 = AXIS2_PLACEMENT_3D ( 'NONE', #176, #8441, #8531 ) ;
#5958 = DIRECTION ( 'NONE',  ( 1.000000000000000000, 0.000000000000000000, 0.000000000000000000 ) ) ;
#5959 = EDGE_CURVE ( 'NONE', #6429, #7922, #2805, .T. ) ;
#5960 = VECTOR ( 'NONE', #8345, 1000.000000000000000 ) ;
#5961 = EDGE_CURVE ( 'NONE', #7829, #9286, #1550, .T. ) ;
#5962 = CARTESIAN_POINT ( 'NONE',  ( -13.24999999999979927, -7.061088502595134209, 0.000000000000000000 ) ) ;
#5963 = VERTEX_POINT ( 'NONE', #1217 ) ;
#5964 = ADVANCED_FACE ( 'NONE', ( #1909 ), #4216, .F. ) ;
#5965 = VECTOR ( 'NONE', #2340, 1000.000000000000000 ) ;
#5966 = ORIENTED_EDGE ( 'NONE', *, *, #7289, .F. ) ;
#5967 = DIRECTION ( 'NONE',  ( 1.000000000000000000, 0.000000000000000000, 0.000000000000000000 ) ) ;
#5968 = DIRECTION ( 'NONE',  ( 0.000000000000000000, -0.000000000000000000, -1.000000000000000000 ) ) ;
#5969 = ORIENTED_EDGE ( 'NONE', *, *, #8099, .F. ) ;
#5970 = VERTEX_POINT ( 'NONE', #4266 ) ;
#5971 = DIRECTION ( 'NONE',  ( 1.000000000000000000, 0.000000000000000000, 0.000000000000000000 ) ) ;
#5972 = CARTESIAN_POINT ( 'NONE',  ( 5.750000000000140332, -1.061088502595133765, -3.000000000000000000 ) ) ;
#5973 = AXIS2_PLACEMENT_3D ( 'NONE', #2191, #1442, #3077 ) ;
#5974 = EDGE_LOOP ( 'NONE', ( #9242, #8294 ) ) ;
#5975 = VERTEX_POINT ( 'NONE', #9465 ) ;
#5976 = DIRECTION ( 'NONE',  ( 0.000000000000000000, -0.000000000000000000, -1.000000000000000000 ) ) ;
#5977 = LINE ( 'NONE', #4447, #4423 ) ;
#5978 = AXIS2_PLACEMENT_3D ( 'NONE', #9393, #5673, #1940 ) ;
#5979 = DIRECTION ( 'NONE',  ( -0.000000000000000000, -0.000000000000000000, 1.000000000000000000 ) ) ;
#5980 = EDGE_LOOP ( 'NONE', ( #4437, #4812, #799, #8412 ) ) ;
#5981 = DIRECTION ( 'NONE',  ( -0.000000000000000000, 0.000000000000000000, 1.000000000000000000 ) ) ;
#5982 = FACE_OUTER_BOUND ( 'NONE', #5534, .T. ) ;
#5983 = PLANE ( 'NONE',  #8649 ) ;
#5984 = EDGE_LOOP ( 'NONE', ( #1167, #9005, #6097, #6467 ) ) ;
#5985 = CIRCLE ( 'NONE', #8524, 0.7500000000000006661 ) ;
#5986 = VERTEX_POINT ( 'NONE', #467 ) ;
#5987 = EDGE_LOOP ( 'NONE', ( #2985, #5318 ) ) ;
#5988 = FACE_BOUND ( 'NONE', #7705, .T. ) ;
#5989 = ORIENTED_EDGE ( 'NONE', *, *, #6055, .F. ) ;
#5990 = ADVANCED_FACE ( 'NONE', ( #4172 ), #2656, .F. ) ;
#5991 = DIRECTION ( 'NONE',  ( 1.000000000000000000, 0.000000000000000000, 0.000000000000000000 ) ) ;
#5992 = EDGE_CURVE ( 'NONE', #8777, #4570, #5850, .T. ) ;
#5993 = CARTESIAN_POINT ( 'NONE',  ( 12.00000000000011902, 0.9389114974048661244, 1.000000000000000000 ) ) ;
#5994 = DIRECTION ( 'NONE',  ( 1.000000000000000000, 0.000000000000000000, 0.000000000000000000 ) ) ;
#5995 = CIRCLE ( 'NONE', #6158, 0.7500000000000006661 ) ;
#5996 = CIRCLE ( 'NONE', #5194, 0.7500000000000006661 ) ;
#5997 = LINE ( 'NONE', #869, #7027 ) ;
#5998 = CARTESIAN_POINT ( 'NONE',  ( 7.750000000000242473, -11.06108850259513332, 1.000000000000000000 ) ) ;
#5999 = CIRCLE ( 'NONE', #1744, 0.7500000000000004441 ) ;
#6000 = CARTESIAN_POINT ( 'NONE',  ( 5.000000000000139444, -1.061088502595133765, -3.000000000000000000 ) ) ;
#6001 = AXIS2_PLACEMENT_3D ( 'NONE', #6515, #9467, #8094 ) ;
#6002 = ORIENTED_EDGE ( 'NONE', *, *, #5692, .F. ) ;
#6003 = AXIS2_PLACEMENT_3D ( 'NONE', #3171, #4006, #2484 ) ;
#6004 = VECTOR ( 'NONE', #4366, 1000.000000000000000 ) ;
#6005 = CIRCLE ( 'NONE', #9012, 0.7500000000000006661 ) ;
#6006 = ORIENTED_EDGE ( 'NONE', *, *, #4361, .F. ) ;
#6007 = DIRECTION ( 'NONE',  ( 0.000000000000000000, 0.000000000000000000, -1.000000000000000000 ) ) ;
#6008 = EDGE_LOOP ( 'NONE', ( #90, #3620, #9046, #2341 ) ) ;
#6009 = CARTESIAN_POINT ( 'NONE',  ( 9.250000000000140332, -1.061088502595133765, -3.000000000000000000 ) ) ;
#6010 = DIRECTION ( 'NONE',  ( -0.000000000000000000, -0.000000000000000000, 1.000000000000000000 ) ) ;
#6011 = ORIENTED_EDGE ( 'NONE', *, *, #7088, .F. ) ;
#6012 = VECTOR ( 'NONE', #3044, 1000.000000000000000 ) ;
#6013 = CARTESIAN_POINT ( 'NONE',  ( -8.999999999999841904, -3.061088502595133765, -3.000000000000000000 ) ) ;
#6014 = AXIS2_PLACEMENT_3D ( 'NONE', #6312, #4720, #5420 ) ;
#6015 = DIRECTION ( 'NONE',  ( 1.000000000000000000, 0.000000000000000000, 0.000000000000000000 ) ) ;
#6016 = EDGE_CURVE ( 'NONE', #4520, #5168, #2347, .T. ) ;
#6017 = VECTOR ( 'NONE', #5578, 1000.000000000000000 ) ;
#6018 = ORIENTED_EDGE ( 'NONE', *, *, #4560, .T. ) ;
#6019 = CIRCLE ( 'NONE', #4282, 0.7500000000000006661 ) ;
#6020 = CARTESIAN_POINT ( 'NONE',  ( 9.250000000000223821, -9.061088502595131544, 1.000000000000000000 ) ) ;
#6021 = VERTEX_POINT ( 'NONE', #5001 ) ;
#6022 = CIRCLE ( 'NONE', #3356, 0.7500000000000006661 ) ;
#6023 = DIRECTION ( 'NONE',  ( -0.000000000000000000, -0.000000000000000000, 1.000000000000000000 ) ) ;
#6024 = FACE_BOUND ( 'NONE', #1007, .T. ) ;
#6025 = EDGE_LOOP ( 'NONE', ( #3451, #7026 ) ) ;
#6026 = ORIENTED_EDGE ( 'NONE', *, *, #889, .F. ) ;
#6027 = CARTESIAN_POINT ( 'NONE',  ( 0.7500000000001171285, 0.9389114974048662354, -3.000000000000000000 ) ) ;
#6028 = CYLINDRICAL_SURFACE ( 'NONE', #2243, 0.7500000000000006661 ) ;
#6029 = ADVANCED_FACE ( 'NONE', ( #7991 ), #2710, .F. ) ;
#6030 = CIRCLE ( 'NONE', #8381, 0.7500000000000006661 ) ;
#6031 = AXIS2_PLACEMENT_3D ( 'NONE', #4476, #730, #38 ) ;
#6032 = ORIENTED_EDGE ( 'NONE', *, *, #5614, .F. ) ;
#6033 = FACE_OUTER_BOUND ( 'NONE', #8665, .T. ) ;
#6034 = DIRECTION ( 'NONE',  ( -0.000000000000000000, -0.000000000000000000, 1.000000000000000000 ) ) ;
#6035 = AXIS2_PLACEMENT_3D ( 'NONE', #6608, #5854, #5108 ) ;
#6036 = ORIENTED_EDGE ( 'NONE', *, *, #9654, .F. ) ;
#6037 = DIRECTION ( 'NONE',  ( -0.000000000000000000, -0.000000000000000000, 1.000000000000000000 ) ) ;
#6038 = CYLINDRICAL_SURFACE ( 'NONE', #7589, 0.7500000000000006661 ) ;
#6039 = DIRECTION ( 'NONE',  ( 0.000000000000000000, -0.000000000000000000, -1.000000000000000000 ) ) ;
#6040 = ADVANCED_FACE ( 'NONE', ( #5799 ), #4909, .F. ) ;
#6041 = ORIENTED_EDGE ( 'NONE', *, *, #6069, .F. ) ;
#6042 = AXIS2_PLACEMENT_3D ( 'NONE', #3432, #7094, #2647 ) ;
#6043 = EDGE_LOOP ( 'NONE', ( #6974, #9553 ) ) ;
#6044 = FACE_BOUND ( 'NONE', #7354, .T. ) ;
#6045 = EDGE_LOOP ( 'NONE', ( #5802, #3949, #7403, #1072 ) ) ;
#6046 = CIRCLE ( 'NONE', #4463, 0.7500000000000006661 ) ;
#6047 = LINE ( 'NONE', #7397, #9280 ) ;
#6048 = CARTESIAN_POINT ( 'NONE',  ( 8.500000000000097700, 2.938911497404866235, 1.000000000000000000 ) ) ;
#6049 = DIRECTION ( 'NONE',  ( -0.000000000000000000, -0.000000000000000000, 1.000000000000000000 ) ) ;
#6050 = AXIS2_PLACEMENT_3D ( 'NONE', #6334, #3275, #7830 ) ;
#6051 = DIRECTION ( 'NONE',  ( 1.000000000000000000, 0.000000000000000000, 0.000000000000000000 ) ) ;
#6052 = DIRECTION ( 'NONE',  ( 0.000000000000000000, -0.000000000000000000, -1.000000000000000000 ) ) ;
#6053 = DIRECTION ( 'NONE',  ( -0.000000000000000000, -0.000000000000000000, 1.000000000000000000 ) ) ;
#6054 = EDGE_CURVE ( 'NONE', #3159, #7798, #6563, .T. ) ;
#6055 = EDGE_CURVE ( 'NONE', #1594, #6073, #7711, .T. ) ;
#6056 = VERTEX_POINT ( 'NONE', #3398 ) ;
#6057 = ORIENTED_EDGE ( 'NONE', *, *, #1692, .T. ) ;
#6058 = DIRECTION ( 'NONE',  ( 0.000000000000000000, 0.000000000000000000, 1.000000000000000000 ) ) ;
#6059 = CARTESIAN_POINT ( 'NONE',  ( 7.750000000000034639, 8.938911497404866680, -3.000000000000000000 ) ) ;
#6060 = DIRECTION ( 'NONE',  ( -0.000000000000000000, 0.000000000000000000, 1.000000000000000000 ) ) ;
#6061 = ORIENTED_EDGE ( 'NONE', *, *, #7480, .T. ) ;
#6062 = LINE ( 'NONE', #9619, #3529 ) ;
#6063 = DIRECTION ( 'NONE',  ( -0.000000000000000000, -0.000000000000000000, 1.000000000000000000 ) ) ;
#6064 = ORIENTED_EDGE ( 'NONE', *, *, #724, .T. ) ;
#6065 = LINE ( 'NONE', #2653, #1244 ) ;
#6066 = ORIENTED_EDGE ( 'NONE', *, *, #9241, .F. ) ;
#6067 = LINE ( 'NONE', #5126, #8988 ) ;
#6068 = ORIENTED_EDGE ( 'NONE', *, *, #4461, .T. ) ;
#6069 = EDGE_CURVE ( 'NONE', #9498, #1837, #6412, .T. ) ;
#6070 = DIRECTION ( 'NONE',  ( 0.000000000000000000, -0.000000000000000000, -1.000000000000000000 ) ) ;
#6071 = DIRECTION ( 'NONE',  ( 1.000000000000000000, 0.000000000000000000, 0.000000000000000000 ) ) ;
#6072 = EDGE_LOOP ( 'NONE', ( #1625, #8705 ) ) ;
#6073 = VERTEX_POINT ( 'NONE', #7948 ) ;
#6074 = DIRECTION ( 'NONE',  ( -0.000000000000000000, 0.000000000000000000, 1.000000000000000000 ) ) ;
#6075 = ORIENTED_EDGE ( 'NONE', *, *, #4361, .T. ) ;
#6076 = DIRECTION ( 'NONE',  ( 1.000000000000000000, 0.000000000000000000, 0.000000000000000000 ) ) ;
#6077 = ADVANCED_FACE ( 'NONE', ( #8734 ), #8039, .F. ) ;
#6078 = CARTESIAN_POINT ( 'NONE',  ( 26.50000000000000711, -8.999999999999996447, 12.00000000000000000 ) ) ;
#6079 = ORIENTED_EDGE ( 'NONE', *, *, #9767, .F. ) ;
#6080 = CARTESIAN_POINT ( 'NONE',  ( 7.750000000000055067, 6.938911497404866680, 1.000000000000000000 ) ) ;
#6081 = CARTESIAN_POINT ( 'NONE',  ( 12.00000000000005507, 6.938911497404866680, -3.000000000000000000 ) ) ;
#6082 = DIRECTION ( 'NONE',  ( 1.000000000000000000, 0.000000000000000000, 0.000000000000000000 ) ) ;
#6083 = EDGE_LOOP ( 'NONE', ( #5175, #5182, #6079, #1705 ) ) ;
#6084 = ORIENTED_EDGE ( 'NONE', *, *, #7379, .T. ) ;
#6085 = FACE_BOUND ( 'NONE', #4680, .T. ) ;
#6086 = ADVANCED_FACE ( 'NONE', ( #4506 ), #7582, .F. ) ;
#6087 = ORIENTED_EDGE ( 'NONE', *, *, #5769, .T. ) ;
#6088 = EDGE_CURVE ( 'NONE', #8263, #7182, #2306, .T. ) ;
#6089 = CARTESIAN_POINT ( 'NONE',  ( 4.250000000000097700, 2.938911497404866235, -3.000000000000000000 ) ) ;
#6090 = CARTESIAN_POINT ( 'NONE',  ( -1.999999999999944489, 6.938911497404866680, 1.000000000000000000 ) ) ;
#6091 = CARTESIAN_POINT ( 'NONE',  ( 5.000000000000056843, 6.938911497404866680, -3.000000000000000000 ) ) ;
#6092 = DIRECTION ( 'NONE',  ( -1.334402673828313093E-16, 1.000000000000000000, 0.000000000000000000 ) ) ;
#6093 = CYLINDRICAL_SURFACE ( 'NONE', #4144, 0.7500000000000004441 ) ;
#6094 = CARTESIAN_POINT ( 'NONE',  ( 12.00000000000018119, -5.061088502595135985, -3.000000000000000000 ) ) ;
#6095 = ORIENTED_EDGE ( 'NONE', *, *, #4890, .F. ) ;
#6096 = UNCERTAINTY_MEASURE_WITH_UNIT (LENGTH_MEASURE( 1.000000000000000082E-05 ), #8145, 'distance_accuracy_value', 'NONE');
#6097 = ORIENTED_EDGE ( 'NONE', *, *, #4329, .F. ) ;
#6098 = AXIS2_PLACEMENT_3D ( 'NONE', #4146, #5772, #8797 ) ;
#6099 = CARTESIAN_POINT ( 'NONE',  ( 0.7500000000001795231, -5.061088502595135985, 0.000000000000000000 ) ) ;
#6100 = CARTESIAN_POINT ( 'NONE',  ( 12.00000000000003553, 8.938911497404866680, 1.000000000000000000 ) ) ;
#6101 = CARTESIAN_POINT ( 'NONE',  ( 1.500000000000180078, -5.061088502595135985, -3.000000000000000000 ) ) ;
#6102 = ORIENTED_EDGE ( 'NONE', *, *, #3104, .T. ) ;
#6103 = EDGE_CURVE ( 'NONE', #5512, #4995, #4066, .T. ) ;
#6104 = DIRECTION ( 'NONE',  ( 1.000000000000000000, 0.000000000000000000, 0.000000000000000000 ) ) ;
#6105 = DIRECTION ( 'NONE',  ( -0.000000000000000000, 0.000000000000000000, 1.000000000000000000 ) ) ;
#6106 = AXIS2_PLACEMENT_3D ( 'NONE', #5595, #8622, #1893 ) ;
#6107 = DIRECTION ( 'NONE',  ( -0.000000000000000000, -0.000000000000000000, 1.000000000000000000 ) ) ;
#6108 = EDGE_LOOP ( 'NONE', ( #5348, #6183, #5517, #1721 ) ) ;
#6109 = CARTESIAN_POINT ( 'NONE',  ( -12.50000000000000711, 12.93891149740486668, -3.000000000000000000 ) ) ;
#6110 = EDGE_LOOP ( 'NONE', ( #739, #9688 ) ) ;
#6111 = CARTESIAN_POINT ( 'NONE',  ( -9.749999999999801048, -7.061088502595134209, 1.000000000000000000 ) ) ;
#6112 = DIRECTION ( 'NONE',  ( 0.000000000000000000, -0.000000000000000000, -1.000000000000000000 ) ) ;
#6113 = EDGE_CURVE ( 'NONE', #2554, #500, #5481, .T. ) ;
#6114 = EDGE_LOOP ( 'NONE', ( #1687, #3254, #1084, #4986 ) ) ;
#6115 = EDGE_CURVE ( 'NONE', #6892, #4086, #6745, .T. ) ;
#6116 = EDGE_LOOP ( 'NONE', ( #9592, #4982, #5672, #2808 ) ) ;
#6117 = LINE ( 'NONE', #6922, #7446 ) ;
#6118 = AXIS2_PLACEMENT_3D ( 'NONE', #4930, #7966, #2506 ) ;
#6119 = VERTEX_POINT ( 'NONE', #4404 ) ;
#6120 = DIRECTION ( 'NONE',  ( 1.000000000000000000, 0.000000000000000000, 0.000000000000000000 ) ) ;
#6121 = CARTESIAN_POINT ( 'NONE',  ( -18.50000000000000355, 12.93891149740487023, 1.000000000000000000 ) ) ;
#6122 = ORIENTED_EDGE ( 'NONE', *, *, #9084, .T. ) ;
#6123 = VERTEX_POINT ( 'NONE', #5148 ) ;
#6124 = CARTESIAN_POINT ( 'NONE',  ( -1.249999999999839906, -3.061088502595133765, -3.000000000000000000 ) ) ;
#6125 = AXIS2_PLACEMENT_3D ( 'NONE', #6560, #5102, #8778 ) ;
#6126 = DIRECTION ( 'NONE',  ( -0.000000000000000000, -0.000000000000000000, 1.000000000000000000 ) ) ;
#6127 = LINE ( 'NONE', #8513, #6999 ) ;
#6128 = ORIENTED_EDGE ( 'NONE', *, *, #6247, .T. ) ;
#6129 = ADVANCED_FACE ( 'NONE', ( #1461 ), #3819, .F. ) ;
#6130 = EDGE_CURVE ( 'NONE', #726, #8448, #6047, .T. ) ;
#6131 = EDGE_LOOP ( 'NONE', ( #9715, #2288 ) ) ;
#6132 = CIRCLE ( 'NONE', #7422, 0.7500000000000006661 ) ;
#6133 = FACE_BOUND ( 'NONE', #1078, .T. ) ;
#6134 = ORIENTED_EDGE ( 'NONE', *, *, #5752, .F. ) ;
#6135 = FACE_BOUND ( 'NONE', #3128, .T. ) ;
#6136 = DIRECTION ( 'NONE',  ( 1.000000000000000000, 0.000000000000000000, 0.000000000000000000 ) ) ;
#6137 = DIRECTION ( 'NONE',  ( -0.000000000000000000, -0.000000000000000000, 1.000000000000000000 ) ) ;
#6138 = DIRECTION ( 'NONE',  ( 0.000000000000000000, -1.000000000000000000, 0.000000000000000000 ) ) ;
#6139 = CARTESIAN_POINT ( 'NONE',  ( 5.000000000000202505, -7.061088502595134209, 1.000000000000000000 ) ) ;
#6140 = VECTOR ( 'NONE', #400, 1000.000000000000000 ) ;
#6141 = CYLINDRICAL_SURFACE ( 'NONE', #4580, 0.7500000000000006661 ) ;
#6142 = EDGE_CURVE ( 'NONE', #8309, #6768, #5104, .T. ) ;
#6143 = EDGE_CURVE ( 'NONE', #4403, #2270, #1086, .T. ) ;
#6144 = ADVANCED_FACE ( 'NONE', ( #1551 ), #2162, .F. ) ;
#6145 = ORIENTED_EDGE ( 'NONE', *, *, #4211, .F. ) ;
#6146 = ORIENTED_EDGE ( 'NONE', *, *, #8282, .T. ) ;
#6147 = VECTOR ( 'NONE', #335, 1000.000000000000000 ) ;
#6148 = DIRECTION ( 'NONE',  ( -0.000000000000000000, 0.000000000000000000, 1.000000000000000000 ) ) ;
#6149 = CARTESIAN_POINT ( 'NONE',  ( -5.499999999999944933, 6.938911497404866680, 0.000000000000000000 ) ) ;
#6150 = AXIS2_PLACEMENT_3D ( 'NONE', #7464, #9678, #6015 ) ;
#6151 = AXIS2_PLACEMENT_3D ( 'NONE', #6081, #3712, #2195 ) ;
#6152 = DIRECTION ( 'NONE',  ( 1.000000000000000000, 0.000000000000000000, 0.000000000000000000 ) ) ;
#6153 = CARTESIAN_POINT ( 'NONE',  ( -12.49999999999979927, -7.061088502595134209, -3.000000000000000000 ) ) ;
#6154 = ORIENTED_EDGE ( 'NONE', *, *, #9598, .T. ) ;
#6155 = DIRECTION ( 'NONE',  ( -0.000000000000000000, -0.000000000000000000, 1.000000000000000000 ) ) ;
#6156 = DIRECTION ( 'NONE',  ( 1.000000000000000000, 0.000000000000000000, 0.000000000000000000 ) ) ;
#6157 = ADVANCED_FACE ( 'NONE', ( #9018 ), #8143, .F. ) ;
#6158 = AXIS2_PLACEMENT_3D ( 'NONE', #626, #4517, #9716 ) ;
#6159 = CIRCLE ( 'NONE', #4735, 0.7500000000000006661 ) ;
#6160 = VECTOR ( 'NONE', #7975, 1000.000000000000000 ) ;
#6161 = ORIENTED_EDGE ( 'NONE', *, *, #9387, .F. ) ;
#6162 = ORIENTED_EDGE ( 'NONE', *, *, #8401, .F. ) ;
#6163 = FACE_OUTER_BOUND ( 'NONE', #8776, .T. ) ;
#6164 = EDGE_LOOP ( 'NONE', ( #5778, #3469, #2586, #7174 ) ) ;
#6165 = VECTOR ( 'NONE', #1750, 1000.000000000000000 ) ;
#6166 = CARTESIAN_POINT ( 'NONE',  ( 12.00000000000005507, 6.938911497404866680, 1.000000000000000000 ) ) ;
#6167 = CIRCLE ( 'NONE', #9636, 0.7500000000000006661 ) ;
#6168 = DIRECTION ( 'NONE',  ( 1.000000000000000000, 0.000000000000000000, 0.000000000000000000 ) ) ;
#6169 = ORIENTED_EDGE ( 'NONE', *, *, #3079, .T. ) ;
#6170 = VECTOR ( 'NONE', #415, 1000.000000000000000 ) ;
#6172 = ORIENTED_EDGE ( 'NONE', *, *, #3313, .F. ) ;
#6171 = AXIS2_PLACEMENT_3D ( 'NONE', #6383, #8652, #1876 ) ;
#6173 = CARTESIAN_POINT ( 'NONE',  ( 1.500000000000075939, 4.938911497404866680, -3.000000000000000000 ) ) ;
#6174 = CIRCLE ( 'NONE', #2248, 0.7500000000000006661 ) ;
#6175 = ADVANCED_FACE ( 'NONE', ( #3762 ), #6791, .F. ) ;
#6176 = EDGE_LOOP ( 'NONE', ( #97, #7820, #2318, #8837 ) ) ;
#6177 = EDGE_CURVE ( 'NONE', #1628, #2541, #3090, .T. ) ;
#6178 = AXIS2_PLACEMENT_3D ( 'NONE', #3157, #9135, #4528 ) ;
#6179 = ORIENTED_EDGE ( 'NONE', *, *, #8947, .T. ) ;
#6180 = DIRECTION ( 'NONE',  ( 1.000000000000000000, 0.000000000000000000, 0.000000000000000000 ) ) ;
#6181 = ORIENTED_EDGE ( 'NONE', *, *, #4762, .T. ) ;
#6182 = FACE_OUTER_BOUND ( 'NONE', #5537, .T. ) ;
#6183 = ORIENTED_EDGE ( 'NONE', *, *, #8961, .T. ) ;
#6184 = VERTEX_POINT ( 'NONE', #9069 ) ;
#6185 = LINE ( 'NONE', #7037, #9679 ) ;
#6186 = VECTOR ( 'NONE', #830, 1000.000000000000000 ) ;
#6187 = CARTESIAN_POINT ( 'NONE',  ( -30.49999999999999645, 13.00000000000000533, 12.00000000000000000 ) ) ;
#6188 = DIRECTION ( 'NONE',  ( -0.000000000000000000, 0.000000000000000000, 1.000000000000000000 ) ) ;
#6189 = ORIENTED_EDGE ( 'NONE', *, *, #8664, .F. ) ;
#6190 = CIRCLE ( 'NONE', #196, 0.7500000000000006661 ) ;
#6191 = ORIENTED_EDGE ( 'NONE', *, *, #5201, .T. ) ;
#6192 = DIRECTION ( 'NONE',  ( -0.000000000000000000, -0.000000000000000000, 1.000000000000000000 ) ) ;
#6193 = AXIS2_PLACEMENT_3D ( 'NONE', #762, #9708, #5295 ) ;
#6194 = EDGE_LOOP ( 'NONE', ( #9447, #2631, #7345, #4913 ) ) ;
#6195 = FACE_BOUND ( 'NONE', #135, .T. ) ;
#6196 = ADVANCED_FACE ( 'NONE', ( #716 ), #3624, .F. ) ;
#6197 = CARTESIAN_POINT ( 'NONE',  ( 7.750000000000055067, 6.938911497404866680, 0.000000000000000000 ) ) ;
#6198 = CARTESIAN_POINT ( 'NONE',  ( -11.74999999999990230, 2.938911497404866235, -3.000000000000000000 ) ) ;
#6199 = AXIS2_PLACEMENT_3D ( 'NONE', #1755, #4758, #1851 ) ;
#6200 = DIRECTION ( 'NONE',  ( 1.000000000000000000, 0.000000000000000000, 0.000000000000000000 ) ) ;
#6201 = FACE_OUTER_BOUND ( 'NONE', #7813, .T. ) ;
#6202 = PRODUCT_DEFINITION_SHAPE ( 'NONE', 'NONE',  #1077 ) ;
#6203 = CYLINDRICAL_SURFACE ( 'NONE', #2080, 0.7500000000000006661 ) ;
#6204 = CIRCLE ( 'NONE', #5090, 0.7999999999999986011 ) ;
#6205 = VERTEX_POINT ( 'NONE', #6705 ) ;
#6206 = VERTEX_POINT ( 'NONE', #9706 ) ;
#6207 = CARTESIAN_POINT ( 'NONE',  ( -1.249999999999735989, -13.06108850259513510, 1.000000000000000000 ) ) ;
#6208 = FACE_OUTER_BOUND ( 'NONE', #3738, .T. ) ;
#6209 = CIRCLE ( 'NONE', #7804, 0.7500000000000006661 ) ;
#6210 = EDGE_CURVE ( 'NONE', #546, #8471, #4694, .T. ) ;
#6211 = FACE_OUTER_BOUND ( 'NONE', #3304, .T. ) ;
#6212 = CARTESIAN_POINT ( 'NONE',  ( -5.499999999999757527, -11.06108850259513332, -3.000000000000000000 ) ) ;
#6213 = EDGE_LOOP ( 'NONE', ( #5432, #3307 ) ) ;
#6214 = DIRECTION ( 'NONE',  ( -0.000000000000000000, -0.000000000000000000, 1.000000000000000000 ) ) ;
#6215 = CYLINDRICAL_SURFACE ( 'NONE', #372, 0.7500000000000006661 ) ;
#6216 = CARTESIAN_POINT ( 'NONE',  ( 5.000000000000160760, -3.061088502595133765, 0.000000000000000000 ) ) ;
#6217 = AXIS2_PLACEMENT_3D ( 'NONE', #1030, #4032, #3300 ) ;
#6218 = ORIENTED_EDGE ( 'NONE', *, *, #7614, .F. ) ;
#6219 = DIRECTION ( 'NONE',  ( 1.000000000000000000, 0.000000000000000000, 0.000000000000000000 ) ) ;
#6220 = VERTEX_POINT ( 'NONE', #5552 ) ;
#6221 = ADVANCED_FACE ( 'NONE', ( #7156 ), #9086, .F. ) ;
#6222 = CARTESIAN_POINT ( 'NONE',  ( 4.250000000000118128, 0.9389114974048662354, 1.000000000000000000 ) ) ;
#6223 = DIRECTION ( 'NONE',  ( 1.000000000000000000, 0.000000000000000000, 0.000000000000000000 ) ) ;
#6224 = ORIENTED_EDGE ( 'NONE', *, *, #8570, .T. ) ;
#6225 = CIRCLE ( 'NONE', #3006, 0.7500000000000004441 ) ;
#6226 = ORIENTED_EDGE ( 'NONE', *, *, #5844, .T. ) ;
#6227 = DIRECTION ( 'NONE',  ( 1.000000000000000000, 0.000000000000000000, 0.000000000000000000 ) ) ;
#6228 = ORIENTED_EDGE ( 'NONE', *, *, #1204, .F. ) ;
#6229 = ORIENTED_EDGE ( 'NONE', *, *, #8607, .F. ) ;
#6230 = VERTEX_POINT ( 'NONE', #7843 ) ;
#6231 = CARTESIAN_POINT ( 'NONE',  ( -4.749999999999756639, -11.06108850259513332, -3.000000000000000000 ) ) ;
#6232 = DIRECTION ( 'NONE',  ( -0.000000000000000000, -0.000000000000000000, -1.000000000000000000 ) ) ;
#6233 = ORIENTED_EDGE ( 'NONE', *, *, #2457, .F. ) ;
#6234 = AXIS2_PLACEMENT_3D ( 'NONE', #4500, #2250, #3618 ) ;
#6235 = ORIENTED_EDGE ( 'NONE', *, *, #2630, .T. ) ;
#6236 = CARTESIAN_POINT ( 'NONE',  ( 5.000000000000244249, -11.06108850259513332, -3.000000000000000000 ) ) ;
#6237 = EDGE_CURVE ( 'NONE', #4224, #7971, #450, .T. ) ;
#6238 = DIRECTION ( 'NONE',  ( 1.000000000000000000, 0.000000000000000000, 0.000000000000000000 ) ) ;
#6239 = DIRECTION ( 'NONE',  ( -0.000000000000000000, -0.000000000000000000, 1.000000000000000000 ) ) ;
#6240 = EDGE_LOOP ( 'NONE', ( #249, #194, #7229, #5549 ) ) ;
#6241 = VERTEX_POINT ( 'NONE', #373 ) ;
#6242 = FACE_OUTER_BOUND ( 'NONE', #2438, .T. ) ;
#6243 = ORIENTED_EDGE ( 'NONE', *, *, #4302, .F. ) ;
#6244 = FACE_BOUND ( 'NONE', #890, .T. ) ;
#6245 = DIRECTION ( 'NONE',  ( 1.000000000000000000, 0.000000000000000000, 0.000000000000000000 ) ) ;
#6246 = DIRECTION ( 'NONE',  ( 1.000000000000000000, 0.000000000000000000, 0.000000000000000000 ) ) ;
#6247 = EDGE_CURVE ( 'NONE', #2722, #4234, #766, .T. ) ;
#6248 = FACE_OUTER_BOUND ( 'NONE', #6294, .T. ) ;
#6249 = LINE ( 'NONE', #1556, #2744 ) ;
#6250 = CARTESIAN_POINT ( 'NONE',  ( -13.24999999999990408, 2.938911497404866235, 0.000000000000000000 ) ) ;
#6252 = EDGE_LOOP ( 'NONE', ( #4319, #3883, #1176, #88 ) ) ;
#6251 = EDGE_CURVE ( 'NONE', #3874, #4260, #6286, .T. ) ;
#6253 = ORIENTED_EDGE ( 'NONE', *, *, #599, .T. ) ;
#6254 = DIRECTION ( 'NONE',  ( 0.000000000000000000, -0.000000000000000000, -1.000000000000000000 ) ) ;
#6255 = DIRECTION ( 'NONE',  ( 0.000000000000000000, -0.000000000000000000, -1.000000000000000000 ) ) ;
#6256 = DIRECTION ( 'NONE',  ( -0.000000000000000000, -0.000000000000000000, 1.000000000000000000 ) ) ;
#6257 = DIRECTION ( 'NONE',  ( -0.000000000000000000, 0.000000000000000000, 1.000000000000000000 ) ) ;
#6258 = VERTEX_POINT ( 'NONE', #2609 ) ;
#6259 = DIRECTION ( 'NONE',  ( 0.000000000000000000, -0.000000000000000000, -1.000000000000000000 ) ) ;
#6260 = FACE_OUTER_BOUND ( 'NONE', #3223, .T. ) ;
#6261 = DIRECTION ( 'NONE',  ( -0.000000000000000000, 0.000000000000000000, 1.000000000000000000 ) ) ;
#6262 = EDGE_CURVE ( 'NONE', #563, #5828, #6065, .T. ) ;
#6263 = ORIENTED_EDGE ( 'NONE', *, *, #4179, .T. ) ;
#6264 = CARTESIAN_POINT ( 'NONE',  ( -12.49999999999982059, -5.061088502595135985, 1.000000000000000000 ) ) ;
#6265 = ORIENTED_EDGE ( 'NONE', *, *, #5417, .T. ) ;
#6266 = DIRECTION ( 'NONE',  ( 0.000000000000000000, -1.000000000000000000, 0.000000000000000000 ) ) ;
#6267 = CARTESIAN_POINT ( 'NONE',  ( -13.24999999999979927, -7.061088502595134209, -3.000000000000000000 ) ) ;
#6268 = EDGE_LOOP ( 'NONE', ( #3572, #7254 ) ) ;
#6269 = VERTEX_POINT ( 'NONE', #2322 ) ;
#6270 = CARTESIAN_POINT ( 'NONE',  ( -11.75000000000000711, 12.93891149740486668, 1.000000000000000000 ) ) ;
#6271 = EDGE_CURVE ( 'NONE', #1296, #3401, #1064, .T. ) ;
#6272 = VERTEX_POINT ( 'NONE', #2369 ) ;
#6273 = EDGE_CURVE ( 'NONE', #6718, #536, #8630, .T. ) ;
#6274 = ORIENTED_EDGE ( 'NONE', *, *, #5494, .T. ) ;
#6275 = CARTESIAN_POINT ( 'NONE',  ( -13.24999999999982059, -5.061088502595135985, 0.000000000000000000 ) ) ;
#6276 = DIRECTION ( 'NONE',  ( -0.000000000000000000, -0.000000000000000000, 1.000000000000000000 ) ) ;
#6277 = ORIENTED_EDGE ( 'NONE', *, *, #8161, .F. ) ;
#6278 = EDGE_LOOP ( 'NONE', ( #6985, #4530 ) ) ;
#6279 = CARTESIAN_POINT ( 'NONE',  ( 12.00000000000024336, -11.06108850259513332, 1.000000000000000000 ) ) ;
#6280 = CARTESIAN_POINT ( 'NONE',  ( -5.499999999999903189, 2.938911497404866235, 0.000000000000000000 ) ) ;
#6281 = AXIS2_PLACEMENT_3D ( 'NONE', #5498, #9222, #2563 ) ;
#6282 = EDGE_LOOP ( 'NONE', ( #2814, #8301, #3294, #9512 ) ) ;
#6283 = EDGE_LOOP ( 'NONE', ( #5287, #2189 ) ) ;
#6284 = FACE_BOUND ( 'NONE', #5475, .T. ) ;
#6285 = ORIENTED_EDGE ( 'NONE', *, *, #6884, .F. ) ;
#6286 = CIRCLE ( 'NONE', #6619, 0.7500000000000006661 ) ;
#6287 = FACE_BOUND ( 'NONE', #264, .T. ) ;
#6288 = CYLINDRICAL_SURFACE ( 'NONE', #3176, 0.7500000000000006661 ) ;
#6289 = DIRECTION ( 'NONE',  ( -0.000000000000000000, -0.000000000000000000, 1.000000000000000000 ) ) ;
#6290 = FACE_OUTER_BOUND ( 'NONE', #3954, .T. ) ;
#6291 = CARTESIAN_POINT ( 'NONE',  ( -1.999999999999777955, -9.061088502595131544, 0.000000000000000000 ) ) ;
#6292 = CARTESIAN_POINT ( 'NONE',  ( -8.249999999999923617, 4.938911497404866680, 1.000000000000000000 ) ) ;
#6293 = AXIS2_PLACEMENT_3D ( 'NONE', #4392, #2971, #652 ) ;
#6294 = EDGE_LOOP ( 'NONE', ( #6875, #1868, #6935, #8834 ) ) ;
#6295 = ORIENTED_EDGE ( 'NONE', *, *, #9563, .T. ) ;
#6296 = EDGE_CURVE ( 'NONE', #4947, #2594, #5309, .T. ) ;
#6297 = DIRECTION ( 'NONE',  ( 1.000000000000000000, 0.000000000000000000, 0.000000000000000000 ) ) ;
#6298 = ADVANCED_FACE ( 'NONE', ( #7099 ), #3345, .F. ) ;
#6299 = ORIENTED_EDGE ( 'NONE', *, *, #1448, .T. ) ;
#6300 = DIRECTION ( 'NONE',  ( 1.000000000000000000, 0.000000000000000000, 0.000000000000000000 ) ) ;
#6301 = CARTESIAN_POINT ( 'NONE',  ( -1.249999999999944045, 6.938911497404866680, -3.000000000000000000 ) ) ;
#6302 = DIRECTION ( 'NONE',  ( -0.000000000000000000, -0.000000000000000000, 1.000000000000000000 ) ) ;
#6303 = DIRECTION ( 'NONE',  ( -0.000000000000000000, 0.000000000000000000, 1.000000000000000000 ) ) ;
#6304 = CIRCLE ( 'NONE', #3926, 0.7500000000000006661 ) ;
#6305 = ORIENTED_EDGE ( 'NONE', *, *, #6936, .F. ) ;
#6306 = CARTESIAN_POINT ( 'NONE',  ( 1.500000000000096811, 2.938911497404866235, 0.000000000000000000 ) ) ;
#6307 = CARTESIAN_POINT ( 'NONE',  ( -6.249999999999904077, 2.938911497404866235, 1.000000000000000000 ) ) ;
#6308 = CARTESIAN_POINT ( 'NONE',  ( 4.250000000000222045, -9.061088502595131544, 0.000000000000000000 ) ) ;
#6309 = CIRCLE ( 'NONE', #4097, 0.7500000000000006661 ) ;
#6310 = VERTEX_POINT ( 'NONE', #4813 ) ;
#6311 = DIRECTION ( 'NONE',  ( -0.000000000000000000, 0.000000000000000000, 1.000000000000000000 ) ) ;
#6312 = CARTESIAN_POINT ( 'NONE',  ( -1.999999999999923617, 4.938911497404866680, 0.000000000000000000 ) ) ;
#6313 = LINE ( 'NONE', #4829, #8558 ) ;
#6314 = ORIENTED_EDGE ( 'NONE', *, *, #7064, .T. ) ;
#6315 = EDGE_CURVE ( 'NONE', #2150, #7731, #3394, .T. ) ;
#6316 = ORIENTED_EDGE ( 'NONE', *, *, #521, .F. ) ;
#6317 = VECTOR ( 'NONE', #8151, 1000.000000000000000 ) ;
#6318 = AXIS2_PLACEMENT_3D ( 'NONE', #9382, #6466, #6418 ) ;
#6319 = CARTESIAN_POINT ( 'NONE',  ( -5.500000000000007105, 12.93891149740486668, 0.000000000000000000 ) ) ;
#6320 = VECTOR ( 'NONE', #5285, 1000.000000000000000 ) ;
#6321 = ORIENTED_EDGE ( 'NONE', *, *, #9435, .T. ) ;
#6322 = AXIS2_PLACEMENT_3D ( 'NONE', #6413, #9416, #2657 ) ;
#6323 = AXIS2_PLACEMENT_3D ( 'NONE', #1046, #6276, #3272 ) ;
#6324 = ORIENTED_EDGE ( 'NONE', *, *, #4060, .T. ) ;
#6325 = DIRECTION ( 'NONE',  ( -0.000000000000000000, -0.000000000000000000, 1.000000000000000000 ) ) ;
#6326 = VERTEX_POINT ( 'NONE', #9371 ) ;
#6327 = CIRCLE ( 'NONE', #1283, 0.7500000000000006661 ) ;
#6328 = CIRCLE ( 'NONE', #3796, 0.7500000000000006661 ) ;
#6329 = DIRECTION ( 'NONE',  ( 1.000000000000000000, 0.000000000000000000, 0.000000000000000000 ) ) ;
#6330 = ORIENTED_EDGE ( 'NONE', *, *, #9434, .T. ) ;
#6331 = EDGE_CURVE ( 'NONE', #5628, #4224, #4569, .T. ) ;
#6332 = EDGE_CURVE ( 'NONE', #560, #5568, #5604, .T. ) ;
#6333 = ORIENTED_EDGE ( 'NONE', *, *, #4273, .F. ) ;
#6334 = CARTESIAN_POINT ( 'NONE',  ( 8.500000000000097700, 2.938911497404866235, 0.000000000000000000 ) ) ;
#6335 = CARTESIAN_POINT ( 'NONE',  ( 12.00000000000009770, 2.938911497404866235, -3.000000000000000000 ) ) ;
#6336 = CIRCLE ( 'NONE', #4742, 0.7500000000000004441 ) ;
#6337 = VECTOR ( 'NONE', #5361, 1000.000000000000000 ) ;
#6338 = CIRCLE ( 'NONE', #7293, 0.7500000000000006661 ) ;
#6339 = AXIS2_PLACEMENT_3D ( 'NONE', #5516, #3850, #7029 ) ;
#6340 = ORIENTED_EDGE ( 'NONE', *, *, #8507, .T. ) ;
#6341 = FACE_BOUND ( 'NONE', #8120, .T. ) ;
#6342 = ORIENTED_EDGE ( 'NONE', *, *, #6690, .F. ) ;
#6343 = CIRCLE ( 'NONE', #7778, 0.7500000000000006661 ) ;
#6344 = FACE_BOUND ( 'NONE', #8304, .T. ) ;
#6345 = AXIS2_PLACEMENT_3D ( 'NONE', #3241, #3186, #2348 ) ;
#6346 = CARTESIAN_POINT ( 'NONE',  ( 2.250000000000118128, 0.9389114974048661244, 1.000000000000000000 ) ) ;
#6347 = ADVANCED_FACE ( 'NONE', ( #9126 ), #5357, .F. ) ;
#6348 = CARTESIAN_POINT ( 'NONE',  ( -5.499999999999819700, -5.061088502595135985, -3.000000000000000000 ) ) ;
#6349 = DIRECTION ( 'NONE',  ( 1.000000000000000000, 0.000000000000000000, 0.000000000000000000 ) ) ;
#6350 = DIRECTION ( 'NONE',  ( 1.000000000000000000, 0.000000000000000000, 0.000000000000000000 ) ) ;
#6351 = AXIS2_PLACEMENT_3D ( 'NONE', #4365, #2990, #28 ) ;
#6352 = CARTESIAN_POINT ( 'NONE',  ( 18.49999999999999645, 0.000000000000000000, 0.000000000000000000 ) ) ;
#6353 = AXIS2_PLACEMENT_3D ( 'NONE', #468, #2012, #5608 ) ;
#6354 = EDGE_LOOP ( 'NONE', ( #210, #3102, #7748, #2470 ) ) ;
#6355 = ORIENTED_EDGE ( 'NONE', *, *, #2294, .T. ) ;
#6356 = AXIS2_PLACEMENT_3D ( 'NONE', #1564, #680, #6717 ) ;
#6357 = CARTESIAN_POINT ( 'NONE',  ( -5.499999999999966249, 8.938911497404866680, -3.000000000000000000 ) ) ;
#6358 = ORIENTED_EDGE ( 'NONE', *, *, #5715, .F. ) ;
#6359 = DIRECTION ( 'NONE',  ( -0.000000000000000000, -0.000000000000000000, 1.000000000000000000 ) ) ;
#6360 = AXIS2_PLACEMENT_3D ( 'NONE', #1702, #7737, #5491 ) ;
#6361 = CYLINDRICAL_SURFACE ( 'NONE', #6612, 0.7500000000000006661 ) ;
#6362 = LINE ( 'NONE', #5652, #8566 ) ;
#6363 = CARTESIAN_POINT ( 'NONE',  ( -1.999999999999965361, 8.938911497404866680, 0.000000000000000000 ) ) ;
#6364 = EDGE_LOOP ( 'NONE', ( #1485, #8501, #1980, #2398 ) ) ;
#6365 = AXIS2_PLACEMENT_3D ( 'NONE', #8235, #9112, #2903 ) ;
#6366 = DIRECTION ( 'NONE',  ( 1.000000000000000000, 0.000000000000000000, 0.000000000000000000 ) ) ;
#6367 = CARTESIAN_POINT ( 'NONE',  ( 5.749999999999994671, 12.93891149740486668, 1.000000000000000000 ) ) ;
#6368 = EDGE_CURVE ( 'NONE', #4570, #7123, #4120, .T. ) ;
#6369 = EDGE_CURVE ( 'NONE', #8344, #560, #5163, .T. ) ;
#6370 = DIRECTION ( 'NONE',  ( 1.000000000000000000, 0.000000000000000000, 0.000000000000000000 ) ) ;
#6371 = AXIS2_PLACEMENT_3D ( 'NONE', #8672, #5695, #7883 ) ;
#6372 = CIRCLE ( 'NONE', #7164, 0.7999999999999986011 ) ;
#6373 = ORIENTED_EDGE ( 'NONE', *, *, #2181, .T. ) ;
#6374 = CARTESIAN_POINT ( 'NONE',  ( -8.999999999999882760, 0.9389114974048661244, -3.000000000000000000 ) ) ;
#6375 = EDGE_LOOP ( 'NONE', ( #4175, #8710, #5765, #9765 ) ) ;
#6376 = DIRECTION ( 'NONE',  ( 0.000000000000000000, -0.000000000000000000, -1.000000000000000000 ) ) ;
#6377 = AXIS2_PLACEMENT_3D ( 'NONE', #1714, #5504, #3881 ) ;
#6378 = FACE_OUTER_BOUND ( 'NONE', #3482, .T. ) ;
#6379 = ORIENTED_EDGE ( 'NONE', *, *, #9360, .F. ) ;
#6380 = CIRCLE ( 'NONE', #6536, 0.7500000000000006661 ) ;
#6381 = CARTESIAN_POINT ( 'NONE',  ( -6.249999999999862332, -1.061088502595133765, 1.000000000000000000 ) ) ;
#6382 = VECTOR ( 'NONE', #6838, 1000.000000000000000 ) ;
#6383 = CARTESIAN_POINT ( 'NONE',  ( 1.500000000000242473, -11.06108850259513332, 0.000000000000000000 ) ) ;
#6384 = ORIENTED_EDGE ( 'NONE', *, *, #557, .T. ) ;
#6385 = EDGE_CURVE ( 'NONE', #5264, #1643, #1715, .T. ) ;
#6386 = ORIENTED_EDGE ( 'NONE', *, *, #7306, .T. ) ;
#6387 = DIRECTION ( 'NONE',  ( -0.000000000000000000, 0.000000000000000000, 1.000000000000000000 ) ) ;
#6388 = CIRCLE ( 'NONE', #5423, 0.7500000000000006661 ) ;
#6389 = LINE ( 'NONE', #4096, #5362 ) ;
#6390 = ORIENTED_EDGE ( 'NONE', *, *, #6369, .F. ) ;
#6391 = ORIENTED_EDGE ( 'NONE', *, *, #1896, .F. ) ;
#6392 = DIRECTION ( 'NONE',  ( 1.000000000000000000, 0.000000000000000000, 0.000000000000000000 ) ) ;
#6393 = CARTESIAN_POINT ( 'NONE',  ( 11.25000000000001421, 10.93891149740486668, -3.000000000000000000 ) ) ;
#6394 = AXIS2_PLACEMENT_3D ( 'NONE', #7647, #3723, #2209 ) ;
#6395 = ORIENTED_EDGE ( 'NONE', *, *, #9347, .F. ) ;
#6396 = ADVANCED_FACE ( 'NONE', ( #9313 ), #5146, .F. ) ;
#6397 = FACE_BOUND ( 'NONE', #9774, .T. ) ;
#6398 = EDGE_LOOP ( 'NONE', ( #9247, #1456, #6903, #8127 ) ) ;
#6399 = DIRECTION ( 'NONE',  ( -0.000000000000000000, 0.000000000000000000, 1.000000000000000000 ) ) ;
#6400 = LINE ( 'NONE', #9405, #7475 ) ;
#6401 = CARTESIAN_POINT ( 'NONE',  ( 7.750000000000118128, 0.9389114974048662354, -3.000000000000000000 ) ) ;
#6402 = FACE_OUTER_BOUND ( 'NONE', #5400, .T. ) ;
#6403 = CARTESIAN_POINT ( 'NONE',  ( -8.999999999999737099, -13.06108850259513510, 1.000000000000000000 ) ) ;
#6404 = ORIENTED_EDGE ( 'NONE', *, *, #8607, .T. ) ;
#6405 = ORIENTED_EDGE ( 'NONE', *, *, #4777, .F. ) ;
#6406 = ADVANCED_FACE ( 'NONE', ( #1316 ), #3539, .F. ) ;
#6407 = ADVANCED_FACE ( 'NONE', ( #566 ), #3483, .F. ) ;
#6408 = EDGE_CURVE ( 'NONE', #6557, #8779, #8500, .T. ) ;
#6409 = CARTESIAN_POINT ( 'NONE',  ( -8.249999999999966249, 8.938911497404866680, -3.000000000000000000 ) ) ;
#6410 = ORIENTED_EDGE ( 'NONE', *, *, #7972, .F. ) ;
#6411 = DIRECTION ( 'NONE',  ( 1.000000000000000000, 0.000000000000000000, 0.000000000000000000 ) ) ;
#6412 = LINE ( 'NONE', #8781, #4223 ) ;
#6413 = CARTESIAN_POINT ( 'NONE',  ( 1.500000000000200728, -7.061088502595134209, 0.000000000000000000 ) ) ;
#6414 = FACE_OUTER_BOUND ( 'NONE', #7596, .T. ) ;
#6415 = ORIENTED_EDGE ( 'NONE', *, *, #653, .F. ) ;
#6416 = LINE ( 'NONE', #6826, #1649 ) ;
#6417 = CARTESIAN_POINT ( 'NONE',  ( 32.50000000000000000, 17.50000000000000000, 0.000000000000000000 ) ) ;
#6418 = DIRECTION ( 'NONE',  ( 1.000000000000000000, 0.000000000000000000, 0.000000000000000000 ) ) ;
#6419 = ORIENTED_EDGE ( 'NONE', *, *, #4647, .F. ) ;
#6420 = DIRECTION ( 'NONE',  ( -0.000000000000000000, -0.000000000000000000, 1.000000000000000000 ) ) ;
#6421 = EDGE_LOOP ( 'NONE', ( #6790, #7014, #8766, #1266 ) ) ;
#6422 = EDGE_CURVE ( 'NONE', #5341, #306, #9603, .T. ) ;
#6423 = DIRECTION ( 'NONE',  ( -0.000000000000000000, -0.000000000000000000, 1.000000000000000000 ) ) ;
#6424 = DIRECTION ( 'NONE',  ( -0.000000000000000000, -0.000000000000000000, 1.000000000000000000 ) ) ;
#6425 = ORIENTED_EDGE ( 'NONE', *, *, #2520, .F. ) ;
#6426 = CARTESIAN_POINT ( 'NONE',  ( 11.25000000000015987, -3.061088502595133765, -3.000000000000000000 ) ) ;
#6427 = DIRECTION ( 'NONE',  ( 1.000000000000000000, 0.000000000000000000, 0.000000000000000000 ) ) ;
#6428 = DIRECTION ( 'NONE',  ( 0.000000000000000000, -0.000000000000000000, -1.000000000000000000 ) ) ;
#6429 = VERTEX_POINT ( 'NONE', #3622 ) ;
#6430 = EDGE_CURVE ( 'NONE', #5924, #3159, #8189, .T. ) ;
#6431 = ORIENTED_EDGE ( 'NONE', *, *, #3746, .T. ) ;
#6432 = FACE_OUTER_BOUND ( 'NONE', #6736, .T. ) ;
#6433 = ORIENTED_EDGE ( 'NONE', *, *, #4211, .T. ) ;
#6434 = ADVANCED_FACE ( 'NONE', ( #2008 ), #4997, .F. ) ;
#6435 = CYLINDRICAL_SURFACE ( 'NONE', #3022, 0.7500000000000006661 ) ;
#6436 = CIRCLE ( 'NONE', #4841, 0.7500000000000006661 ) ;
#6437 = ORIENTED_EDGE ( 'NONE', *, *, #939, .F. ) ;
#6438 = EDGE_LOOP ( 'NONE', ( #3249, #5038 ) ) ;
#6439 = DIRECTION ( 'NONE',  ( -0.000000000000000000, 0.000000000000000000, 1.000000000000000000 ) ) ;
#6440 = CARTESIAN_POINT ( 'NONE',  ( 0.7500000000000129896, 10.93891149740486668, 1.000000000000000000 ) ) ;
#6441 = ORIENTED_EDGE ( 'NONE', *, *, #8872, .T. ) ;
#6442 = DIRECTION ( 'NONE',  ( -0.000000000000000000, 0.000000000000000000, 1.000000000000000000 ) ) ;
#6443 = ORIENTED_EDGE ( 'NONE', *, *, #2319, .T. ) ;
#6444 = CARTESIAN_POINT ( 'NONE',  ( -5.499999999999737099, -13.06108850259513510, 1.000000000000000000 ) ) ;
#6445 = CARTESIAN_POINT ( 'NONE',  ( 9.250000000000181188, -5.061088502595135985, 1.000000000000000000 ) ) ;
#6446 = AXIS2_PLACEMENT_3D ( 'NONE', #2061, #6606, #8878 ) ;
#6447 = DIRECTION ( 'NONE',  ( -0.000000000000000000, -0.000000000000000000, 1.000000000000000000 ) ) ;
#6448 = EDGE_CURVE ( 'NONE', #1351, #8906, #9519, .T. ) ;
#6449 = DIRECTION ( 'NONE',  ( -0.000000000000000000, 0.000000000000000000, 1.000000000000000000 ) ) ;
#6450 = VERTEX_POINT ( 'NONE', #8140 ) ;
#6451 = CARTESIAN_POINT ( 'NONE',  ( 5.750000000000202505, -7.061088502595134209, 0.000000000000000000 ) ) ;
#6452 = ORIENTED_EDGE ( 'NONE', *, *, #1141, .F. ) ;
#6453 = VECTOR ( 'NONE', #2885, 1000.000000000000000 ) ;
#6454 = DIRECTION ( 'NONE',  ( 1.000000000000000000, 0.000000000000000000, 0.000000000000000000 ) ) ;
#6455 = ORIENTED_EDGE ( 'NONE', *, *, #760, .T. ) ;
#6456 = CARTESIAN_POINT ( 'NONE',  ( 2.250000000000180744, -5.061088502595135985, -3.000000000000000000 ) ) ;
#6457 = CARTESIAN_POINT ( 'NONE',  ( -5.499999999999986677, 10.93891149740486668, 1.000000000000000000 ) ) ;
#6458 = DIRECTION ( 'NONE',  ( -0.000000000000000000, -0.000000000000000000, 1.000000000000000000 ) ) ;
#6459 = DIRECTION ( 'NONE',  ( -0.000000000000000000, 0.000000000000000000, 1.000000000000000000 ) ) ;
#6460 = EDGE_LOOP ( 'NONE', ( #8667, #9239 ) ) ;
#6461 = DIRECTION ( 'NONE',  ( 1.000000000000000000, 0.000000000000000000, 0.000000000000000000 ) ) ;
#6462 = ADVANCED_FACE ( 'NONE', ( #9657 ), #6509, .F. ) ;
#6463 = CARTESIAN_POINT ( 'NONE',  ( -2.749999999999778844, -9.061088502595131544, -3.000000000000000000 ) ) ;
#6464 = CIRCLE ( 'NONE', #7724, 0.7500000000000006661 ) ;
#6465 = EDGE_CURVE ( 'NONE', #9682, #707, #4402, .T. ) ;
#6466 = DIRECTION ( 'NONE',  ( -0.000000000000000000, 0.000000000000000000, 1.000000000000000000 ) ) ;
#6467 = ORIENTED_EDGE ( 'NONE', *, *, #4919, .F. ) ;
#6468 = ORIENTED_EDGE ( 'NONE', *, *, #4432, .F. ) ;
#6469 = CIRCLE ( 'NONE', #4243, 0.7500000000000006661 ) ;
#6470 = DIRECTION ( 'NONE',  ( 0.000000000000000000, -0.000000000000000000, -1.000000000000000000 ) ) ;
#6471 = EDGE_LOOP ( 'NONE', ( #6189, #151, #3378, #2312 ) ) ;
#6472 = CARTESIAN_POINT ( 'NONE',  ( 5.000000000000160760, -3.061088502595133765, -3.000000000000000000 ) ) ;
#6473 = CARTESIAN_POINT ( 'NONE',  ( -8.249999999999799272, -7.061088502595134209, -3.000000000000000000 ) ) ;
#6474 = ORIENTED_EDGE ( 'NONE', *, *, #3557, .F. ) ;
#6475 = CARTESIAN_POINT ( 'NONE',  ( 5.000000000000015099, 10.93891149740486668, 1.000000000000000000 ) ) ;
#6476 = ADVANCED_FACE ( 'NONE', ( #2760 ), #1365, .F. ) ;
#6477 = DIRECTION ( 'NONE',  ( 0.000000000000000000, -0.000000000000000000, -1.000000000000000000 ) ) ;
#6478 = CARTESIAN_POINT ( 'NONE',  ( 5.750000000000182077, -5.061088502595135985, 0.000000000000000000 ) ) ;
#6479 = AXIS2_PLACEMENT_3D ( 'NONE', #839, #2469, #3213 ) ;
#6480 = EDGE_LOOP ( 'NONE', ( #2606, #8934, #8870, #3568 ) ) ;
#6481 = DIRECTION ( 'NONE',  ( -0.000000000000000000, -0.000000000000000000, 1.000000000000000000 ) ) ;
#6482 = ORIENTED_EDGE ( 'NONE', *, *, #9310, .T. ) ;
#6483 = CARTESIAN_POINT ( 'NONE',  ( 12.75000000000024336, -11.06108850259513332, 0.000000000000000000 ) ) ;
#6484 = AXIS2_PLACEMENT_3D ( 'NONE', #3774, #6058, #1472 ) ;
#6485 = ORIENTED_EDGE ( 'NONE', *, *, #2441, .F. ) ;
#6486 = AXIS2_PLACEMENT_3D ( 'NONE', #11, #6039, #2393 ) ;
#6488 = ORIENTED_EDGE ( 'NONE', *, *, #43, .F. ) ;
#6487 = AXIS2_PLACEMENT_3D ( 'NONE', #5095, #7201, #8134 ) ;
#6489 = FACE_OUTER_BOUND ( 'NONE', #3701, .T. ) ;
#6490 = FACE_OUTER_BOUND ( 'NONE', #9081, .T. ) ;
#6491 = EDGE_CURVE ( 'NONE', #3849, #213, #613, .T. ) ;
#6492 = ADVANCED_FACE ( 'NONE', ( #2159, #7441, #3437, #1259, #5701, #4261, #1966, #4957, #7988, #1213, #4213, #2802, #7248, #7301, #520, #1600, #4646, #1651, #5988, #5389, #9015, #9704, #5939, #714, #3088, #756, #2255, #3815, #2941, #1507, #6844, #5291, #3759, #4601, #6743, #8324, #8967, #862, #4460, #4546, #3039, #665, #9154, #5247, #9067, #6085, #8281, #2399, #7494, #1548, #3676, #4504, #6703, #7579, #7533, #8426, #2202, #5187, #2302, #8228, #6789, #16, #6044, #1458, #3718, #9743, #809, #2984, #70, #9108, #2345, #3131, #7637, #5332, #3864, #8369, #6893, #109, #6133, #3964, #7084, #3279, #305, #9208, #907, #6397, #7142, #8666, #9402, #2641, #360, #9253, #1054, #6938, #8516, #4055, #2540, #7786, #8619, #3328, #5439, #7044, #6341, #256, #4843, #8571, #5636, #6995, #3383, #1891, #7683, #6284, #4107, #3907, #8470 ), #9299, .T. ) ;
#6493 = VECTOR ( 'NONE', #4638, 1000.000000000000000 ) ;
#6494 = ORIENTED_EDGE ( 'NONE', *, *, #6130, .T. ) ;
#6495 = AXIS2_PLACEMENT_3D ( 'NONE', #833, #8986, #686 ) ;
#6496 = AXIS2_PLACEMENT_3D ( 'NONE', #3902, #7081, #7831 ) ;
#6497 = DIRECTION ( 'NONE',  ( -0.000000000000000000, 0.000000000000000000, 1.000000000000000000 ) ) ;
#6498 = AXIS2_PLACEMENT_3D ( 'NONE', #9071, #761, #7356 ) ;
#6499 = CYLINDRICAL_SURFACE ( 'NONE', #4053, 0.7500000000000006661 ) ;
#6500 = DIRECTION ( 'NONE',  ( 1.000000000000000000, 0.000000000000000000, 0.000000000000000000 ) ) ;
#6501 = AXIS2_PLACEMENT_3D ( 'NONE', #321, #8732, #8038 ) ;
#6502 = CIRCLE ( 'NONE', #6821, 0.7500000000000006661 ) ;
#6503 = DIRECTION ( 'NONE',  ( -0.000000000000000000, -0.000000000000000000, 1.000000000000000000 ) ) ;
#6504 = DIRECTION ( 'NONE',  ( -0.000000000000000000, -0.000000000000000000, 1.000000000000000000 ) ) ;
#6505 = ORIENTED_EDGE ( 'NONE', *, *, #440, .F. ) ;
#6506 = DIRECTION ( 'NONE',  ( 0.000000000000000000, 0.000000000000000000, 1.000000000000000000 ) ) ;
#6507 = ORIENTED_EDGE ( 'NONE', *, *, #1624, .T. ) ;
#6508 = VECTOR ( 'NONE', #4294, 1000.000000000000000 ) ;
#6509 = CYLINDRICAL_SURFACE ( 'NONE', #9129, 0.7500000000000006661 ) ;
#6510 = AXIS2_PLACEMENT_3D ( 'NONE', #4869, #239, #5664 ) ;
#6511 = EDGE_CURVE ( 'NONE', #6731, #2756, #1878, .T. ) ;
#6512 = ORIENTED_EDGE ( 'NONE', *, *, #8540, .F. ) ;
#6513 = DIRECTION ( 'NONE',  ( 1.000000000000000000, 0.000000000000000000, 0.000000000000000000 ) ) ;
#6514 = DIRECTION ( 'NONE',  ( -1.000000000000000000, 0.000000000000000000, 0.000000000000000000 ) ) ;
#6515 = CARTESIAN_POINT ( 'NONE',  ( 1.500000000000117462, 0.9389114974048661244, 0.000000000000000000 ) ) ;
#6516 = DIRECTION ( 'NONE',  ( 1.000000000000000000, 0.000000000000000000, 0.000000000000000000 ) ) ;
#6517 = ORIENTED_EDGE ( 'NONE', *, *, #1052, .T. ) ;
#6518 = CARTESIAN_POINT ( 'NONE',  ( -20.00000000000000000, 15.00000000000000178, 2.000000000000000000 ) ) ;
#6519 = DIRECTION ( 'NONE',  ( 1.000000000000000000, 0.000000000000000000, 0.000000000000000000 ) ) ;
#6520 = CIRCLE ( 'NONE', #3657, 0.7500000000000006661 ) ;
#6521 = CARTESIAN_POINT ( 'NONE',  ( 12.75000000000020250, -7.061088502595134209, -3.000000000000000000 ) ) ;
#6522 = AXIS2_PLACEMENT_3D ( 'NONE', #6101, #8194, #8296 ) ;
#6523 = AXIS2_PLACEMENT_3D ( 'NONE', #3494, #5711, #1864 ) ;
#6524 = EDGE_CURVE ( 'NONE', #6601, #1993, #1098, .T. ) ;
#6525 = VERTEX_POINT ( 'NONE', #157 ) ;
#6526 = DIRECTION ( 'NONE',  ( -0.000000000000000000, -0.000000000000000000, 1.000000000000000000 ) ) ;
#6527 = DIRECTION ( 'NONE',  ( 0.000000000000000000, -0.000000000000000000, -1.000000000000000000 ) ) ;
#6528 = CARTESIAN_POINT ( 'NONE',  ( 26.50000000000000711, -8.999999999999996447, 2.000000000000000000 ) ) ;
#6529 = EDGE_LOOP ( 'NONE', ( #9132, #2027, #5527, #6154 ) ) ;
#6530 = DIRECTION ( 'NONE',  ( -0.000000000000000000, -0.000000000000000000, 1.000000000000000000 ) ) ;
#6531 = CIRCLE ( 'NONE', #7791, 0.7500000000000006661 ) ;
#6532 = CYLINDRICAL_SURFACE ( 'NONE', #3004, 0.7500000000000006661 ) ;
#6533 = AXIS2_PLACEMENT_3D ( 'NONE', #64, #6781, #2975 ) ;
#6534 = EDGE_CURVE ( 'NONE', #5384, #6949, #4692, .T. ) ;
#6535 = ORIENTED_EDGE ( 'NONE', *, *, #7836, .F. ) ;
#6536 = AXIS2_PLACEMENT_3D ( 'NONE', #2220, #2958, #8251 ) ;
#6537 = DIRECTION ( 'NONE',  ( -0.000000000000000000, 1.000000000000000000, -0.000000000000000000 ) ) ;
#6538 = ORIENTED_EDGE ( 'NONE', *, *, #911, .F. ) ;
#6539 = CARTESIAN_POINT ( 'NONE',  ( 5.000000000000244249, -11.06108850259513332, -3.000000000000000000 ) ) ;
#6540 = FACE_BOUND ( 'NONE', #5586, .T. ) ;
#6541 = ORIENTED_EDGE ( 'NONE', *, *, #3358, .T. ) ;
#6542 = ORIENTED_EDGE ( 'NONE', *, *, #5622, .T. ) ;
#6543 = DIRECTION ( 'NONE',  ( 1.000000000000000000, 0.000000000000000000, 0.000000000000000000 ) ) ;
#6544 = FACE_OUTER_BOUND ( 'NONE', #3024, .T. ) ;
#6545 = EDGE_LOOP ( 'NONE', ( #9300, #3066 ) ) ;
#6546 = EDGE_LOOP ( 'NONE', ( #2578, #3537, #3862, #1677 ) ) ;
#6547 = CIRCLE ( 'NONE', #2287, 0.7500000000000006661 ) ;
#6548 = DIRECTION ( 'NONE',  ( -0.000000000000000000, 0.000000000000000000, 1.000000000000000000 ) ) ;
#6549 = ADVANCED_FACE ( 'NONE', ( #1844 ), #7874, .F. ) ;
#6550 = DIRECTION ( 'NONE',  ( 1.000000000000000000, 0.000000000000000000, 0.000000000000000000 ) ) ;
#6551 = DIRECTION ( 'NONE',  ( -0.000000000000000000, 0.000000000000000000, 1.000000000000000000 ) ) ;
#6552 = EDGE_LOOP ( 'NONE', ( #211, #3938, #1832, #5496 ) ) ;
#6553 = CIRCLE ( 'NONE', #5268, 0.7500000000000006661 ) ;
#6554 = DIRECTION ( 'NONE',  ( 0.000000000000000000, -0.000000000000000000, -1.000000000000000000 ) ) ;
#6555 = CARTESIAN_POINT ( 'NONE',  ( 0.7500000000002627898, -13.06108850259513510, 0.000000000000000000 ) ) ;
#6556 = ORIENTED_EDGE ( 'NONE', *, *, #7611, .F. ) ;
#6557 = VERTEX_POINT ( 'NONE', #7729 ) ;
#6558 = ORIENTED_EDGE ( 'NONE', *, *, #4191, .F. ) ;
#6559 = ORIENTED_EDGE ( 'NONE', *, *, #5350, .F. ) ;
#6560 = CARTESIAN_POINT ( 'NONE',  ( -1.999999999999902967, 2.938911497404866235, 0.000000000000000000 ) ) ;
#6561 = VERTEX_POINT ( 'NONE', #954 ) ;
#6562 = DIRECTION ( 'NONE',  ( 0.000000000000000000, -0.000000000000000000, -1.000000000000000000 ) ) ;
#6563 = LINE ( 'NONE', #3487, #3597 ) ;
#6564 = ADVANCED_FACE ( 'NONE', ( #6242 ), #2492, .F. ) ;
#6565 = DIRECTION ( 'NONE',  ( 1.000000000000000000, 0.000000000000000000, 0.000000000000000000 ) ) ;
#6566 = SURFACE_STYLE_FILL_AREA ( #469 ) ;
#6567 = ORIENTED_EDGE ( 'NONE', *, *, #8540, .T. ) ;
#6568 = CARTESIAN_POINT ( 'NONE',  ( -8.999999999999904077, 2.938911497404866235, -3.000000000000000000 ) ) ;
#6569 = CARTESIAN_POINT ( 'NONE',  ( -8.249999999999966249, 8.938911497404866680, 0.000000000000000000 ) ) ;
#6570 = LINE ( 'NONE', #2717, #3170 ) ;
#6571 = EDGE_CURVE ( 'NONE', #8936, #8086, #1011, .T. ) ;
#6572 = CARTESIAN_POINT ( 'NONE',  ( 12.75000000000018119, -5.061088502595135985, -3.000000000000000000 ) ) ;
#6573 = FACE_OUTER_BOUND ( 'NONE', #4099, .T. ) ;
#6574 = DIRECTION ( 'NONE',  ( 1.000000000000000000, 0.000000000000000000, 0.000000000000000000 ) ) ;
#6575 = EDGE_LOOP ( 'NONE', ( #3234, #4796 ) ) ;
#6576 = VERTEX_POINT ( 'NONE', #1355 ) ;
#6577 = DIRECTION ( 'NONE',  ( 1.000000000000000000, 0.000000000000000000, 0.000000000000000000 ) ) ;
#6578 = EDGE_CURVE ( 'NONE', #5593, #5626, #9506, .T. ) ;
#6579 = EDGE_CURVE ( 'NONE', #539, #2161, #301, .T. ) ;
#6580 = ORIENTED_EDGE ( 'NONE', *, *, #9400, .T. ) ;
#6581 = ORIENTED_EDGE ( 'NONE', *, *, #9400, .F. ) ;
#6582 = CARTESIAN_POINT ( 'NONE',  ( -5.499999999999799272, -7.061088502595134209, 1.000000000000000000 ) ) ;
#6583 = VERTEX_POINT ( 'NONE', #4946 ) ;
#6584 = FACE_OUTER_BOUND ( 'NONE', #970, .T. ) ;
#6585 = FACE_BOUND ( 'NONE', #5305, .T. ) ;
#6586 = ORIENTED_EDGE ( 'NONE', *, *, #7393, .T. ) ;
#6587 = ORIENTED_EDGE ( 'NONE', *, *, #4875, .T. ) ;
#6588 = CARTESIAN_POINT ( 'NONE',  ( 12.00000000000003553, 8.938911497404866680, 0.000000000000000000 ) ) ;
#6589 = LINE ( 'NONE', #6393, #6160 ) ;
#6590 = EDGE_CURVE ( 'NONE', #9251, #9638, #139, .T. ) ;
#6591 = EDGE_CURVE ( 'NONE', #5419, #1047, #8983, .T. ) ;
#6592 = EDGE_CURVE ( 'NONE', #9566, #6561, #775, .T. ) ;
#6593 = ADVANCED_FACE ( 'NONE', ( #8022 ), #1158, .F. ) ;
#6594 = VERTEX_POINT ( 'NONE', #8809 ) ;
#6595 = CARTESIAN_POINT ( 'NONE',  ( 1.500000000000117462, 0.9389114974048661244, 1.000000000000000000 ) ) ;
#6596 = CARTESIAN_POINT ( 'NONE',  ( -2.749999999999841016, -3.061088502595133765, 0.000000000000000000 ) ) ;
#6597 = DIRECTION ( 'NONE',  ( -1.000000000000000000, -4.336808689942017736E-16, -0.000000000000000000 ) ) ;
#6598 = DIRECTION ( 'NONE',  ( 1.000000000000000000, 0.000000000000000000, 0.000000000000000000 ) ) ;
#6599 = PLANE ( 'NONE',  #4491 ) ;
#6600 = CIRCLE ( 'NONE', #7382, 0.7500000000000006661 ) ;
#6601 = VERTEX_POINT ( 'NONE', #1952 ) ;
#6602 = VERTEX_POINT ( 'NONE', #4348 ) ;
#6603 = VERTEX_POINT ( 'NONE', #2045 ) ;
#6604 = CARTESIAN_POINT ( 'NONE',  ( 12.00000000000013856, -1.061088502595133765, -3.000000000000000000 ) ) ;
#6605 = ORIENTED_EDGE ( 'NONE', *, *, #2017, .F. ) ;
#6606 = DIRECTION ( 'NONE',  ( -0.000000000000000000, -0.000000000000000000, 1.000000000000000000 ) ) ;
#6607 = DIRECTION ( 'NONE',  ( 1.000000000000000000, 0.000000000000000000, 0.000000000000000000 ) ) ;
#6608 = CARTESIAN_POINT ( 'NONE',  ( -12.49999999999992362, 4.938911497404866680, 0.000000000000000000 ) ) ;
#6609 = CARTESIAN_POINT ( 'NONE',  ( -8.999999999999987566, 10.93891149740486668, -3.000000000000000000 ) ) ;
#6610 = DIRECTION ( 'NONE',  ( 1.000000000000000000, 0.000000000000000000, 0.000000000000000000 ) ) ;
#6611 = LINE ( 'NONE', #8884, #9340 ) ;
#6612 = AXIS2_PLACEMENT_3D ( 'NONE', #4070, #7846, #8633 ) ;
#6613 = EDGE_CURVE ( 'NONE', #7157, #3443, #3524, .T. ) ;
#6614 = EDGE_CURVE ( 'NONE', #4557, #7801, #2363, .T. ) ;
#6615 = VERTEX_POINT ( 'NONE', #2793 ) ;
#6616 = CARTESIAN_POINT ( 'NONE',  ( 2.250000000000097256, 2.938911497404866235, -3.000000000000000000 ) ) ;
#6617 = DIRECTION ( 'NONE',  ( 1.000000000000000000, 0.000000000000000000, 0.000000000000000000 ) ) ;
#6618 = CARTESIAN_POINT ( 'NONE',  ( 11.25000000000011724, 0.9389114974048662354, 1.000000000000000000 ) ) ;
#6619 = AXIS2_PLACEMENT_3D ( 'NONE', #1812, #2558, #421 ) ;
#6620 = ORIENTED_EDGE ( 'NONE', *, *, #7870, .T. ) ;
#6621 = CARTESIAN_POINT ( 'NONE',  ( -11.74999999999998579, 10.93891149740486668, 0.000000000000000000 ) ) ;
#6622 = CARTESIAN_POINT ( 'NONE',  ( 8.500000000000181188, -5.061088502595135985, 1.000000000000000000 ) ) ;
#6623 = AXIS2_PLACEMENT_3D ( 'NONE', #5429, #7772, #1790 ) ;
#6624 = ORIENTED_EDGE ( 'NONE', *, *, #7404, .T. ) ;
#6625 = DIRECTION ( 'NONE',  ( 1.000000000000000000, 0.000000000000000000, 0.000000000000000000 ) ) ;
#6626 = VERTEX_POINT ( 'NONE', #1202 ) ;
#6627 = EDGE_CURVE ( 'NONE', #6603, #2633, #3305, .T. ) ;
#6628 = CARTESIAN_POINT ( 'NONE',  ( 2.250000000000055955, 6.938911497404866680, -3.000000000000000000 ) ) ;
#6629 = FACE_BOUND ( 'NONE', #6283, .T. ) ;
#6630 = VERTEX_POINT ( 'NONE', #6637 ) ;
#6631 = EDGE_LOOP ( 'NONE', ( #5780, #8528 ) ) ;
#6632 = FACE_OUTER_BOUND ( 'NONE', #4041, .T. ) ;
#6633 = CIRCLE ( 'NONE', #7105, 0.7500000000000006661 ) ;
#6634 = FACE_OUTER_BOUND ( 'NONE', #9705, .T. ) ;
#6635 = ORIENTED_EDGE ( 'NONE', *, *, #5075, .F. ) ;
#6636 = AXIS2_PLACEMENT_3D ( 'NONE', #8746, #1079, #1979 ) ;
#6637 = CARTESIAN_POINT ( 'NONE',  ( 11.25000000000007638, 4.938911497404866680, 0.000000000000000000 ) ) ;
#6638 = VECTOR ( 'NONE', #804, 1000.000000000000000 ) ;
#6639 = EDGE_CURVE ( 'NONE', #1814, #1363, #2983, .T. ) ;
#6640 = VECTOR ( 'NONE', #1958, 1000.000000000000000 ) ;
#6641 = DIRECTION ( 'NONE',  ( 1.000000000000000000, 0.000000000000000000, 0.000000000000000000 ) ) ;
#6642 = CYLINDRICAL_SURFACE ( 'NONE', #8270, 0.7500000000000006661 ) ;
#6643 = LINE ( 'NONE', #8816, #156 ) ;
#6644 = DIRECTION ( 'NONE',  ( 0.000000000000000000, 1.000000000000000000, 0.000000000000000000 ) ) ;
#6645 = CIRCLE ( 'NONE', #1115, 0.7500000000000006661 ) ;
#6646 = ORIENTED_EDGE ( 'NONE', *, *, #6534, .F. ) ;
#6647 = ORIENTED_EDGE ( 'NONE', *, *, #521, .T. ) ;
#6648 = CIRCLE ( 'NONE', #2069, 0.7500000000000006661 ) ;
#6649 = CIRCLE ( 'NONE', #2869, 0.7500000000000004441 ) ;
#6650 = EDGE_LOOP ( 'NONE', ( #9745, #8620, #1227, #2575 ) ) ;
#6651 = CARTESIAN_POINT ( 'NONE',  ( 7.750000000000263789, -13.06108850259513510, -3.000000000000000000 ) ) ;
#6652 = VECTOR ( 'NONE', #7211, 1000.000000000000000 ) ;
#6653 = EDGE_CURVE ( 'NONE', #8087, #690, #8045, .T. ) ;
#6654 = ORIENTED_EDGE ( 'NONE', *, *, #8321, .F. ) ;
#6655 = AXIS2_PLACEMENT_3D ( 'NONE', #3898, #9289, #2528 ) ;
#6656 = CARTESIAN_POINT ( 'NONE',  ( 4.999999999999993783, 12.93891149740486668, 1.000000000000000000 ) ) ;
#6657 = AXIS2_PLACEMENT_3D ( 'NONE', #7542, #674, #8290 ) ;
#6658 = VECTOR ( 'NONE', #4642, 1000.000000000000000 ) ;
#6659 = CARTESIAN_POINT ( 'NONE',  ( 30.50000000000000711, -8.999999999999996447, 12.00000000000000000 ) ) ;
#6660 = FACE_OUTER_BOUND ( 'NONE', #315, .T. ) ;
#6661 = CARTESIAN_POINT ( 'NONE',  ( 12.00000000000015987, -3.061088502595133765, 1.000000000000000000 ) ) ;
#6662 = CARTESIAN_POINT ( 'NONE',  ( 7.750000000000159872, -3.061088502595133765, 0.000000000000000000 ) ) ;
#6663 = CARTESIAN_POINT ( 'NONE',  ( -12.49999999999986144, -1.061088502595133765, 0.000000000000000000 ) ) ;
#6664 = VECTOR ( 'NONE', #4140, 1000.000000000000000 ) ;
#6665 = ORIENTED_EDGE ( 'NONE', *, *, #9178, .F. ) ;
#6666 = DIRECTION ( 'NONE',  ( -0.000000000000000000, 0.000000000000000000, 1.000000000000000000 ) ) ;
#6667 = VERTEX_POINT ( 'NONE', #7930 ) ;
#6668 = EDGE_CURVE ( 'NONE', #3728, #7021, #9449, .T. ) ;
#6669 = DIRECTION ( 'NONE',  ( 0.000000000000000000, -0.000000000000000000, -1.000000000000000000 ) ) ;
#6670 = VECTOR ( 'NONE', #7319, 1000.000000000000000 ) ;
#6671 = DIRECTION ( 'NONE',  ( 1.000000000000000000, 0.000000000000000000, 0.000000000000000000 ) ) ;
#6672 = EDGE_CURVE ( 'NONE', #5367, #1341, #5657, .T. ) ;
#6673 = ORIENTED_EDGE ( 'NONE', *, *, #785, .F. ) ;
#6674 = EDGE_CURVE ( 'NONE', #9484, #9093, #1999, .T. ) ;
#6675 = AXIS2_PLACEMENT_3D ( 'NONE', #4420, #6010, #3731 ) ;
#6676 = DIRECTION ( 'NONE',  ( -0.000000000000000000, 0.000000000000000000, 1.000000000000000000 ) ) ;
#6677 = CARTESIAN_POINT ( 'NONE',  ( 9.250000000000015987, 10.93891149740486668, -3.000000000000000000 ) ) ;
#6678 =( GEOMETRIC_REPRESENTATION_CONTEXT ( 3 ) GLOBAL_UNCERTAINTY_ASSIGNED_CONTEXT ( ( #6096 ) ) GLOBAL_UNIT_ASSIGNED_CONTEXT ( ( #8145, #9417, #4962 ) ) REPRESENTATION_CONTEXT ( 'NONE', 'WORKASPACE' ) );
#6679 = CARTESIAN_POINT ( 'NONE',  ( -5.499999999999778844, -9.061088502595131544, 1.000000000000000000 ) ) ;
#6680 = ORIENTED_EDGE ( 'NONE', *, *, #9230, .F. ) ;
#6681 = CARTESIAN_POINT ( 'NONE',  ( 5.750000000000078160, 4.938911497404866680, 1.000000000000000000 ) ) ;
#6682 = FACE_BOUND ( 'NONE', #8791, .T. ) ;
#6683 = VERTEX_POINT ( 'NONE', #4987 ) ;
#6684 = VECTOR ( 'NONE', #458, 1000.000000000000000 ) ;
#6685 = EDGE_CURVE ( 'NONE', #3097, #5502, #620, .T. ) ;
#6686 = ORIENTED_EDGE ( 'NONE', *, *, #5787, .T. ) ;
#6687 = DIRECTION ( 'NONE',  ( -0.000000000000000000, -0.000000000000000000, 1.000000000000000000 ) ) ;
#6688 = AXIS2_PLACEMENT_3D ( 'NONE', #9363, #3243, #3915 ) ;
#6689 = CARTESIAN_POINT ( 'NONE',  ( -9.749999999999841904, -3.061088502595133765, -3.000000000000000000 ) ) ;
#6690 = EDGE_CURVE ( 'NONE', #1471, #8965, #4307, .T. ) ;
#6691 = VERTEX_POINT ( 'NONE', #5089 ) ;
#6692 = DIRECTION ( 'NONE',  ( -0.000000000000000000, -0.000000000000000000, 1.000000000000000000 ) ) ;
#6693 = AXIS2_PLACEMENT_3D ( 'NONE', #5587, #8615, #8069 ) ;
#6694 =( NAMED_UNIT ( * ) PLANE_ANGLE_UNIT ( ) SI_UNIT ( $, .RADIAN. ) );
#6695 = CARTESIAN_POINT ( 'NONE',  ( 5.750000000000015099, 10.93891149740486668, 1.000000000000000000 ) ) ;
#6696 = CARTESIAN_POINT ( 'NONE',  ( -8.999999999999799272, -7.061088502595134209, -3.000000000000000000 ) ) ;
#6697 = DIRECTION ( 'NONE',  ( 1.000000000000000000, 0.000000000000000000, 0.000000000000000000 ) ) ;
#6698 = ORIENTED_EDGE ( 'NONE', *, *, #7196, .F. ) ;
#6699 = VERTEX_POINT ( 'NONE', #3610 ) ;
#6700 = AXIS2_PLACEMENT_3D ( 'NONE', #7421, #7377, #9729 ) ;
#6701 = EDGE_CURVE ( 'NONE', #3310, #5046, #8359, .T. ) ;
#6702 = ORIENTED_EDGE ( 'NONE', *, *, #8998, .T. ) ;
#6703 = FACE_BOUND ( 'NONE', #2942, .T. ) ;
#6704 = ORIENTED_EDGE ( 'NONE', *, *, #9118, .T. ) ;
#6705 = CARTESIAN_POINT ( 'NONE',  ( 2.250000000000014211, 10.93891149740486668, 0.000000000000000000 ) ) ;
#6706 = CIRCLE ( 'NONE', #2446, 0.7500000000000006661 ) ;
#6707 = DIRECTION ( 'NONE',  ( 0.000000000000000000, -0.000000000000000000, -1.000000000000000000 ) ) ;
#6708 = DIRECTION ( 'NONE',  ( -0.000000000000000000, -0.000000000000000000, 1.000000000000000000 ) ) ;
#6709 = CARTESIAN_POINT ( 'NONE',  ( -30.49999999999999645, -8.999999999999996447, 12.00000000000000000 ) ) ;
#6710 = FACE_OUTER_BOUND ( 'NONE', #8422, .T. ) ;
#6711 = FACE_OUTER_BOUND ( 'NONE', #5257, .T. ) ;
#6712 = ADVANCED_FACE ( 'NONE', ( #6733 ), #5322, .F. ) ;
#6713 = ADVANCED_FACE ( 'NONE', ( #7524 ), #98, .F. ) ;
#6714 = ORIENTED_EDGE ( 'NONE', *, *, #9360, .T. ) ;
#6715 = DIRECTION ( 'NONE',  ( 1.000000000000000000, 0.000000000000000000, 0.000000000000000000 ) ) ;
#6716 = CARTESIAN_POINT ( 'NONE',  ( -12.49999999999984190, -3.061088502595133765, -3.000000000000000000 ) ) ;
#6717 = DIRECTION ( 'NONE',  ( 1.000000000000000000, 0.000000000000000000, 0.000000000000000000 ) ) ;
#6718 = VERTEX_POINT ( 'NONE', #3027 ) ;
#6719 = CARTESIAN_POINT ( 'NONE',  ( -1.999999999999902967, 2.938911497404866235, 1.000000000000000000 ) ) ;
#6720 = CARTESIAN_POINT ( 'NONE',  ( 5.750000000000265565, -13.06108850259513510, 1.000000000000000000 ) ) ;
#6721 = DIRECTION ( 'NONE',  ( 1.000000000000000000, 0.000000000000000000, 0.000000000000000000 ) ) ;
#6722 = ORIENTED_EDGE ( 'NONE', *, *, #8719, .T. ) ;
#6723 = CARTESIAN_POINT ( 'NONE',  ( 27.69999999999999929, 10.99999999999999822, 12.00000000000000000 ) ) ;
#6724 = CARTESIAN_POINT ( 'NONE',  ( -11.74999999999975664, -11.06108850259513332, 0.000000000000000000 ) ) ;
#6725 = EDGE_LOOP ( 'NONE', ( #6419, #8545, #8966, #873 ) ) ;
#6726 = EDGE_LOOP ( 'NONE', ( #3659, #6542, #2803, #6646 ) ) ;
#6727 = CARTESIAN_POINT ( 'NONE',  ( 5.750000000000056843, 6.938911497404866680, 1.000000000000000000 ) ) ;
#6728 = DIRECTION ( 'NONE',  ( 1.000000000000000000, 0.000000000000000000, 0.000000000000000000 ) ) ;
#6729 = ADVANCED_FACE ( 'NONE', ( #9001 ), #5233, .F. ) ;
#6730 = EDGE_LOOP ( 'NONE', ( #740, #8229 ) ) ;
#6731 = VERTEX_POINT ( 'NONE', #2293 ) ;
#6732 = EDGE_CURVE ( 'NONE', #9742, #492, #8511, .T. ) ;
#6733 = FACE_OUTER_BOUND ( 'NONE', #5704, .T. ) ;
#6734 = DIRECTION ( 'NONE',  ( 1.000000000000000000, 0.000000000000000000, 0.000000000000000000 ) ) ;
#6735 = CYLINDRICAL_SURFACE ( 'NONE', #3589, 0.7500000000000006661 ) ;
#6736 = EDGE_LOOP ( 'NONE', ( #3906, #8257, #831, #206 ) ) ;
#6737 = PLANE ( 'NONE',  #2912 ) ;
#6738 = CARTESIAN_POINT ( 'NONE',  ( 11.25000000000007638, 4.938911497404866680, -3.000000000000000000 ) ) ;
#6739 = DIRECTION ( 'NONE',  ( 0.000000000000000000, -0.000000000000000000, -1.000000000000000000 ) ) ;
#6740 = ORIENTED_EDGE ( 'NONE', *, *, #6448, .F. ) ;
#6741 = ORIENTED_EDGE ( 'NONE', *, *, #6897, .F. ) ;
#6742 = ORIENTED_EDGE ( 'NONE', *, *, #1230, .T. ) ;
#6743 = FACE_BOUND ( 'NONE', #3381, .T. ) ;
#6744 = ORIENTED_EDGE ( 'NONE', *, *, #3386, .F. ) ;
#6745 = LINE ( 'NONE', #3043, #6763 ) ;
#6746 = EDGE_CURVE ( 'NONE', #1964, #5768, #1248, .T. ) ;
#6747 = LINE ( 'NONE', #9748, #6012 ) ;
#6748 = LINE ( 'NONE', #2988, #8106 ) ;
#6749 = AXIS2_PLACEMENT_3D ( 'NONE', #4203, #7239, #8023 ) ;
#6750 = CARTESIAN_POINT ( 'NONE',  ( -8.999999999999737099, -13.06108850259513510, 0.000000000000000000 ) ) ;
#6751 = LINE ( 'NONE', #2065, #8104 ) ;
#6752 = DIRECTION ( 'NONE',  ( -0.000000000000000000, -0.000000000000000000, 1.000000000000000000 ) ) ;
#6753 = VERTEX_POINT ( 'NONE', #746 ) ;
#6754 = VERTEX_POINT ( 'NONE', #7567 ) ;
#6755 = CYLINDRICAL_SURFACE ( 'NONE', #8375, 0.7500000000000006661 ) ;
#6756 = VERTEX_POINT ( 'NONE', #3663 ) ;
#6757 = ADVANCED_FACE ( 'NONE', ( #3855 ), #6777, .F. ) ;
#6758 = ADVANCED_FACE ( 'NONE', ( #6033 ), #6834, .F. ) ;
#6759 = DIRECTION ( 'NONE',  ( 1.000000000000000000, 0.000000000000000000, 0.000000000000000000 ) ) ;
#6760 = DIRECTION ( 'NONE',  ( 1.000000000000000000, 0.000000000000000000, 0.000000000000000000 ) ) ;
#6761 = ORIENTED_EDGE ( 'NONE', *, *, #4191, .T. ) ;
#6762 = DIRECTION ( 'NONE',  ( 0.000000000000000000, -0.000000000000000000, -1.000000000000000000 ) ) ;
#6763 = VECTOR ( 'NONE', #8231, 1000.000000000000000 ) ;
#6764 = CARTESIAN_POINT ( 'NONE',  ( -2.749999999999945377, 6.938911497404866680, -3.000000000000000000 ) ) ;
#6765 = ORIENTED_EDGE ( 'NONE', *, *, #3177, .T. ) ;
#6766 = AXIS2_PLACEMENT_3D ( 'NONE', #7833, #6192, #2448 ) ;
#6767 = DIRECTION ( 'NONE',  ( -0.000000000000000000, -0.000000000000000000, 1.000000000000000000 ) ) ;
#6768 = VERTEX_POINT ( 'NONE', #1496 ) ;
#6769 = EDGE_CURVE ( 'NONE', #7260, #3148, #9054, .T. ) ;
#6770 = DIRECTION ( 'NONE',  ( -0.000000000000000000, -0.000000000000000000, 1.000000000000000000 ) ) ;
#6771 = FACE_OUTER_BOUND ( 'NONE', #7178, .T. ) ;
#6772 = ORIENTED_EDGE ( 'NONE', *, *, #2148, .T. ) ;
#6773 = ORIENTED_EDGE ( 'NONE', *, *, #8126, .F. ) ;
#6774 = LINE ( 'NONE', #2879, #7340 ) ;
#6775 = PLANE ( 'NONE',  #2551 ) ;
#6776 = ORIENTED_EDGE ( 'NONE', *, *, #9347, .T. ) ;
#6777 = CYLINDRICAL_SURFACE ( 'NONE', #6293, 0.7500000000000006661 ) ;
#6778 = FACE_OUTER_BOUND ( 'NONE', #8203, .T. ) ;
#6779 = AXIS2_PLACEMENT_3D ( 'NONE', #9042, #9769, #8989 ) ;
#6780 = ORIENTED_EDGE ( 'NONE', *, *, #8599, .F. ) ;
#6781 = DIRECTION ( 'NONE',  ( -0.000000000000000000, 0.000000000000000000, 1.000000000000000000 ) ) ;
#6782 = EDGE_CURVE ( 'NONE', #7922, #7889, #6464, .T. ) ;
#6783 = ADVANCED_FACE ( 'NONE', ( #8957 ), #2151, .F. ) ;
#6784 = CARTESIAN_POINT ( 'NONE',  ( 1.499999999999992673, 12.93891149740486668, 0.000000000000000000 ) ) ;
#6785 = DIRECTION ( 'NONE',  ( 1.000000000000000000, 0.000000000000000000, 0.000000000000000000 ) ) ;
#6786 = ORIENTED_EDGE ( 'NONE', *, *, #2780, .T. ) ;
#6787 = AXIS2_PLACEMENT_3D ( 'NONE', #389, #3360, #5717 ) ;
#6788 = ORIENTED_EDGE ( 'NONE', *, *, #2083, .T. ) ;
#6789 = FACE_BOUND ( 'NONE', #8871, .T. ) ;
#6790 = ORIENTED_EDGE ( 'NONE', *, *, #3616, .T. ) ;
#6791 = CYLINDRICAL_SURFACE ( 'NONE', #2976, 0.7500000000000006661 ) ;
#6792 = CARTESIAN_POINT ( 'NONE',  ( 1.500000000000075939, 4.938911497404866680, 0.000000000000000000 ) ) ;
#6793 = FACE_OUTER_BOUND ( 'NONE', #6480, .T. ) ;
#6794 = CIRCLE ( 'NONE', #162, 0.7500000000000006661 ) ;
#6795 = AXIS2_PLACEMENT_3D ( 'NONE', #2299, #8467, #5286 ) ;
#6796 = DIRECTION ( 'NONE',  ( -0.000000000000000000, 0.000000000000000000, 1.000000000000000000 ) ) ;
#6797 = DIRECTION ( 'NONE',  ( 1.000000000000000000, 0.000000000000000000, 0.000000000000000000 ) ) ;
#6798 = AXIS2_PLACEMENT_3D ( 'NONE', #4114, #7148, #6598 ) ;
#6799 = DIRECTION ( 'NONE',  ( 1.000000000000000000, 0.000000000000000000, -0.000000000000000000 ) ) ;
#6800 = AXIS2_PLACEMENT_3D ( 'NONE', #921, #879, #1817 ) ;
#6802 = ORIENTED_EDGE ( 'NONE', *, *, #2790, .T. ) ;
#6801 = EDGE_CURVE ( 'NONE', #4945, #1729, #453, .T. ) ;
#6803 = CIRCLE ( 'NONE', #7282, 0.7500000000000006661 ) ;
#6804 = CIRCLE ( 'NONE', #323, 0.7500000000000006661 ) ;
#6805 = EDGE_LOOP ( 'NONE', ( #3697, #9240 ) ) ;
#6806 = DIRECTION ( 'NONE',  ( 1.000000000000000000, 0.000000000000000000, 0.000000000000000000 ) ) ;
#6807 = EDGE_LOOP ( 'NONE', ( #4637, #9087, #8580, #8728 ) ) ;
#6808 = DIRECTION ( 'NONE',  ( 1.000000000000000000, 0.000000000000000000, 0.000000000000000000 ) ) ;
#6809 = DIRECTION ( 'NONE',  ( -0.000000000000000000, -0.000000000000000000, 1.000000000000000000 ) ) ;
#6810 = ORIENTED_EDGE ( 'NONE', *, *, #7135, .T. ) ;
#6811 = CIRCLE ( 'NONE', #6498, 0.7500000000000006661 ) ;
#6812 = LINE ( 'NONE', #9082, #533 ) ;
#6813 = AXIS2_PLACEMENT_3D ( 'NONE', #8350, #2924, #3740 ) ;
#6814 = CARTESIAN_POINT ( 'NONE',  ( 12.00000000000022204, -9.061088502595131544, 0.000000000000000000 ) ) ;
#6815 = CIRCLE ( 'NONE', #4123, 0.7500000000000006661 ) ;
#6816 = EDGE_CURVE ( 'NONE', #5975, #9520, #3758, .T. ) ;
#6817 = AXIS2_PLACEMENT_3D ( 'NONE', #8003, #1228, #6808 ) ;
#6818 = ORIENTED_EDGE ( 'NONE', *, *, #7323, .F. ) ;
#6819 = CARTESIAN_POINT ( 'NONE',  ( -26.49999999999999645, -8.999999999999996447, 12.00000000000000000 ) ) ;
#6820 = EDGE_LOOP ( 'NONE', ( #7668, #2400 ) ) ;
#6821 = AXIS2_PLACEMENT_3D ( 'NONE', #6403, #3392, #8673 ) ;
#6822 = CARTESIAN_POINT ( 'NONE',  ( -18.50000000000000355, -13.06108850259513332, -3.000000000000000000 ) ) ;
#6823 = FACE_BOUND ( 'NONE', #949, .T. ) ;
#6824 = ORIENTED_EDGE ( 'NONE', *, *, #4028, .T. ) ;
#6825 = ORIENTED_EDGE ( 'NONE', *, *, #6237, .T. ) ;
#6826 = CARTESIAN_POINT ( 'NONE',  ( -26.49999999999999645, 9.000000000000005329, 12.00000000000000000 ) ) ;
#6827 = FACE_OUTER_BOUND ( 'NONE', #507, .T. ) ;
#6828 = CIRCLE ( 'NONE', #1126, 0.7500000000000006661 ) ;
#6829 = AXIS2_PLACEMENT_3D ( 'NONE', #3879, #6060, #2999 ) ;
#6830 = EDGE_CURVE ( 'NONE', #2428, #2633, #8170, .T. ) ;
#6831 = EDGE_CURVE ( 'NONE', #8223, #1824, #9293, .T. ) ;
#6832 = ORIENTED_EDGE ( 'NONE', *, *, #4657, .T. ) ;
#6833 = CIRCLE ( 'NONE', #8880, 0.7500000000000006661 ) ;
#6834 = CYLINDRICAL_SURFACE ( 'NONE', #6931, 0.7500000000000006661 ) ;
#6835 = LINE ( 'NONE', #6078, #2866 ) ;
#6836 = VECTOR ( 'NONE', #3722, 1000.000000000000000 ) ;
#6837 = ORIENTED_EDGE ( 'NONE', *, *, #5369, .F. ) ;
#6838 = DIRECTION ( 'NONE',  ( -0.000000000000000000, -0.000000000000000000, 1.000000000000000000 ) ) ;
#6839 = DIRECTION ( 'NONE',  ( -0.000000000000000000, -0.000000000000000000, 1.000000000000000000 ) ) ;
#6840 = CARTESIAN_POINT ( 'NONE',  ( -12.49999999999988276, 0.9389114974048661244, -3.000000000000000000 ) ) ;
#6841 = EDGE_LOOP ( 'NONE', ( #4523, #8065 ) ) ;
#6842 = CIRCLE ( 'NONE', #3367, 0.7999999999999986011 ) ;
#6843 = ORIENTED_EDGE ( 'NONE', *, *, #5075, .T. ) ;
#6844 = FACE_BOUND ( 'NONE', #2171, .T. ) ;
#6845 = EDGE_CURVE ( 'NONE', #7098, #5512, #9098, .T. ) ;
#6846 = ORIENTED_EDGE ( 'NONE', *, *, #9295, .F. ) ;
#6847 = AXIS2_PLACEMENT_3D ( 'NONE', #85, #234, #882 ) ;
#6848 = VECTOR ( 'NONE', #631, 1000.000000000000000 ) ;
#6849 = CARTESIAN_POINT ( 'NONE',  ( -1.999999999999965361, 8.938911497404866680, -3.000000000000000000 ) ) ;
#6850 = CARTESIAN_POINT ( 'NONE',  ( 1.500000000000200728, -7.061088502595134209, 0.000000000000000000 ) ) ;
#6851 = DIRECTION ( 'NONE',  ( -0.000000000000000000, -0.000000000000000000, 1.000000000000000000 ) ) ;
#6852 = AXIS2_PLACEMENT_3D ( 'NONE', #207, #2390, #5379 ) ;
#6853 = CARTESIAN_POINT ( 'NONE',  ( 1.500000000000138334, -1.061088502595133765, -3.000000000000000000 ) ) ;
#6854 = DIRECTION ( 'NONE',  ( -0.000000000000000000, 0.000000000000000000, -1.000000000000000000 ) ) ;
#6855 = CYLINDRICAL_SURFACE ( 'NONE', #650, 0.7500000000000006661 ) ;
#6856 = VERTEX_POINT ( 'NONE', #4679 ) ;
#6857 = EDGE_CURVE ( 'NONE', #1366, #6997, #1719, .T. ) ;
#6858 = EDGE_CURVE ( 'NONE', #1747, #2291, #8355, .T. ) ;
#6859 = AXIS2_PLACEMENT_3D ( 'NONE', #5151, #8740, #8931 ) ;
#6860 = ORIENTED_EDGE ( 'NONE', *, *, #8677, .F. ) ;
#6861 = CARTESIAN_POINT ( 'NONE',  ( -2.000000000000007105, 12.93891149740486668, 0.000000000000000000 ) ) ;
#6862 = DIRECTION ( 'NONE',  ( -0.000000000000000000, -0.000000000000000000, 1.000000000000000000 ) ) ;
#6863 = DIRECTION ( 'NONE',  ( 1.000000000000000000, 0.000000000000000000, 0.000000000000000000 ) ) ;
#6864 = ORIENTED_EDGE ( 'NONE', *, *, #5300, .F. ) ;
#6865 = EDGE_CURVE ( 'NONE', #5430, #8450, #5331, .T. ) ;
#6866 = DIRECTION ( 'NONE',  ( 0.000000000000000000, -0.000000000000000000, -1.000000000000000000 ) ) ;
#6868 = DIRECTION ( 'NONE',  ( 1.000000000000000000, 0.000000000000000000, 0.000000000000000000 ) ) ;
#6867 = CIRCLE ( 'NONE', #2610, 0.7500000000000006661 ) ;
#6869 = DIRECTION ( 'NONE',  ( 0.000000000000000000, -0.000000000000000000, -1.000000000000000000 ) ) ;
#6870 = VERTEX_POINT ( 'NONE', #9243 ) ;
#6871 = FACE_OUTER_BOUND ( 'NONE', #6194, .T. ) ;
#6872 = VERTEX_POINT ( 'NONE', #941 ) ;
#6873 = CARTESIAN_POINT ( 'NONE',  ( -2.749999999999945377, 6.938911497404866680, 1.000000000000000000 ) ) ;
#6874 = DIRECTION ( 'NONE',  ( 1.000000000000000000, 0.000000000000000000, 0.000000000000000000 ) ) ;
#6875 = ORIENTED_EDGE ( 'NONE', *, *, #7306, .F. ) ;
#6876 = ADVANCED_FACE ( 'NONE', ( #1639 ), #2482, .F. ) ;
#6877 = ORIENTED_EDGE ( 'NONE', *, *, #5752, .T. ) ;
#6878 = ADVANCED_FACE ( 'NONE', ( #3948 ), #2435, .F. ) ;
#6879 = FACE_OUTER_BOUND ( 'NONE', #8606, .T. ) ;
#6880 = EDGE_LOOP ( 'NONE', ( #188, #269 ) ) ;
#6881 = DIRECTION ( 'NONE',  ( 1.000000000000000000, 0.000000000000000000, 0.000000000000000000 ) ) ;
#6882 = LINE ( 'NONE', #8658, #3792 ) ;
#6883 = ORIENTED_EDGE ( 'NONE', *, *, #5236, .F. ) ;
#6884 = EDGE_CURVE ( 'NONE', #2756, #6731, #6132, .T. ) ;
#6885 = ADVANCED_FACE ( 'NONE', ( #7127 ), #7865, .F. ) ;
#6886 = ORIENTED_EDGE ( 'NONE', *, *, #4967, .F. ) ;
#6887 = CARTESIAN_POINT ( 'NONE',  ( 9.249999999999994671, 12.93891149740486668, 0.000000000000000000 ) ) ;
#6888 = EDGE_CURVE ( 'NONE', #4234, #2722, #7569, .T. ) ;
#6889 = CARTESIAN_POINT ( 'NONE',  ( 1.500000000000263345, -13.06108850259513510, 1.000000000000000000 ) ) ;
#6890 = DIRECTION ( 'NONE',  ( -1.000000000000000000, 0.000000000000000000, 0.000000000000000000 ) ) ;
#6891 = ORIENTED_EDGE ( 'NONE', *, *, #2748, .T. ) ;
#6892 = VERTEX_POINT ( 'NONE', #6275 ) ;
#6893 = FACE_BOUND ( 'NONE', #1939, .T. ) ;
#6894 = VERTEX_POINT ( 'NONE', #894 ) ;
#6895 = FACE_BOUND ( 'NONE', #944, .T. ) ;
#6896 = DIRECTION ( 'NONE',  ( 1.000000000000000000, 0.000000000000000000, 0.000000000000000000 ) ) ;
#6897 = EDGE_CURVE ( 'NONE', #9093, #4042, #8609, .T. ) ;
#6898 = CARTESIAN_POINT ( 'NONE',  ( 12.00000000000005507, 6.938911497404866680, -3.000000000000000000 ) ) ;
#6899 = FACE_OUTER_BOUND ( 'NONE', #5016, .T. ) ;
#6900 = DIRECTION ( 'NONE',  ( 0.000000000000000000, 0.000000000000000000, 1.000000000000000000 ) ) ;
#6901 = DIRECTION ( 'NONE',  ( 1.000000000000000000, 0.000000000000000000, 0.000000000000000000 ) ) ;
#6902 = ORIENTED_EDGE ( 'NONE', *, *, #6408, .F. ) ;
#6903 = ORIENTED_EDGE ( 'NONE', *, *, #1994, .T. ) ;
#6904 = CIRCLE ( 'NONE', #5467, 0.7999999999999986011 ) ;
#6905 = CARTESIAN_POINT ( 'NONE',  ( 12.00000000000026468, -13.06108850259513510, 0.000000000000000000 ) ) ;
#6906 = DIRECTION ( 'NONE',  ( 1.000000000000000000, 0.000000000000000000, 0.000000000000000000 ) ) ;
#6907 = CYLINDRICAL_SURFACE ( 'NONE', #4574, 0.7500000000000004441 ) ;
#6908 = CARTESIAN_POINT ( 'NONE',  ( 0.7500000000002420286, -11.06108850259513332, 0.000000000000000000 ) ) ;
#6909 = ORIENTED_EDGE ( 'NONE', *, *, #6858, .F. ) ;
#6910 = CARTESIAN_POINT ( 'NONE',  ( 5.000000000000015099, 10.93891149740486668, 1.000000000000000000 ) ) ;
#6911 = ADVANCED_FACE ( 'NONE', ( #4791 ), #1089, .F. ) ;
#6912 = EDGE_CURVE ( 'NONE', #5143, #9127, #5521, .T. ) ;
#6913 = CARTESIAN_POINT ( 'NONE',  ( -5.500000000000007105, 12.93891149740486668, 0.000000000000000000 ) ) ;
#6914 = ORIENTED_EDGE ( 'NONE', *, *, #6422, .F. ) ;
#6915 = EDGE_LOOP ( 'NONE', ( #767, #4938 ) ) ;
#6916 = DIRECTION ( 'NONE',  ( -0.000000000000000000, -0.000000000000000000, 1.000000000000000000 ) ) ;
#6917 = CARTESIAN_POINT ( 'NONE',  ( -2.749999999999882760, 0.9389114974048662354, -3.000000000000000000 ) ) ;
#6918 = DIRECTION ( 'NONE',  ( -0.000000000000000000, -0.000000000000000000, 1.000000000000000000 ) ) ;
#6919 = AXIS2_PLACEMENT_3D ( 'NONE', #3877, #4816, #6906 ) ;
#6920 = EDGE_LOOP ( 'NONE', ( #7040, #6314 ) ) ;
#6921 = ORIENTED_EDGE ( 'NONE', *, *, #7207, .F. ) ;
#6922 = CARTESIAN_POINT ( 'NONE',  ( 11.25000000000009592, 2.938911497404866235, -3.000000000000000000 ) ) ;
#6923 = ORIENTED_EDGE ( 'NONE', *, *, #5638, .T. ) ;
#6924 = EDGE_CURVE ( 'NONE', #1009, #4194, #8460, .T. ) ;
#6925 = ORIENTED_EDGE ( 'NONE', *, *, #6251, .F. ) ;
#6926 = DIRECTION ( 'NONE',  ( -0.000000000000000000, 0.000000000000000000, 1.000000000000000000 ) ) ;
#6927 = LINE ( 'NONE', #942, #8858 ) ;
#6928 = ORIENTED_EDGE ( 'NONE', *, *, #1569, .F. ) ;
#6929 = EDGE_LOOP ( 'NONE', ( #8088, #4263 ) ) ;
#6930 = DIRECTION ( 'NONE',  ( -0.000000000000000000, -0.000000000000000000, 1.000000000000000000 ) ) ;
#6931 = AXIS2_PLACEMENT_3D ( 'NONE', #1584, #7481, #2933 ) ;
#6932 = DIRECTION ( 'NONE',  ( -0.000000000000000000, 0.000000000000000000, 1.000000000000000000 ) ) ;
#6933 = CARTESIAN_POINT ( 'NONE',  ( -1.999999999999944489, 6.938911497404866680, -3.000000000000000000 ) ) ;
#6934 = EDGE_LOOP ( 'NONE', ( #6041, #4784, #2829, #3319 ) ) ;
#6935 = ORIENTED_EDGE ( 'NONE', *, *, #5728, .T. ) ;
#6936 = EDGE_CURVE ( 'NONE', #5375, #6576, #6937, .T. ) ;
#6937 = CIRCLE ( 'NONE', #1415, 0.7500000000000006661 ) ;
#6938 = FACE_BOUND ( 'NONE', #6072, .T. ) ;
#6939 = ORIENTED_EDGE ( 'NONE', *, *, #2357, .T. ) ;
#6940 = DIRECTION ( 'NONE',  ( 1.000000000000000000, 0.000000000000000000, 0.000000000000000000 ) ) ;
#6941 = DIRECTION ( 'NONE',  ( 1.000000000000000000, 0.000000000000000000, 0.000000000000000000 ) ) ;
#6942 = DIRECTION ( 'NONE',  ( 0.000000000000000000, 0.000000000000000000, 1.000000000000000000 ) ) ;
#6943 = DIRECTION ( 'NONE',  ( -0.000000000000000000, -0.000000000000000000, 1.000000000000000000 ) ) ;
#6944 = DIRECTION ( 'NONE',  ( 0.000000000000000000, -0.000000000000000000, -1.000000000000000000 ) ) ;
#6945 = AXIS2_PLACEMENT_3D ( 'NONE', #1145, #3462, #4339 ) ;
#6946 = DIRECTION ( 'NONE',  ( 1.000000000000000000, 0.000000000000000000, 0.000000000000000000 ) ) ;
#6947 = ORIENTED_EDGE ( 'NONE', *, *, #3686, .F. ) ;
#6948 = EDGE_CURVE ( 'NONE', #2828, #6272, #7075, .T. ) ;
#6949 = VERTEX_POINT ( 'NONE', #3316 ) ;
#6950 = CARTESIAN_POINT ( 'NONE',  ( 28.49999999999999645, 10.99999999999999822, 7.000000000000000000 ) ) ;
#6951 = DIRECTION ( 'NONE',  ( 1.000000000000000000, 0.000000000000000000, 0.000000000000000000 ) ) ;
#6952 = CIRCLE ( 'NONE', #634, 0.7500000000000006661 ) ;
#6953 = AXIS2_PLACEMENT_3D ( 'NONE', #1658, #7688, #913 ) ;
#6954 = CARTESIAN_POINT ( 'NONE',  ( -12.49999999999975842, -11.06108850259513332, -3.000000000000000000 ) ) ;
#6955 = PLANE ( 'NONE',  #191 ) ;
#6956 = ORIENTED_EDGE ( 'NONE', *, *, #3549, .F. ) ;
#6957 = DIRECTION ( 'NONE',  ( 1.000000000000000000, 0.000000000000000000, 0.000000000000000000 ) ) ;
#6958 = FACE_OUTER_BOUND ( 'NONE', #4704, .T. ) ;
#6959 = AXIS2_PLACEMENT_3D ( 'NONE', #3099, #2460, #8482 ) ;
#6960 = CIRCLE ( 'NONE', #8544, 0.7500000000000006661 ) ;
#6961 = AXIS2_PLACEMENT_3D ( 'NONE', #2040, #8763, #8124 ) ;
#6962 = EDGE_CURVE ( 'NONE', #492, #4667, #3225, .T. ) ;
#6963 = ORIENTED_EDGE ( 'NONE', *, *, #5873, .F. ) ;
#6964 = EDGE_CURVE ( 'NONE', #7987, #3407, #6469, .T. ) ;
#6965 = LINE ( 'NONE', #8597, #7899 ) ;
#6966 = EDGE_CURVE ( 'NONE', #1768, #2344, #2991, .T. ) ;
#6967 = AXIS2_PLACEMENT_3D ( 'NONE', #8327, #7734, #1607 ) ;
#6968 = CARTESIAN_POINT ( 'NONE',  ( -26.49999999999999645, -8.999999999999996447, 12.00000000000000000 ) ) ;
#6969 = AXIS2_PLACEMENT_3D ( 'NONE', #1090, #999, #351 ) ;
#6970 = DIRECTION ( 'NONE',  ( -0.000000000000000000, -0.000000000000000000, 1.000000000000000000 ) ) ;
#6971 = VERTEX_POINT ( 'NONE', #8704 ) ;
#6972 = CIRCLE ( 'NONE', #4896, 0.7500000000000006661 ) ;
#6974 = ORIENTED_EDGE ( 'NONE', *, *, #7492, .T. ) ;
#6973 = CIRCLE ( 'NONE', #1292, 0.7500000000000006661 ) ;
#6975 = DIRECTION ( 'NONE',  ( 1.000000000000000000, 0.000000000000000000, 0.000000000000000000 ) ) ;
#6976 = ORIENTED_EDGE ( 'NONE', *, *, #1653, .F. ) ;
#6977 = CIRCLE ( 'NONE', #6510, 0.7500000000000006661 ) ;
#6978 = AXIS2_PLACEMENT_3D ( 'NONE', #1380, #8944, #1422 ) ;
#6979 = ORIENTED_EDGE ( 'NONE', *, *, #6465, .T. ) ;
#6980 = DIRECTION ( 'NONE',  ( 1.000000000000000000, 0.000000000000000000, 0.000000000000000000 ) ) ;
#6981 = ORIENTED_EDGE ( 'NONE', *, *, #9349, .F. ) ;
#6982 = EDGE_CURVE ( 'NONE', #9058, #8245, #588, .T. ) ;
#6983 = CARTESIAN_POINT ( 'NONE',  ( -6.249999999999778844, -9.061088502595131544, 0.000000000000000000 ) ) ;
#6984 = ORIENTED_EDGE ( 'NONE', *, *, #3053, .F. ) ;
#6985 = ORIENTED_EDGE ( 'NONE', *, *, #1783, .T. ) ;
#6986 = CARTESIAN_POINT ( 'NONE',  ( 7.749999999999992895, 12.93891149740486668, -3.000000000000000000 ) ) ;
#6987 = CIRCLE ( 'NONE', #9344, 0.7500000000000004441 ) ;
#6988 = AXIS2_PLACEMENT_3D ( 'NONE', #231, #8443, #9269 ) ;
#6989 = LINE ( 'NONE', #208, #6658 ) ;
#6990 = EDGE_CURVE ( 'NONE', #8999, #3072, #9766, .T. ) ;
#6991 = CARTESIAN_POINT ( 'NONE',  ( -11.74999999999977796, -9.061088502595131544, 0.000000000000000000 ) ) ;
#6992 = VERTEX_POINT ( 'NONE', #8757 ) ;
#6993 = CIRCLE ( 'NONE', #9190, 0.7500000000000006661 ) ;
#6994 = EDGE_LOOP ( 'NONE', ( #299, #1, #3761, #1331 ) ) ;
#6995 = FACE_BOUND ( 'NONE', #2500, .T. ) ;
#6996 = AXIS2_PLACEMENT_3D ( 'NONE', #5454, #1818, #7806 ) ;
#6997 = VERTEX_POINT ( 'NONE', #7371 ) ;
#6998 = FACE_BOUND ( 'NONE', #6545, .T. ) ;
#6999 = VECTOR ( 'NONE', #948, 1000.000000000000000 ) ;
#7000 = CARTESIAN_POINT ( 'NONE',  ( 12.00000000000003553, 8.938911497404866680, -3.000000000000000000 ) ) ;
#7001 = CARTESIAN_POINT ( 'NONE',  ( 12.00000000000022204, -9.061088502595131544, 1.000000000000000000 ) ) ;
#7002 = AXIS2_PLACEMENT_3D ( 'NONE', #1252, #3477, #4898 ) ;
#7003 = LINE ( 'NONE', #7882, #1182 ) ;
#7004 = EDGE_CURVE ( 'NONE', #9209, #4923, #6633, .T. ) ;
#7005 = CARTESIAN_POINT ( 'NONE',  ( 1.500000000000055067, 6.938911497404866680, 0.000000000000000000 ) ) ;
#7006 = CARTESIAN_POINT ( 'NONE',  ( -6.249999999999966249, 8.938911497404866680, 0.000000000000000000 ) ) ;
#7007 = CIRCLE ( 'NONE', #1794, 0.7500000000000006661 ) ;
#7008 = VERTEX_POINT ( 'NONE', #8656 ) ;
#7009 = ORIENTED_EDGE ( 'NONE', *, *, #5907, .F. ) ;
#7010 = LINE ( 'NONE', #3295, #2536 ) ;
#7011 = LINE ( 'NONE', #6301, #2031 ) ;
#7012 = DIRECTION ( 'NONE',  ( -0.000000000000000000, -0.000000000000000000, 1.000000000000000000 ) ) ;
#7013 = CARTESIAN_POINT ( 'NONE',  ( 5.749999999999994671, 12.93891149740486668, -3.000000000000000000 ) ) ;
#7014 = ORIENTED_EDGE ( 'NONE', *, *, #8111, .F. ) ;
#7015 = FACE_OUTER_BOUND ( 'NONE', #9090, .T. ) ;
#7016 = CARTESIAN_POINT ( 'NONE',  ( 12.75000000000014033, -1.061088502595133765, -3.000000000000000000 ) ) ;
#7017 = EDGE_CURVE ( 'NONE', #8471, #546, #8047, .T. ) ;
#7018 = EDGE_CURVE ( 'NONE', #7, #6326, #5627, .T. ) ;
#7019 = LINE ( 'NONE', #2467, #5355 ) ;
#7020 = VECTOR ( 'NONE', #8264, 1000.000000000000000 ) ;
#7021 = VERTEX_POINT ( 'NONE', #1880 ) ;
#7022 = CYLINDRICAL_SURFACE ( 'NONE', #312, 0.7500000000000006661 ) ;
#7023 = EDGE_LOOP ( 'NONE', ( #1002, #7657, #1133, #195 ) ) ;
#7024 = CARTESIAN_POINT ( 'NONE',  ( -12.49999999999994493, 6.938911497404866680, 0.000000000000000000 ) ) ;
#7025 = LINE ( 'NONE', #3263, #6664 ) ;
#7026 = ORIENTED_EDGE ( 'NONE', *, *, #7811, .T. ) ;
#7027 = VECTOR ( 'NONE', #1465, 1000.000000000000000 ) ;
#7028 = VERTEX_POINT ( 'NONE', #1237 ) ;
#7029 = DIRECTION ( 'NONE',  ( 1.000000000000000000, 0.000000000000000000, 0.000000000000000000 ) ) ;
#7030 = EDGE_LOOP ( 'NONE', ( #7727, #918, #1631, #2800 ) ) ;
#7031 = ORIENTED_EDGE ( 'NONE', *, *, #2908, .F. ) ;
#7032 = CARTESIAN_POINT ( 'NONE',  ( -8.999999999999779732, -9.061088502595131544, -3.000000000000000000 ) ) ;
#7033 = ORIENTED_EDGE ( 'NONE', *, *, #5843, .T. ) ;
#7034 = DIRECTION ( 'NONE',  ( -1.000000000000000000, -0.000000000000000000, -0.000000000000000000 ) ) ;
#7035 = VERTEX_POINT ( 'NONE', #9543 ) ;
#7036 = ORIENTED_EDGE ( 'NONE', *, *, #9060, .T. ) ;
#7037 = CARTESIAN_POINT ( 'NONE',  ( -11.75000000000000711, 12.93891149740486668, -3.000000000000000000 ) ) ;
#7038 = DIRECTION ( 'NONE',  ( 1.000000000000000000, 0.000000000000000000, 0.000000000000000000 ) ) ;
#7039 = DIRECTION ( 'NONE',  ( 0.000000000000000000, -0.000000000000000000, -1.000000000000000000 ) ) ;
#7040 = ORIENTED_EDGE ( 'NONE', *, *, #5013, .T. ) ;
#7041 = ADVANCED_FACE ( 'NONE', ( #2033 ), #2084, .F. ) ;
#7042 = EDGE_CURVE ( 'NONE', #287, #955, #4709, .T. ) ;
#7043 = ORIENTED_EDGE ( 'NONE', *, *, #1230, .F. ) ;
#7044 = FACE_BOUND ( 'NONE', #6043, .T. ) ;
#7045 = ORIENTED_EDGE ( 'NONE', *, *, #5927, .T. ) ;
#7046 = FACE_BOUND ( 'NONE', #6213, .T. ) ;
#7047 = DIRECTION ( 'NONE',  ( 1.000000000000000000, 0.000000000000000000, 0.000000000000000000 ) ) ;
#7048 = DIRECTION ( 'NONE',  ( 1.000000000000000000, 0.000000000000000000, 0.000000000000000000 ) ) ;
#7049 = CARTESIAN_POINT ( 'NONE',  ( 8.500000000000056843, 6.938911497404866680, 1.000000000000000000 ) ) ;
#7050 = CARTESIAN_POINT ( 'NONE',  ( 11.25000000000017941, -5.061088502595135985, -3.000000000000000000 ) ) ;
#7051 = DIRECTION ( 'NONE',  ( 1.000000000000000000, 0.000000000000000000, 0.000000000000000000 ) ) ;
#7052 = ORIENTED_EDGE ( 'NONE', *, *, #3908, .T. ) ;
#7053 = CARTESIAN_POINT ( 'NONE',  ( -6.249999999999966249, 8.938911497404866680, -3.000000000000000000 ) ) ;
#7054 = EDGE_CURVE ( 'NONE', #275, #4138, #625, .T. ) ;
#7055 = ORIENTED_EDGE ( 'NONE', *, *, #1320, .T. ) ;
#7056 = CARTESIAN_POINT ( 'NONE',  ( 0.000000000000000000, 0.000000000000000000, 12.00000000000000000 ) ) ;
#7057 = DIRECTION ( 'NONE',  ( 0.000000000000000000, 1.000000000000000000, 0.000000000000000000 ) ) ;
#7058 = FACE_OUTER_BOUND ( 'NONE', #5226, .T. ) ;
#7059 = DIRECTION ( 'NONE',  ( 1.000000000000000000, 0.000000000000000000, 0.000000000000000000 ) ) ;
#7060 = EDGE_LOOP ( 'NONE', ( #6507, #4236 ) ) ;
#7061 = DIRECTION ( 'NONE',  ( -0.000000000000000000, -0.000000000000000000, -1.000000000000000000 ) ) ;
#7062 = CARTESIAN_POINT ( 'NONE',  ( -8.249999999999820588, -5.061088502595135985, 0.000000000000000000 ) ) ;
#7063 = CARTESIAN_POINT ( 'NONE',  ( -6.249999999999945821, 6.938911497404866680, 0.000000000000000000 ) ) ;
#7064 = EDGE_CURVE ( 'NONE', #6450, #1063, #6304, .T. ) ;
#7065 = EDGE_CURVE ( 'NONE', #8132, #84, #8361, .T. ) ;
#7066 = VERTEX_POINT ( 'NONE', #8059 ) ;
#7067 = DIRECTION ( 'NONE',  ( 1.000000000000000000, 0.000000000000000000, 0.000000000000000000 ) ) ;
#7068 = ORIENTED_EDGE ( 'NONE', *, *, #898, .T. ) ;
#7069 = DIRECTION ( 'NONE',  ( 1.000000000000000000, 0.000000000000000000, 0.000000000000000000 ) ) ;
#7070 = DIRECTION ( 'NONE',  ( -0.000000000000000000, -0.000000000000000000, 1.000000000000000000 ) ) ;
#7071 = VERTEX_POINT ( 'NONE', #1990 ) ;
#7072 = VERTEX_POINT ( 'NONE', #2823 ) ;
#7073 = CYLINDRICAL_SURFACE ( 'NONE', #8707, 0.7500000000000006661 ) ;
#7074 = EDGE_CURVE ( 'NONE', #1419, #7889, #1193, .T. ) ;
#7075 = LINE ( 'NONE', #295, #4873 ) ;
#7076 = EDGE_LOOP ( 'NONE', ( #5317, #9618 ) ) ;
#7077 = FACE_OUTER_BOUND ( 'NONE', #5637, .T. ) ;
#7078 = EDGE_LOOP ( 'NONE', ( #3953, #8320, #9425, #899 ) ) ;
#7079 = VERTEX_POINT ( 'NONE', #1289 ) ;
#7080 = LINE ( 'NONE', #1003, #1483 ) ;
#7081 = DIRECTION ( 'NONE',  ( 0.000000000000000000, -0.000000000000000000, -1.000000000000000000 ) ) ;
#7082 = AXIS2_PLACEMENT_3D ( 'NONE', #6457, #1262, #1172 ) ;
#7083 = EDGE_LOOP ( 'NONE', ( #2241, #1350, #494, #6902 ) ) ;
#7084 = FACE_BOUND ( 'NONE', #2951, .T. ) ;
#7085 = ADVANCED_FACE ( 'NONE', ( #6432 ), #493, .F. ) ;
#7086 = ORIENTED_EDGE ( 'NONE', *, *, #6858, .T. ) ;
#7087 = AXIS2_PLACEMENT_3D ( 'NONE', #6849, #1509, #616 ) ;
#7088 = EDGE_CURVE ( 'NONE', #1643, #5264, #145, .T. ) ;
#7089 = FACE_BOUND ( 'NONE', #204, .T. ) ;
#7090 = ADVANCED_FACE ( 'NONE', ( #3559 ), #9439, .F. ) ;
#7091 = CYLINDRICAL_SURFACE ( 'NONE', #3115, 0.7500000000000006661 ) ;
#7092 = DIRECTION ( 'NONE',  ( 1.000000000000000000, 0.000000000000000000, 0.000000000000000000 ) ) ;
#7093 = CYLINDRICAL_SURFACE ( 'NONE', #8067, 0.7500000000000006661 ) ;
#7094 = DIRECTION ( 'NONE',  ( -0.000000000000000000, -0.000000000000000000, 1.000000000000000000 ) ) ;
#7095 = DIRECTION ( 'NONE',  ( 1.000000000000000000, 0.000000000000000000, 0.000000000000000000 ) ) ;
#7096 = AXIS2_PLACEMENT_3D ( 'NONE', #7717, #4003, #8411 ) ;
#7097 = VERTEX_POINT ( 'NONE', #2735 ) ;
#7098 = VERTEX_POINT ( 'NONE', #5731 ) ;
#7099 = FACE_OUTER_BOUND ( 'NONE', #7700, .T. ) ;
#7100 = ORIENTED_EDGE ( 'NONE', *, *, #2122, .F. ) ;
#7101 = CYLINDRICAL_SURFACE ( 'NONE', #4895, 0.7500000000000006661 ) ;
#7102 = LINE ( 'NONE', #3201, #5320 ) ;
#7103 = CARTESIAN_POINT ( 'NONE',  ( -9.749999999999738876, -13.06108850259513510, -3.000000000000000000 ) ) ;
#7104 = CARTESIAN_POINT ( 'NONE',  ( -18.50000000000000355, 12.93891149740487023, 1.000000000000000000 ) ) ;
#7105 = AXIS2_PLACEMENT_3D ( 'NONE', #7271, #6387, #8012 ) ;
#7106 = ORIENTED_EDGE ( 'NONE', *, *, #7995, .T. ) ;
#7107 = DIRECTION ( 'NONE',  ( 0.000000000000000000, -0.000000000000000000, -1.000000000000000000 ) ) ;
#7108 = CARTESIAN_POINT ( 'NONE',  ( -4.749999999999985789, 10.93891149740486668, 0.000000000000000000 ) ) ;
#7109 = DIRECTION ( 'NONE',  ( 1.000000000000000000, 0.000000000000000000, 0.000000000000000000 ) ) ;
#7110 = EDGE_CURVE ( 'NONE', #1471, #7570, #1573, .T. ) ;
#7111 = AXIS2_PLACEMENT_3D ( 'NONE', #6264, #5359, #9277 ) ;
#7112 = DIRECTION ( 'NONE',  ( -0.000000000000000000, 0.000000000000000000, 1.000000000000000000 ) ) ;
#7113 = ORIENTED_EDGE ( 'NONE', *, *, #8007, .T. ) ;
#7114 = CARTESIAN_POINT ( 'NONE',  ( -30.49999999999999645, -8.999999999999996447, 2.000000000000000000 ) ) ;
#7115 = CARTESIAN_POINT ( 'NONE',  ( -19.99999999999999645, -15.00000000000000000, 2.000000000000000000 ) ) ;
#7116 = ORIENTED_EDGE ( 'NONE', *, *, #8479, .T. ) ;
#7117 = ORIENTED_EDGE ( 'NONE', *, *, #7309, .F. ) ;
#7118 = AXIS2_PLACEMENT_3D ( 'NONE', #4659, #6254, #1764 ) ;
#7119 = CIRCLE ( 'NONE', #2385, 0.7500000000000006661 ) ;
#7120 = CYLINDRICAL_SURFACE ( 'NONE', #496, 0.7500000000000006661 ) ;
#7121 = ADVANCED_FACE ( 'NONE', ( #3696 ), #1484, .F. ) ;
#7122 = AXIS2_PLACEMENT_3D ( 'NONE', #5747, #4311, #1208 ) ;
#7123 = VERTEX_POINT ( 'NONE', #9089 ) ;
#7124 = VECTOR ( 'NONE', #8681, 1000.000000000000000 ) ;
#7125 = CIRCLE ( 'NONE', #4112, 0.7500000000000006661 ) ;
#7126 = ORIENTED_EDGE ( 'NONE', *, *, #1568, .T. ) ;
#7127 = FACE_OUTER_BOUND ( 'NONE', #1943, .T. ) ;
#7128 = ORIENTED_EDGE ( 'NONE', *, *, #8735, .T. ) ;
#7129 = CARTESIAN_POINT ( 'NONE',  ( -5.499999999999819700, -5.061088502595135985, 0.000000000000000000 ) ) ;
#7130 = EDGE_LOOP ( 'NONE', ( #2792, #966 ) ) ;
#7131 = VERTEX_POINT ( 'NONE', #5962 ) ;
#7132 = DIRECTION ( 'NONE',  ( 0.000000000000000000, -0.000000000000000000, -1.000000000000000000 ) ) ;
#7133 = DIRECTION ( 'NONE',  ( -1.000000000000000000, 0.000000000000000000, -0.000000000000000000 ) ) ;
#7134 = CIRCLE ( 'NONE', #490, 0.7500000000000006661 ) ;
#7135 = EDGE_CURVE ( 'NONE', #4526, #287, #4572, .T. ) ;
#7136 = AXIS2_PLACEMENT_3D ( 'NONE', #2372, #6070, #1384 ) ;
#7137 = EDGE_CURVE ( 'NONE', #3438, #9651, #2960, .T. ) ;
#7138 = ADVANCED_FACE ( 'NONE', ( #7615 ), #5218, .F. ) ;
#7139 = AXIS2_PLACEMENT_3D ( 'NONE', #3216, #1136, #6223 ) ;
#7140 = CIRCLE ( 'NONE', #4279, 0.7500000000000006661 ) ;
#7141 = ORIENTED_EDGE ( 'NONE', *, *, #291, .T. ) ;
#7142 = FACE_BOUND ( 'NONE', #7060, .T. ) ;
#7143 = EDGE_LOOP ( 'NONE', ( #6740, #4008, #876, #6229 ) ) ;
#7144 = AXIS2_PLACEMENT_3D ( 'NONE', #729, #1417, #9759 ) ;
#7145 = VECTOR ( 'NONE', #3253, 1000.000000000000000 ) ;
#7146 = DIRECTION ( 'NONE',  ( 1.000000000000000000, 0.000000000000000000, 0.000000000000000000 ) ) ;
#7147 = LINE ( 'NONE', #365, #1953 ) ;
#7148 = DIRECTION ( 'NONE',  ( -0.000000000000000000, -0.000000000000000000, 1.000000000000000000 ) ) ;
#7149 = CYLINDRICAL_SURFACE ( 'NONE', #8410, 0.7500000000000006661 ) ;
#7150 = AXIS2_PLACEMENT_3D ( 'NONE', #3766, #1466, #4409 ) ;
#7151 = CYLINDRICAL_SURFACE ( 'NONE', #2242, 0.7500000000000006661 ) ;
#7152 = ORIENTED_EDGE ( 'NONE', *, *, #5402, .F. ) ;
#7153 = EDGE_CURVE ( 'NONE', #8936, #2590, #2324, .T. ) ;
#7154 = ORIENTED_EDGE ( 'NONE', *, *, #8927, .F. ) ;
#7155 = AXIS2_PLACEMENT_3D ( 'NONE', #1219, #4174, #6516 ) ;
#7156 = FACE_OUTER_BOUND ( 'NONE', #2418, .T. ) ;
#7157 = VERTEX_POINT ( 'NONE', #7514 ) ;
#7158 = DIRECTION ( 'NONE',  ( -0.000000000000000000, -0.000000000000000000, 1.000000000000000000 ) ) ;
#7159 = CIRCLE ( 'NONE', #7947, 0.7500000000000006661 ) ;
#7160 = CARTESIAN_POINT ( 'NONE',  ( 12.00000000000003553, 8.938911497404866680, 1.000000000000000000 ) ) ;
#7161 = DIRECTION ( 'NONE',  ( 1.000000000000000000, 0.000000000000000000, 0.000000000000000000 ) ) ;
#7162 = CARTESIAN_POINT ( 'NONE',  ( 1.500000000000055067, 6.938911497404866680, 0.000000000000000000 ) ) ;
#7163 = ORIENTED_EDGE ( 'NONE', *, *, #7580, .T. ) ;
#7164 = AXIS2_PLACEMENT_3D ( 'NONE', #7343, #9454, #8670 ) ;
#7165 = DIRECTION ( 'NONE',  ( -0.000000000000000000, -0.000000000000000000, 1.000000000000000000 ) ) ;
#7166 = CARTESIAN_POINT ( 'NONE',  ( -2.749999999999965805, 8.938911497404866680, 1.000000000000000000 ) ) ;
#7167 = DIRECTION ( 'NONE',  ( 1.000000000000000000, 0.000000000000000000, 0.000000000000000000 ) ) ;
#7168 = EDGE_CURVE ( 'NONE', #4901, #2473, #2523, .T. ) ;
#7169 = AXIS2_PLACEMENT_3D ( 'NONE', #7412, #6676, #2276 ) ;
#7170 = EDGE_CURVE ( 'NONE', #4147, #4414, #2685, .T. ) ;
#7171 = CIRCLE ( 'NONE', #3056, 0.7500000000000006661 ) ;
#7172 = VERTEX_POINT ( 'NONE', #6020 ) ;
#7173 = DIRECTION ( 'NONE',  ( -1.000000000000000000, 0.000000000000000000, 0.000000000000000000 ) ) ;
#7174 = ORIENTED_EDGE ( 'NONE', *, *, #666, .F. ) ;
#7175 = DIRECTION ( 'NONE',  ( 1.000000000000000000, 0.000000000000000000, 0.000000000000000000 ) ) ;
#7176 = AXIS2_PLACEMENT_3D ( 'NONE', #9124, #6155, #4565 ) ;
#7177 = DIRECTION ( 'NONE',  ( 0.000000000000000000, -0.000000000000000000, -1.000000000000000000 ) ) ;
#7178 = EDGE_LOOP ( 'NONE', ( #7418, #593, #7367, #2982 ) ) ;
#7179 = FACE_OUTER_BOUND ( 'NONE', #5697, .T. ) ;
#7180 = DIRECTION ( 'NONE',  ( 0.000000000000000000, -0.000000000000000000, -1.000000000000000000 ) ) ;
#7181 = APPLICATION_PROTOCOL_DEFINITION ( 'draft international standard', 'automotive_design', 1998, #1689 ) ;
#7182 = VERTEX_POINT ( 'NONE', #9723 ) ;
#7183 = DIRECTION ( 'NONE',  ( 1.000000000000000000, 0.000000000000000000, 0.000000000000000000 ) ) ;
#7184 = ORIENTED_EDGE ( 'NONE', *, *, #7480, .F. ) ;
#7185 = VECTOR ( 'NONE', #8487, 1000.000000000000000 ) ;
#7186 = EDGE_CURVE ( 'NONE', #6429, #1419, #9459, .T. ) ;
#7187 = LINE ( 'NONE', #2737, #7292 ) ;
#7188 = EDGE_CURVE ( 'NONE', #5924, #4579, #2281, .T. ) ;
#7189 = VERTEX_POINT ( 'NONE', #5271 ) ;
#7190 = ORIENTED_EDGE ( 'NONE', *, *, #4967, .T. ) ;
#7191 = LINE ( 'NONE', #7869, #9376 ) ;
#7192 = DIRECTION ( 'NONE',  ( -0.000000000000000000, -0.000000000000000000, 1.000000000000000000 ) ) ;
#7193 = EDGE_LOOP ( 'NONE', ( #8954, #1697, #2637, #9700 ) ) ;
#7194 = DIRECTION ( 'NONE',  ( 1.000000000000000000, 0.000000000000000000, 0.000000000000000000 ) ) ;
#7195 = ADVANCED_FACE ( 'NONE', ( #5313 ), #8303, .F. ) ;
#7196 = EDGE_CURVE ( 'NONE', #2884, #1168, #3788, .T. ) ;
#7197 = VERTEX_POINT ( 'NONE', #5164 ) ;
#7198 = EDGE_CURVE ( 'NONE', #6872, #4200, #2922, .T. ) ;
#7199 = CARTESIAN_POINT ( 'NONE',  ( -19.99999999999999645, -15.00000000000000000, 1.000000000000000000 ) ) ;
#7200 = CARTESIAN_POINT ( 'NONE',  ( 1.500000000000180078, -5.061088502595135985, 0.000000000000000000 ) ) ;
#7201 = DIRECTION ( 'NONE',  ( 0.000000000000000000, -0.000000000000000000, -1.000000000000000000 ) ) ;
#7202 = FACE_OUTER_BOUND ( 'NONE', #7143, .T. ) ;
#7203 = CARTESIAN_POINT ( 'NONE',  ( 28.49999999999999645, 10.99999999999999822, 12.00000000000000000 ) ) ;
#7204 = ORIENTED_EDGE ( 'NONE', *, *, #7913, .F. ) ;
#7205 = EDGE_LOOP ( 'NONE', ( #928, #427 ) ) ;
#7206 = CARTESIAN_POINT ( 'NONE',  ( -2.000000000000007105, 12.93891149740486668, 1.000000000000000000 ) ) ;
#7207 = EDGE_CURVE ( 'NONE', #1215, #7919, #6067, .T. ) ;
#7208 = ORIENTED_EDGE ( 'NONE', *, *, #112, .F. ) ;
#7209 = LINE ( 'NONE', #4855, #5213 ) ;
#7210 = DIRECTION ( 'NONE',  ( -0.000000000000000000, -0.000000000000000000, 1.000000000000000000 ) ) ;
#7211 = DIRECTION ( 'NONE',  ( -0.000000000000000000, -0.000000000000000000, 1.000000000000000000 ) ) ;
#7212 = DIRECTION ( 'NONE',  ( 1.000000000000000000, 0.000000000000000000, 0.000000000000000000 ) ) ;
#7213 = ORIENTED_EDGE ( 'NONE', *, *, #5614, .T. ) ;
#7214 = LINE ( 'NONE', #1221, #9545 ) ;
#7215 = DIRECTION ( 'NONE',  ( 1.000000000000000000, 0.000000000000000000, 0.000000000000000000 ) ) ;
#7216 = LINE ( 'NONE', #8742, #14 ) ;
#7217 = ORIENTED_EDGE ( 'NONE', *, *, #134, .T. ) ;
#7218 = DIRECTION ( 'NONE',  ( 1.000000000000000000, 0.000000000000000000, 0.000000000000000000 ) ) ;
#7219 = DIRECTION ( 'NONE',  ( -0.000000000000000000, 0.000000000000000000, 1.000000000000000000 ) ) ;
#7220 = CYLINDRICAL_SURFACE ( 'NONE', #9503, 0.7500000000000006661 ) ;
#7221 = EDGE_CURVE ( 'NONE', #2590, #5455, #4429, .T. ) ;
#7222 = ORIENTED_EDGE ( 'NONE', *, *, #9387, .T. ) ;
#7223 = EDGE_CURVE ( 'NONE', #5455, #8086, #3648, .T. ) ;
#7224 = CARTESIAN_POINT ( 'NONE',  ( 8.500000000000014211, 10.93891149740486668, 1.000000000000000000 ) ) ;
#7225 = DIRECTION ( 'NONE',  ( 0.000000000000000000, -0.000000000000000000, -1.000000000000000000 ) ) ;
#7226 = DIRECTION ( 'NONE',  ( 1.000000000000000000, 0.000000000000000000, 0.000000000000000000 ) ) ;
#7227 = ORIENTED_EDGE ( 'NONE', *, *, #7168, .T. ) ;
#7228 = DIRECTION ( 'NONE',  ( 1.000000000000000000, 0.000000000000000000, 0.000000000000000000 ) ) ;
#7229 = ORIENTED_EDGE ( 'NONE', *, *, #440, .T. ) ;
#7230 = CARTESIAN_POINT ( 'NONE',  ( 5.000000000000097700, 2.938911497404866235, -3.000000000000000000 ) ) ;
#7231 = VECTOR ( 'NONE', #2794, 1000.000000000000000 ) ;
#7232 = ORIENTED_EDGE ( 'NONE', *, *, #5541, .T. ) ;
#7233 = ORIENTED_EDGE ( 'NONE', *, *, #6524, .F. ) ;
#7234 = DIRECTION ( 'NONE',  ( -0.000000000000000000, -0.000000000000000000, 1.000000000000000000 ) ) ;
#7235 = DIRECTION ( 'NONE',  ( 0.000000000000000000, -0.000000000000000000, -1.000000000000000000 ) ) ;
#7236 = EDGE_CURVE ( 'NONE', #1885, #6626, #153, .T. ) ;
#7237 = VERTEX_POINT ( 'NONE', #5418 ) ;
#7238 = DIRECTION ( 'NONE',  ( 0.000000000000000000, -0.000000000000000000, -1.000000000000000000 ) ) ;
#7239 = DIRECTION ( 'NONE',  ( -0.000000000000000000, 0.000000000000000000, 1.000000000000000000 ) ) ;
#7240 = DIRECTION ( 'NONE',  ( -0.000000000000000000, 0.000000000000000000, 1.000000000000000000 ) ) ;
#7241 = VECTOR ( 'NONE', #7210, 1000.000000000000000 ) ;
#7242 = CARTESIAN_POINT ( 'NONE',  ( 0.7500000000002420286, -11.06108850259513332, -3.000000000000000000 ) ) ;
#7243 = CARTESIAN_POINT ( 'NONE',  ( 12.00000000000011902, 0.9389114974048661244, 0.000000000000000000 ) ) ;
#7244 = ORIENTED_EDGE ( 'NONE', *, *, #6592, .F. ) ;
#7245 = LINE ( 'NONE', #3434, #6170 ) ;
#7246 = ADVANCED_FACE ( 'NONE', ( #6163 ), #9333, .F. ) ;
#7247 = ORIENTED_EDGE ( 'NONE', *, *, #6331, .T. ) ;
#7248 = FACE_BOUND ( 'NONE', #1951, .T. ) ;
#7249 = ORIENTED_EDGE ( 'NONE', *, *, #6897, .T. ) ;
#7250 = DIRECTION ( 'NONE',  ( 0.000000000000000000, -0.000000000000000000, -1.000000000000000000 ) ) ;
#7251 = DIRECTION ( 'NONE',  ( 1.000000000000000000, 4.336808689942017736E-16, 0.000000000000000000 ) ) ;
#7252 = CARTESIAN_POINT ( 'NONE',  ( -12.49999999999998757, 10.93891149740486668, 1.000000000000000000 ) ) ;
#7253 = CYLINDRICAL_SURFACE ( 'NONE', #836, 0.7500000000000006661 ) ;
#7254 = ORIENTED_EDGE ( 'NONE', *, *, #875, .T. ) ;
#7255 = CARTESIAN_POINT ( 'NONE',  ( -30.49999999999999645, -12.99999999999999645, 2.000000000000000000 ) ) ;
#7256 = DIRECTION ( 'NONE',  ( -0.000000000000000000, -0.000000000000000000, 1.000000000000000000 ) ) ;
#7257 = AXIS2_PLACEMENT_3D ( 'NONE', #4888, #409, #8914 ) ;
#7258 = CYLINDRICAL_SURFACE ( 'NONE', #642, 0.7500000000000006661 ) ;
#7259 = ADVANCED_FACE ( 'NONE', ( #1673 ), #1720, .F. ) ;
#7260 = VERTEX_POINT ( 'NONE', #2424 ) ;
#7261 = VECTOR ( 'NONE', #8348, 1000.000000000000000 ) ;
#7262 = CARTESIAN_POINT ( 'NONE',  ( 9.250000000000202505, -7.061088502595134209, -3.000000000000000000 ) ) ;
#7263 = LINE ( 'NONE', #480, #6670 ) ;
#7264 = DIRECTION ( 'NONE',  ( -0.000000000000000000, -0.000000000000000000, -1.000000000000000000 ) ) ;
#7265 = VERTEX_POINT ( 'NONE', #8491 ) ;
#7266 = DIRECTION ( 'NONE',  ( 1.000000000000000000, 0.000000000000000000, 0.000000000000000000 ) ) ;
#7267 = CARTESIAN_POINT ( 'NONE',  ( -13.24999999999988276, 0.9389114974048662354, 0.000000000000000000 ) ) ;
#7268 = CIRCLE ( 'NONE', #5830, 0.7500000000000006661 ) ;
#7269 = EDGE_CURVE ( 'NONE', #8245, #244, #7268, .T. ) ;
#7270 = ORIENTED_EDGE ( 'NONE', *, *, #6639, .T. ) ;
#7271 = CARTESIAN_POINT ( 'NONE',  ( -12.49999999999984190, -3.061088502595133765, 0.000000000000000000 ) ) ;
#7272 = ORIENTED_EDGE ( 'NONE', *, *, #1255, .F. ) ;
#7273 = CARTESIAN_POINT ( 'NONE',  ( -2.749999999999799272, -7.061088502595134209, 1.000000000000000000 ) ) ;
#7274 = CIRCLE ( 'NONE', #3325, 0.7500000000000006661 ) ;
#7275 = FACE_BOUND ( 'NONE', #9220, .T. ) ;
#7276 = ORIENTED_EDGE ( 'NONE', *, *, #8212, .F. ) ;
#7277 = AXIS2_PLACEMENT_3D ( 'NONE', #9486, #4336, #6577 ) ;
#7278 = ORIENTED_EDGE ( 'NONE', *, *, #2379, .T. ) ;
#7279 = DIRECTION ( 'NONE',  ( 1.000000000000000000, 0.000000000000000000, 0.000000000000000000 ) ) ;
#7280 = DIRECTION ( 'NONE',  ( -0.000000000000000000, -0.000000000000000000, 1.000000000000000000 ) ) ;
#7281 = AXIS2_PLACEMENT_3D ( 'NONE', #6792, #9021, #2307 ) ;
#7282 = AXIS2_PLACEMENT_3D ( 'NONE', #7720, #5474, #1685 ) ;
#7283 = EDGE_LOOP ( 'NONE', ( #5820, #4152, #6474, #4547 ) ) ;
#7284 = ORIENTED_EDGE ( 'NONE', *, *, #3104, .F. ) ;
#7285 = EDGE_CURVE ( 'NONE', #8058, #3277, #9623, .T. ) ;
#7286 = VECTOR ( 'NONE', #9052, 1000.000000000000000 ) ;
#7287 = CARTESIAN_POINT ( 'NONE',  ( -5.499999999999986677, 10.93891149740486668, 0.000000000000000000 ) ) ;
#7288 = VECTOR ( 'NONE', #9661, 1000.000000000000000 ) ;
#7289 = EDGE_CURVE ( 'NONE', #707, #80, #5676, .T. ) ;
#7290 = DIRECTION ( 'NONE',  ( -0.000000000000000000, 0.000000000000000000, 1.000000000000000000 ) ) ;
#7291 = DIRECTION ( 'NONE',  ( -0.000000000000000000, -0.000000000000000000, 1.000000000000000000 ) ) ;
#7292 = VECTOR ( 'NONE', #2141, 1000.000000000000000 ) ;
#7293 = AXIS2_PLACEMENT_3D ( 'NONE', #4555, #5298, #2264 ) ;
#7294 = DIRECTION ( 'NONE',  ( -0.000000000000000000, -0.000000000000000000, 1.000000000000000000 ) ) ;
#7295 = LINE ( 'NONE', #2604, #6684 ) ;
#7296 = VECTOR ( 'NONE', #2432, 1000.000000000000000 ) ;
#7297 = ORIENTED_EDGE ( 'NONE', *, *, #835, .T. ) ;
#7298 = VERTEX_POINT ( 'NONE', #4668 ) ;
#7299 = ORIENTED_EDGE ( 'NONE', *, *, #2648, .F. ) ;
#7300 = AXIS2_PLACEMENT_3D ( 'NONE', #4226, #8693, #1926 ) ;
#7301 = FACE_BOUND ( 'NONE', #994, .T. ) ;
#7302 = CIRCLE ( 'NONE', #3032, 0.7500000000000006661 ) ;
#7303 = ORIENTED_EDGE ( 'NONE', *, *, #1141, .T. ) ;
#7304 = DIRECTION ( 'NONE',  ( 1.000000000000000000, 0.000000000000000000, 0.000000000000000000 ) ) ;
#7305 = DIRECTION ( 'NONE',  ( -0.000000000000000000, -0.000000000000000000, 1.000000000000000000 ) ) ;
#7306 = EDGE_CURVE ( 'NONE', #2108, #275, #6965, .T. ) ;
#7307 = CARTESIAN_POINT ( 'NONE',  ( 5.750000000000140332, -1.061088502595133765, 0.000000000000000000 ) ) ;
#7308 = CARTESIAN_POINT ( 'NONE',  ( 12.75000000000026468, -13.06108850259513510, 1.000000000000000000 ) ) ;
#7309 = EDGE_CURVE ( 'NONE', #9724, #3326, #4826, .T. ) ;
#7310 = ORIENTED_EDGE ( 'NONE', *, *, #2106, .T. ) ;
#7311 = CARTESIAN_POINT ( 'NONE',  ( 0.7500000000000962563, 2.938911497404866235, 0.000000000000000000 ) ) ;
#7312 = CARTESIAN_POINT ( 'NONE',  ( -8.249999999999944933, 6.938911497404866680, 1.000000000000000000 ) ) ;
#7313 = DIRECTION ( 'NONE',  ( 1.000000000000000000, 0.000000000000000000, 0.000000000000000000 ) ) ;
#7314 = AXIS2_PLACEMENT_3D ( 'NONE', #6153, #6809, #6863 ) ;
#7315 = AXIS2_PLACEMENT_3D ( 'NONE', #473, #4861, #329 ) ;
#7316 = CARTESIAN_POINT ( 'NONE',  ( 2.250000000000180744, -5.061088502595135985, 0.000000000000000000 ) ) ;
#7317 = AXIS2_PLACEMENT_3D ( 'NONE', #7645, #868, #1463 ) ;
#7318 = EDGE_CURVE ( 'NONE', #9638, #9251, #791, .T. ) ;
#7319 = DIRECTION ( 'NONE',  ( -0.000000000000000000, -0.000000000000000000, 1.000000000000000000 ) ) ;
#7320 = CARTESIAN_POINT ( 'NONE',  ( -12.49999999999990408, 2.938911497404866235, 0.000000000000000000 ) ) ;
#7321 = EDGE_CURVE ( 'NONE', #9068, #2034, #7577, .T. ) ;
#7322 = ORIENTED_EDGE ( 'NONE', *, *, #1155, .F. ) ;
#7323 = EDGE_CURVE ( 'NONE', #4995, #5512, #4246, .T. ) ;
#7324 = DIRECTION ( 'NONE',  ( 1.000000000000000000, 0.000000000000000000, 0.000000000000000000 ) ) ;
#7325 = VECTOR ( 'NONE', #7487, 1000.000000000000000 ) ;
#7326 = CARTESIAN_POINT ( 'NONE',  ( -12.49999999999973710, -13.06108850259513510, 1.000000000000000000 ) ) ;
#7327 = VECTOR ( 'NONE', #7935, 1000.000000000000000 ) ;
#7328 = VERTEX_POINT ( 'NONE', #3884 ) ;
#7329 = AXIS2_PLACEMENT_3D ( 'NONE', #832, #2568, #9324 ) ;
#7330 = DIRECTION ( 'NONE',  ( -0.000000000000000000, 0.000000000000000000, 1.000000000000000000 ) ) ;
#7331 = ORIENTED_EDGE ( 'NONE', *, *, #2674, .T. ) ;
#7332 = DIRECTION ( 'NONE',  ( 1.000000000000000000, 0.000000000000000000, 0.000000000000000000 ) ) ;
#7333 = FACE_BOUND ( 'NONE', #6841, .T. ) ;
#7334 = ORIENTED_EDGE ( 'NONE', *, *, #6591, .T. ) ;
#7335 = AXIS2_PLACEMENT_3D ( 'NONE', #250, #7723, #946 ) ;
#7336 = ORIENTED_EDGE ( 'NONE', *, *, #3820, .T. ) ;
#7337 = CYLINDRICAL_SURFACE ( 'NONE', #5577, 0.7500000000000006661 ) ;
#7338 = FACE_OUTER_BOUND ( 'NONE', #934, .T. ) ;
#7339 = EDGE_LOOP ( 'NONE', ( #8498, #6404 ) ) ;
#7340 = VECTOR ( 'NONE', #2967, 1000.000000000000000 ) ;
#7341 = CARTESIAN_POINT ( 'NONE',  ( -8.999999999999779732, -9.061088502595131544, 0.000000000000000000 ) ) ;
#7342 = CARTESIAN_POINT ( 'NONE',  ( -4.749999999999861444, -1.061088502595133765, 0.000000000000000000 ) ) ;
#7343 = CARTESIAN_POINT ( 'NONE',  ( 28.49999999999999645, -11.00000000000000178, 12.00000000000000000 ) ) ;
#7344 = ADVANCED_FACE ( 'NONE', ( #6871 ), #7022, .F. ) ;
#7345 = ORIENTED_EDGE ( 'NONE', *, *, #3873, .T. ) ;
#7346 = ADVANCED_FACE ( 'NONE', ( #236 ), #189, .F. ) ;
#7347 = CIRCLE ( 'NONE', #1494, 0.7500000000000006661 ) ;
#7348 = CARTESIAN_POINT ( 'NONE',  ( 12.75000000000007638, 4.938911497404866680, -3.000000000000000000 ) ) ;
#7349 = CARTESIAN_POINT ( 'NONE',  ( 0.7500000000000546230, 6.938911497404866680, 0.000000000000000000 ) ) ;
#7350 = VERTEX_POINT ( 'NONE', #5508 ) ;
#7351 = ORIENTED_EDGE ( 'NONE', *, *, #1595, .F. ) ;
#7352 = VERTEX_POINT ( 'NONE', #4625 ) ;
#7353 = CARTESIAN_POINT ( 'NONE',  ( -12.49999999999992362, 4.938911497404866680, -3.000000000000000000 ) ) ;
#7354 = EDGE_LOOP ( 'NONE', ( #171, #1192 ) ) ;
#7355 = CARTESIAN_POINT ( 'NONE',  ( 28.49999999999999645, -11.00000000000000178, 7.000000000000000000 ) ) ;
#7356 = DIRECTION ( 'NONE',  ( 1.000000000000000000, 0.000000000000000000, 0.000000000000000000 ) ) ;
#7357 = CARTESIAN_POINT ( 'NONE',  ( -6.249999999999945821, 6.938911497404866680, -3.000000000000000000 ) ) ;
#7358 = ORIENTED_EDGE ( 'NONE', *, *, #9028, .T. ) ;
#7359 = CYLINDRICAL_SURFACE ( 'NONE', #3076, 0.7500000000000006661 ) ;
#7360 = CYLINDRICAL_SURFACE ( 'NONE', #6351, 0.7500000000000006661 ) ;
#7361 = CARTESIAN_POINT ( 'NONE',  ( 12.74999999999999467, 12.93891149740486668, 0.000000000000000000 ) ) ;
#7363 = EDGE_LOOP ( 'NONE', ( #2304, #6939 ) ) ;
#7362 = EDGE_CURVE ( 'NONE', #1419, #6429, #3318, .T. ) ;
#7364 = LINE ( 'NONE', #2271, #7434 ) ;
#7365 = CYLINDRICAL_SURFACE ( 'NONE', #7612, 0.7500000000000004441 ) ;
#7366 = CARTESIAN_POINT ( 'NONE',  ( 18.49999999999999645, 12.93891149740486846, -3.000000000000000000 ) ) ;
#7367 = ORIENTED_EDGE ( 'NONE', *, *, #7703, .T. ) ;
#7368 = DIRECTION ( 'NONE',  ( -0.000000000000000000, -0.000000000000000000, 1.000000000000000000 ) ) ;
#7369 = CARTESIAN_POINT ( 'NONE',  ( 5.000000000000222933, -9.061088502595131544, 0.000000000000000000 ) ) ;
#7370 = EDGE_CURVE ( 'NONE', #3401, #4086, #9150, .T. ) ;
#7371 = CARTESIAN_POINT ( 'NONE',  ( -8.249999999999861444, -1.061088502595133765, 1.000000000000000000 ) ) ;
#7372 = EDGE_LOOP ( 'NONE', ( #4936, #4167, #8297, #2896 ) ) ;
#7373 = CARTESIAN_POINT ( 'NONE',  ( 5.000000000000264677, -13.06108850259513510, -3.000000000000000000 ) ) ;
#7374 = FACE_BOUND ( 'NONE', #6268, .T. ) ;
#7375 = VERTEX_POINT ( 'NONE', #2515 ) ;
#7376 = EDGE_LOOP ( 'NONE', ( #8496, #3320 ) ) ;
#7377 = DIRECTION ( 'NONE',  ( 0.000000000000000000, -0.000000000000000000, -1.000000000000000000 ) ) ;
#7378 = FACE_OUTER_BOUND ( 'NONE', #8536, .T. ) ;
#7379 = EDGE_CURVE ( 'NONE', #7801, #4557, #1107, .T. ) ;
#7380 = ORIENTED_EDGE ( 'NONE', *, *, #3908, .F. ) ;
#7381 = ORIENTED_EDGE ( 'NONE', *, *, #5873, .T. ) ;
#7382 = AXIS2_PLACEMENT_3D ( 'NONE', #5033, #9594, #8077 ) ;
#7383 = DIRECTION ( 'NONE',  ( -0.000000000000000000, -0.000000000000000000, 1.000000000000000000 ) ) ;
#7384 = CYLINDRICAL_SURFACE ( 'NONE', #9265, 0.7500000000000006661 ) ;
#7385 = DIRECTION ( 'NONE',  ( 1.000000000000000000, 0.000000000000000000, 0.000000000000000000 ) ) ;
#7386 = VERTEX_POINT ( 'NONE', #1036 ) ;
#7387 = DIRECTION ( 'NONE',  ( 1.000000000000000000, 0.000000000000000000, 0.000000000000000000 ) ) ;
#7388 = CARTESIAN_POINT ( 'NONE',  ( 20.00000000000000000, 15.00000000000000178, 1.000000000000000000 ) ) ;
#7389 = ORIENTED_EDGE ( 'NONE', *, *, #3208, .F. ) ;
#7390 = VERTEX_POINT ( 'NONE', #7664 ) ;
#7391 = ORIENTED_EDGE ( 'NONE', *, *, #6674, .T. ) ;
#7392 = EDGE_CURVE ( 'NONE', #1341, #2672, #885, .T. ) ;
#7393 = EDGE_CURVE ( 'NONE', #1866, #4761, #6309, .T. ) ;
#7394 = DIRECTION ( 'NONE',  ( -0.000000000000000000, -0.000000000000000000, 1.000000000000000000 ) ) ;
#7395 = EDGE_CURVE ( 'NONE', #7704, #1021, #1423, .T. ) ;
#7396 = VERTEX_POINT ( 'NONE', #1867 ) ;
#7397 = CARTESIAN_POINT ( 'NONE',  ( -16.50000000000000000, 12.93891149740486668, -3.000000000000000000 ) ) ;
#7398 = DIRECTION ( 'NONE',  ( -0.000000000000000000, 0.000000000000000000, 1.000000000000000000 ) ) ;
#7399 = PLANE ( 'NONE',  #7819 ) ;
#7400 = DIRECTION ( 'NONE',  ( 1.000000000000000000, 0.000000000000000000, 0.000000000000000000 ) ) ;
#7401 = CARTESIAN_POINT ( 'NONE',  ( 12.75000000000001421, 10.93891149740486668, -3.000000000000000000 ) ) ;
#7402 = CIRCLE ( 'NONE', #3904, 0.7500000000000006661 ) ;
#7403 = ORIENTED_EDGE ( 'NONE', *, *, #1479, .F. ) ;
#7404 = EDGE_CURVE ( 'NONE', #610, #7328, #4969, .T. ) ;
#7405 = CARTESIAN_POINT ( 'NONE',  ( 1.500000000000055067, 6.938911497404866680, -3.000000000000000000 ) ) ;
#7406 = ORIENTED_EDGE ( 'NONE', *, *, #7323, .T. ) ;
#7407 = CARTESIAN_POINT ( 'NONE',  ( -9.749999999999884537, 0.9389114974048662354, 0.000000000000000000 ) ) ;
#7408 = FACE_OUTER_BOUND ( 'NONE', #1157, .T. ) ;
#7409 = VECTOR ( 'NONE', #1905, 1000.000000000000000 ) ;
#7410 = EDGE_LOOP ( 'NONE', ( #7213, #8774 ) ) ;
#7411 = EDGE_CURVE ( 'NONE', #2253, #5132, #5343, .T. ) ;
#7412 = CARTESIAN_POINT ( 'NONE',  ( 5.000000000000119016, 0.9389114974048661244, 0.000000000000000000 ) ) ;
#7413 = DIRECTION ( 'NONE',  ( -0.000000000000000000, 0.000000000000000000, 1.000000000000000000 ) ) ;
#7414 = DIRECTION ( 'NONE',  ( -0.000000000000000000, -0.000000000000000000, 1.000000000000000000 ) ) ;
#7415 = EDGE_LOOP ( 'NONE', ( #3197, #9442, #7154, #2110 ) ) ;
#7416 = CYLINDRICAL_SURFACE ( 'NONE', #2557, 0.7500000000000004441 ) ;
#7417 = FACE_BOUND ( 'NONE', #3265, .T. ) ;
#7418 = ORIENTED_EDGE ( 'NONE', *, *, #5186, .F. ) ;
#7419 = EDGE_CURVE ( 'NONE', #630, #1238, #8209, .T. ) ;
#7420 = ORIENTED_EDGE ( 'NONE', *, *, #2503, .F. ) ;
#7421 = CARTESIAN_POINT ( 'NONE',  ( -9.000000000000007105, 12.93891149740486668, 1.000000000000000000 ) ) ;
#7422 = AXIS2_PLACEMENT_3D ( 'NONE', #9140, #4833, #996 ) ;
#7423 = CARTESIAN_POINT ( 'NONE',  ( -9.750000000000008882, 12.93891149740486668, -3.000000000000000000 ) ) ;
#7424 = VERTEX_POINT ( 'NONE', #3450 ) ;
#7425 = CIRCLE ( 'NONE', #8215, 0.7500000000000006661 ) ;
#7426 = DIRECTION ( 'NONE',  ( -0.000000000000000000, 0.000000000000000000, 1.000000000000000000 ) ) ;
#7427 = AXIS2_PLACEMENT_3D ( 'NONE', #4481, #9085, #5958 ) ;
#7428 = AXIS2_PLACEMENT_3D ( 'NONE', #4542, #8364, #2298 ) ;
#7429 = EDGE_CURVE ( 'NONE', #7907, #2594, #4137, .T. ) ;
#7430 = LINE ( 'NONE', #8274, #7636 ) ;
#7431 = EDGE_CURVE ( 'NONE', #7028, #2689, #5764, .T. ) ;
#7432 = DIRECTION ( 'NONE',  ( 1.000000000000000000, 0.000000000000000000, 0.000000000000000000 ) ) ;
#7433 = DIRECTION ( 'NONE',  ( 1.000000000000000000, 0.000000000000000000, 0.000000000000000000 ) ) ;
#7434 = VECTOR ( 'NONE', #7545, 1000.000000000000000 ) ;
#7435 = VERTEX_POINT ( 'NONE', #479 ) ;
#7436 = ORIENTED_EDGE ( 'NONE', *, *, #7018, .F. ) ;
#7437 = AXIS2_PLACEMENT_3D ( 'NONE', #5806, #2771, #430 ) ;
#7438 = VECTOR ( 'NONE', #105, 1000.000000000000000 ) ;
#7439 = EDGE_LOOP ( 'NONE', ( #2388, #4830 ) ) ;
#7440 = VERTEX_POINT ( 'NONE', #5809 ) ;
#7441 = FACE_BOUND ( 'NONE', #2682, .T. ) ;
#7442 = AXIS2_PLACEMENT_3D ( 'NONE', #816, #3135, #2495 ) ;
#7443 = VERTEX_POINT ( 'NONE', #4225 ) ;
#7444 = AXIS2_PLACEMENT_3D ( 'NONE', #6, #3078, #2972 ) ;
#7445 = CARTESIAN_POINT ( 'NONE',  ( -8.999999999999882760, 0.9389114974048661244, -3.000000000000000000 ) ) ;
#7446 = VECTOR ( 'NONE', #138, 1000.000000000000000 ) ;
#7447 = CARTESIAN_POINT ( 'NONE',  ( 7.750000000000222045, -9.061088502595131544, 1.000000000000000000 ) ) ;
#7448 = CARTESIAN_POINT ( 'NONE',  ( 30.50000000000000711, 13.00000000000000178, 12.00000000000000000 ) ) ;
#7449 = LINE ( 'NONE', #2262, #3237 ) ;
#7450 = LINE ( 'NONE', #8187, #7784 ) ;
#7451 = CARTESIAN_POINT ( 'NONE',  ( -30.49999999999999645, -12.99999999999999645, 12.00000000000000000 ) ) ;
#7452 = AXIS2_PLACEMENT_3D ( 'NONE', #2035, #5022, #7970 ) ;
#7453 = AXIS2_PLACEMENT_3D ( 'NONE', #193, #6970, #4926 ) ;
#7454 = ORIENTED_EDGE ( 'NONE', *, *, #3209, .T. ) ;
#7455 = VECTOR ( 'NONE', #6063, 1000.000000000000000 ) ;
#7456 = DIRECTION ( 'NONE',  ( 1.000000000000000000, 0.000000000000000000, 0.000000000000000000 ) ) ;
#7457 = CARTESIAN_POINT ( 'NONE',  ( -12.49999999999986144, -1.061088502595133765, -3.000000000000000000 ) ) ;
#7458 = CIRCLE ( 'NONE', #2881, 0.7500000000000004441 ) ;
#7459 = CARTESIAN_POINT ( 'NONE',  ( -1.249999999999923173, 4.938911497404866680, 0.000000000000000000 ) ) ;
#7460 = VERTEX_POINT ( 'NONE', #8001 ) ;
#7461 = CYLINDRICAL_SURFACE ( 'NONE', #4148, 0.7500000000000006661 ) ;
#7462 = ADVANCED_FACE ( 'NONE', ( #9477 ), #7957, .F. ) ;
#7463 = EDGE_CURVE ( 'NONE', #5495, #8005, #2529, .T. ) ;
#7464 = CARTESIAN_POINT ( 'NONE',  ( 12.00000000000020073, -7.061088502595134209, 1.000000000000000000 ) ) ;
#7465 = AXIS2_PLACEMENT_3D ( 'NONE', #7793, #962, #5397 ) ;
#7466 = MECHANICAL_DESIGN_GEOMETRIC_PRESENTATION_REPRESENTATION (  '', ( #9518 ), #6678 ) ;
#7467 = DIRECTION ( 'NONE',  ( 0.000000000000000000, -0.000000000000000000, -1.000000000000000000 ) ) ;
#7468 = ORIENTED_EDGE ( 'NONE', *, *, #5754, .F. ) ;
#7469 = CARTESIAN_POINT ( 'NONE',  ( 1.500000000000221601, -9.061088502595131544, -3.000000000000000000 ) ) ;
#7470 = FACE_BOUND ( 'NONE', #7363, .T. ) ;
#7471 = ORIENTED_EDGE ( 'NONE', *, *, #8938, .F. ) ;
#7472 = VECTOR ( 'NONE', #2754, 1000.000000000000000 ) ;
#7473 = ORIENTED_EDGE ( 'NONE', *, *, #3961, .T. ) ;
#7474 = DIRECTION ( 'NONE',  ( -0.000000000000000000, -0.000000000000000000, 1.000000000000000000 ) ) ;
#7475 = VECTOR ( 'NONE', #2644, 1000.000000000000000 ) ;
#7476 = CARTESIAN_POINT ( 'NONE',  ( 12.75000000000009770, 2.938911497404866235, 1.000000000000000000 ) ) ;
#7477 = AXIS2_PLACEMENT_3D ( 'NONE', #2134, #41, #5916 ) ;
#7478 = EDGE_LOOP ( 'NONE', ( #5123, #6909, #319, #3995 ) ) ;
#7479 = ORIENTED_EDGE ( 'NONE', *, *, #6613, .T. ) ;
#7480 = EDGE_CURVE ( 'NONE', #5437, #751, #1899, .T. ) ;
#7481 = DIRECTION ( 'NONE',  ( -0.000000000000000000, -0.000000000000000000, 1.000000000000000000 ) ) ;
#7482 = CIRCLE ( 'NONE', #4315, 0.7500000000000006661 ) ;
#7483 = DIRECTION ( 'NONE',  ( 1.000000000000000000, 0.000000000000000000, 0.000000000000000000 ) ) ;
#7484 = CARTESIAN_POINT ( 'NONE',  ( -2.749999999999924505, 4.938911497404866680, 0.000000000000000000 ) ) ;
#7485 = DIRECTION ( 'NONE',  ( 1.000000000000000000, 0.000000000000000000, 0.000000000000000000 ) ) ;
#7486 = DIRECTION ( 'NONE',  ( 1.000000000000000000, 0.000000000000000000, 0.000000000000000000 ) ) ;
#7487 = DIRECTION ( 'NONE',  ( -0.000000000000000000, -0.000000000000000000, 1.000000000000000000 ) ) ;
#7488 = ORIENTED_EDGE ( 'NONE', *, *, #251, .F. ) ;
#7489 = ORIENTED_EDGE ( 'NONE', *, *, #4376, .F. ) ;
#7490 = CIRCLE ( 'NONE', #8752, 0.7500000000000006661 ) ;
#7491 = ORIENTED_EDGE ( 'NONE', *, *, #8057, .F. ) ;
#7492 = EDGE_CURVE ( 'NONE', #7350, #9342, #7425, .T. ) ;
#7493 = EDGE_CURVE ( 'NONE', #2370, #7543, #3500, .T. ) ;
#7494 = FACE_BOUND ( 'NONE', #8695, .T. ) ;
#7495 = ORIENTED_EDGE ( 'NONE', *, *, #1347, .F. ) ;
#7496 = DIRECTION ( 'NONE',  ( 1.000000000000000000, 0.000000000000000000, 0.000000000000000000 ) ) ;
#7497 = CARTESIAN_POINT ( 'NONE',  ( -8.999999999999841904, -3.061088502595133765, 1.000000000000000000 ) ) ;
#7498 = CARTESIAN_POINT ( 'NONE',  ( 0.7500000000000546230, 6.938911497404866680, 1.000000000000000000 ) ) ;
#7499 = CARTESIAN_POINT ( 'NONE',  ( 11.25000000000001421, 10.93891149740486668, 1.000000000000000000 ) ) ;
#7500 = DIRECTION ( 'NONE',  ( -0.000000000000000000, -0.000000000000000000, 1.000000000000000000 ) ) ;
#7501 = DIRECTION ( 'NONE',  ( 1.000000000000000000, 0.000000000000000000, 0.000000000000000000 ) ) ;
#7502 = VERTEX_POINT ( 'NONE', #8692 ) ;
#7503 = EDGE_CURVE ( 'NONE', #492, #9742, #2215, .T. ) ;
#7504 = ORIENTED_EDGE ( 'NONE', *, *, #2453, .F. ) ;
#7505 = CARTESIAN_POINT ( 'NONE',  ( 1.499999999999992673, 12.93891149740486668, -3.000000000000000000 ) ) ;
#7506 = AXIS2_PLACEMENT_3D ( 'NONE', #5242, #5036, #514 ) ;
#7507 = CARTESIAN_POINT ( 'NONE',  ( 26.50000000000000711, -12.99999999999999645, 2.000000000000000000 ) ) ;
#7508 = LINE ( 'NONE', #4618, #348 ) ;
#7509 = EDGE_LOOP ( 'NONE', ( #768, #3417 ) ) ;
#7510 = DIRECTION ( 'NONE',  ( 0.000000000000000000, -0.000000000000000000, -1.000000000000000000 ) ) ;
#7511 = LINE ( 'NONE', #6764, #7455 ) ;
#7512 = ORIENTED_EDGE ( 'NONE', *, *, #9205, .T. ) ;
#7513 = ADVANCED_FACE ( 'NONE', ( #1275 ), #1924, .F. ) ;
#7514 = CARTESIAN_POINT ( 'NONE',  ( 12.75000000000011902, 0.9389114974048661244, 0.000000000000000000 ) ) ;
#7515 = ORIENTED_EDGE ( 'NONE', *, *, #2813, .T. ) ;
#7516 = EDGE_CURVE ( 'NONE', #9418, #1577, #5985, .T. ) ;
#7517 = DIRECTION ( 'NONE',  ( 1.000000000000000000, 0.000000000000000000, 0.000000000000000000 ) ) ;
#7518 = CARTESIAN_POINT ( 'NONE',  ( 0.000000000000000000, 0.000000000000000000, 0.000000000000000000 ) ) ;
#7519 = ORIENTED_EDGE ( 'NONE', *, *, #2883, .F. ) ;
#7520 = VERTEX_POINT ( 'NONE', #4280 ) ;
#7521 = CYLINDRICAL_SURFACE ( 'NONE', #3389, 0.7500000000000006661 ) ;
#7522 = FACE_OUTER_BOUND ( 'NONE', #5219, .T. ) ;
#7523 = ORIENTED_EDGE ( 'NONE', *, *, #7074, .F. ) ;
#7524 = FACE_OUTER_BOUND ( 'NONE', #776, .T. ) ;
#7525 = CARTESIAN_POINT ( 'NONE',  ( -1.249999999999881650, 0.9389114974048661244, 1.000000000000000000 ) ) ;
#7526 = VERTEX_POINT ( 'NONE', #7316 ) ;
#7527 = DIRECTION ( 'NONE',  ( 0.000000000000000000, -0.000000000000000000, -1.000000000000000000 ) ) ;
#7528 = CARTESIAN_POINT ( 'NONE',  ( 5.000000000000264677, -13.06108850259513510, 1.000000000000000000 ) ) ;
#7529 = EDGE_CURVE ( 'NONE', #1508, #8903, #1579, .T. ) ;
#7530 = CARTESIAN_POINT ( 'NONE',  ( 26.50000000000000711, 13.00000000000000178, 2.000000000000000000 ) ) ;
#7531 = ORIENTED_EDGE ( 'NONE', *, *, #6831, .T. ) ;
#7532 = VERTEX_POINT ( 'NONE', #1132 ) ;
#7533 = FACE_BOUND ( 'NONE', #8920, .T. ) ;
#7534 = EDGE_LOOP ( 'NONE', ( #39, #9096, #7488, #8278 ) ) ;
#7535 = DIRECTION ( 'NONE',  ( 1.000000000000000000, 0.000000000000000000, 0.000000000000000000 ) ) ;
#7536 = DIRECTION ( 'NONE',  ( -0.000000000000000000, -0.000000000000000000, 1.000000000000000000 ) ) ;
#7537 = CYLINDRICAL_SURFACE ( 'NONE', #1315, 0.7500000000000006661 ) ;
#7538 = CIRCLE ( 'NONE', #2019, 0.7500000000000006661 ) ;
#7539 = DIRECTION ( 'NONE',  ( 1.000000000000000000, 0.000000000000000000, 0.000000000000000000 ) ) ;
#7540 = ADVANCED_FACE ( 'NONE', ( #9757 ), #4330, .F. ) ;
#7541 = CARTESIAN_POINT ( 'NONE',  ( -1.999999999999840350, -3.061088502595133765, -3.000000000000000000 ) ) ;
#7542 = CARTESIAN_POINT ( 'NONE',  ( 8.500000000000222045, -9.061088502595131544, 1.000000000000000000 ) ) ;
#7543 = VERTEX_POINT ( 'NONE', #677 ) ;
#7544 = VERTEX_POINT ( 'NONE', #1416 ) ;
#7545 = DIRECTION ( 'NONE',  ( -0.000000000000000000, -0.000000000000000000, 1.000000000000000000 ) ) ;
#7546 = DIRECTION ( 'NONE',  ( -0.000000000000000000, -0.000000000000000000, 1.000000000000000000 ) ) ;
#7547 = DIRECTION ( 'NONE',  ( 1.000000000000000000, 0.000000000000000000, 0.000000000000000000 ) ) ;
#7548 = ORIENTED_EDGE ( 'NONE', *, *, #398, .T. ) ;
#7549 = LINE ( 'NONE', #3779, #4785 ) ;
#7550 = ADVANCED_FACE ( 'NONE', ( #4368 ), #6755, .F. ) ;
#7551 = VECTOR ( 'NONE', #2414, 1000.000000000000000 ) ;
#7552 = EDGE_CURVE ( 'NONE', #7978, #2108, #8845, .T. ) ;
#7553 = CARTESIAN_POINT ( 'NONE',  ( 27.69999999999999929, -11.00000000000000178, 7.000000000000000000 ) ) ;
#7554 = EDGE_LOOP ( 'NONE', ( #7043, #9602, #9123, #8923 ) ) ;
#7555 = VERTEX_POINT ( 'NONE', #9030 ) ;
#7556 = AXIS2_PLACEMENT_3D ( 'NONE', #6357, #4024, #1113 ) ;
#7557 = DIRECTION ( 'NONE',  ( -0.000000000000000000, -0.000000000000000000, 1.000000000000000000 ) ) ;
#7558 = ORIENTED_EDGE ( 'NONE', *, *, #4018, .F. ) ;
#7559 = DIRECTION ( 'NONE',  ( 8.673617379884012792E-16, -1.000000000000000000, 0.000000000000000000 ) ) ;
#7560 = DIRECTION ( 'NONE',  ( -0.000000000000000000, -0.000000000000000000, 1.000000000000000000 ) ) ;
#7561 = EDGE_LOOP ( 'NONE', ( #104, #9443, #6179, #4229 ) ) ;
#7562 = ORIENTED_EDGE ( 'NONE', *, *, #8651, .F. ) ;
#7563 = CARTESIAN_POINT ( 'NONE',  ( 2.249999999999993339, 12.93891149740486668, -3.000000000000000000 ) ) ;
#7564 = CARTESIAN_POINT ( 'NONE',  ( 5.000000000000035527, 8.938911497404866680, 0.000000000000000000 ) ) ;
#7565 = EDGE_CURVE ( 'NONE', #1824, #8223, #5995, .T. ) ;
#7566 = ORIENTED_EDGE ( 'NONE', *, *, #4998, .T. ) ;
#7567 = CARTESIAN_POINT ( 'NONE',  ( -1.249999999999964917, 8.938911497404866680, 0.000000000000000000 ) ) ;
#7568 = CARTESIAN_POINT ( 'NONE',  ( 1.500000000000055067, 6.938911497404866680, 1.000000000000000000 ) ) ;
#7569 = CIRCLE ( 'NONE', #461, 0.7500000000000004441 ) ;
#7570 = VERTEX_POINT ( 'NONE', #3688 ) ;
#7571 = DIRECTION ( 'NONE',  ( 1.000000000000000000, 0.000000000000000000, 0.000000000000000000 ) ) ;
#7572 = DIRECTION ( 'NONE',  ( 0.000000000000000000, -1.000000000000000000, 0.000000000000000000 ) ) ;
#7573 = CARTESIAN_POINT ( 'NONE',  ( -9.749999999999779732, -9.061088502595131544, -3.000000000000000000 ) ) ;
#7574 = ORIENTED_EDGE ( 'NONE', *, *, #2688, .T. ) ;
#7575 = EDGE_CURVE ( 'NONE', #407, #7971, #7364, .T. ) ;
#7576 = EDGE_CURVE ( 'NONE', #528, #6971, #8222, .T. ) ;
#7577 = CIRCLE ( 'NONE', #2996, 0.7500000000000006661 ) ;
#7578 = ORIENTED_EDGE ( 'NONE', *, *, #5927, .F. ) ;
#7579 = FACE_BOUND ( 'NONE', #5155, .T. ) ;
#7580 = EDGE_CURVE ( 'NONE', #3271, #6870, #7909, .T. ) ;
#7581 = ORIENTED_EDGE ( 'NONE', *, *, #3937, .T. ) ;
#7582 = CYLINDRICAL_SURFACE ( 'NONE', #286, 0.7500000000000004441 ) ;
#7583 = CYLINDRICAL_SURFACE ( 'NONE', #3496, 0.7999999999999986011 ) ;
#7584 = PLANE ( 'NONE',  #7317 ) ;
#7585 = CIRCLE ( 'NONE', #7741, 0.7500000000000006661 ) ;
#7586 = AXIS2_PLACEMENT_3D ( 'NONE', #4566, #1482, #8198 ) ;
#7587 = DIRECTION ( 'NONE',  ( 1.000000000000000000, 0.000000000000000000, 0.000000000000000000 ) ) ;
#7588 = FACE_OUTER_BOUND ( 'NONE', #1504, .T. ) ;
#7589 = AXIS2_PLACEMENT_3D ( 'NONE', #6696, #9697, #4499 ) ;
#7590 = DIRECTION ( 'NONE',  ( 1.000000000000000000, 0.000000000000000000, 0.000000000000000000 ) ) ;
#7591 = AXIS2_PLACEMENT_3D ( 'NONE', #6954, #3981, #9223 ) ;
#7592 = PRODUCT_DEFINITION_CONTEXT ( 'detailed design', #1689, 'design' ) ;
#7593 = AXIS2_PLACEMENT_3D ( 'NONE', #4171, #7250, #5756 ) ;
#7594 = ADVANCED_FACE ( 'NONE', ( #2997 ), #5260, .F. ) ;
#7595 = AXIS2_PLACEMENT_3D ( 'NONE', #2093, #8712, #5827 ) ;
#7596 = EDGE_LOOP ( 'NONE', ( #6285, #8717, #3668, #9625 ) ) ;
#7597 = EDGE_CURVE ( 'NONE', #6754, #8760, #8293, .T. ) ;
#7598 = CARTESIAN_POINT ( 'NONE',  ( -8.249999999999777955, -9.061088502595131544, 1.000000000000000000 ) ) ;
#7599 = DIRECTION ( 'NONE',  ( 1.000000000000000000, 0.000000000000000000, 0.000000000000000000 ) ) ;
#7600 = CARTESIAN_POINT ( 'NONE',  ( 2.250000000000139000, -1.061088502595133765, -3.000000000000000000 ) ) ;
#7601 = EDGE_LOOP ( 'NONE', ( #2037, #141, #2777, #838 ) ) ;
#7602 = AXIS2_PLACEMENT_3D ( 'NONE', #3867, #8473, #4696 ) ;
#7603 = DIRECTION ( 'NONE',  ( -0.000000000000000000, -0.000000000000000000, 1.000000000000000000 ) ) ;
#7604 = DIRECTION ( 'NONE',  ( -0.000000000000000000, -0.000000000000000000, 1.000000000000000000 ) ) ;
#7605 = CIRCLE ( 'NONE', #3498, 0.7500000000000006661 ) ;
#7606 = AXIS2_PLACEMENT_3D ( 'NONE', #8699, #3415, #4190 ) ;
#7607 = ORIENTED_EDGE ( 'NONE', *, *, #8886, .T. ) ;
#7608 = DIRECTION ( 'NONE',  ( -0.000000000000000000, 1.000000000000000000, -0.000000000000000000 ) ) ;
#7609 = ORIENTED_EDGE ( 'NONE', *, *, #3155, .F. ) ;
#7610 = EDGE_CURVE ( 'NONE', #6601, #3801, #8849, .T. ) ;
#7611 = EDGE_CURVE ( 'NONE', #7435, #3086, #3590, .T. ) ;
#7612 = AXIS2_PLACEMENT_3D ( 'NONE', #537, #8748, #2775 ) ;
#7613 = EDGE_LOOP ( 'NONE', ( #789, #908, #298, #6921 ) ) ;
#7614 = EDGE_CURVE ( 'NONE', #7889, #7922, #6645, .T. ) ;
#7615 = FACE_OUTER_BOUND ( 'NONE', #4457, .T. ) ;
#7616 = VERTEX_POINT ( 'NONE', #8105 ) ;
#7617 = AXIS2_PLACEMENT_3D ( 'NONE', #4017, #4695, #1749 ) ;
#7618 = FACE_OUTER_BOUND ( 'NONE', #5984, .T. ) ;
#7619 = LINE ( 'NONE', #8306, #5542 ) ;
#7620 = ORIENTED_EDGE ( 'NONE', *, *, #6130, .F. ) ;
#7621 = VERTEX_POINT ( 'NONE', #5862 ) ;
#7622 = FACE_OUTER_BOUND ( 'NONE', #7867, .T. ) ;
#7623 = CIRCLE ( 'NONE', #9185, 0.7500000000000004441 ) ;
#7624 = EDGE_LOOP ( 'NONE', ( #7523, #550, #5310, #6218 ) ) ;
#7625 = EDGE_CURVE ( 'NONE', #5520, #1819, #8891, .T. ) ;
#7626 = VECTOR ( 'NONE', #9305, 1000.000000000000000 ) ;
#7627 = DIRECTION ( 'NONE',  ( 0.000000000000000000, -0.000000000000000000, -1.000000000000000000 ) ) ;
#7628 = CARTESIAN_POINT ( 'NONE',  ( 2.250000000000055955, 6.938911497404866680, 1.000000000000000000 ) ) ;
#7629 = VERTEX_POINT ( 'NONE', #5205 ) ;
#7630 = DIRECTION ( 'NONE',  ( -0.000000000000000000, -0.000000000000000000, 1.000000000000000000 ) ) ;
#7631 = DIRECTION ( 'NONE',  ( 1.000000000000000000, 0.000000000000000000, 0.000000000000000000 ) ) ;
#7632 = CARTESIAN_POINT ( 'NONE',  ( -8.999999999999882760, 0.9389114974048661244, 0.000000000000000000 ) ) ;
#7633 = EDGE_LOOP ( 'NONE', ( #2877, #3983, #8761, #3278 ) ) ;
#7634 = AXIS2_PLACEMENT_3D ( 'NONE', #9580, #8053, #2778 ) ;
#7635 = ORIENTED_EDGE ( 'NONE', *, *, #2646, .F. ) ;
#7636 = VECTOR ( 'NONE', #2935, 1000.000000000000000 ) ;
#7637 = FACE_BOUND ( 'NONE', #2734, .T. ) ;
#7638 = EDGE_LOOP ( 'NONE', ( #1681, #6776, #9410, #4722 ) ) ;
#7639 = AXIS2_PLACEMENT_3D ( 'NONE', #3207, #3256, #8538 ) ;
#7640 = ADVANCED_FACE ( 'NONE', ( #1375 ), #3635, .F. ) ;
#7641 = VECTOR ( 'NONE', #5770, 1000.000000000000000 ) ;
#7642 = FACE_BOUND ( 'NONE', #1726, .T. ) ;
#7643 = EDGE_CURVE ( 'NONE', #7834, #1682, #5193, .T. ) ;
#7644 = DIRECTION ( 'NONE',  ( 0.000000000000000000, -0.000000000000000000, -1.000000000000000000 ) ) ;
#7645 = CARTESIAN_POINT ( 'NONE',  ( 0.000000000000000000, 0.000000000000000000, 12.00000000000000000 ) ) ;
#7646 = AXIS2_PLACEMENT_3D ( 'NONE', #8017, #4100, #4941 ) ;
#7647 = CARTESIAN_POINT ( 'NONE',  ( 1.500000000000180078, -5.061088502595135985, 1.000000000000000000 ) ) ;
#7648 = LINE ( 'NONE', #7050, #8262 ) ;
#7649 = FACE_OUTER_BOUND ( 'NONE', #9433, .T. ) ;
#7650 = ORIENTED_EDGE ( 'NONE', *, *, #981, .F. ) ;
#7651 = VECTOR ( 'NONE', #595, 1000.000000000000000 ) ;
#7652 = VERTEX_POINT ( 'NONE', #2170 ) ;
#7653 = CARTESIAN_POINT ( 'NONE',  ( 4.250000000000076383, 4.938911497404866680, 0.000000000000000000 ) ) ;
#7654 = CARTESIAN_POINT ( 'NONE',  ( -8.249999999999985789, 10.93891149740486668, 0.000000000000000000 ) ) ;
#7655 = CARTESIAN_POINT ( 'NONE',  ( 4.250000000000139444, -1.061088502595133765, 1.000000000000000000 ) ) ;
#7656 = CARTESIAN_POINT ( 'NONE',  ( 5.750000000000015099, 10.93891149740486668, 0.000000000000000000 ) ) ;
#7657 = ORIENTED_EDGE ( 'NONE', *, *, #22, .F. ) ;
#7658 = DIRECTION ( 'NONE',  ( 1.000000000000000000, 0.000000000000000000, 0.000000000000000000 ) ) ;
#7660 = CARTESIAN_POINT ( 'NONE',  ( 4.250000000000055955, 6.938911497404866680, 1.000000000000000000 ) ) ;
#7659 = AXIS2_PLACEMENT_3D ( 'NONE', #8288, #8236, #2309 ) ;
#7661 = EDGE_CURVE ( 'NONE', #6220, #5375, #727, .T. ) ;
#7662 = VERTEX_POINT ( 'NONE', #7598 ) ;
#7663 = ORIENTED_EDGE ( 'NONE', *, *, #2663, .F. ) ;
#7664 = CARTESIAN_POINT ( 'NONE',  ( -9.749999999999738876, -13.06108850259513510, 1.000000000000000000 ) ) ;
#7665 = DIRECTION ( 'NONE',  ( 1.000000000000000000, 0.000000000000000000, 0.000000000000000000 ) ) ;
#7666 = CYLINDRICAL_SURFACE ( 'NONE', #6178, 0.7500000000000006661 ) ;
#7667 = ORIENTED_EDGE ( 'NONE', *, *, #385, .F. ) ;
#7668 = ORIENTED_EDGE ( 'NONE', *, *, #3698, .T. ) ;
#7669 = LINE ( 'NONE', #197, #3499 ) ;
#7670 = EDGE_CURVE ( 'NONE', #5722, #6626, #2360, .T. ) ;
#7671 = ORIENTED_EDGE ( 'NONE', *, *, #8842, .T. ) ;
#7672 = DIRECTION ( 'NONE',  ( 0.000000000000000000, -0.000000000000000000, -1.000000000000000000 ) ) ;
#7673 = ORIENTED_EDGE ( 'NONE', *, *, #3341, .T. ) ;
#7674 = DIRECTION ( 'NONE',  ( 0.000000000000000000, -0.000000000000000000, -1.000000000000000000 ) ) ;
#7675 = EDGE_LOOP ( 'NONE', ( #725, #6437, #1526, #1853 ) ) ;
#7676 = ORIENTED_EDGE ( 'NONE', *, *, #8638, .F. ) ;
#7677 = CARTESIAN_POINT ( 'NONE',  ( 9.249999999999994671, 12.93891149740486668, 1.000000000000000000 ) ) ;
#7678 = CARTESIAN_POINT ( 'NONE',  ( -8.999999999999758415, -11.06108850259513332, -3.000000000000000000 ) ) ;
#7679 = FACE_OUTER_BOUND ( 'NONE', #7193, .T. ) ;
#7680 = EDGE_CURVE ( 'NONE', #2704, #7424, #2505, .T. ) ;
#7681 = EDGE_LOOP ( 'NONE', ( #8853, #6963, #8798, #5206 ) ) ;
#7682 = EDGE_LOOP ( 'NONE', ( #8731, #1566 ) ) ;
#7683 = FACE_BOUND ( 'NONE', #7904, .T. ) ;
#7684 = EDGE_LOOP ( 'NONE', ( #7128, #6441 ) ) ;
#7685 = FACE_BOUND ( 'NONE', #1803, .T. ) ;
#7686 = DIRECTION ( 'NONE',  ( -0.000000000000000000, -0.000000000000000000, 1.000000000000000000 ) ) ;
#7687 = FACE_OUTER_BOUND ( 'NONE', #6994, .T. ) ;
#7688 = DIRECTION ( 'NONE',  ( -0.000000000000000000, 0.000000000000000000, 1.000000000000000000 ) ) ;
#7689 = CYLINDRICAL_SURFACE ( 'NONE', #844, 0.7500000000000006661 ) ;
#7690 = DIRECTION ( 'NONE',  ( -0.000000000000000000, -0.000000000000000000, 1.000000000000000000 ) ) ;
#7691 = ADVANCED_FACE ( 'NONE', ( #3876, #5451 ), #8338, .T. ) ;
#7692 = EDGE_CURVE ( 'NONE', #1577, #9418, #2068, .T. ) ;
#7693 = ORIENTED_EDGE ( 'NONE', *, *, #7670, .F. ) ;
#7694 = ORIENTED_EDGE ( 'NONE', *, *, #1203, .F. ) ;
#7695 = AXIS2_PLACEMENT_3D ( 'NONE', #4846, #1848, #7146 ) ;
#7696 = DIRECTION ( 'NONE',  ( -0.000000000000000000, -0.000000000000000000, 1.000000000000000000 ) ) ;
#7697 = DIRECTION ( 'NONE',  ( -0.000000000000000000, 1.000000000000000000, -0.000000000000000000 ) ) ;
#7698 = CYLINDRICAL_SURFACE ( 'NONE', #5847, 0.7500000000000004441 ) ;
#7699 = LINE ( 'NONE', #7013, #5714 ) ;
#7700 = EDGE_LOOP ( 'NONE', ( #1519, #5024, #1220, #6452 ) ) ;
#7701 = DIRECTION ( 'NONE',  ( -0.000000000000000000, 0.000000000000000000, 1.000000000000000000 ) ) ;
#7702 = DIRECTION ( 'NONE',  ( -0.000000000000000000, -0.000000000000000000, 1.000000000000000000 ) ) ;
#7703 = EDGE_CURVE ( 'NONE', #1021, #8439, #919, .T. ) ;
#7704 = VERTEX_POINT ( 'NONE', #7653 ) ;
#7705 = EDGE_LOOP ( 'NONE', ( #5127, #8964, #3267, #1427 ) ) ;
#7706 = DIRECTION ( 'NONE',  ( -0.000000000000000000, -0.000000000000000000, 1.000000000000000000 ) ) ;
#7707 = EDGE_LOOP ( 'NONE', ( #5094, #9479, #6379, #7284 ) ) ;
#7708 = EDGE_CURVE ( 'NONE', #7265, #7985, #2708, .T. ) ;
#7709 = LINE ( 'NONE', #7114, #3185 ) ;
#7710 = CARTESIAN_POINT ( 'NONE',  ( -9.000000000000007105, 12.93891149740486668, 1.000000000000000000 ) ) ;
#7711 = CIRCLE ( 'NONE', #2969, 0.7500000000000006661 ) ;
#7712 = ORIENTED_EDGE ( 'NONE', *, *, #8611, .T. ) ;
#7713 = ORIENTED_EDGE ( 'NONE', *, *, #6142, .F. ) ;
#7714 = DIRECTION ( 'NONE',  ( 1.000000000000000000, 0.000000000000000000, 0.000000000000000000 ) ) ;
#7715 = ORIENTED_EDGE ( 'NONE', *, *, #2846, .T. ) ;
#7716 = ORIENTED_EDGE ( 'NONE', *, *, #9176, .F. ) ;
#7717 = CARTESIAN_POINT ( 'NONE',  ( -8.999999999999861444, -1.061088502595133765, 1.000000000000000000 ) ) ;
#7718 = ORIENTED_EDGE ( 'NONE', *, *, #3005, .T. ) ;
#7719 = EDGE_CURVE ( 'NONE', #2434, #808, #7010, .T. ) ;
#7720 = CARTESIAN_POINT ( 'NONE',  ( -5.499999999999882760, 0.9389114974048661244, 0.000000000000000000 ) ) ;
#7721 = VERTEX_POINT ( 'NONE', #3199 ) ;
#7722 = EDGE_LOOP ( 'NONE', ( #8370, #6235, #7818, #3794 ) ) ;
#7723 = DIRECTION ( 'NONE',  ( 0.000000000000000000, -0.000000000000000000, -1.000000000000000000 ) ) ;
#7724 = AXIS2_PLACEMENT_3D ( 'NONE', #61, #7627, #8269 ) ;
#7725 = DIRECTION ( 'NONE',  ( -0.000000000000000000, -0.000000000000000000, 1.000000000000000000 ) ) ;
#7726 = CARTESIAN_POINT ( 'NONE',  ( 9.250000000000264677, -13.06108850259513510, 0.000000000000000000 ) ) ;
#7727 = ORIENTED_EDGE ( 'NONE', *, *, #6273, .F. ) ;
#7728 = VERTEX_POINT ( 'NONE', #1663 ) ;
#7729 = CARTESIAN_POINT ( 'NONE',  ( 4.250000000000201617, -7.061088502595134209, 1.000000000000000000 ) ) ;
#7730 = EDGE_CURVE ( 'NONE', #2633, #6603, #6794, .T. ) ;
#7731 = VERTEX_POINT ( 'NONE', #3250 ) ;
#7732 = EDGE_CURVE ( 'NONE', #3530, #201, #4103, .T. ) ;
#7733 = FACE_BOUND ( 'NONE', #2938, .T. ) ;
#7734 = DIRECTION ( 'NONE',  ( 0.000000000000000000, -0.000000000000000000, -1.000000000000000000 ) ) ;
#7735 = LINE ( 'NONE', #6198, #529 ) ;
#7736 = FACE_OUTER_BOUND ( 'NONE', #296, .T. ) ;
#7737 = DIRECTION ( 'NONE',  ( -0.000000000000000000, -0.000000000000000000, 1.000000000000000000 ) ) ;
#7738 = AXIS2_PLACEMENT_3D ( 'NONE', #9533, #7903, #2774 ) ;
#7739 = DIRECTION ( 'NONE',  ( 1.000000000000000000, 0.000000000000000000, 0.000000000000000000 ) ) ;
#7740 = ORIENTED_EDGE ( 'NONE', *, *, #6924, .F. ) ;
#7741 = AXIS2_PLACEMENT_3D ( 'NONE', #3144, #6148, #971 ) ;
#7742 = CARTESIAN_POINT ( 'NONE',  ( 5.750000000000119904, 0.9389114974048661244, 1.000000000000000000 ) ) ;
#7743 = DIRECTION ( 'NONE',  ( -0.000000000000000000, -0.000000000000000000, 1.000000000000000000 ) ) ;
#7744 = CIRCLE ( 'NONE', #1273, 0.7500000000000006661 ) ;
#7745 = VECTOR ( 'NONE', #6839, 1000.000000000000000 ) ;
#7746 = CYLINDRICAL_SURFACE ( 'NONE', #1591, 0.7500000000000004441 ) ;
#7747 = DIRECTION ( 'NONE',  ( -1.000000000000000000, -0.000000000000000000, -0.000000000000000000 ) ) ;
#7748 = ORIENTED_EDGE ( 'NONE', *, *, #666, .T. ) ;
#7749 = CARTESIAN_POINT ( 'NONE',  ( 12.00000000000020073, -7.061088502595134209, 0.000000000000000000 ) ) ;
#7750 = DIRECTION ( 'NONE',  ( -0.000000000000000000, -0.000000000000000000, 1.000000000000000000 ) ) ;
#7751 = CARTESIAN_POINT ( 'NONE',  ( 8.500000000000243361, -11.06108850259513332, 0.000000000000000000 ) ) ;
#7752 = CIRCLE ( 'NONE', #2394, 0.7500000000000006661 ) ;
#7753 = CIRCLE ( 'NONE', #4267, 0.7500000000000004441 ) ;
#7754 = AXIS2_PLACEMENT_3D ( 'NONE', #5738, #1200, #553 ) ;
#7755 = ORIENTED_EDGE ( 'NONE', *, *, #6262, .F. ) ;
#7756 = DIRECTION ( 'NONE',  ( 1.000000000000000000, 0.000000000000000000, 0.000000000000000000 ) ) ;
#7757 = CARTESIAN_POINT ( 'NONE',  ( 29.29999999999999716, -11.00000000000000178, 7.000000000000000000 ) ) ;
#7758 = AXIS2_PLACEMENT_3D ( 'NONE', #2426, #8493, #3308 ) ;
#7759 = CARTESIAN_POINT ( 'NONE',  ( 16.49999999999999645, -13.06108850259512977, 1.000000000000000000 ) ) ;
#7760 = EDGE_CURVE ( 'NONE', #8437, #1963, #227, .T. ) ;
#7761 = ORIENTED_EDGE ( 'NONE', *, *, #4821, .T. ) ;
#7762 = EDGE_CURVE ( 'NONE', #6525, #3560, #8063, .T. ) ;
#7763 = AXIS2_PLACEMENT_3D ( 'NONE', #6000, #4411, #5112 ) ;
#7765 = ORIENTED_EDGE ( 'NONE', *, *, #5622, .F. ) ;
#7764 = AXIS2_PLACEMENT_3D ( 'NONE', #936, #1635, #6975 ) ;
#7766 = CARTESIAN_POINT ( 'NONE',  ( -1.999999999999923617, 4.938911497404866680, -3.000000000000000000 ) ) ;
#7767 = CIRCLE ( 'NONE', #7136, 0.7500000000000006661 ) ;
#7768 = ORIENTED_EDGE ( 'NONE', *, *, #8857, .F. ) ;
#7769 = ORIENTED_EDGE ( 'NONE', *, *, #4121, .F. ) ;
#7770 = AXIS2_PLACEMENT_3D ( 'NONE', #865, #4057, #1698 ) ;
#7771 = EDGE_LOOP ( 'NONE', ( #107, #7232, #8584, #5579 ) ) ;
#7772 = DIRECTION ( 'NONE',  ( 0.000000000000000000, -1.000000000000000000, 0.000000000000000000 ) ) ;
#7773 = VERTEX_POINT ( 'NONE', #7742 ) ;
#7774 = DIRECTION ( 'NONE',  ( -0.000000000000000000, -0.000000000000000000, -1.000000000000000000 ) ) ;
#7775 = ORIENTED_EDGE ( 'NONE', *, *, #7516, .F. ) ;
#7776 = ORIENTED_EDGE ( 'NONE', *, *, #7915, .F. ) ;
#7777 = PLANE ( 'NONE',  #6852 ) ;
#7778 = AXIS2_PLACEMENT_3D ( 'NONE', #1376, #5157, #7599 ) ;
#7779 = CIRCLE ( 'NONE', #8250, 0.7500000000000004441 ) ;
#7780 = FACE_OUTER_BOUND ( 'NONE', #1784, .T. ) ;
#7781 = DIRECTION ( 'NONE',  ( -0.000000000000000000, 0.000000000000000000, 1.000000000000000000 ) ) ;
#7782 = VERTEX_POINT ( 'NONE', #6099 ) ;
#7783 = EDGE_CURVE ( 'NONE', #3909, #2704, #7585, .T. ) ;
#7784 = VECTOR ( 'NONE', #673, 1000.000000000000000 ) ;
#7785 = ORIENTED_EDGE ( 'NONE', *, *, #1869, .F. ) ;
#7786 = FACE_BOUND ( 'NONE', #3411, .T. ) ;
#7787 = EDGE_LOOP ( 'NONE', ( #5021, #1340 ) ) ;
#7788 = FACE_BOUND ( 'NONE', #6025, .T. ) ;
#7789 = CARTESIAN_POINT ( 'NONE',  ( 5.000000000000139444, -1.061088502595133765, -3.000000000000000000 ) ) ;
#7790 = CYLINDRICAL_SURFACE ( 'NONE', #5399, 0.7500000000000006661 ) ;
#7791 = AXIS2_PLACEMENT_3D ( 'NONE', #4397, #709, #7433 ) ;
#7792 = DIRECTION ( 'NONE',  ( 1.000000000000000000, 0.000000000000000000, 0.000000000000000000 ) ) ;
#7793 = CARTESIAN_POINT ( 'NONE',  ( -8.999999999999904077, 2.938911497404866235, 1.000000000000000000 ) ) ;
#7794 = FACE_OUTER_BOUND ( 'NONE', #4734, .T. ) ;
#7795 = CIRCLE ( 'NONE', #846, 0.7500000000000006661 ) ;
#7796 = EDGE_CURVE ( 'NONE', #8820, #5025, #5354, .T. ) ;
#7797 = ADVANCED_FACE ( 'NONE', ( #8440 ), #175, .F. ) ;
#7798 = VERTEX_POINT ( 'NONE', #4765 ) ;
#7799 = AXIS2_PLACEMENT_3D ( 'NONE', #6719, #6762, #4479 ) ;
#7800 = DIRECTION ( 'NONE',  ( 0.000000000000000000, -0.000000000000000000, -1.000000000000000000 ) ) ;
#7801 = VERTEX_POINT ( 'NONE', #6207 ) ;
#7802 = DIRECTION ( 'NONE',  ( -0.000000000000000000, -0.000000000000000000, 1.000000000000000000 ) ) ;
#7803 = CARTESIAN_POINT ( 'NONE',  ( 20.00000000000000000, 15.00000000000000178, 2.000000000000000000 ) ) ;
#7804 = AXIS2_PLACEMENT_3D ( 'NONE', #1445, #4450, #7485 ) ;
#7805 = CARTESIAN_POINT ( 'NONE',  ( 8.500000000000056843, 6.938911497404866680, 1.000000000000000000 ) ) ;
#7806 = DIRECTION ( 'NONE',  ( 1.000000000000000000, 0.000000000000000000, 0.000000000000000000 ) ) ;
#7807 = ORIENTED_EDGE ( 'NONE', *, *, #6247, .F. ) ;
#7808 = DIRECTION ( 'NONE',  ( -0.000000000000000000, -0.000000000000000000, 1.000000000000000000 ) ) ;
#7809 = FACE_OUTER_BOUND ( 'NONE', #1615, .T. ) ;
#7810 = DIRECTION ( 'NONE',  ( 1.000000000000000000, 0.000000000000000000, 0.000000000000000000 ) ) ;
#7811 = EDGE_CURVE ( 'NONE', #6892, #1296, #4415, .T. ) ;
#7812 = AXIS2_PLACEMENT_3D ( 'NONE', #8591, #3353, #6366 ) ;
#7813 = EDGE_LOOP ( 'NONE', ( #8723, #8756, #3769, #3007 ) ) ;
#7814 = DIRECTION ( 'NONE',  ( 0.000000000000000000, -0.000000000000000000, -1.000000000000000000 ) ) ;
#7815 = ORIENTED_EDGE ( 'NONE', *, *, #8258, .T. ) ;
#7816 = CARTESIAN_POINT ( 'NONE',  ( 0.7500000000001171285, 0.9389114974048662354, 0.000000000000000000 ) ) ;
#7817 = FACE_OUTER_BOUND ( 'NONE', #6934, .T. ) ;
#7818 = ORIENTED_EDGE ( 'NONE', *, *, #3961, .F. ) ;
#7819 = AXIS2_PLACEMENT_3D ( 'NONE', #9572, #2809, #5055 ) ;
#7820 = ORIENTED_EDGE ( 'NONE', *, *, #3785, .T. ) ;
#7821 = CARTESIAN_POINT ( 'NONE',  ( 11.25000000000003375, 8.938911497404866680, 0.000000000000000000 ) ) ;
#7822 = ADVANCED_FACE ( 'NONE', ( #4026 ), #9120, .F. ) ;
#7823 = EDGE_CURVE ( 'NONE', #6699, #8808, #5200, .T. ) ;
#7824 = ORIENTED_EDGE ( 'NONE', *, *, #8677, .T. ) ;
#7825 = CARTESIAN_POINT ( 'NONE',  ( -11.74999999999996447, 8.938911497404866680, -3.000000000000000000 ) ) ;
#7826 = ORIENTED_EDGE ( 'NONE', *, *, #1527, .F. ) ;
#7827 = CARTESIAN_POINT ( 'NONE',  ( -1.249999999999839906, -3.061088502595133765, 1.000000000000000000 ) ) ;
#7828 = EDGE_LOOP ( 'NONE', ( #6864, #3905, #8492, #7713 ) ) ;
#7829 = VERTEX_POINT ( 'NONE', #4125 ) ;
#7830 = DIRECTION ( 'NONE',  ( 1.000000000000000000, 0.000000000000000000, 0.000000000000000000 ) ) ;
#7831 = DIRECTION ( 'NONE',  ( 1.000000000000000000, 0.000000000000000000, 0.000000000000000000 ) ) ;
#7832 = ORIENTED_EDGE ( 'NONE', *, *, #4142, .T. ) ;
#7833 = CARTESIAN_POINT ( 'NONE',  ( 5.000000000000181188, -5.061088502595135985, -3.000000000000000000 ) ) ;
#7834 = VERTEX_POINT ( 'NONE', #5649 ) ;
#7835 = FACE_BOUND ( 'NONE', #6131, .T. ) ;
#7836 = EDGE_CURVE ( 'NONE', #705, #1628, #3478, .T. ) ;
#7837 = DIRECTION ( 'NONE',  ( -0.000000000000000000, -0.000000000000000000, 1.000000000000000000 ) ) ;
#7838 = CYLINDRICAL_SURFACE ( 'NONE', #8415, 0.7500000000000006661 ) ;
#7839 = CYLINDRICAL_SURFACE ( 'NONE', #2070, 0.7500000000000006661 ) ;
#7840 = CARTESIAN_POINT ( 'NONE',  ( 8.500000000000076383, 4.938911497404866680, 1.000000000000000000 ) ) ;
#7841 = FACE_OUTER_BOUND ( 'NONE', #2727, .T. ) ;
#7842 = ORIENTED_EDGE ( 'NONE', *, *, #8581, .F. ) ;
#7843 = CARTESIAN_POINT ( 'NONE',  ( 12.75000000000001421, 10.93891149740486668, 1.000000000000000000 ) ) ;
#7844 = EDGE_LOOP ( 'NONE', ( #7581, #7715 ) ) ;
#7845 = CARTESIAN_POINT ( 'NONE',  ( 8.500000000000014211, 10.93891149740486668, 0.000000000000000000 ) ) ;
#7846 = DIRECTION ( 'NONE',  ( -0.000000000000000000, -0.000000000000000000, 1.000000000000000000 ) ) ;
#7847 = ADVANCED_FACE ( 'NONE', ( #4215 ), #1908, .F. ) ;
#7848 = DIRECTION ( 'NONE',  ( 0.000000000000000000, -0.000000000000000000, -1.000000000000000000 ) ) ;
#7849 = CARTESIAN_POINT ( 'NONE',  ( 1.500000000000159206, -3.061088502595133765, 0.000000000000000000 ) ) ;
#7850 = EDGE_LOOP ( 'NONE', ( #3219, #4732, #6722, #2380 ) ) ;
#7851 = DIRECTION ( 'NONE',  ( 0.000000000000000000, -0.000000000000000000, -1.000000000000000000 ) ) ;
#7852 = LINE ( 'NONE', #3354, #1464 ) ;
#7853 = LINE ( 'NONE', #4917, #5202 ) ;
#7854 = CARTESIAN_POINT ( 'NONE',  ( 12.00000000000013856, -1.061088502595133765, 0.000000000000000000 ) ) ;
#7855 = ORIENTED_EDGE ( 'NONE', *, *, #6701, .F. ) ;
#7856 = EDGE_CURVE ( 'NONE', #140, #5143, #9000, .T. ) ;
#7857 = LINE ( 'NONE', #6917, #6337 ) ;
#7858 = DIRECTION ( 'NONE',  ( -0.000000000000000000, -0.000000000000000000, 1.000000000000000000 ) ) ;
#7859 = ADVANCED_FACE ( 'NONE', ( #4908 ), #9464, .F. ) ;
#7860 = ORIENTED_EDGE ( 'NONE', *, *, #2238, .T. ) ;
#7861 = EDGE_LOOP ( 'NONE', ( #7958, #4619 ) ) ;
#7862 = AXIS2_PLACEMENT_3D ( 'NONE', #704, #2192, #5786 ) ;
#7863 = CARTESIAN_POINT ( 'NONE',  ( -12.49999999999979927, -7.061088502595134209, 0.000000000000000000 ) ) ;
#7864 = ORIENTED_EDGE ( 'NONE', *, *, #8141, .T. ) ;
#7865 = CYLINDRICAL_SURFACE ( 'NONE', #1571, 0.7500000000000006661 ) ;
#7866 = CARTESIAN_POINT ( 'NONE',  ( -13.25000000000000888, 12.93891149740486668, -3.000000000000000000 ) ) ;
#7867 = EDGE_LOOP ( 'NONE', ( #7776, #7566, #2268, #1730 ) ) ;
#7868 = EDGE_LOOP ( 'NONE', ( #9463, #5314, #8459, #7807 ) ) ;
#7869 = CARTESIAN_POINT ( 'NONE',  ( -11.74999999999998579, 10.93891149740486668, -3.000000000000000000 ) ) ;
#7870 = EDGE_CURVE ( 'NONE', #1763, #8818, #7274, .T. ) ;
#7871 = CARTESIAN_POINT ( 'NONE',  ( -2.749999999999737099, -13.06108850259513510, 0.000000000000000000 ) ) ;
#7872 = CIRCLE ( 'NONE', #5957, 0.7500000000000006661 ) ;
#7873 = ORIENTED_EDGE ( 'NONE', *, *, #7881, .F. ) ;
#7874 = CYLINDRICAL_SURFACE ( 'NONE', #6766, 0.7500000000000006661 ) ;
#7875 = ORIENTED_EDGE ( 'NONE', *, *, #8599, .T. ) ;
#7876 = AXIS2_PLACEMENT_3D ( 'NONE', #5900, #8730, #6454 ) ;
#7877 = FACE_BOUND ( 'NONE', #2537, .T. ) ;
#7878 = CARTESIAN_POINT ( 'NONE',  ( -2.749999999999737099, -13.06108850259513510, -3.000000000000000000 ) ) ;
#7879 = DIRECTION ( 'NONE',  ( -0.000000000000000000, -0.000000000000000000, 1.000000000000000000 ) ) ;
#7880 = EDGE_CURVE ( 'NONE', #2291, #1747, #5037, .T. ) ;
#7881 = EDGE_CURVE ( 'NONE', #7396, #306, #320, .T. ) ;
#7882 = CARTESIAN_POINT ( 'NONE',  ( -29.30000000000000782, -11.00000000000000178, 7.000000000000000000 ) ) ;
#7883 = DIRECTION ( 'NONE',  ( 1.000000000000000000, 0.000000000000000000, 0.000000000000000000 ) ) ;
#7884 = FACE_OUTER_BOUND ( 'NONE', #1374, .T. ) ;
#7885 = AXIS2_PLACEMENT_3D ( 'NONE', #8716, #602, #5032 ) ;
#7886 = ORIENTED_EDGE ( 'NONE', *, *, #7042, .F. ) ;
#7887 = ORIENTED_EDGE ( 'NONE', *, *, #9466, .F. ) ;
#7888 = CARTESIAN_POINT ( 'NONE',  ( -8.999999999999966249, 8.938911497404866680, 0.000000000000000000 ) ) ;
#7889 = VERTEX_POINT ( 'NONE', #8585 ) ;
#7890 = CARTESIAN_POINT ( 'NONE',  ( 26.50000000000000711, 9.000000000000001776, 12.00000000000000000 ) ) ;
#7891 = DIRECTION ( 'NONE',  ( 0.000000000000000000, -0.000000000000000000, -1.000000000000000000 ) ) ;
#7892 = CARTESIAN_POINT ( 'NONE',  ( -12.49999999999996625, 8.938911497404866680, 0.000000000000000000 ) ) ;
#7893 = FACE_OUTER_BOUND ( 'NONE', #5732, .T. ) ;
#7894 = VERTEX_POINT ( 'NONE', #9316 ) ;
#7895 = FACE_OUTER_BOUND ( 'NONE', #4983, .T. ) ;
#7896 = CARTESIAN_POINT ( 'NONE',  ( -12.49999999999992362, 4.938911497404866680, 1.000000000000000000 ) ) ;
#7897 = CARTESIAN_POINT ( 'NONE',  ( 0.7500000000000754952, 4.938911497404866680, 1.000000000000000000 ) ) ;
#7898 = EDGE_CURVE ( 'NONE', #8820, #8450, #5606, .T. ) ;
#7899 = VECTOR ( 'NONE', #6916, 1000.000000000000000 ) ;
#7900 = EDGE_CURVE ( 'NONE', #2553, #9128, #7209, .T. ) ;
#7901 = VECTOR ( 'NONE', #1986, 1000.000000000000000 ) ;
#7902 = ORIENTED_EDGE ( 'NONE', *, *, #5992, .T. ) ;
#7903 = DIRECTION ( 'NONE',  ( -0.000000000000000000, 0.000000000000000000, 1.000000000000000000 ) ) ;
#7904 = EDGE_LOOP ( 'NONE', ( #6299, #397 ) ) ;
#7905 = DIRECTION ( 'NONE',  ( 1.000000000000000000, 0.000000000000000000, 0.000000000000000000 ) ) ;
#7906 = CARTESIAN_POINT ( 'NONE',  ( 4.249999999999993783, 12.93891149740486668, 1.000000000000000000 ) ) ;
#7907 = VERTEX_POINT ( 'NONE', #2562 ) ;
#7908 = CYLINDRICAL_SURFACE ( 'NONE', #7954, 0.7500000000000006661 ) ;
#7909 = CIRCLE ( 'NONE', #5514, 0.7500000000000006661 ) ;
#7910 = CIRCLE ( 'NONE', #1910, 0.7500000000000006661 ) ;
#7911 = DIRECTION ( 'NONE',  ( -0.000000000000000000, 0.000000000000000000, 1.000000000000000000 ) ) ;
#7912 = AXIS2_PLACEMENT_3D ( 'NONE', #1353, #7235, #5782 ) ;
#7913 = EDGE_CURVE ( 'NONE', #2884, #8437, #8679, .T. ) ;
#7914 = ADVANCED_FACE ( 'NONE', ( #8632 ), #8780, .F. ) ;
#7915 = EDGE_CURVE ( 'NONE', #5602, #3865, #7752, .T. ) ;
#7916 = CIRCLE ( 'NONE', #8230, 0.7500000000000006661 ) ;
#7917 = ORIENTED_EDGE ( 'NONE', *, *, #5541, .F. ) ;
#7918 = CARTESIAN_POINT ( 'NONE',  ( 1.500000000000200728, -7.061088502595134209, 1.000000000000000000 ) ) ;
#7919 = VERTEX_POINT ( 'NONE', #1116 ) ;
#7920 = VECTOR ( 'NONE', #1514, 1000.000000000000000 ) ;
#7921 = CARTESIAN_POINT ( 'NONE',  ( 11.24999999999999289, 12.93891149740486668, 0.000000000000000000 ) ) ;
#7922 = VERTEX_POINT ( 'NONE', #4265 ) ;
#7923 = ORIENTED_EDGE ( 'NONE', *, *, #1799, .F. ) ;
#7924 = DIRECTION ( 'NONE',  ( -0.000000000000000000, -0.000000000000000000, 1.000000000000000000 ) ) ;
#7925 = CARTESIAN_POINT ( 'NONE',  ( -6.249999999999904077, 2.938911497404866235, 0.000000000000000000 ) ) ;
#7926 = CIRCLE ( 'NONE', #7758, 0.7500000000000006661 ) ;
#7927 = VECTOR ( 'NONE', #2625, 1000.000000000000000 ) ;
#7928 = EDGE_CURVE ( 'NONE', #7526, #3240, #2762, .T. ) ;
#7929 = ORIENTED_EDGE ( 'NONE', *, *, #7137, .F. ) ;
#7930 = CARTESIAN_POINT ( 'NONE',  ( -30.49999999999999645, 13.00000000000000533, 12.00000000000000000 ) ) ;
#7931 = ORIENTED_EDGE ( 'NONE', *, *, #7318, .T. ) ;
#7932 = AXIS2_PLACEMENT_3D ( 'NONE', #4828, #4083, #9186 ) ;
#7933 = AXIS2_PLACEMENT_3D ( 'NONE', #2218, #3101, #5347 ) ;
#7934 = CARTESIAN_POINT ( 'NONE',  ( -9.749999999999925393, 4.938911497404866680, -3.000000000000000000 ) ) ;
#7935 = DIRECTION ( 'NONE',  ( -0.000000000000000000, -0.000000000000000000, 1.000000000000000000 ) ) ;
#7936 = LINE ( 'NONE', #7242, #9476 ) ;
#7937 = CARTESIAN_POINT ( 'NONE',  ( 8.500000000000119016, 0.9389114974048661244, 1.000000000000000000 ) ) ;
#7938 = CIRCLE ( 'NONE', #9355, 0.7500000000000006661 ) ;
#7939 = CYLINDRICAL_SURFACE ( 'NONE', #980, 0.7500000000000006661 ) ;
#7940 = ORIENTED_EDGE ( 'NONE', *, *, #2846, .F. ) ;
#7941 = CIRCLE ( 'NONE', #6365, 0.7500000000000006661 ) ;
#7942 = EDGE_CURVE ( 'NONE', #5143, #140, #9167, .T. ) ;
#7943 = DIRECTION ( 'NONE',  ( 1.000000000000000000, 0.000000000000000000, 0.000000000000000000 ) ) ;
#7944 = ADVANCED_FACE ( 'NONE', ( #5000 ), #7101, .F. ) ;
#7945 = EDGE_LOOP ( 'NONE', ( #2459, #4672 ) ) ;
#7946 = CARTESIAN_POINT ( 'NONE',  ( -1.999999999999944489, 6.938911497404866680, -3.000000000000000000 ) ) ;
#7947 = AXIS2_PLACEMENT_3D ( 'NONE', #5748, #1106, #3287 ) ;
#7948 = CARTESIAN_POINT ( 'NONE',  ( 2.250000000000222489, -9.061088502595131544, 1.000000000000000000 ) ) ;
#7949 = FACE_OUTER_BOUND ( 'NONE', #3274, .T. ) ;
#7950 = ORIENTED_EDGE ( 'NONE', *, *, #134, .F. ) ;
#7951 = LINE ( 'NONE', #3255, #7185 ) ;
#7952 = DIRECTION ( 'NONE',  ( 1.000000000000000000, 0.000000000000000000, 0.000000000000000000 ) ) ;
#7953 = CARTESIAN_POINT ( 'NONE',  ( -4.749999999999881872, 0.9389114974048661244, 1.000000000000000000 ) ) ;
#7954 = AXIS2_PLACEMENT_3D ( 'NONE', #1139, #6530, #4143 ) ;
#7955 = CIRCLE ( 'NONE', #5735, 0.7500000000000006661 ) ;
#7956 = ORIENTED_EDGE ( 'NONE', *, *, #1873, .T. ) ;
#7957 = CYLINDRICAL_SURFACE ( 'NONE', #1735, 0.7500000000000006661 ) ;
#7958 = ORIENTED_EDGE ( 'NONE', *, *, #7856, .T. ) ;
#7959 = DIRECTION ( 'NONE',  ( -0.000000000000000000, 0.000000000000000000, 1.000000000000000000 ) ) ;
#7960 = DIRECTION ( 'NONE',  ( 1.000000000000000000, 0.000000000000000000, 0.000000000000000000 ) ) ;
#7961 = ORIENTED_EDGE ( 'NONE', *, *, #7188, .T. ) ;
#7962 = EDGE_CURVE ( 'NONE', #8207, #7543, #2719, .T. ) ;
#7963 = CARTESIAN_POINT ( 'NONE',  ( 30.50000000000000711, -12.99999999999999645, 2.000000000000000000 ) ) ;
#7965 = DIRECTION ( 'NONE',  ( 0.000000000000000000, -0.000000000000000000, -1.000000000000000000 ) ) ;
#7964 = CIRCLE ( 'NONE', #8913, 0.7500000000000006661 ) ;
#7966 = DIRECTION ( 'NONE',  ( -0.000000000000000000, -0.000000000000000000, 1.000000000000000000 ) ) ;
#7967 = ORIENTED_EDGE ( 'NONE', *, *, #5600, .F. ) ;
#7968 = DIRECTION ( 'NONE',  ( 0.000000000000000000, -0.000000000000000000, -1.000000000000000000 ) ) ;
#7969 = ORIENTED_EDGE ( 'NONE', *, *, #4121, .T. ) ;
#7970 = DIRECTION ( 'NONE',  ( 1.000000000000000000, 0.000000000000000000, 0.000000000000000000 ) ) ;
#7971 = VERTEX_POINT ( 'NONE', #9056 ) ;
#7972 = EDGE_CURVE ( 'NONE', #8703, #1009, #648, .T. ) ;
#7973 = EDGE_LOOP ( 'NONE', ( #4399, #1088 ) ) ;
#7974 = CARTESIAN_POINT ( 'NONE',  ( 12.74999999999999467, 12.93891149740486668, -3.000000000000000000 ) ) ;
#7975 = DIRECTION ( 'NONE',  ( -0.000000000000000000, -0.000000000000000000, 1.000000000000000000 ) ) ;
#7976 = ORIENTED_EDGE ( 'NONE', *, *, #3661, .T. ) ;
#7977 = CARTESIAN_POINT ( 'NONE',  ( 12.75000000000011902, 0.9389114974048661244, -3.000000000000000000 ) ) ;
#7978 = VERTEX_POINT ( 'NONE', #896 ) ;
#7979 = CARTESIAN_POINT ( 'NONE',  ( 8.500000000000222045, -9.061088502595131544, -3.000000000000000000 ) ) ;
#7980 = EDGE_CURVE ( 'NONE', #8602, #5970, #2336, .T. ) ;
#7981 = CARTESIAN_POINT ( 'NONE',  ( -1.999999999999861222, -1.061088502595133765, -3.000000000000000000 ) ) ;
#7982 = EDGE_LOOP ( 'NONE', ( #5259, #6535, #4324, #7009 ) ) ;
#7983 = LINE ( 'NONE', #3532, #3783 ) ;
#7984 = CARTESIAN_POINT ( 'NONE',  ( 8.500000000000264677, -13.06108850259513510, -3.000000000000000000 ) ) ;
#7985 = VERTEX_POINT ( 'NONE', #7525 ) ;
#7986 = LINE ( 'NONE', #6352, #9495 ) ;
#7987 = VERTEX_POINT ( 'NONE', #747 ) ;
#7988 = FACE_BOUND ( 'NONE', #6460, .T. ) ;
#7989 = ORIENTED_EDGE ( 'NONE', *, *, #2237, .T. ) ;
#7990 = DIRECTION ( 'NONE',  ( -0.000000000000000000, -0.000000000000000000, 1.000000000000000000 ) ) ;
#7991 = FACE_OUTER_BOUND ( 'NONE', #158, .T. ) ;
#7992 = CARTESIAN_POINT ( 'NONE',  ( 12.00000000000007638, 4.938911497404866680, 1.000000000000000000 ) ) ;
#7993 = DIRECTION ( 'NONE',  ( -0.000000000000000000, -0.000000000000000000, 1.000000000000000000 ) ) ;
#7994 = ORIENTED_EDGE ( 'NONE', *, *, #7661, .F. ) ;
#7995 = EDGE_CURVE ( 'NONE', #3277, #8058, #6167, .T. ) ;
#7996 = FACE_OUTER_BOUND ( 'NONE', #7707, .T. ) ;
#7997 = DIRECTION ( 'NONE',  ( -0.000000000000000000, 1.000000000000000000, -0.000000000000000000 ) ) ;
#7998 = ADVANCED_FACE ( 'NONE', ( #5282 ), #9099, .F. ) ;
#7999 = DIRECTION ( 'NONE',  ( -0.000000000000000000, -0.000000000000000000, 1.000000000000000000 ) ) ;
#8000 = ORIENTED_EDGE ( 'NONE', *, *, #1414, .T. ) ;
#8001 = CARTESIAN_POINT ( 'NONE',  ( -9.749999999999925393, 4.938911497404866680, 1.000000000000000000 ) ) ;
#8002 = EDGE_LOOP ( 'NONE', ( #4748, #6075 ) ) ;
#8003 = CARTESIAN_POINT ( 'NONE',  ( -12.49999999999994493, 6.938911497404866680, 1.000000000000000000 ) ) ;
#8004 = DIRECTION ( 'NONE',  ( -0.000000000000000000, 0.000000000000000000, 1.000000000000000000 ) ) ;
#8005 = VERTEX_POINT ( 'NONE', #1540 ) ;
#8006 = DIRECTION ( 'NONE',  ( -0.000000000000000000, 0.000000000000000000, 1.000000000000000000 ) ) ;
#8007 = EDGE_CURVE ( 'NONE', #2200, #6206, #8092, .T. ) ;
#8008 = CARTESIAN_POINT ( 'NONE',  ( 5.750000000000036415, 8.938911497404866680, -3.000000000000000000 ) ) ;
#8009 = APPLICATION_PROTOCOL_DEFINITION ( 'draft international standard', 'automotive_design', 1998, #8900 ) ;
#8010 = EDGE_CURVE ( 'NONE', #2184, #7773, #8413, .T. ) ;
#8011 = ORIENTED_EDGE ( 'NONE', *, *, #9452, .F. ) ;
#8012 = DIRECTION ( 'NONE',  ( 1.000000000000000000, 0.000000000000000000, 0.000000000000000000 ) ) ;
#8013 = EDGE_LOOP ( 'NONE', ( #3212, #7336, #7276, #8851 ) ) ;
#8014 = DIRECTION ( 'NONE',  ( 1.000000000000000000, 0.000000000000000000, 0.000000000000000000 ) ) ;
#8015 = ORIENTED_EDGE ( 'NONE', *, *, #7643, .F. ) ;
#8016 = ORIENTED_EDGE ( 'NONE', *, *, #2237, .F. ) ;
#8017 = CARTESIAN_POINT ( 'NONE',  ( 5.000000000000264677, -13.06108850259513510, 1.000000000000000000 ) ) ;
#8018 = CARTESIAN_POINT ( 'NONE',  ( 1.500000000000055067, 6.938911497404866680, -3.000000000000000000 ) ) ;
#8019 = VECTOR ( 'NONE', #2196, 1000.000000000000000 ) ;
#8020 = VERTEX_POINT ( 'NONE', #9567 ) ;
#8021 = EDGE_CURVE ( 'NONE', #9470, #7071, #2804, .T. ) ;
#8022 = FACE_OUTER_BOUND ( 'NONE', #2090, .T. ) ;
#8023 = DIRECTION ( 'NONE',  ( 1.000000000000000000, 0.000000000000000000, 0.000000000000000000 ) ) ;
#8024 = DIRECTION ( 'NONE',  ( 1.000000000000000000, 0.000000000000000000, 0.000000000000000000 ) ) ;
#8025 = AXIS2_PLACEMENT_3D ( 'NONE', #4960, #9522, #7251 ) ;
#8026 = ORIENTED_EDGE ( 'NONE', *, *, #2381, .T. ) ;
#8027 = LINE ( 'NONE', #8772, #5356 ) ;
#8028 = CARTESIAN_POINT ( 'NONE',  ( 2.250000000000201617, -7.061088502595134209, -3.000000000000000000 ) ) ;
#8029 = ORIENTED_EDGE ( 'NONE', *, *, #7881, .T. ) ;
#8030 = EDGE_LOOP ( 'NONE', ( #6673, #8026, #4314, #7233 ) ) ;
#8031 = ORIENTED_EDGE ( 'NONE', *, *, #5829, .T. ) ;
#8032 = EDGE_CURVE ( 'NONE', #179, #393, #1593, .T. ) ;
#8033 = AXIS2_PLACEMENT_3D ( 'NONE', #2114, #8090, #464 ) ;
#8034 = ADVANCED_FACE ( 'NONE', ( #2387, #1497, #5323, #2245, #3856, #6778 ), #3750, .T. ) ;
#8035 = EDGE_CURVE ( 'NONE', #7731, #6056, #4731, .T. ) ;
#8036 = CARTESIAN_POINT ( 'NONE',  ( 26.50000000000000711, 13.00000000000000178, 12.00000000000000000 ) ) ;
#8037 = ORIENTED_EDGE ( 'NONE', *, *, #7318, .F. ) ;
#8038 = DIRECTION ( 'NONE',  ( 1.000000000000000000, 0.000000000000000000, 0.000000000000000000 ) ) ;
#8039 = PLANE ( 'NONE',  #8814 ) ;
#8040 = CARTESIAN_POINT ( 'NONE',  ( -13.24999999999992539, 4.938911497404866680, -3.000000000000000000 ) ) ;
#8041 = DIRECTION ( 'NONE',  ( 1.000000000000000000, 0.000000000000000000, 0.000000000000000000 ) ) ;
#8042 = ORIENTED_EDGE ( 'NONE', *, *, #9565, .F. ) ;
#8043 = DIRECTION ( 'NONE',  ( 1.000000000000000000, 0.000000000000000000, 0.000000000000000000 ) ) ;
#8044 = FACE_OUTER_BOUND ( 'NONE', #7078, .T. ) ;
#8045 = CIRCLE ( 'NONE', #1411, 0.7500000000000006661 ) ;
#8046 = LINE ( 'NONE', #2811, #488 ) ;
#8047 = CIRCLE ( 'NONE', #5978, 0.7500000000000006661 ) ;
#8048 = DIRECTION ( 'NONE',  ( 0.000000000000000000, -0.000000000000000000, -1.000000000000000000 ) ) ;
#8049 = ORIENTED_EDGE ( 'NONE', *, *, #9531, .F. ) ;
#8050 = CYLINDRICAL_SURFACE ( 'NONE', #1142, 0.7500000000000006661 ) ;
#8051 = DIRECTION ( 'NONE',  ( -0.000000000000000000, 0.000000000000000000, -1.000000000000000000 ) ) ;
#8052 = ORIENTED_EDGE ( 'NONE', *, *, #849, .F. ) ;
#8053 = DIRECTION ( 'NONE',  ( -0.000000000000000000, -0.000000000000000000, 1.000000000000000000 ) ) ;
#8054 = DIRECTION ( 'NONE',  ( -0.000000000000000000, -0.000000000000000000, 1.000000000000000000 ) ) ;
#8055 = AXIS2_PLACEMENT_3D ( 'NONE', #535, #8644, #4866 ) ;
#8056 = EDGE_LOOP ( 'NONE', ( #8608, #7785, #5422, #993 ) ) ;
#8057 = EDGE_CURVE ( 'NONE', #860, #6119, #1918, .T. ) ;
#8058 = VERTEX_POINT ( 'NONE', #7628 ) ;
#8059 = CARTESIAN_POINT ( 'NONE',  ( 4.250000000000014211, 10.93891149740486668, 1.000000000000000000 ) ) ;
#8060 = EDGE_LOOP ( 'NONE', ( #6410, #241, #4014, #7740 ) ) ;
#8061 = EDGE_CURVE ( 'NONE', #7652, #7066, #5977, .T. ) ;
#8062 = CYLINDRICAL_SURFACE ( 'NONE', #1760, 0.7500000000000006661 ) ;
#8063 = CIRCLE ( 'NONE', #1429, 0.7500000000000006661 ) ;
#8064 = FACE_BOUND ( 'NONE', #7684, .T. ) ;
#8065 = ORIENTED_EDGE ( 'NONE', *, *, #7065, .T. ) ;
#8066 = AXIS2_PLACEMENT_3D ( 'NONE', #1282, #6477, #4011 ) ;
#8068 = VERTEX_POINT ( 'NONE', #3028 ) ;
#8067 = AXIS2_PLACEMENT_3D ( 'NONE', #2549, #5446, #8475 ) ;
#8069 = DIRECTION ( 'NONE',  ( 1.000000000000000000, 0.000000000000000000, 0.000000000000000000 ) ) ;
#8070 = CARTESIAN_POINT ( 'NONE',  ( 8.500000000000097700, 2.938911497404866235, -3.000000000000000000 ) ) ;
#8071 = AXIS2_PLACEMENT_3D ( 'NONE', #7805, #7848, #4817 ) ;
#8072 = ORIENTED_EDGE ( 'NONE', *, *, #5290, .T. ) ;
#8073 = AXIS2_PLACEMENT_3D ( 'NONE', #4966, #3495, #7313 ) ;
#8074 = CIRCLE ( 'NONE', #1911, 0.7500000000000006661 ) ;
#8075 = DIRECTION ( 'NONE',  ( -0.000000000000000000, -0.000000000000000000, 1.000000000000000000 ) ) ;
#8076 = CIRCLE ( 'NONE', #9334, 0.7500000000000006661 ) ;
#8077 = DIRECTION ( 'NONE',  ( 1.000000000000000000, 0.000000000000000000, 0.000000000000000000 ) ) ;
#8078 = LINE ( 'NONE', #4163, #7327 ) ;
#8079 = VECTOR ( 'NONE', #3420, 1000.000000000000000 ) ;
#8080 = ORIENTED_EDGE ( 'NONE', *, *, #9466, .T. ) ;
#8081 = AXIS2_PLACEMENT_3D ( 'NONE', #1372, #2167, #7590 ) ;
#8082 = DIRECTION ( 'NONE',  ( 0.000000000000000000, -0.000000000000000000, -1.000000000000000000 ) ) ;
#8083 = EDGE_CURVE ( 'NONE', #9566, #7662, #3708, .T. ) ;
#8084 = DIRECTION ( 'NONE',  ( -0.000000000000000000, -0.000000000000000000, 1.000000000000000000 ) ) ;
#8085 = AXIS2_PLACEMENT_3D ( 'NONE', #6319, #3162, #3312 ) ;
#8086 = VERTEX_POINT ( 'NONE', #6121 ) ;
#8087 = VERTEX_POINT ( 'NONE', #798 ) ;
#8088 = ORIENTED_EDGE ( 'NONE', *, *, #8640, .T. ) ;
#8089 = CIRCLE ( 'NONE', #8556, 0.7500000000000006661 ) ;
#8090 = DIRECTION ( 'NONE',  ( -0.000000000000000000, -0.000000000000000000, 1.000000000000000000 ) ) ;
#8091 = ORIENTED_EDGE ( 'NONE', *, *, #2425, .F. ) ;
#8092 = LINE ( 'NONE', #5234, #6493 ) ;
#8093 = CARTESIAN_POINT ( 'NONE',  ( 4.250000000000201617, -7.061088502595134209, 0.000000000000000000 ) ) ;
#8094 = DIRECTION ( 'NONE',  ( 1.000000000000000000, 0.000000000000000000, 0.000000000000000000 ) ) ;
#8095 = ORIENTED_EDGE ( 'NONE', *, *, #4890, .T. ) ;
#8096 = CARTESIAN_POINT ( 'NONE',  ( -6.249999999999841904, -3.061088502595133765, 0.000000000000000000 ) ) ;
#8097 = EDGE_CURVE ( 'NONE', #4603, #3728, #6835, .T. ) ;
#8098 = DIRECTION ( 'NONE',  ( -0.000000000000000000, 0.000000000000000000, 1.000000000000000000 ) ) ;
#8099 = EDGE_CURVE ( 'NONE', #7021, #8921, #6882, .T. ) ;
#8100 = CIRCLE ( 'NONE', #2572, 0.7500000000000006661 ) ;
#8101 = LINE ( 'NONE', #6521, #3795 ) ;
#8102 = AXIS2_PLACEMENT_3D ( 'NONE', #1277, #9535, #6574 ) ;
#8103 = EDGE_LOOP ( 'NONE', ( #3621, #1062, #1522, #478 ) ) ;
#8104 = VECTOR ( 'NONE', #7500, 1000.000000000000000 ) ;
#8105 = CARTESIAN_POINT ( 'NONE',  ( 12.75000000000003553, 8.938911497404866680, 1.000000000000000000 ) ) ;
#8106 = VECTOR ( 'NONE', #6851, 1000.000000000000000 ) ;
#8107 = LINE ( 'NONE', #9534, #1771 ) ;
#8108 = CARTESIAN_POINT ( 'NONE',  ( -12.49999999999990408, 2.938911497404866235, -3.000000000000000000 ) ) ;
#8109 = ORIENTED_EDGE ( 'NONE', *, *, #2956, .T. ) ;
#8110 = FACE_OUTER_BOUND ( 'NONE', #1502, .T. ) ;
#8111 = EDGE_CURVE ( 'NONE', #6667, #4207, #6927, .T. ) ;
#8112 = DIRECTION ( 'NONE',  ( 1.000000000000000000, 0.000000000000000000, 0.000000000000000000 ) ) ;
#8113 = VECTOR ( 'NONE', #8623, 1000.000000000000000 ) ;
#8114 = VECTOR ( 'NONE', #7750, 1000.000000000000000 ) ;
#8115 = VECTOR ( 'NONE', #8197, 1000.000000000000000 ) ;
#8116 = DIRECTION ( 'NONE',  ( -0.000000000000000000, -0.000000000000000000, 1.000000000000000000 ) ) ;
#8117 = ORIENTED_EDGE ( 'NONE', *, *, #8801, .F. ) ;
#8118 = DIRECTION ( 'NONE',  ( 0.000000000000000000, -0.000000000000000000, -1.000000000000000000 ) ) ;
#8119 = FACE_BOUND ( 'NONE', #6929, .T. ) ;
#8120 = EDGE_LOOP ( 'NONE', ( #1613, #861 ) ) ;
#8121 = VECTOR ( 'NONE', #7924, 1000.000000000000000 ) ;
#8122 = ORIENTED_EDGE ( 'NONE', *, *, #9713, .T. ) ;
#8123 = LINE ( 'NONE', #5825, #7651 ) ;
#8124 = DIRECTION ( 'NONE',  ( 1.000000000000000000, 0.000000000000000000, 0.000000000000000000 ) ) ;
#8125 = EDGE_CURVE ( 'NONE', #2927, #7189, #144, .T. ) ;
#8126 = EDGE_CURVE ( 'NONE', #2894, #9470, #486, .T. ) ;
#8127 = ORIENTED_EDGE ( 'NONE', *, *, #6865, .T. ) ;
#8128 = VECTOR ( 'NONE', #3984, 1000.000000000000000 ) ;
#8129 = CARTESIAN_POINT ( 'NONE',  ( 11.25000000000003375, 8.938911497404866680, -3.000000000000000000 ) ) ;
#8130 = DIRECTION ( 'NONE',  ( 1.000000000000000000, 0.000000000000000000, 0.000000000000000000 ) ) ;
#8131 = CARTESIAN_POINT ( 'NONE',  ( -1.999999999999923617, 4.938911497404866680, 1.000000000000000000 ) ) ;
#8132 = VERTEX_POINT ( 'NONE', #6983 ) ;
#8133 = VECTOR ( 'NONE', #4408, 1000.000000000000000 ) ;
#8134 = DIRECTION ( 'NONE',  ( 1.000000000000000000, 0.000000000000000000, 0.000000000000000000 ) ) ;
#8135 = FACE_OUTER_BOUND ( 'NONE', #1170, .T. ) ;
#8136 = VERTEX_POINT ( 'NONE', #9348 ) ;
#8137 = VERTEX_POINT ( 'NONE', #4878 ) ;
#8138 = ORIENTED_EDGE ( 'NONE', *, *, #9683, .T. ) ;
#8139 = ORIENTED_EDGE ( 'NONE', *, *, #7614, .T. ) ;
#8140 = CARTESIAN_POINT ( 'NONE',  ( 0.7499999999999922284, 12.93891149740486668, 0.000000000000000000 ) ) ;
#8141 = EDGE_CURVE ( 'NONE', #7298, #8405, #6803, .T. ) ;
#8142 = ORIENTED_EDGE ( 'NONE', *, *, #2160, .F. ) ;
#8143 = CYLINDRICAL_SURFACE ( 'NONE', #7087, 0.7500000000000004441 ) ;
#8144 = CARTESIAN_POINT ( 'NONE',  ( 8.500000000000202505, -7.061088502595134209, 0.000000000000000000 ) ) ;
#8145 =( LENGTH_UNIT ( ) NAMED_UNIT ( * ) SI_UNIT ( .MILLI., .METRE. ) );
#8146 = DIRECTION ( 'NONE',  ( -0.000000000000000000, -0.000000000000000000, 1.000000000000000000 ) ) ;
#8147 = DIRECTION ( 'NONE',  ( -0.000000000000000000, -0.000000000000000000, 1.000000000000000000 ) ) ;
#8148 = DIRECTION ( 'NONE',  ( -0.000000000000000000, -0.000000000000000000, 1.000000000000000000 ) ) ;
#8149 = ORIENTED_EDGE ( 'NONE', *, *, #4853, .T. ) ;
#8150 = ADVANCED_FACE ( 'NONE', ( #6182 ), #8505, .F. ) ;
#8151 = DIRECTION ( 'NONE',  ( -0.000000000000000000, -0.000000000000000000, 1.000000000000000000 ) ) ;
#8152 = CARTESIAN_POINT ( 'NONE',  ( -18.50000000000000355, 12.93891149740487201, 0.000000000000000000 ) ) ;
#8153 = CYLINDRICAL_SURFACE ( 'NONE', #1143, 0.7500000000000004441 ) ;
#8154 = ORIENTED_EDGE ( 'NONE', *, *, #9335, .T. ) ;
#8155 = CARTESIAN_POINT ( 'NONE',  ( 12.75000000000005684, 6.938911497404866680, 0.000000000000000000 ) ) ;
#8156 = CARTESIAN_POINT ( 'NONE',  ( -6.249999999999841904, -3.061088502595133765, 1.000000000000000000 ) ) ;
#8157 = EDGE_CURVE ( 'NONE', #4764, #9281, #8462, .T. ) ;
#8158 = EDGE_CURVE ( 'NONE', #2756, #6021, #8562, .T. ) ;
#8159 = DIRECTION ( 'NONE',  ( -0.000000000000000000, -0.000000000000000000, 1.000000000000000000 ) ) ;
#8160 = ORIENTED_EDGE ( 'NONE', *, *, #8061, .F. ) ;
#8161 = EDGE_CURVE ( 'NONE', #5722, #240, #7125, .T. ) ;
#8162 = CARTESIAN_POINT ( 'NONE',  ( -16.50000000000000000, 12.93891149740486668, 1.000000000000000000 ) ) ;
#8163 = FACE_BOUND ( 'NONE', #5528, .T. ) ;
#8164 = ORIENTED_EDGE ( 'NONE', *, *, #3192, .T. ) ;
#8165 = VERTEX_POINT ( 'NONE', #5629 ) ;
#8166 = LINE ( 'NONE', #3605, #1489 ) ;
#8167 = DIRECTION ( 'NONE',  ( 1.000000000000000000, 0.000000000000000000, 0.000000000000000000 ) ) ;
#8168 = EDGE_LOOP ( 'NONE', ( #1440, #4259 ) ) ;
#8169 = AXIS2_PLACEMENT_3D ( 'NONE', #9695, #654, #603 ) ;
#8170 = LINE ( 'NONE', #4495, #3611 ) ;
#8171 = ADVANCED_FACE ( 'NONE', ( #2587 ), #3374, .F. ) ;
#8172 = CARTESIAN_POINT ( 'NONE',  ( -6.249999999999758415, -11.06108850259513332, 0.000000000000000000 ) ) ;
#8173 = DIRECTION ( 'NONE',  ( 1.000000000000000000, 0.000000000000000000, 0.000000000000000000 ) ) ;
#8174 = CYLINDRICAL_SURFACE ( 'NONE', #1902, 0.7500000000000006661 ) ;
#8175 = FACE_OUTER_BOUND ( 'NONE', #8427, .T. ) ;
#8176 = ORIENTED_EDGE ( 'NONE', *, *, #2043, .T. ) ;
#8177 = ORIENTED_EDGE ( 'NONE', *, *, #4478, .F. ) ;
#8178 = ORIENTED_EDGE ( 'NONE', *, *, #5937, .T. ) ;
#8179 = DIRECTION ( 'NONE',  ( 1.000000000000000000, 0.000000000000000000, 0.000000000000000000 ) ) ;
#8180 = ORIENTED_EDGE ( 'NONE', *, *, #5289, .F. ) ;
#8181 = EDGE_CURVE ( 'NONE', #2038, #6220, #4264, .T. ) ;
#8182 = DIRECTION ( 'NONE',  ( 0.000000000000000000, 0.000000000000000000, 1.000000000000000000 ) ) ;
#8183 = EDGE_CURVE ( 'NONE', #1488, #8777, #4681, .T. ) ;
#8184 = CARTESIAN_POINT ( 'NONE',  ( -9.749999999999801048, -7.061088502595134209, -3.000000000000000000 ) ) ;
#8185 = DIRECTION ( 'NONE',  ( -0.000000000000000000, -0.000000000000000000, -1.000000000000000000 ) ) ;
#8186 = CARTESIAN_POINT ( 'NONE',  ( -1.249999999999777511, -9.061088502595131544, 0.000000000000000000 ) ) ;
#8187 = CARTESIAN_POINT ( 'NONE',  ( -32.50000000000000000, -17.50000000000000000, 2.000000000000000000 ) ) ;
#8188 = FACE_OUTER_BOUND ( 'NONE', #1782, .T. ) ;
#8189 = CIRCLE ( 'NONE', #6125, 0.7500000000000004441 ) ;
#8190 = VECTOR ( 'NONE', #6239, 1000.000000000000000 ) ;
#8191 = ORIENTED_EDGE ( 'NONE', *, *, #8642, .F. ) ;
#8192 = CARTESIAN_POINT ( 'NONE',  ( 12.00000000000001421, 10.93891149740486668, 0.000000000000000000 ) ) ;
#8193 = DIRECTION ( 'NONE',  ( -0.000000000000000000, 0.000000000000000000, 1.000000000000000000 ) ) ;
#8194 = DIRECTION ( 'NONE',  ( -0.000000000000000000, -0.000000000000000000, 1.000000000000000000 ) ) ;
#8195 = VECTOR ( 'NONE', #8075, 1000.000000000000000 ) ;
#8196 = VERTEX_POINT ( 'NONE', #7827 ) ;
#8197 = DIRECTION ( 'NONE',  ( -0.000000000000000000, -0.000000000000000000, 1.000000000000000000 ) ) ;
#8198 = DIRECTION ( 'NONE',  ( 1.000000000000000000, 0.000000000000000000, 0.000000000000000000 ) ) ;
#8199 = EDGE_CURVE ( 'NONE', #8965, #2434, #6389, .T. ) ;
#8200 = AXIS2_PLACEMENT_3D ( 'NONE', #9624, #3598, #6625 ) ;
#8201 = ORIENTED_EDGE ( 'NONE', *, *, #9358, .F. ) ;
#8202 = DIRECTION ( 'NONE',  ( -0.000000000000000000, -0.000000000000000000, -1.000000000000000000 ) ) ;
#8203 = EDGE_LOOP ( 'NONE', ( #4854, #5793, #7902, #6253 ) ) ;
#8204 = DIRECTION ( 'NONE',  ( 1.000000000000000000, 0.000000000000000000, 0.000000000000000000 ) ) ;
#8205 = FACE_BOUND ( 'NONE', #9144, .T. ) ;
#8206 = EDGE_LOOP ( 'NONE', ( #3518, #8224 ) ) ;
#8207 = VERTEX_POINT ( 'NONE', #9395 ) ;
#8208 = LINE ( 'NONE', #5277, #7020 ) ;
#8209 = CIRCLE ( 'NONE', #3930, 0.7500000000000006661 ) ;
#8210 = CARTESIAN_POINT ( 'NONE',  ( 11.25000000000013856, -1.061088502595133765, 0.000000000000000000 ) ) ;
#8211 = ADVANCED_FACE ( 'NONE', ( #7077 ), #297, .F. ) ;
#8212 = EDGE_CURVE ( 'NONE', #5729, #6992, #9327, .T. ) ;
#8213 = ORIENTED_EDGE ( 'NONE', *, *, #3818, .F. ) ;
#8214 = EDGE_LOOP ( 'NONE', ( #2863, #2296 ) ) ;
#8215 = AXIS2_PLACEMENT_3D ( 'NONE', #1226, #8048, #4081 ) ;
#8216 = DIRECTION ( 'NONE',  ( -0.000000000000000000, 0.000000000000000000, 1.000000000000000000 ) ) ;
#8217 = VECTOR ( 'NONE', #8796, 1000.000000000000000 ) ;
#8218 = CARTESIAN_POINT ( 'NONE',  ( 20.00000000000000000, 15.00000000000000178, 1.000000000000000000 ) ) ;
#8219 = CARTESIAN_POINT ( 'NONE',  ( -28.50000000000000711, -11.00000000000000178, 7.000000000000000000 ) ) ;
#8220 = DIRECTION ( 'NONE',  ( 0.000000000000000000, -0.000000000000000000, -1.000000000000000000 ) ) ;
#8221 = EDGE_CURVE ( 'NONE', #2926, #1024, #2078, .T. ) ;
#8222 = CIRCLE ( 'NONE', #794, 0.7500000000000004441 ) ;
#8223 = VERTEX_POINT ( 'NONE', #7921 ) ;
#8224 = ORIENTED_EDGE ( 'NONE', *, *, #2305, .T. ) ;
#8225 = AXIS2_PLACEMENT_3D ( 'NONE', #4222, #5613, #3404 ) ;
#8226 = CIRCLE ( 'NONE', #8700, 0.7500000000000004441 ) ;
#8227 = ORIENTED_EDGE ( 'NONE', *, *, #4079, .T. ) ;
#8228 = FACE_BOUND ( 'NONE', #5619, .T. ) ;
#8229 = ORIENTED_EDGE ( 'NONE', *, *, #395, .T. ) ;
#8230 = AXIS2_PLACEMENT_3D ( 'NONE', #2784, #3514, #7332 ) ;
#8231 = DIRECTION ( 'NONE',  ( -0.000000000000000000, -0.000000000000000000, 1.000000000000000000 ) ) ;
#8232 = AXIS2_PLACEMENT_3D ( 'NONE', #1412, #2907, #5909 ) ;
#8233 = AXIS2_PLACEMENT_3D ( 'NONE', #9777, #3019, #6728 ) ;
#8234 = DIRECTION ( 'NONE',  ( -0.000000000000000000, -0.000000000000000000, 1.000000000000000000 ) ) ;
#8235 = CARTESIAN_POINT ( 'NONE',  ( 11.99999999999999289, 12.93891149740486668, 1.000000000000000000 ) ) ;
#8236 = DIRECTION ( 'NONE',  ( -0.000000000000000000, 0.000000000000000000, 1.000000000000000000 ) ) ;
#8237 = CARTESIAN_POINT ( 'NONE',  ( -4.749999999999861444, -1.061088502595133765, 1.000000000000000000 ) ) ;
#8238 = CYLINDRICAL_SURFACE ( 'NONE', #8552, 0.7500000000000006661 ) ;
#8239 = CIRCLE ( 'NONE', #8549, 0.7500000000000006661 ) ;
#8240 = EDGE_CURVE ( 'NONE', #6997, #1366, #4577, .T. ) ;
#8241 = ORIENTED_EDGE ( 'NONE', *, *, #6054, .F. ) ;
#8242 = VECTOR ( 'NONE', #3063, 1000.000000000000000 ) ;
#8243 = ORIENTED_EDGE ( 'NONE', *, *, #91, .F. ) ;
#8244 = DIRECTION ( 'NONE',  ( 0.000000000000000000, -0.000000000000000000, -1.000000000000000000 ) ) ;
#8245 = VERTEX_POINT ( 'NONE', #5525 ) ;
#8246 = CARTESIAN_POINT ( 'NONE',  ( -11.74999999999986144, -1.061088502595133765, -3.000000000000000000 ) ) ;
#8247 = CIRCLE ( 'NONE', #2254, 0.7500000000000006661 ) ;
#8248 = CARTESIAN_POINT ( 'NONE',  ( 4.250000000000076383, 4.938911497404866680, 1.000000000000000000 ) ) ;
#8249 = ORIENTED_EDGE ( 'NONE', *, *, #8998, .F. ) ;
#8250 = AXIS2_PLACEMENT_3D ( 'NONE', #5866, #4972, #5914 ) ;
#8251 = DIRECTION ( 'NONE',  ( 1.000000000000000000, 0.000000000000000000, 0.000000000000000000 ) ) ;
#8252 = CARTESIAN_POINT ( 'NONE',  ( 11.25000000000007638, 4.938911497404866680, 1.000000000000000000 ) ) ;
#8253 = AXIS2_PLACEMENT_3D ( 'NONE', #9751, #8147, #6797 ) ;
#8254 = CIRCLE ( 'NONE', #9667, 0.7500000000000006661 ) ;
#8255 = EDGE_LOOP ( 'NONE', ( #7278, #3736 ) ) ;
#8256 = CARTESIAN_POINT ( 'NONE',  ( -12.49999999999984190, -3.061088502595133765, -3.000000000000000000 ) ) ;
#8257 = ORIENTED_EDGE ( 'NONE', *, *, #6912, .T. ) ;
#8258 = EDGE_CURVE ( 'NONE', #6258, #3361, #7916, .T. ) ;
#8259 = DIRECTION ( 'NONE',  ( 1.000000000000000000, 8.673617379884012792E-16, 0.000000000000000000 ) ) ;
#8260 = DIRECTION ( 'NONE',  ( 0.000000000000000000, -0.000000000000000000, -1.000000000000000000 ) ) ;
#8261 = ORIENTED_EDGE ( 'NONE', *, *, #1414, .F. ) ;
#8262 = VECTOR ( 'NONE', #117, 1000.000000000000000 ) ;
#8263 = VERTEX_POINT ( 'NONE', #6483 ) ;
#8264 = DIRECTION ( 'NONE',  ( -0.000000000000000000, -0.000000000000000000, 1.000000000000000000 ) ) ;
#8265 = AXIS2_PLACEMENT_3D ( 'NONE', #7200, #6551, #6500 ) ;
#8266 = DIRECTION ( 'NONE',  ( -0.000000000000000000, 0.000000000000000000, 1.000000000000000000 ) ) ;
#8267 = AXIS2_PLACEMENT_3D ( 'NONE', #1621, #6866, #4773 ) ;
#8268 = ORIENTED_EDGE ( 'NONE', *, *, #5509, .F. ) ;
#8269 = DIRECTION ( 'NONE',  ( 1.000000000000000000, 0.000000000000000000, 0.000000000000000000 ) ) ;
#8270 = AXIS2_PLACEMENT_3D ( 'NONE', #2888, #800, #2193 ) ;
#8271 = EDGE_CURVE ( 'NONE', #5568, #2055, #9491, .T. ) ;
#8272 = DIRECTION ( 'NONE',  ( -0.000000000000000000, -0.000000000000000000, 1.000000000000000000 ) ) ;
#8273 = ORIENTED_EDGE ( 'NONE', *, *, #2330, .F. ) ;
#8274 = CARTESIAN_POINT ( 'NONE',  ( -32.50000000000000000, 17.50000000000000000, 2.000000000000000000 ) ) ;
#8275 = ORIENTED_EDGE ( 'NONE', *, *, #7565, .F. ) ;
#8276 = CARTESIAN_POINT ( 'NONE',  ( 26.50000000000000711, 13.00000000000000178, 12.00000000000000000 ) ) ;
#8277 = CARTESIAN_POINT ( 'NONE',  ( 2.249999999999993339, 12.93891149740486668, 0.000000000000000000 ) ) ;
#8278 = ORIENTED_EDGE ( 'NONE', *, *, #5469, .F. ) ;
#8279 = CIRCLE ( 'NONE', #6700, 0.7500000000000006661 ) ;
#8280 = ORIENTED_EDGE ( 'NONE', *, *, #110, .T. ) ;
#8281 = FACE_BOUND ( 'NONE', #8771, .T. ) ;
#8282 = EDGE_CURVE ( 'NONE', #4414, #4945, #3464, .T. ) ;
#8283 = ORIENTED_EDGE ( 'NONE', *, *, #623, .T. ) ;
#8284 = DIRECTION ( 'NONE',  ( -0.000000000000000000, 0.000000000000000000, 1.000000000000000000 ) ) ;
#8285 = AXIS2_PLACEMENT_3D ( 'NONE', #4021, #3390, #1017 ) ;
#8286 = DIRECTION ( 'NONE',  ( 1.000000000000000000, 0.000000000000000000, 0.000000000000000000 ) ) ;
#8287 = CYLINDRICAL_SURFACE ( 'NONE', #2265, 0.7500000000000004441 ) ;
#8288 = CARTESIAN_POINT ( 'NONE',  ( -8.999999999999861444, -1.061088502595133765, 0.000000000000000000 ) ) ;
#8289 = CARTESIAN_POINT ( 'NONE',  ( 8.500000000000056843, 6.938911497404866680, -3.000000000000000000 ) ) ;
#8290 = DIRECTION ( 'NONE',  ( 1.000000000000000000, 0.000000000000000000, 0.000000000000000000 ) ) ;
#8291 = ORIENTED_EDGE ( 'NONE', *, *, #5961, .F. ) ;
#8292 = ORIENTED_EDGE ( 'NONE', *, *, #7188, .F. ) ;
#8293 = LINE ( 'NONE', #2216, #5682 ) ;
#8294 = ORIENTED_EDGE ( 'NONE', *, *, #9057, .T. ) ;
#8295 = LINE ( 'NONE', #3832, #9326 ) ;
#8296 = DIRECTION ( 'NONE',  ( 1.000000000000000000, 0.000000000000000000, 0.000000000000000000 ) ) ;
#8297 = ORIENTED_EDGE ( 'NONE', *, *, #3079, .F. ) ;
#8298 = ADVANCED_FACE ( 'NONE', ( #5776 ), #8062, .F. ) ;
#8299 = CARTESIAN_POINT ( 'NONE',  ( 26.50000000000000711, -8.999999999999996447, 12.00000000000000000 ) ) ;
#8300 = CARTESIAN_POINT ( 'NONE',  ( 12.75000000000020250, -7.061088502595134209, 0.000000000000000000 ) ) ;
#8301 = ORIENTED_EDGE ( 'NONE', *, *, #8334, .F. ) ;
#8302 = ORIENTED_EDGE ( 'NONE', *, *, #8810, .F. ) ;
#8303 = CYLINDRICAL_SURFACE ( 'NONE', #2211, 0.7500000000000006661 ) ;
#8304 = EDGE_LOOP ( 'NONE', ( #5897, #5275 ) ) ;
#8305 = CARTESIAN_POINT ( 'NONE',  ( 7.750000000000138556, -1.061088502595133765, 0.000000000000000000 ) ) ;
#8306 = CARTESIAN_POINT ( 'NONE',  ( -30.49999999999999645, 13.00000000000000533, 2.000000000000000000 ) ) ;
#8307 = EDGE_LOOP ( 'NONE', ( #7381, #3226 ) ) ;
#8308 = EDGE_CURVE ( 'NONE', #3359, #4501, #7187, .T. ) ;
#8309 = VERTEX_POINT ( 'NONE', #1293 ) ;
#8310 = DIRECTION ( 'NONE',  ( -0.000000000000000000, -0.000000000000000000, 1.000000000000000000 ) ) ;
#8311 = LINE ( 'NONE', #7423, #5216 ) ;
#8312 = EDGE_CURVE ( 'NONE', #6683, #8058, #5129, .T. ) ;
#8313 = ORIENTED_EDGE ( 'NONE', *, *, #3911, .T. ) ;
#8314 = CARTESIAN_POINT ( 'NONE',  ( -5.499999999999757527, -11.06108850259513332, 0.000000000000000000 ) ) ;
#8315 = DIRECTION ( 'NONE',  ( 1.000000000000000000, 0.000000000000000000, 0.000000000000000000 ) ) ;
#8316 = VERTEX_POINT ( 'NONE', #445 ) ;
#8317 = LINE ( 'NONE', #8218, #6382 ) ;
#8318 = CARTESIAN_POINT ( 'NONE',  ( 4.250000000000118128, 0.9389114974048662354, -3.000000000000000000 ) ) ;
#8319 = CARTESIAN_POINT ( 'NONE',  ( -13.24999999999986322, -1.061088502595133765, 0.000000000000000000 ) ) ;
#8320 = ORIENTED_EDGE ( 'NONE', *, *, #7493, .T. ) ;
#8321 = EDGE_CURVE ( 'NONE', #9651, #6184, #2088, .T. ) ;
#8322 = ADVANCED_FACE ( 'NONE', ( #4937 ), #402, .F. ) ;
#8323 = EDGE_LOOP ( 'NONE', ( #627, #4963, #7322, #4451 ) ) ;
#8324 = FACE_BOUND ( 'NONE', #7205, .T. ) ;
#8325 = EDGE_LOOP ( 'NONE', ( #6665, #5261, #1258, #2384 ) ) ;
#8326 = DIRECTION ( 'NONE',  ( 1.000000000000000000, 0.000000000000000000, 0.000000000000000000 ) ) ;
#8327 = CARTESIAN_POINT ( 'NONE',  ( -8.999999999999758415, -11.06108850259513332, 1.000000000000000000 ) ) ;
#8328 = CARTESIAN_POINT ( 'NONE',  ( -2.749999999999841016, -3.061088502595133765, 1.000000000000000000 ) ) ;
#8329 = CIRCLE ( 'NONE', #7695, 0.7500000000000006661 ) ;
#8330 = CARTESIAN_POINT ( 'NONE',  ( -2.749999999999737099, -13.06108850259513510, 1.000000000000000000 ) ) ;
#8331 = CARTESIAN_POINT ( 'NONE',  ( 1.500000000000263345, -13.06108850259513510, -3.000000000000000000 ) ) ;
#8332 = FACE_OUTER_BOUND ( 'NONE', #9104, .T. ) ;
#8333 = EDGE_CURVE ( 'NONE', #2525, #7907, #4238, .T. ) ;
#8334 = EDGE_CURVE ( 'NONE', #4484, #897, #590, .T. ) ;
#8335 = ADVANCED_FACE ( 'NONE', ( #1992 ), #6435, .F. ) ;
#8336 = ORIENTED_EDGE ( 'NONE', *, *, #7088, .T. ) ;
#8337 = EDGE_LOOP ( 'NONE', ( #3599, #4384, #18, #7391 ) ) ;
#8338 = PLANE ( 'NONE',  #2382 ) ;
#8339 = LINE ( 'NONE', #2860, #1774 ) ;
#8340 = DIRECTION ( 'NONE',  ( 1.000000000000000000, 0.000000000000000000, 0.000000000000000000 ) ) ;
#8341 = EDGE_LOOP ( 'NONE', ( #5838, #3000, #2185, #3672 ) ) ;
#8342 = CYLINDRICAL_SURFACE ( 'NONE', #7477, 0.7500000000000006661 ) ;
#8343 = DIRECTION ( 'NONE',  ( 0.000000000000000000, -0.000000000000000000, -1.000000000000000000 ) ) ;
#8344 = VERTEX_POINT ( 'NONE', #1942 ) ;
#8345 = DIRECTION ( 'NONE',  ( -0.000000000000000000, -0.000000000000000000, 1.000000000000000000 ) ) ;
#8346 = ORIENTED_EDGE ( 'NONE', *, *, #5122, .F. ) ;
#8347 = AXIS2_PLACEMENT_3D ( 'NONE', #7206, #6869, #4763 ) ;
#8348 = DIRECTION ( 'NONE',  ( -0.000000000000000000, -0.000000000000000000, -1.000000000000000000 ) ) ;
#8349 = EDGE_LOOP ( 'NONE', ( #1517, #7113, #8514, #2180 ) ) ;
#8350 = CARTESIAN_POINT ( 'NONE',  ( -1.999999999999798828, -7.061088502595134209, 1.000000000000000000 ) ) ;
#8351 = CARTESIAN_POINT ( 'NONE',  ( -6.249999999999778844, -9.061088502595131544, 1.000000000000000000 ) ) ;
#8352 = VERTEX_POINT ( 'NONE', #3561 ) ;
#8353 = ORIENTED_EDGE ( 'NONE', *, *, #4713, .F. ) ;
#8354 = FACE_OUTER_BOUND ( 'NONE', #4927, .T. ) ;
#8355 = CIRCLE ( 'NONE', #4080, 0.7500000000000004441 ) ;
#8356 = EDGE_CURVE ( 'NONE', #1238, #630, #9177, .T. ) ;
#8357 = EDGE_LOOP ( 'NONE', ( #2139, #4835 ) ) ;
#8358 = EDGE_CURVE ( 'NONE', #7072, #3198, #8239, .T. ) ;
#8359 = LINE ( 'NONE', #3707, #2046 ) ;
#8360 = DIRECTION ( 'NONE',  ( -0.000000000000000000, 0.000000000000000000, 1.000000000000000000 ) ) ;
#8361 = CIRCLE ( 'NONE', #5501, 0.7500000000000006661 ) ;
#8362 = ORIENTED_EDGE ( 'NONE', *, *, #293, .T. ) ;
#8363 = DIRECTION ( 'NONE',  ( -0.000000000000000000, 0.000000000000000000, 1.000000000000000000 ) ) ;
#8364 = DIRECTION ( 'NONE',  ( -1.000000000000000000, -1.156482317317871725E-16, 0.000000000000000000 ) ) ;
#8365 = FACE_OUTER_BOUND ( 'NONE', #3789, .T. ) ;
#8366 = EDGE_LOOP ( 'NONE', ( #2651, #9727 ) ) ;
#8367 = VECTOR ( 'NONE', #7414, 1000.000000000000000 ) ;
#8368 = ORIENTED_EDGE ( 'NONE', *, *, #8097, .T. ) ;
#8369 = FACE_BOUND ( 'NONE', #9517, .T. ) ;
#8370 = ORIENTED_EDGE ( 'NONE', *, *, #5625, .F. ) ;
#8371 = CARTESIAN_POINT ( 'NONE',  ( 11.25000000000020073, -7.061088502595134209, 0.000000000000000000 ) ) ;
#8372 = ADVANCED_FACE ( 'NONE', ( #6584 ), #9626, .F. ) ;
#8373 = DIRECTION ( 'NONE',  ( -0.000000000000000000, -0.000000000000000000, 1.000000000000000000 ) ) ;
#8374 = CARTESIAN_POINT ( 'NONE',  ( -8.999999999999987566, 10.93891149740486668, -3.000000000000000000 ) ) ;
#8375 = AXIS2_PLACEMENT_3D ( 'NONE', #5952, #5065, #6715 ) ;
#8376 = CIRCLE ( 'NONE', #3327, 0.7500000000000006661 ) ;
#8377 = CARTESIAN_POINT ( 'NONE',  ( -8.999999999999820588, -5.061088502595135985, 0.000000000000000000 ) ) ;
#8378 = DIRECTION ( 'NONE',  ( 1.000000000000000000, 0.000000000000000000, 0.000000000000000000 ) ) ;
#8379 = CIRCLE ( 'NONE', #5042, 0.7500000000000006661 ) ;
#8380 = DIRECTION ( 'NONE',  ( -0.000000000000000000, 0.000000000000000000, 1.000000000000000000 ) ) ;
#8381 = AXIS2_PLACEMENT_3D ( 'NONE', #7892, #1174, #1462 ) ;
#8382 = ORIENTED_EDGE ( 'NONE', *, *, #1320, .F. ) ;
#8383 = VECTOR ( 'NONE', #2295, 1000.000000000000000 ) ;
#8384 = AXIS2_PLACEMENT_3D ( 'NONE', #7451, #5256, #3684 ) ;
#8385 = CIRCLE ( 'NONE', #7912, 0.7500000000000006661 ) ;
#8386 = EDGE_LOOP ( 'NONE', ( #9225, #4298, #2072, #9017 ) ) ;
#8387 = DIRECTION ( 'NONE',  ( -0.000000000000000000, -0.000000000000000000, 1.000000000000000000 ) ) ;
#8388 = ADVANCED_FACE ( 'NONE', ( #5733 ), #8759, .F. ) ;
#8389 = CYLINDRICAL_SURFACE ( 'NONE', #2100, 0.7500000000000006661 ) ;
#8390 = DIRECTION ( 'NONE',  ( -0.000000000000000000, 0.000000000000000000, 1.000000000000000000 ) ) ;
#8391 = EDGE_LOOP ( 'NONE', ( #6587, #281, #4644, #4516 ) ) ;
#8392 = CARTESIAN_POINT ( 'NONE',  ( 12.00000000000007638, 4.938911497404866680, -3.000000000000000000 ) ) ;
#8393 = CARTESIAN_POINT ( 'NONE',  ( 5.000000000000222933, -9.061088502595131544, 1.000000000000000000 ) ) ;
#8394 = AXIS2_PLACEMENT_3D ( 'NONE', #8601, #7070, #285 ) ;
#8395 = AXIS2_PLACEMENT_3D ( 'NONE', #2880, #5228, #8167 ) ;
#8396 = AXIS2_PLACEMENT_3D ( 'NONE', #9426, #2669, #5663 ) ;
#8397 = EDGE_LOOP ( 'NONE', ( #8177, #4073, #95, #3545 ) ) ;
#8398 = CARTESIAN_POINT ( 'NONE',  ( -2.749999999999841016, -3.061088502595133765, -3.000000000000000000 ) ) ;
#8399 = EDGE_LOOP ( 'NONE', ( #3339, #267, #6541, #1490 ) ) ;
#8400 = CIRCLE ( 'NONE', #510, 0.7500000000000004441 ) ;
#8401 = EDGE_CURVE ( 'NONE', #6602, #1253, #1603, .T. ) ;
#8402 = DIRECTION ( 'NONE',  ( -0.000000000000000000, -0.000000000000000000, 1.000000000000000000 ) ) ;
#8403 = LINE ( 'NONE', #1576, #3506 ) ;
#8404 = VERTEX_POINT ( 'NONE', #7273 ) ;
#8405 = VERTEX_POINT ( 'NONE', #9684 ) ;
#8406 = AXIS2_PLACEMENT_3D ( 'NONE', #7541, #5908, #764 ) ;
#8407 = FACE_OUTER_BOUND ( 'NONE', #3214, .T. ) ;
#8408 = AXIS2_PLACEMENT_3D ( 'NONE', #2615, #4030, #274 ) ;
#8409 = VERTEX_POINT ( 'NONE', #6111 ) ;
#8410 = AXIS2_PLACEMENT_3D ( 'NONE', #7984, #414, #4952 ) ;
#8411 = DIRECTION ( 'NONE',  ( 1.000000000000000000, 0.000000000000000000, 0.000000000000000000 ) ) ;
#8412 = ORIENTED_EDGE ( 'NONE', *, *, #8823, .F. ) ;
#8413 = LINE ( 'NONE', #5798, #8383 ) ;
#8414 = ORIENTED_EDGE ( 'NONE', *, *, #6332, .T. ) ;
#8415 = AXIS2_PLACEMENT_3D ( 'NONE', #4059, #6289, #4698 ) ;
#8416 = ADVANCED_FACE ( 'NONE', ( #9771 ), #7416, .F. ) ;
#8417 = ORIENTED_EDGE ( 'NONE', *, *, #2442, .F. ) ;
#8418 = CARTESIAN_POINT ( 'NONE',  ( -2.749999999999986677, 10.93891149740486668, -3.000000000000000000 ) ) ;
#8419 = EDGE_CURVE ( 'NONE', #1508, #5935, #3651, .T. ) ;
#8420 = CARTESIAN_POINT ( 'NONE',  ( 12.75000000000005684, 6.938911497404866680, -3.000000000000000000 ) ) ;
#8421 = FACE_OUTER_BOUND ( 'NONE', #4535, .T. ) ;
#8422 = EDGE_LOOP ( 'NONE', ( #7117, #3224, #7052, #8458 ) ) ;
#8423 = AXIS2_PLACEMENT_3D ( 'NONE', #3640, #9677, #2918 ) ;
#8424 = ORIENTED_EDGE ( 'NONE', *, *, #2733, .F. ) ;
#8425 = CIRCLE ( 'NONE', #687, 0.7500000000000006661 ) ;
#8426 = FACE_BOUND ( 'NONE', #9457, .T. ) ;
#8427 = EDGE_LOOP ( 'NONE', ( #3014, #4994, #8978, #5159 ) ) ;
#8428 = CYLINDRICAL_SURFACE ( 'NONE', #7617, 0.7500000000000006661 ) ;
#8429 = CARTESIAN_POINT ( 'NONE',  ( -1.999999999999819700, -5.061088502595135985, 0.000000000000000000 ) ) ;
#8430 = DIRECTION ( 'NONE',  ( -0.000000000000000000, -0.000000000000000000, 1.000000000000000000 ) ) ;
#8431 = ADVANCED_FACE ( 'NONE', ( #2326 ), #92, .F. ) ;
#8432 = VECTOR ( 'NONE', #8510, 1000.000000000000000 ) ;
#8433 = DIRECTION ( 'NONE',  ( 0.000000000000000000, -0.000000000000000000, -1.000000000000000000 ) ) ;
#8434 = DIRECTION ( 'NONE',  ( -0.000000000000000000, 0.000000000000000000, 1.000000000000000000 ) ) ;
#8435 = DIRECTION ( 'NONE',  ( 0.000000000000000000, 0.000000000000000000, 1.000000000000000000 ) ) ;
#8437 = VERTEX_POINT ( 'NONE', #786 ) ;
#8436 = EDGE_CURVE ( 'NONE', #2553, #243, #6174, .T. ) ;
#8438 = AXIS2_PLACEMENT_3D ( 'NONE', #1435, #6214, #5503 ) ;
#8439 = VERTEX_POINT ( 'NONE', #6681 ) ;
#8440 = FACE_OUTER_BOUND ( 'NONE', #2707, .T. ) ;
#8441 = DIRECTION ( 'NONE',  ( 0.000000000000000000, -0.000000000000000000, -1.000000000000000000 ) ) ;
#8442 = CARTESIAN_POINT ( 'NONE',  ( -1.249999999999819256, -5.061088502595135985, 1.000000000000000000 ) ) ;
#8443 = DIRECTION ( 'NONE',  ( 0.000000000000000000, -0.000000000000000000, -1.000000000000000000 ) ) ;
#8444 = VERTEX_POINT ( 'NONE', #5921 ) ;
#8445 = DIRECTION ( 'NONE',  ( 1.000000000000000000, 0.000000000000000000, 0.000000000000000000 ) ) ;
#8446 = CARTESIAN_POINT ( 'NONE',  ( 0.7500000000000338618, 8.938911497404866680, 1.000000000000000000 ) ) ;
#8447 = EDGE_CURVE ( 'NONE', #5118, #8404, #8865, .T. ) ;
#8448 = VERTEX_POINT ( 'NONE', #8162 ) ;
#8449 = DIRECTION ( 'NONE',  ( -0.000000000000000000, -0.000000000000000000, 1.000000000000000000 ) ) ;
#8450 = VERTEX_POINT ( 'NONE', #6723 ) ;
#8451 = LINE ( 'NONE', #3262, #2401 ) ;
#8452 = CARTESIAN_POINT ( 'NONE',  ( -26.49999999999999645, 13.00000000000000711, 12.00000000000000000 ) ) ;
#8453 = ORIENTED_EDGE ( 'NONE', *, *, #7719, .F. ) ;
#8454 = ORIENTED_EDGE ( 'NONE', *, *, #419, .F. ) ;
#8455 = DIRECTION ( 'NONE',  ( -0.000000000000000000, -0.000000000000000000, 1.000000000000000000 ) ) ;
#8456 = EDGE_CURVE ( 'NONE', #6602, #147, #3011, .T. ) ;
#8457 = EDGE_CURVE ( 'NONE', #3240, #7629, #491, .T. ) ;
#8458 = ORIENTED_EDGE ( 'NONE', *, *, #863, .F. ) ;
#8459 = ORIENTED_EDGE ( 'NONE', *, *, #2908, .T. ) ;
#8460 = LINE ( 'NONE', #7825, #8835 ) ;
#8461 = VERTEX_POINT ( 'NONE', #4527 ) ;
#8462 = LINE ( 'NONE', #1734, #3012 ) ;
#8463 = VERTEX_POINT ( 'NONE', #8305 ) ;
#8464 = ORIENTED_EDGE ( 'NONE', *, *, #1076, .T. ) ;
#8465 = DIRECTION ( 'NONE',  ( -0.000000000000000000, -0.000000000000000000, 1.000000000000000000 ) ) ;
#8466 = CARTESIAN_POINT ( 'NONE',  ( -4.749999999999985789, 10.93891149740486668, -3.000000000000000000 ) ) ;
#8467 = DIRECTION ( 'NONE',  ( 0.000000000000000000, -0.000000000000000000, -1.000000000000000000 ) ) ;
#8468 = VERTEX_POINT ( 'NONE', #3111 ) ;
#8469 = EDGE_LOOP ( 'NONE', ( #864, #699, #8984, #9691 ) ) ;
#8470 = FACE_BOUND ( 'NONE', #7339, .T. ) ;
#8471 = VERTEX_POINT ( 'NONE', #2963 ) ;
#8472 = FACE_BOUND ( 'NONE', #2374, .T. ) ;
#8473 = DIRECTION ( 'NONE',  ( -0.000000000000000000, 0.000000000000000000, 1.000000000000000000 ) ) ;
#8474 = CARTESIAN_POINT ( 'NONE',  ( 12.75000000000011902, 0.9389114974048661244, 1.000000000000000000 ) ) ;
#8475 = DIRECTION ( 'NONE',  ( 1.000000000000000000, 0.000000000000000000, 0.000000000000000000 ) ) ;
#8476 = DIRECTION ( 'NONE',  ( -0.000000000000000000, -0.000000000000000000, 1.000000000000000000 ) ) ;
#8477 = DIRECTION ( 'NONE',  ( -0.000000000000000000, -0.000000000000000000, 1.000000000000000000 ) ) ;
#8478 = ORIENTED_EDGE ( 'NONE', *, *, #953, .T. ) ;
#8479 = EDGE_CURVE ( 'NONE', #1819, #9440, #7767, .T. ) ;
#8480 = EDGE_CURVE ( 'NONE', #7298, #3563, #2182, .T. ) ;
#8481 = ORIENTED_EDGE ( 'NONE', *, *, #9480, .F. ) ;
#8482 = DIRECTION ( 'NONE',  ( 1.000000000000000000, 0.000000000000000000, 0.000000000000000000 ) ) ;
#8483 = DIRECTION ( 'NONE',  ( -0.000000000000000000, 0.000000000000000000, 1.000000000000000000 ) ) ;
#8484 = DIRECTION ( 'NONE',  ( 0.000000000000000000, -0.000000000000000000, -1.000000000000000000 ) ) ;
#8485 = CYLINDRICAL_SURFACE ( 'NONE', #8408, 0.7500000000000006661 ) ;
#8486 = EDGE_LOOP ( 'NONE', ( #4880, #6002, #2616, #9312 ) ) ;
#8487 = DIRECTION ( 'NONE',  ( -1.000000000000000000, -0.000000000000000000, -0.000000000000000000 ) ) ;
#8488 = FACE_OUTER_BOUND ( 'NONE', #3463, .T. ) ;
#8489 = DIRECTION ( 'NONE',  ( 0.000000000000000000, -0.000000000000000000, -1.000000000000000000 ) ) ;
#8490 = ORIENTED_EDGE ( 'NONE', *, *, #5350, .T. ) ;
#8491 = CARTESIAN_POINT ( 'NONE',  ( -2.749999999999882760, 0.9389114974048662354, 1.000000000000000000 ) ) ;
#8492 = ORIENTED_EDGE ( 'NONE', *, *, #1357, .F. ) ;
#8493 = DIRECTION ( 'NONE',  ( 0.000000000000000000, -0.000000000000000000, -1.000000000000000000 ) ) ;
#8494 = CARTESIAN_POINT ( 'NONE',  ( 4.250000000000097700, 2.938911497404866235, 1.000000000000000000 ) ) ;
#8495 = AXIS2_PLACEMENT_3D ( 'NONE', #8826, #7305, #2763 ) ;
#8496 = ORIENTED_EDGE ( 'NONE', *, *, #1479, .T. ) ;
#8497 = EDGE_CURVE ( 'NONE', #4635, #9724, #1927, .T. ) ;
#8498 = ORIENTED_EDGE ( 'NONE', *, *, #9130, .T. ) ;
#8499 = CARTESIAN_POINT ( 'NONE',  ( -8.999999999999987566, 10.93891149740486668, 0.000000000000000000 ) ) ;
#8500 = CIRCLE ( 'NONE', #3607, 0.7500000000000006661 ) ;
#8501 = ORIENTED_EDGE ( 'NONE', *, *, #6653, .F. ) ;
#8502 = EDGE_LOOP ( 'NONE', ( #7969, #9762 ) ) ;
#8503 = CARTESIAN_POINT ( 'NONE',  ( -8.999999999999987566, 10.93891149740486668, 1.000000000000000000 ) ) ;
#8504 = VERTEX_POINT ( 'NONE', #1428 ) ;
#8505 = CYLINDRICAL_SURFACE ( 'NONE', #6323, 0.7500000000000006661 ) ;
#8506 = ORIENTED_EDGE ( 'NONE', *, *, #6385, .T. ) ;
#8507 = EDGE_CURVE ( 'NONE', #4086, #3401, #5060, .T. ) ;
#8508 = ADVANCED_FACE ( 'NONE', ( #7618 ), #4576, .F. ) ;
#8509 = VERTEX_POINT ( 'NONE', #6873 ) ;
#8510 = DIRECTION ( 'NONE',  ( -0.000000000000000000, -0.000000000000000000, 1.000000000000000000 ) ) ;
#8511 = CIRCLE ( 'NONE', #2836, 0.7500000000000006661 ) ;
#8512 = DIRECTION ( 'NONE',  ( -0.000000000000000000, -0.000000000000000000, 1.000000000000000000 ) ) ;
#8513 = CARTESIAN_POINT ( 'NONE',  ( 9.250000000000181188, -5.061088502595135985, -3.000000000000000000 ) ) ;
#8514 = ORIENTED_EDGE ( 'NONE', *, *, #9713, .F. ) ;
#8515 = ORIENTED_EDGE ( 'NONE', *, *, #7597, .T. ) ;
#8516 = FACE_BOUND ( 'NONE', #609, .T. ) ;
#8517 = VERTEX_POINT ( 'NONE', #4434 ) ;
#8518 = LINE ( 'NONE', #2542, #9345 ) ;
#8519 = DIRECTION ( 'NONE',  ( -0.000000000000000000, 0.000000000000000000, 1.000000000000000000 ) ) ;
#8520 = ADVANCED_FACE ( 'NONE', ( #2284 ), #1531, .F. ) ;
#8521 = CARTESIAN_POINT ( 'NONE',  ( 2.250000000000118128, 0.9389114974048661244, -3.000000000000000000 ) ) ;
#8522 = FACE_OUTER_BOUND ( 'NONE', #8323, .T. ) ;
#8523 = CARTESIAN_POINT ( 'NONE',  ( 2.250000000000263789, -13.06108850259513510, 1.000000000000000000 ) ) ;
#8524 = AXIS2_PLACEMENT_3D ( 'NONE', #5615, #2021, #5008 ) ;
#8525 = DIRECTION ( 'NONE',  ( 1.000000000000000000, 0.000000000000000000, 0.000000000000000000 ) ) ;
#8526 = ORIENTED_EDGE ( 'NONE', *, *, #6369, .T. ) ;
#8527 = DIRECTION ( 'NONE',  ( -0.000000000000000000, -0.000000000000000000, 1.000000000000000000 ) ) ;
#8528 = ORIENTED_EDGE ( 'NONE', *, *, #4051, .T. ) ;
#8529 = AXIS2_PLACEMENT_3D ( 'NONE', #5705, #1216, #2612 ) ;
#8530 = CARTESIAN_POINT ( 'NONE',  ( 9.250000000000119016, 0.9389114974048661244, -3.000000000000000000 ) ) ;
#8531 = DIRECTION ( 'NONE',  ( 1.000000000000000000, 0.000000000000000000, 0.000000000000000000 ) ) ;
#8532 = CIRCLE ( 'NONE', #3480, 0.7500000000000004441 ) ;
#8533 = CIRCLE ( 'NONE', #5, 0.7999999999999986011 ) ;
#8534 = FACE_OUTER_BOUND ( 'NONE', #6008, .T. ) ;
#8535 = CYLINDRICAL_SURFACE ( 'NONE', #519, 0.7500000000000006661 ) ;
#8536 = EDGE_LOOP ( 'NONE', ( #4613, #6761, #4340, #7471 ) ) ;
#8537 = CYLINDRICAL_SURFACE ( 'NONE', #9687, 0.7500000000000006661 ) ;
#8538 = DIRECTION ( 'NONE',  ( 1.000000000000000000, 0.000000000000000000, 0.000000000000000000 ) ) ;
#8539 = EDGE_CURVE ( 'NONE', #5004, #7237, #8991, .T. ) ;
#8540 = EDGE_CURVE ( 'NONE', #8137, #2554, #8451, .T. ) ;
#8541 = LINE ( 'NONE', #1772, #9330 ) ;
#8542 = AXIS2_PLACEMENT_3D ( 'NONE', #2766, #8736, #1120 ) ;
#8543 = VECTOR ( 'NONE', #247, 1000.000000000000000 ) ;
#8544 = AXIS2_PLACEMENT_3D ( 'NONE', #6216, #8593, #9274 ) ;
#8545 = ORIENTED_EDGE ( 'NONE', *, *, #9653, .T. ) ;
#8546 = DIRECTION ( 'NONE',  ( -0.000000000000000000, -0.000000000000000000, 1.000000000000000000 ) ) ;
#8547 = CIRCLE ( 'NONE', #5531, 0.7500000000000006661 ) ;
#8548 = DIRECTION ( 'NONE',  ( -0.000000000000000000, -0.000000000000000000, 1.000000000000000000 ) ) ;
#8549 = AXIS2_PLACEMENT_3D ( 'NONE', #9497, #5675, #8708 ) ;
#8550 = CARTESIAN_POINT ( 'NONE',  ( 12.00000000000020073, -7.061088502595134209, -3.000000000000000000 ) ) ;
#8551 = VERTEX_POINT ( 'NONE', #5569 ) ;
#8552 = AXIS2_PLACEMENT_3D ( 'NONE', #4470, #6752, #7501 ) ;
#8554 = ORIENTED_EDGE ( 'NONE', *, *, #7913, .T. ) ;
#8553 = AXIS2_PLACEMENT_3D ( 'NONE', #1786, #8455, #4788 ) ;
#8555 = CYLINDRICAL_SURFACE ( 'NONE', #8553, 0.7500000000000006661 ) ;
#8556 = AXIS2_PLACEMENT_3D ( 'NONE', #1520, #3730, #9616 ) ;
#8557 = ORIENTED_EDGE ( 'NONE', *, *, #6534, .T. ) ;
#8558 = VECTOR ( 'NONE', #7858, 1000.000000000000000 ) ;
#8559 = EDGE_CURVE ( 'NONE', #129, #7265, #7857, .T. ) ;
#8560 = EDGE_LOOP ( 'NONE', ( #9246, #5433, #3484, #4844 ) ) ;
#8561 = CARTESIAN_POINT ( 'NONE',  ( 8.500000000000014211, 10.93891149740486668, -3.000000000000000000 ) ) ;
#8562 = LINE ( 'NONE', #7866, #8543 ) ;
#8563 = EDGE_LOOP ( 'NONE', ( #6018, #371 ) ) ;
#8564 = ORIENTED_EDGE ( 'NONE', *, *, #8111, .T. ) ;
#8565 = CARTESIAN_POINT ( 'NONE',  ( -5.499999999999861444, -1.061088502595133765, 0.000000000000000000 ) ) ;
#8566 = VECTOR ( 'NONE', #526, 1000.000000000000000 ) ;
#8567 = AXIS2_PLACEMENT_3D ( 'NONE', #9760, #9034, #8340 ) ;
#8568 = DIRECTION ( 'NONE',  ( -0.000000000000000000, -0.000000000000000000, 1.000000000000000000 ) ) ;
#8569 = VERTEX_POINT ( 'NONE', #1827 ) ;
#8570 = EDGE_CURVE ( 'NONE', #8309, #1148, #5700, .T. ) ;
#8571 = FACE_BOUND ( 'NONE', #5848, .T. ) ;
#8572 = AXIS2_PLACEMENT_3D ( 'NONE', #6091, #6049, #718 ) ;
#8573 = ORIENTED_EDGE ( 'NONE', *, *, #4432, .T. ) ;
#8574 = FACE_BOUND ( 'NONE', #7439, .T. ) ;
#8575 = CARTESIAN_POINT ( 'NONE',  ( 8.500000000000202505, -7.061088502595134209, -3.000000000000000000 ) ) ;
#8576 = CYLINDRICAL_SURFACE ( 'NONE', #9368, 0.7500000000000006661 ) ;
#8577 = CYLINDRICAL_SURFACE ( 'NONE', #2539, 0.7500000000000006661 ) ;
#8578 = LINE ( 'NONE', #9515, #5880 ) ;
#8579 = CARTESIAN_POINT ( 'NONE',  ( -5.499999999999924505, 4.938911497404866680, -3.000000000000000000 ) ) ;
#8580 = ORIENTED_EDGE ( 'NONE', *, *, #1984, .T. ) ;
#8581 = EDGE_CURVE ( 'NONE', #897, #4501, #7709, .T. ) ;
#8582 = ADVANCED_FACE ( 'NONE', ( #932 ), #1080, .F. ) ;
#8583 = CARTESIAN_POINT ( 'NONE',  ( 1.500000000000096811, 2.938911497404866235, -3.000000000000000000 ) ) ;
#8584 = ORIENTED_EDGE ( 'NONE', *, *, #4201, .F. ) ;
#8585 = CARTESIAN_POINT ( 'NONE',  ( -13.24999999999988276, 0.9389114974048662354, 1.000000000000000000 ) ) ;
#8586 = DIRECTION ( 'NONE',  ( 0.000000000000000000, -0.000000000000000000, -1.000000000000000000 ) ) ;
#8587 = CIRCLE ( 'NONE', #6050, 0.7500000000000006661 ) ;
#8588 = CARTESIAN_POINT ( 'NONE',  ( -26.49999999999999645, 9.000000000000005329, 12.00000000000000000 ) ) ;
#8589 = CARTESIAN_POINT ( 'NONE',  ( -2.749999999999820144, -5.061088502595135985, 1.000000000000000000 ) ) ;
#8590 = ORIENTED_EDGE ( 'NONE', *, *, #318, .F. ) ;
#8591 = CARTESIAN_POINT ( 'NONE',  ( -8.999999999999925393, 4.938911497404866680, 1.000000000000000000 ) ) ;
#8592 = DIRECTION ( 'NONE',  ( -0.000000000000000000, -0.000000000000000000, 1.000000000000000000 ) ) ;
#8593 = DIRECTION ( 'NONE',  ( -0.000000000000000000, 0.000000000000000000, 1.000000000000000000 ) ) ;
#8594 = CIRCLE ( 'NONE', #5583, 0.7500000000000006661 ) ;
#8595 = ADVANCED_FACE ( 'NONE', ( #3156 ), #337, .F. ) ;
#8596 = ORIENTED_EDGE ( 'NONE', *, *, #4338, .F. ) ;
#8597 = CARTESIAN_POINT ( 'NONE',  ( -6.249999999999800160, -7.061088502595134209, -3.000000000000000000 ) ) ;
#8598 = EDGE_LOOP ( 'NONE', ( #4955, #1302 ) ) ;
#8599 = EDGE_CURVE ( 'NONE', #5410, #7721, #7926, .T. ) ;
#8600 = CARTESIAN_POINT ( 'NONE',  ( -2.749999999999965805, 8.938911497404866680, 0.000000000000000000 ) ) ;
#8601 = CARTESIAN_POINT ( 'NONE',  ( 8.500000000000035527, 8.938911497404866680, -3.000000000000000000 ) ) ;
#8602 = VERTEX_POINT ( 'NONE', #192 ) ;
#8603 = CIRCLE ( 'NONE', #3693, 0.7500000000000006661 ) ;
#8604 = ORIENTED_EDGE ( 'NONE', *, *, #4575, .T. ) ;
#8605 = CARTESIAN_POINT ( 'NONE',  ( 12.00000000000009770, 2.938911497404866235, 1.000000000000000000 ) ) ;
#8606 = EDGE_LOOP ( 'NONE', ( #2143, #1364, #8994, #8382 ) ) ;
#8607 = EDGE_CURVE ( 'NONE', #8906, #7919, #182, .T. ) ;
#8608 = ORIENTED_EDGE ( 'NONE', *, *, #8480, .F. ) ;
#8609 = LINE ( 'NONE', #3167, #304 ) ;
#8610 = ORIENTED_EDGE ( 'NONE', *, *, #4840, .T. ) ;
#8611 = EDGE_CURVE ( 'NONE', #9692, #2828, #2240, .T. ) ;
#8612 = CARTESIAN_POINT ( 'NONE',  ( -12.49999999999998757, 10.93891149740486668, 0.000000000000000000 ) ) ;
#8613 = EDGE_LOOP ( 'NONE', ( #2939, #5507 ) ) ;
#8614 = EDGE_LOOP ( 'NONE', ( #3017, #3421, #8821, #4344 ) ) ;
#8615 = DIRECTION ( 'NONE',  ( -0.000000000000000000, -0.000000000000000000, 1.000000000000000000 ) ) ;
#8616 = LINE ( 'NONE', #6187, #9489 ) ;
#8617 = EDGE_CURVE ( 'NONE', #3786, #7440, #1675, .T. ) ;
#8618 = VERTEX_POINT ( 'NONE', #6222 ) ;
#8619 = FACE_BOUND ( 'NONE', #9066, .T. ) ;
#8620 = ORIENTED_EDGE ( 'NONE', *, *, #998, .T. ) ;
#8621 = FACE_BOUND ( 'NONE', #1602, .T. ) ;
#8622 = DIRECTION ( 'NONE',  ( -0.000000000000000000, 0.000000000000000000, 1.000000000000000000 ) ) ;
#8623 = DIRECTION ( 'NONE',  ( -0.000000000000000000, -0.000000000000000000, 1.000000000000000000 ) ) ;
#8624 = CARTESIAN_POINT ( 'NONE',  ( -12.49999999999992362, 4.938911497404866680, 1.000000000000000000 ) ) ;
#8625 = EDGE_CURVE ( 'NONE', #3849, #3857, #9234, .T. ) ;
#8626 = CARTESIAN_POINT ( 'NONE',  ( -9.749999999999884537, 0.9389114974048662354, -3.000000000000000000 ) ) ;
#8627 = ADVANCED_FACE ( 'NONE', ( #2471 ), #2517, .F. ) ;
#8628 = DIRECTION ( 'NONE',  ( -0.000000000000000000, -0.000000000000000000, 1.000000000000000000 ) ) ;
#8629 = ORIENTED_EDGE ( 'NONE', *, *, #1799, .T. ) ;
#8630 = LINE ( 'NONE', #1022, #292 ) ;
#8631 = VERTEX_POINT ( 'NONE', #7816 ) ;
#8632 = FACE_OUTER_BOUND ( 'NONE', #13, .T. ) ;
#8633 = DIRECTION ( 'NONE',  ( 1.000000000000000000, 0.000000000000000000, 0.000000000000000000 ) ) ;
#8634 = DIRECTION ( 'NONE',  ( -0.000000000000000000, 0.000000000000000000, 1.000000000000000000 ) ) ;
#8635 = LINE ( 'NONE', #7104, #2882 ) ;
#8636 = EDGE_LOOP ( 'NONE', ( #2091, #5760 ) ) ;
#8637 = CARTESIAN_POINT ( 'NONE',  ( 2.250000000000263789, -13.06108850259513510, -3.000000000000000000 ) ) ;
#8638 = EDGE_CURVE ( 'NONE', #9117, #3717, #1287, .T. ) ;
#8639 = FACE_OUTER_BOUND ( 'NONE', #7844, .T. ) ;
#8640 = EDGE_CURVE ( 'NONE', #9478, #1788, #1299, .T. ) ;
#8641 = EDGE_CURVE ( 'NONE', #2034, #7502, #4782, .T. ) ;
#8642 = EDGE_CURVE ( 'NONE', #9128, #4170, #982, .T. ) ;
#8643 = DIRECTION ( 'NONE',  ( 0.000000000000000000, -0.000000000000000000, -1.000000000000000000 ) ) ;
#8644 = DIRECTION ( 'NONE',  ( -0.000000000000000000, 0.000000000000000000, 1.000000000000000000 ) ) ;
#8645 = VERTEX_POINT ( 'NONE', #8600 ) ;
#8646 = DIRECTION ( 'NONE',  ( 1.000000000000000000, 0.000000000000000000, 0.000000000000000000 ) ) ;
#8647 = CARTESIAN_POINT ( 'NONE',  ( 5.000000000000264677, -13.06108850259513510, -3.000000000000000000 ) ) ;
#8648 = ORIENTED_EDGE ( 'NONE', *, *, #1301, .T. ) ;
#8649 = AXIS2_PLACEMENT_3D ( 'NONE', #9699, #6644, #607 ) ;
#8650 = DIRECTION ( 'NONE',  ( 1.000000000000000000, 0.000000000000000000, 0.000000000000000000 ) ) ;
#8651 = EDGE_CURVE ( 'NONE', #1588, #3786, #5229, .T. ) ;
#8652 = DIRECTION ( 'NONE',  ( -0.000000000000000000, 0.000000000000000000, 1.000000000000000000 ) ) ;
#8653 = VERTEX_POINT ( 'NONE', #4670 ) ;
#8654 = CIRCLE ( 'NONE', #4374, 0.7500000000000006661 ) ;
#8655 = ORIENTED_EDGE ( 'NONE', *, *, #4980, .T. ) ;
#8656 = CARTESIAN_POINT ( 'NONE',  ( -4.750000000000007105, 12.93891149740486668, 1.000000000000000000 ) ) ;
#8657 = EDGE_LOOP ( 'NONE', ( #4367, #8804 ) ) ;
#8658 = CARTESIAN_POINT ( 'NONE',  ( 26.50000000000000711, -12.99999999999999645, 12.00000000000000000 ) ) ;
#8659 = EDGE_LOOP ( 'NONE', ( #8648, #1310 ) ) ;
#8660 = EDGE_LOOP ( 'NONE', ( #5941, #4571, #7548, #1957 ) ) ;
#8661 = CARTESIAN_POINT ( 'NONE',  ( 8.500000000000014211, 10.93891149740486668, 1.000000000000000000 ) ) ;
#8662 = DIRECTION ( 'NONE',  ( -0.000000000000000000, 0.000000000000000000, 1.000000000000000000 ) ) ;
#8663 = ADVANCED_FACE ( 'NONE', ( #6573 ), #4925, .F. ) ;
#8664 = EDGE_CURVE ( 'NONE', #2389, #9342, #7263, .T. ) ;
#8665 = EDGE_LOOP ( 'NONE', ( #2346, #63, #8691, #3890 ) ) ;
#8666 = FACE_BOUND ( 'NONE', #7509, .T. ) ;
#8667 = ORIENTED_EDGE ( 'NONE', *, *, #6990, .T. ) ;
#8668 = AXIS2_PLACEMENT_3D ( 'NONE', #6604, #8822, #8179 ) ;
#8669 = DIRECTION ( 'NONE',  ( 1.000000000000000000, 0.000000000000000000, 0.000000000000000000 ) ) ;
#8670 = DIRECTION ( 'NONE',  ( 1.000000000000000000, 0.000000000000000000, 0.000000000000000000 ) ) ;
#8671 = CARTESIAN_POINT ( 'NONE',  ( -29.30000000000000782, -11.00000000000000178, 12.00000000000000000 ) ) ;
#8672 = CARTESIAN_POINT ( 'NONE',  ( 4.999999999999993783, 12.93891149740486668, 1.000000000000000000 ) ) ;
#8673 = DIRECTION ( 'NONE',  ( 1.000000000000000000, 0.000000000000000000, 0.000000000000000000 ) ) ;
#8674 = AXIS2_PLACEMENT_3D ( 'NONE', #7341, #6497, #1304 ) ;
#8675 = ORIENTED_EDGE ( 'NONE', *, *, #8457, .F. ) ;
#8676 = DIRECTION ( 'NONE',  ( 1.000000000000000000, 0.000000000000000000, 0.000000000000000000 ) ) ;
#8677 = EDGE_CURVE ( 'NONE', #8316, #6205, #5068, .T. ) ;
#8678 = EDGE_LOOP ( 'NONE', ( #8160, #2128, #390, #7950 ) ) ;
#8679 = LINE ( 'NONE', #7890, #3641 ) ;
#8680 = DIRECTION ( 'NONE',  ( -0.000000000000000000, -0.000000000000000000, 1.000000000000000000 ) ) ;
#8681 = DIRECTION ( 'NONE',  ( -0.000000000000000000, -0.000000000000000000, 1.000000000000000000 ) ) ;
#8682 = CYLINDRICAL_SURFACE ( 'NONE', #7155, 0.7500000000000006661 ) ;
#8683 = VECTOR ( 'NONE', #6537, 1000.000000000000000 ) ;
#8684 = VERTEX_POINT ( 'NONE', #3502 ) ;
#8685 = DIRECTION ( 'NONE',  ( -0.000000000000000000, 0.000000000000000000, 1.000000000000000000 ) ) ;
#8686 = LINE ( 'NONE', #429, #671 ) ;
#8687 = FACE_OUTER_BOUND ( 'NONE', #7372, .T. ) ;
#8688 = AXIS2_PLACEMENT_3D ( 'NONE', #6840, #4643, #903 ) ;
#8689 = EDGE_CURVE ( 'NONE', #7621, #51, #6520, .T. ) ;
#8690 = VECTOR ( 'NONE', #4164, 1000.000000000000000 ) ;
#8691 = ORIENTED_EDGE ( 'NONE', *, *, #4376, .T. ) ;
#8692 = CARTESIAN_POINT ( 'NONE',  ( 9.250000000000078160, 4.938911497404866680, 1.000000000000000000 ) ) ;
#8693 = DIRECTION ( 'NONE',  ( 0.000000000000000000, -0.000000000000000000, -1.000000000000000000 ) ) ;
#8694 = DIRECTION ( 'NONE',  ( -0.000000000000000000, -0.000000000000000000, 1.000000000000000000 ) ) ;
#8695 = EDGE_LOOP ( 'NONE', ( #7227, #3108 ) ) ;
#8696 = CARTESIAN_POINT ( 'NONE',  ( -8.999999999999820588, -5.061088502595135985, 0.000000000000000000 ) ) ;
#8697 = VECTOR ( 'NONE', #7802, 1000.000000000000000 ) ;
#8698 = DIRECTION ( 'NONE',  ( 1.000000000000000000, 0.000000000000000000, 0.000000000000000000 ) ) ;
#8699 = CARTESIAN_POINT ( 'NONE',  ( -5.499999999999903189, 2.938911497404866235, 1.000000000000000000 ) ) ;
#8700 = AXIS2_PLACEMENT_3D ( 'NONE', #1050, #1095, #1842 ) ;
#8701 = CIRCLE ( 'NONE', #965, 0.7500000000000006661 ) ;
#8702 = EDGE_CURVE ( 'NONE', #2683, #2014, #821, .T. ) ;
#8703 = VERTEX_POINT ( 'NONE', #5067 ) ;
#8704 = CARTESIAN_POINT ( 'NONE',  ( -2.749999999999778844, -9.061088502595131544, 1.000000000000000000 ) ) ;
#8705 = ORIENTED_EDGE ( 'NONE', *, *, #6627, .T. ) ;
#8706 = AXIS2_PLACEMENT_3D ( 'NONE', #3194, #5492, #7051 ) ;
#8707 = AXIS2_PLACEMENT_3D ( 'NONE', #6173, #1580, #96 ) ;
#8708 = DIRECTION ( 'NONE',  ( 1.000000000000000000, 0.000000000000000000, 0.000000000000000000 ) ) ;
#8709 = EDGE_LOOP ( 'NONE', ( #7222, #3670 ) ) ;
#8710 = ORIENTED_EDGE ( 'NONE', *, *, #8258, .F. ) ;
#8711 = DIRECTION ( 'NONE',  ( 1.000000000000000000, 0.000000000000000000, 0.000000000000000000 ) ) ;
#8712 = DIRECTION ( 'NONE',  ( -0.000000000000000000, -0.000000000000000000, 1.000000000000000000 ) ) ;
#8713 = VECTOR ( 'NONE', #1486, 1000.000000000000000 ) ;
#8714 = CIRCLE ( 'NONE', #4433, 0.7500000000000006661 ) ;
#8715 = ORIENTED_EDGE ( 'NONE', *, *, #7492, .F. ) ;
#8716 = CARTESIAN_POINT ( 'NONE',  ( 5.000000000000244249, -11.06108850259513332, 0.000000000000000000 ) ) ;
#8717 = ORIENTED_EDGE ( 'NONE', *, *, #8158, .T. ) ;
#8718 = VECTOR ( 'NONE', #9674, 1000.000000000000000 ) ;
#8719 = EDGE_CURVE ( 'NONE', #6667, #1471, #8107, .T. ) ;
#8720 = EDGE_CURVE ( 'NONE', #8551, #8946, #1936, .T. ) ;
#8721 = DIRECTION ( 'NONE',  ( 0.000000000000000000, -0.000000000000000000, -1.000000000000000000 ) ) ;
#8722 = DIRECTION ( 'NONE',  ( -0.000000000000000000, -0.000000000000000000, 1.000000000000000000 ) ) ;
#8723 = ORIENTED_EDGE ( 'NONE', *, *, #7796, .F. ) ;
#8724 = CARTESIAN_POINT ( 'NONE',  ( 5.000000000000181188, -5.061088502595135985, 1.000000000000000000 ) ) ;
#8725 = DIRECTION ( 'NONE',  ( 1.000000000000000000, 0.000000000000000000, 0.000000000000000000 ) ) ;
#8726 = CYLINDRICAL_SURFACE ( 'NONE', #5702, 0.7500000000000006661 ) ;
#8727 = ORIENTED_EDGE ( 'NONE', *, *, #4412, .F. ) ;
#8728 = ORIENTED_EDGE ( 'NONE', *, *, #9028, .F. ) ;
#8729 = AXIS2_PLACEMENT_3D ( 'NONE', #1913, #4912, #7212 ) ;
#8730 = DIRECTION ( 'NONE',  ( -0.000000000000000000, 0.000000000000000000, 1.000000000000000000 ) ) ;
#8731 = ORIENTED_EDGE ( 'NONE', *, *, #9531, .T. ) ;
#8732 = DIRECTION ( 'NONE',  ( -0.000000000000000000, 0.000000000000000000, 1.000000000000000000 ) ) ;
#8733 = AXIS2_PLACEMENT_3D ( 'NONE', #7840, #1060, #368 ) ;
#8734 = FACE_OUTER_BOUND ( 'NONE', #1246, .T. ) ;
#8735 = EDGE_CURVE ( 'NONE', #2950, #8137, #8247, .T. ) ;
#8736 = DIRECTION ( 'NONE',  ( 0.000000000000000000, -0.000000000000000000, -1.000000000000000000 ) ) ;
#8737 = DIRECTION ( 'NONE',  ( 1.000000000000000000, 0.000000000000000000, 0.000000000000000000 ) ) ;
#8738 = ORIENTED_EDGE ( 'NONE', *, *, #5106, .F. ) ;
#8739 = AXIS2_PLACEMENT_3D ( 'NONE', #115, #260, #7092 ) ;
#8740 = DIRECTION ( 'NONE',  ( -0.000000000000000000, 0.000000000000000000, 1.000000000000000000 ) ) ;
#8741 = CARTESIAN_POINT ( 'NONE',  ( -11.74999999999984013, -3.061088502595133765, 1.000000000000000000 ) ) ;
#8742 = CARTESIAN_POINT ( 'NONE',  ( -2.749999999999820144, -5.061088502595135985, -3.000000000000000000 ) ) ;
#8743 = ADVANCED_FACE ( 'NONE', ( #3452 ), #7365, .F. ) ;
#8744 = CIRCLE ( 'NONE', #2127, 0.7500000000000006661 ) ;
#8745 = ORIENTED_EDGE ( 'NONE', *, *, #4329, .T. ) ;
#8746 = CARTESIAN_POINT ( 'NONE',  ( -1.999999999999757083, -11.06108850259513332, 1.000000000000000000 ) ) ;
#8747 = ORIENTED_EDGE ( 'NONE', *, *, #570, .T. ) ;
#8748 = DIRECTION ( 'NONE',  ( -0.000000000000000000, -0.000000000000000000, 1.000000000000000000 ) ) ;
#8749 = CARTESIAN_POINT ( 'NONE',  ( -1.999999999999965361, 8.938911497404866680, 0.000000000000000000 ) ) ;
#8750 = ORIENTED_EDGE ( 'NONE', *, *, #1481, .T. ) ;
#8751 = DIRECTION ( 'NONE',  ( -0.000000000000000000, -0.000000000000000000, 1.000000000000000000 ) ) ;
#8753 = FACE_OUTER_BOUND ( 'NONE', #1877, .T. ) ;
#8752 = AXIS2_PLACEMENT_3D ( 'NONE', #9607, #1370, #2064 ) ;
#8754 = CARTESIAN_POINT ( 'NONE',  ( -13.24999999999998757, 10.93891149740486668, 0.000000000000000000 ) ) ;
#8755 = EDGE_CURVE ( 'NONE', #4956, #4428, #5766, .T. ) ;
#8756 = ORIENTED_EDGE ( 'NONE', *, *, #7898, .T. ) ;
#8757 = CARTESIAN_POINT ( 'NONE',  ( -2.749999999999986677, 10.93891149740486668, 1.000000000000000000 ) ) ;
#8758 = ORIENTED_EDGE ( 'NONE', *, *, #4102, .F. ) ;
#8759 = CYLINDRICAL_SURFACE ( 'NONE', #5217, 0.7500000000000006661 ) ;
#8760 = VERTEX_POINT ( 'NONE', #5617 ) ;
#8761 = ORIENTED_EDGE ( 'NONE', *, *, #2379, .F. ) ;
#8762 = LINE ( 'NONE', #405, #4467 ) ;
#8763 = DIRECTION ( 'NONE',  ( -0.000000000000000000, 0.000000000000000000, 1.000000000000000000 ) ) ;
#8764 = ADVANCED_FACE ( 'NONE', ( #3408 ), #8050, .F. ) ;
#8765 = EDGE_CURVE ( 'NONE', #1021, #7704, #6019, .T. ) ;
#8766 = ORIENTED_EDGE ( 'NONE', *, *, #5280, .F. ) ;
#8767 = DIRECTION ( 'NONE',  ( 0.000000000000000000, -1.000000000000000000, 0.000000000000000000 ) ) ;
#8768 = AXIS2_PLACEMENT_3D ( 'NONE', #9648, #4312, #5181 ) ;
#8769 = CARTESIAN_POINT ( 'NONE',  ( -1.999999999999757083, -11.06108850259513332, -3.000000000000000000 ) ) ;
#8770 = DIRECTION ( 'NONE',  ( 1.000000000000000000, 0.000000000000000000, 0.000000000000000000 ) ) ;
#8771 = EDGE_LOOP ( 'NONE', ( #5795, #5755 ) ) ;
#8772 = CARTESIAN_POINT ( 'NONE',  ( -6.249999999999758415, -11.06108850259513332, -3.000000000000000000 ) ) ;
#8773 = CARTESIAN_POINT ( 'NONE',  ( 5.750000000000078160, 4.938911497404866680, 0.000000000000000000 ) ) ;
#8774 = ORIENTED_EDGE ( 'NONE', *, *, #1810, .T. ) ;
#8775 = ORIENTED_EDGE ( 'NONE', *, *, #4864, .T. ) ;
#8776 = EDGE_LOOP ( 'NONE', ( #4723, #3899, #3564, #5485 ) ) ;
#8777 = VERTEX_POINT ( 'NONE', #4184 ) ;
#8778 = DIRECTION ( 'NONE',  ( 1.000000000000000000, 0.000000000000000000, 0.000000000000000000 ) ) ;
#8779 = VERTEX_POINT ( 'NONE', #4281 ) ;
#8780 = CYLINDRICAL_SURFACE ( 'NONE', #959, 0.7500000000000006661 ) ;
#8781 = CARTESIAN_POINT ( 'NONE',  ( 11.25000000000024158, -11.06108850259513332, -3.000000000000000000 ) ) ;
#8782 = CARTESIAN_POINT ( 'NONE',  ( 26.50000000000000711, 13.00000000000000178, 12.00000000000000000 ) ) ;
#8783 = DIRECTION ( 'NONE',  ( 0.000000000000000000, -0.000000000000000000, -1.000000000000000000 ) ) ;
#8784 = ORIENTED_EDGE ( 'NONE', *, *, #6888, .F. ) ;
#8785 = FACE_OUTER_BOUND ( 'NONE', #7722, .T. ) ;
#8786 = DIRECTION ( 'NONE',  ( -0.000000000000000000, 0.000000000000000000, 1.000000000000000000 ) ) ;
#8787 = CARTESIAN_POINT ( 'NONE',  ( 1.499999999999992673, 12.93891149740486668, -3.000000000000000000 ) ) ;
#8788 = EDGE_CURVE ( 'NONE', #3329, #5384, #7458, .T. ) ;
#8789 = EDGE_CURVE ( 'NONE', #84, #8132, #187, .T. ) ;
#8790 = DIRECTION ( 'NONE',  ( -0.000000000000000000, -0.000000000000000000, 1.000000000000000000 ) ) ;
#8791 = EDGE_LOOP ( 'NONE', ( #3638, #2156 ) ) ;
#8792 = CARTESIAN_POINT ( 'NONE',  ( -12.49999999999986144, -1.061088502595133765, 1.000000000000000000 ) ) ;
#8793 = DIRECTION ( 'NONE',  ( -0.000000000000000000, -0.000000000000000000, 1.000000000000000000 ) ) ;
#8794 = EDGE_LOOP ( 'NONE', ( #4117, #4104 ) ) ;
#8795 = CARTESIAN_POINT ( 'NONE',  ( -11.74999999999990230, 2.938911497404866235, 1.000000000000000000 ) ) ;
#8796 = DIRECTION ( 'NONE',  ( -0.000000000000000000, -0.000000000000000000, 1.000000000000000000 ) ) ;
#8797 = DIRECTION ( 'NONE',  ( 1.000000000000000000, 0.000000000000000000, 0.000000000000000000 ) ) ;
#8798 = ORIENTED_EDGE ( 'NONE', *, *, #5845, .T. ) ;
#8799 = CARTESIAN_POINT ( 'NONE',  ( 30.50000000000000711, -8.999999999999996447, 2.000000000000000000 ) ) ;
#8800 = ORIENTED_EDGE ( 'NONE', *, *, #5211, .T. ) ;
#8801 = EDGE_CURVE ( 'NONE', #4108, #1644, #503, .T. ) ;
#8802 = CARTESIAN_POINT ( 'NONE',  ( 2.250000000000035083, 8.938911497404866680, -3.000000000000000000 ) ) ;
#8803 = FACE_BOUND ( 'NONE', #2521, .T. ) ;
#8804 = ORIENTED_EDGE ( 'NONE', *, *, #8181, .T. ) ;
#8805 = ORIENTED_EDGE ( 'NONE', *, *, #3051, .T. ) ;
#8806 = FACE_OUTER_BOUND ( 'NONE', #1941, .T. ) ;
#8807 = DIRECTION ( 'NONE',  ( 1.000000000000000000, 0.000000000000000000, 0.000000000000000000 ) ) ;
#8808 = VERTEX_POINT ( 'NONE', #1186 ) ;
#8809 = CARTESIAN_POINT ( 'NONE',  ( 9.250000000000056843, 6.938911497404866680, 1.000000000000000000 ) ) ;
#8810 = EDGE_CURVE ( 'NONE', #2590, #8684, #4971, .T. ) ;
#8811 = PRODUCT_RELATED_PRODUCT_CATEGORY ( 'part', '', ( #9198 ) ) ;
#8812 = DIRECTION ( 'NONE',  ( 1.000000000000000000, 0.000000000000000000, 0.000000000000000000 ) ) ;
#8813 = CARTESIAN_POINT ( 'NONE',  ( -12.49999999999973710, -13.06108850259513510, 1.000000000000000000 ) ) ;
#8814 = AXIS2_PLACEMENT_3D ( 'NONE', #2986, #2117, #3720 ) ;
#8815 = ORIENTED_EDGE ( 'NONE', *, *, #6672, .F. ) ;
#8816 = CARTESIAN_POINT ( 'NONE',  ( 5.750000000000223821, -9.061088502595131544, -3.000000000000000000 ) ) ;
#8817 = CARTESIAN_POINT ( 'NONE',  ( 30.50000000000000711, 9.000000000000001776, 12.00000000000000000 ) ) ;
#8818 = VERTEX_POINT ( 'NONE', #9481 ) ;
#8819 = EDGE_LOOP ( 'NONE', ( #2234, #2174 ) ) ;
#8820 = VERTEX_POINT ( 'NONE', #2724 ) ;
#8821 = ORIENTED_EDGE ( 'NONE', *, *, #6962, .T. ) ;
#8822 = DIRECTION ( 'NONE',  ( -0.000000000000000000, -0.000000000000000000, 1.000000000000000000 ) ) ;
#8823 = EDGE_CURVE ( 'NONE', #5321, #6768, #9181, .T. ) ;
#8824 = ORIENTED_EDGE ( 'NONE', *, *, #2674, .F. ) ;
#8825 = CARTESIAN_POINT ( 'NONE',  ( 2.250000000000242917, -11.06108850259513332, -3.000000000000000000 ) ) ;
#8826 = CARTESIAN_POINT ( 'NONE',  ( 1.500000000000034195, 8.938911497404866680, -3.000000000000000000 ) ) ;
#8827 = LINE ( 'NONE', #8040, #5548 ) ;
#8828 = LINE ( 'NONE', #527, #1468 ) ;
#8829 = VERTEX_POINT ( 'NONE', #1563 ) ;
#8830 = DIRECTION ( 'NONE',  ( -0.000000000000000000, -0.000000000000000000, 1.000000000000000000 ) ) ;
#8831 = CARTESIAN_POINT ( 'NONE',  ( 1.500000000000200728, -7.061088502595134209, 1.000000000000000000 ) ) ;
#8832 = AXIS2_PLACEMENT_3D ( 'NONE', #9554, #2746, #9593 ) ;
#8833 = CARTESIAN_POINT ( 'NONE',  ( 11.25000000000024158, -11.06108850259513332, 1.000000000000000000 ) ) ;
#8834 = ORIENTED_EDGE ( 'NONE', *, *, #7054, .F. ) ;
#8835 = VECTOR ( 'NONE', #4045, 1000.000000000000000 ) ;
#8836 = DIRECTION ( 'NONE',  ( 1.000000000000000000, 0.000000000000000000, 0.000000000000000000 ) ) ;
#8837 = ORIENTED_EDGE ( 'NONE', *, *, #8625, .F. ) ;
#8838 = DIRECTION ( 'NONE',  ( -0.000000000000000000, 0.000000000000000000, 1.000000000000000000 ) ) ;
#8839 = CYLINDRICAL_SURFACE ( 'NONE', #4760, 0.7500000000000006661 ) ;
#8840 = EDGE_CURVE ( 'NONE', #2331, #5949, #6343, .T. ) ;
#8841 = ORIENTED_EDGE ( 'NONE', *, *, #5015, .F. ) ;
#8842 = EDGE_CURVE ( 'NONE', #6615, #7, #4562, .T. ) ;
#8843 = ORIENTED_EDGE ( 'NONE', *, *, #7110, .F. ) ;
#8844 = CARTESIAN_POINT ( 'NONE',  ( -8.250000000000007105, 12.93891149740486668, 0.000000000000000000 ) ) ;
#8845 = CIRCLE ( 'NONE', #9627, 0.7500000000000006661 ) ;
#8846 = DIRECTION ( 'NONE',  ( -0.000000000000000000, 0.000000000000000000, 1.000000000000000000 ) ) ;
#8847 = ORIENTED_EDGE ( 'NONE', *, *, #1448, .F. ) ;
#8848 = CARTESIAN_POINT ( 'NONE',  ( -12.49999999999977796, -9.061088502595131544, 0.000000000000000000 ) ) ;
#8849 = CIRCLE ( 'NONE', #6484, 0.7999999999999986011 ) ;
#8850 = FACE_BOUND ( 'NONE', #6278, .T. ) ;
#8851 = ORIENTED_EDGE ( 'NONE', *, *, #3674, .F. ) ;
#8852 = CIRCLE ( 'NONE', #796, 0.7500000000000006661 ) ;
#8853 = ORIENTED_EDGE ( 'NONE', *, *, #3209, .F. ) ;
#8854 = DIRECTION ( 'NONE',  ( 1.000000000000000000, 0.000000000000000000, 0.000000000000000000 ) ) ;
#8855 = CARTESIAN_POINT ( 'NONE',  ( -1.999999999999944489, 6.938911497404866680, 1.000000000000000000 ) ) ;
#8856 = CIRCLE ( 'NONE', #6001, 0.7500000000000006661 ) ;
#8857 = EDGE_CURVE ( 'NONE', #7526, #7782, #9026, .T. ) ;
#8858 = VECTOR ( 'NONE', #9245, 1000.000000000000000 ) ;
#8859 = ORIENTED_EDGE ( 'NONE', *, *, #608, .F. ) ;
#8860 = CIRCLE ( 'NONE', #4278, 0.7500000000000006661 ) ;
#8861 = CIRCLE ( 'NONE', #5051, 0.7500000000000006661 ) ;
#8862 = DIRECTION ( 'NONE',  ( 1.000000000000000000, 0.000000000000000000, 0.000000000000000000 ) ) ;
#8863 = AXIS2_PLACEMENT_3D ( 'NONE', #5993, #5191, #8286 ) ;
#8864 = DIRECTION ( 'NONE',  ( -0.000000000000000000, -0.000000000000000000, 1.000000000000000000 ) ) ;
#8865 = CIRCLE ( 'NONE', #6813, 0.7500000000000004441 ) ;
#8866 = ORIENTED_EDGE ( 'NONE', *, *, #6332, .F. ) ;
#8867 = CIRCLE ( 'NONE', #1773, 0.7500000000000006661 ) ;
#8868 = CARTESIAN_POINT ( 'NONE',  ( 8.500000000000181188, -5.061088502595135985, 0.000000000000000000 ) ) ;
#8869 = DIRECTION ( 'NONE',  ( -0.000000000000000000, -0.000000000000000000, 1.000000000000000000 ) ) ;
#8870 = ORIENTED_EDGE ( 'NONE', *, *, #681, .T. ) ;
#8871 = EDGE_LOOP ( 'NONE', ( #2620, #9309 ) ) ;
#8872 = EDGE_CURVE ( 'NONE', #8137, #2950, #1457, .T. ) ;
#8873 = ORIENTED_EDGE ( 'NONE', *, *, #3053, .T. ) ;
#8874 = VECTOR ( 'NONE', #2131, 1000.000000000000000 ) ;
#8875 = CARTESIAN_POINT ( 'NONE',  ( -4.749999999999861444, -1.061088502595133765, -3.000000000000000000 ) ) ;
#8876 = AXIS2_PLACEMENT_3D ( 'NONE', #1676, #3888, #9772 ) ;
#8877 = ORIENTED_EDGE ( 'NONE', *, *, #8872, .F. ) ;
#8878 = DIRECTION ( 'NONE',  ( 1.000000000000000000, 0.000000000000000000, 0.000000000000000000 ) ) ;
#8879 = CARTESIAN_POINT ( 'NONE',  ( -8.999999999999841904, -3.061088502595133765, 0.000000000000000000 ) ) ;
#8880 = AXIS2_PLACEMENT_3D ( 'NONE', #2016, #4075, #2618 ) ;
#8881 = CARTESIAN_POINT ( 'NONE',  ( 2.250000000000222489, -9.061088502595131544, 0.000000000000000000 ) ) ;
#8882 = DIRECTION ( 'NONE',  ( -0.000000000000000000, 0.000000000000000000, 1.000000000000000000 ) ) ;
#8883 = AXIS2_PLACEMENT_3D ( 'NONE', #273, #3297, #1972 ) ;
#8884 = CARTESIAN_POINT ( 'NONE',  ( 7.750000000000180300, -5.061088502595135985, -3.000000000000000000 ) ) ;
#8885 = AXIS2_PLACEMENT_3D ( 'NONE', #8749, #9675, #4283 ) ;
#8886 = EDGE_CURVE ( 'NONE', #7035, #3492, #3031, .T. ) ;
#8887 = EDGE_CURVE ( 'NONE', #3299, #3604, #2569, .T. ) ;
#8888 = EDGE_CURVE ( 'NONE', #3072, #8999, #6987, .T. ) ;
#8889 = EDGE_LOOP ( 'NONE', ( #6084, #2923 ) ) ;
#8890 = CIRCLE ( 'NONE', #52, 0.7500000000000006661 ) ;
#8891 = LINE ( 'NONE', #2130, #6317 ) ;
#8892 = CIRCLE ( 'NONE', #4771, 0.7500000000000006661 ) ;
#8893 = CARTESIAN_POINT ( 'NONE',  ( -1.999999999999819700, -5.061088502595135985, 1.000000000000000000 ) ) ;
#8894 = LINE ( 'NONE', #6528, #3968 ) ;
#8895 = EDGE_LOOP ( 'NONE', ( #6741, #4505, #806, #6786 ) ) ;
#8896 = CARTESIAN_POINT ( 'NONE',  ( 5.000000000000139444, -1.061088502595133765, 1.000000000000000000 ) ) ;
#8897 = CARTESIAN_POINT ( 'NONE',  ( -12.49999999999979927, -7.061088502595134209, 1.000000000000000000 ) ) ;
#8898 = CIRCLE ( 'NONE', #9526, 0.7500000000000006661 ) ;
#8899 = EDGE_CURVE ( 'NONE', #499, #4155, #36, .T. ) ;
#8900 = APPLICATION_CONTEXT ( 'automotive_design' ) ;
#8901 = CIRCLE ( 'NONE', #2593, 0.7500000000000006661 ) ;
#8902 = DIRECTION ( 'NONE',  ( 0.000000000000000000, -0.000000000000000000, -1.000000000000000000 ) ) ;
#8903 = VERTEX_POINT ( 'NONE', #7407 ) ;
#8904 = DIRECTION ( 'NONE',  ( 1.000000000000000000, 0.000000000000000000, 0.000000000000000000 ) ) ;
#8905 = FACE_BOUND ( 'NONE', #6438, .T. ) ;
#8906 = VERTEX_POINT ( 'NONE', #5120 ) ;
#8907 = ORIENTED_EDGE ( 'NONE', *, *, #9434, .F. ) ;
#8908 = CARTESIAN_POINT ( 'NONE',  ( 1.500000000000242473, -11.06108850259513332, -3.000000000000000000 ) ) ;
#8909 = DIRECTION ( 'NONE',  ( -0.000000000000000000, -0.000000000000000000, 1.000000000000000000 ) ) ;
#8910 = EDGE_CURVE ( 'NONE', #8684, #726, #2316, .T. ) ;
#8911 = ORIENTED_EDGE ( 'NONE', *, *, #5894, .F. ) ;
#8912 = ADVANCED_FACE ( 'NONE', ( #5207 ), #4419, .F. ) ;
#8913 = AXIS2_PLACEMENT_3D ( 'NONE', #382, #4772, #2510 ) ;
#8914 = DIRECTION ( 'NONE',  ( 1.000000000000000000, 0.000000000000000000, 0.000000000000000000 ) ) ;
#8915 = FACE_OUTER_BOUND ( 'NONE', #2974, .T. ) ;
#8916 = DIRECTION ( 'NONE',  ( -0.000000000000000000, 0.000000000000000000, 1.000000000000000000 ) ) ;
#8917 = EDGE_LOOP ( 'NONE', ( #5631, #940 ) ) ;
#8918 = DIRECTION ( 'NONE',  ( -0.000000000000000000, -0.000000000000000000, 1.000000000000000000 ) ) ;
#8919 = CARTESIAN_POINT ( 'NONE',  ( -28.50000000000000355, 11.00000000000000000, 7.000000000000000000 ) ) ;
#8920 = EDGE_LOOP ( 'NONE', ( #6714, #7116 ) ) ;
#8921 = VERTEX_POINT ( 'NONE', #7507 ) ;
#8922 = ORIENTED_EDGE ( 'NONE', *, *, #110, .F. ) ;
#8923 = ORIENTED_EDGE ( 'NONE', *, *, #3021, .F. ) ;
#8924 = CARTESIAN_POINT ( 'NONE',  ( -18.50000000000000355, 12.93891149740487023, -3.000000000000000000 ) ) ;
#8925 = ORIENTED_EDGE ( 'NONE', *, *, #3939, .T. ) ;
#8926 = DIRECTION ( 'NONE',  ( -0.000000000000000000, -0.000000000000000000, 1.000000000000000000 ) ) ;
#8927 = EDGE_CURVE ( 'NONE', #463, #4016, #8089, .T. ) ;
#8928 = FACE_OUTER_BOUND ( 'NONE', #4778, .T. ) ;
#8929 = LINE ( 'NONE', #5905, #1623 ) ;
#8930 = EDGE_CURVE ( 'NONE', #51, #7621, #346, .T. ) ;
#8931 = DIRECTION ( 'NONE',  ( 1.000000000000000000, 0.000000000000000000, 0.000000000000000000 ) ) ;
#8932 = LINE ( 'NONE', #2210, #5555 ) ;
#8933 = CARTESIAN_POINT ( 'NONE',  ( -27.70000000000000639, 11.00000000000000000, 12.00000000000000000 ) ) ;
#8934 = ORIENTED_EDGE ( 'NONE', *, *, #3698, .F. ) ;
#8935 = DIRECTION ( 'NONE',  ( 1.000000000000000000, 0.000000000000000000, 0.000000000000000000 ) ) ;
#8936 = VERTEX_POINT ( 'NONE', #8152 ) ;
#8937 = EDGE_CURVE ( 'NONE', #3530, #2722, #3636, .T. ) ;
#8938 = EDGE_CURVE ( 'NONE', #3702, #1763, #4518, .T. ) ;
#8939 = CARTESIAN_POINT ( 'NONE',  ( 4.999999999999993783, 12.93891149740486668, 0.000000000000000000 ) ) ;
#8940 = LINE ( 'NONE', #629, #5220 ) ;
#8941 = ADVANCED_FACE ( 'NONE', ( #2273 ), #4370, .F. ) ;
#8942 = ORIENTED_EDGE ( 'NONE', *, *, #1833, .T. ) ;
#8943 = DIRECTION ( 'NONE',  ( 1.000000000000000000, 0.000000000000000000, 0.000000000000000000 ) ) ;
#8944 = DIRECTION ( 'NONE',  ( -0.000000000000000000, -0.000000000000000000, 1.000000000000000000 ) ) ;
#8945 = DIRECTION ( 'NONE',  ( 0.000000000000000000, 1.000000000000000000, 0.000000000000000000 ) ) ;
#8946 = VERTEX_POINT ( 'NONE', #5262 ) ;
#8947 = EDGE_CURVE ( 'NONE', #9356, #8946, #8981, .T. ) ;
#8948 = DIRECTION ( 'NONE',  ( 0.000000000000000000, -0.000000000000000000, -1.000000000000000000 ) ) ;
#8949 = FACE_BOUND ( 'NONE', #951, .T. ) ;
#8950 = ORIENTED_EDGE ( 'NONE', *, *, #6857, .F. ) ;
#8951 = EDGE_LOOP ( 'NONE', ( #8176, #8154 ) ) ;
#8952 = CYLINDRICAL_SURFACE ( 'NONE', #8438, 0.7500000000000006661 ) ;
#8953 = CARTESIAN_POINT ( 'NONE',  ( 8.500000000000159872, -3.061088502595133765, -3.000000000000000000 ) ) ;
#8954 = ORIENTED_EDGE ( 'NONE', *, *, #3785, .F. ) ;
#8955 = ORIENTED_EDGE ( 'NONE', *, *, #2570, .F. ) ;
#8956 = AXIS2_PLACEMENT_3D ( 'NONE', #8769, #2000, #6550 ) ;
#8957 = FACE_OUTER_BOUND ( 'NONE', #9557, .T. ) ;
#8958 =( NAMED_UNIT ( * ) SI_UNIT ( $, .STERADIAN. ) SOLID_ANGLE_UNIT ( ) );
#8959 = DIRECTION ( 'NONE',  ( 1.000000000000000000, 0.000000000000000000, 0.000000000000000000 ) ) ;
#8960 = EDGE_CURVE ( 'NONE', #6583, #1644, #8295, .T. ) ;
#8961 = EDGE_CURVE ( 'NONE', #1146, #8517, #8339, .T. ) ;
#8962 = DIRECTION ( 'NONE',  ( 0.000000000000000000, -0.000000000000000000, -1.000000000000000000 ) ) ;
#8963 = CARTESIAN_POINT ( 'NONE',  ( -4.749999999999965361, 8.938911497404866680, -3.000000000000000000 ) ) ;
#8964 = ORIENTED_EDGE ( 'NONE', *, *, #9731, .T. ) ;
#8965 = VERTEX_POINT ( 'NONE', #8588 ) ;
#8966 = ORIENTED_EDGE ( 'NONE', *, *, #7379, .F. ) ;
#8967 = FACE_BOUND ( 'NONE', #8255, .T. ) ;
#8968 = EDGE_LOOP ( 'NONE', ( #1392, #3743 ) ) ;
#8969 = AXIS2_PLACEMENT_3D ( 'NONE', #5757, #525, #3582 ) ;
#8970 = DIRECTION ( 'NONE',  ( 0.000000000000000000, -0.000000000000000000, -1.000000000000000000 ) ) ;
#8971 = DIRECTION ( 'NONE',  ( 1.000000000000000000, 0.000000000000000000, 0.000000000000000000 ) ) ;
#8972 = LINE ( 'NONE', #4466, #6836 ) ;
#8973 = DIRECTION ( 'NONE',  ( 1.000000000000000000, 0.000000000000000000, 0.000000000000000000 ) ) ;
#8974 = DIRECTION ( 'NONE',  ( -0.000000000000000000, -0.000000000000000000, 1.000000000000000000 ) ) ;
#8975 = DIRECTION ( 'NONE',  ( -0.000000000000000000, -0.000000000000000000, 1.000000000000000000 ) ) ;
#8977 = ORIENTED_EDGE ( 'NONE', *, *, #5312, .F. ) ;
#8976 = ADVANCED_FACE ( 'NONE', ( #7058 ), #7698, .F. ) ;
#8978 = ORIENTED_EDGE ( 'NONE', *, *, #9513, .F. ) ;
#8979 = DIRECTION ( 'NONE',  ( 1.000000000000000000, 0.000000000000000000, 0.000000000000000000 ) ) ;
#8980 = EDGE_LOOP ( 'NONE', ( #8015, #8490, #662, #2838 ) ) ;
#8981 = LINE ( 'NONE', #8246, #3976 ) ;
#8982 = CARTESIAN_POINT ( 'NONE',  ( 8.500000000000222045, -9.061088502595131544, 1.000000000000000000 ) ) ;
#8983 = CIRCLE ( 'NONE', #5660, 0.7500000000000006661 ) ;
#8984 = ORIENTED_EDGE ( 'NONE', *, *, #898, .F. ) ;
#8985 = DIRECTION ( 'NONE',  ( 1.000000000000000000, 0.000000000000000000, 0.000000000000000000 ) ) ;
#8986 = DIRECTION ( 'NONE',  ( 0.000000000000000000, -0.000000000000000000, -1.000000000000000000 ) ) ;
#8987 = EDGE_CURVE ( 'NONE', #6971, #528, #2543, .T. ) ;
#8988 = VECTOR ( 'NONE', #8159, 1000.000000000000000 ) ;
#8989 = DIRECTION ( 'NONE',  ( 1.000000000000000000, 0.000000000000000000, 0.000000000000000000 ) ) ;
#8990 = ORIENTED_EDGE ( 'NONE', *, *, #2791, .T. ) ;
#8991 = LINE ( 'NONE', #2228, #1135 ) ;
#8992 = FACE_BOUND ( 'NONE', #8357, .T. ) ;
#8993 = ORIENTED_EDGE ( 'NONE', *, *, #1432, .F. ) ;
#8994 = ORIENTED_EDGE ( 'NONE', *, *, #4714, .F. ) ;
#8995 = DIRECTION ( 'NONE',  ( -0.000000000000000000, -0.000000000000000000, 1.000000000000000000 ) ) ;
#8996 = AXIS2_PLACEMENT_3D ( 'NONE', #6374, #8790, #9575 ) ;
#8997 = CARTESIAN_POINT ( 'NONE',  ( -1.249999999999756639, -11.06108850259513332, 1.000000000000000000 ) ) ;
#8998 = EDGE_CURVE ( 'NONE', #8618, #7773, #9165, .T. ) ;
#8999 = VERTEX_POINT ( 'NONE', #8442 ) ;
#9000 = CIRCLE ( 'NONE', #9315, 0.7500000000000006661 ) ;
#9001 = FACE_OUTER_BOUND ( 'NONE', #8560, .T. ) ;
#9002 = AXIS2_PLACEMENT_3D ( 'NONE', #6814, #6105, #3106 ) ;
#9003 = AXIS2_PLACEMENT_3D ( 'NONE', #3476, #8082, #513 ) ;
#9004 = DIRECTION ( 'NONE',  ( -0.000000000000000000, -0.000000000000000000, 1.000000000000000000 ) ) ;
#9005 = ORIENTED_EDGE ( 'NONE', *, *, #3236, .T. ) ;
#9006 = DIRECTION ( 'NONE',  ( -0.000000000000000000, 0.000000000000000000, 1.000000000000000000 ) ) ;
#9007 = DIRECTION ( 'NONE',  ( -0.000000000000000000, 0.000000000000000000, 1.000000000000000000 ) ) ;
#9008 = CARTESIAN_POINT ( 'NONE',  ( 11.25000000000009592, 2.938911497404866235, 1.000000000000000000 ) ) ;
#9009 = AXIS2_PLACEMENT_3D ( 'NONE', #2060, #3121, #4496 ) ;
#9010 = ORIENTED_EDGE ( 'NONE', *, *, #2503, .T. ) ;
#9011 = AXIS2_PLACEMENT_3D ( 'NONE', #1717, #3257, #7810 ) ;
#9012 = AXIS2_PLACEMENT_3D ( 'NONE', #2686, #8662, #2831 ) ;
#9013 = EDGE_LOOP ( 'NONE', ( #5014, #8016, #7842, #7609 ) ) ;
#9014 = VERTEX_POINT ( 'NONE', #1027 ) ;
#9015 = FACE_BOUND ( 'NONE', #1835, .T. ) ;
#9016 = EDGE_CURVE ( 'NONE', #6594, #3685, #3790, .T. ) ;
#9017 = ORIENTED_EDGE ( 'NONE', *, *, #9435, .F. ) ;
#9018 = FACE_OUTER_BOUND ( 'NONE', #3558, .T. ) ;
#9019 = VECTOR ( 'NONE', #118, 1000.000000000000000 ) ;
#9020 = CIRCLE ( 'NONE', #6339, 0.7500000000000004441 ) ;
#9021 = DIRECTION ( 'NONE',  ( -0.000000000000000000, 0.000000000000000000, 1.000000000000000000 ) ) ;
#9022 = DIRECTION ( 'NONE',  ( -0.000000000000000000, -0.000000000000000000, 1.000000000000000000 ) ) ;
#9023 = CARTESIAN_POINT ( 'NONE',  ( -1.249999999999944045, 6.938911497404866680, 1.000000000000000000 ) ) ;
#9024 = CARTESIAN_POINT ( 'NONE',  ( 11.25000000000011724, 0.9389114974048662354, 0.000000000000000000 ) ) ;
#9025 = LINE ( 'NONE', #2125, #1129 ) ;
#9026 = CIRCLE ( 'NONE', #2094, 0.7500000000000006661 ) ;
#9027 = ORIENTED_EDGE ( 'NONE', *, *, #4808, .F. ) ;
#9028 = EDGE_CURVE ( 'NONE', #5626, #7616, #2392, .T. ) ;
#9029 = ORIENTED_EDGE ( 'NONE', *, *, #3615, .F. ) ;
#9030 = CARTESIAN_POINT ( 'NONE',  ( -13.24999999999973710, -13.06108850259513510, 0.000000000000000000 ) ) ;
#9031 = ORIENTED_EDGE ( 'NONE', *, *, #7221, .T. ) ;
#9032 = CARTESIAN_POINT ( 'NONE',  ( 1.500000000000138334, -1.061088502595133765, 0.000000000000000000 ) ) ;
#9033 = AXIS2_PLACEMENT_3D ( 'NONE', #2073, #6527, #6617 ) ;
#9034 = DIRECTION ( 'NONE',  ( 0.000000000000000000, -0.000000000000000000, -1.000000000000000000 ) ) ;
#9035 = ORIENTED_EDGE ( 'NONE', *, *, #3557, .T. ) ;
#9036 = AXIS2_PLACEMENT_3D ( 'NONE', #8982, #5208, #9122 ) ;
#9037 = ADVANCED_FACE ( 'NONE', ( #3100 ), #8389, .F. ) ;
#9038 = DIRECTION ( 'NONE',  ( 1.000000000000000000, 0.000000000000000000, 0.000000000000000000 ) ) ;
#9039 = CARTESIAN_POINT ( 'NONE',  ( 8.500000000000159872, -3.061088502595133765, 0.000000000000000000 ) ) ;
#9040 = CIRCLE ( 'NONE', #4766, 0.7500000000000006661 ) ;
#9041 = VECTOR ( 'NONE', #3584, 1000.000000000000000 ) ;
#9042 = CARTESIAN_POINT ( 'NONE',  ( 1.500000000000200728, -7.061088502595134209, -3.000000000000000000 ) ) ;
#9043 = ORIENTED_EDGE ( 'NONE', *, *, #1307, .F. ) ;
#9044 = DIRECTION ( 'NONE',  ( 1.000000000000000000, 0.000000000000000000, 0.000000000000000000 ) ) ;
#9045 = LINE ( 'NONE', #2285, #2095 ) ;
#9046 = ORIENTED_EDGE ( 'NONE', *, *, #1359, .F. ) ;
#9047 = VECTOR ( 'NONE', #5895, 1000.000000000000000 ) ;
#9048 = ADVANCED_FACE ( 'NONE', ( #230 ), #7746, .F. ) ;
#9049 = ORIENTED_EDGE ( 'NONE', *, *, #8271, .T. ) ;
#9050 = DIRECTION ( 'NONE',  ( -0.000000000000000000, -0.000000000000000000, 1.000000000000000000 ) ) ;
#9051 = AXIS2_PLACEMENT_3D ( 'NONE', #3030, #5981, #9101 ) ;
#9052 = DIRECTION ( 'NONE',  ( -0.000000000000000000, -0.000000000000000000, 1.000000000000000000 ) ) ;
#9053 = EDGE_LOOP ( 'NONE', ( #3654, #5813, #3633, #4255 ) ) ;
#9054 = LINE ( 'NONE', #5281, #4232 ) ;
#9055 = AXIS2_PLACEMENT_3D ( 'NONE', #2534, #5477, #5529 ) ;
#9056 = CARTESIAN_POINT ( 'NONE',  ( -8.249999999999820588, -5.061088502595135985, 1.000000000000000000 ) ) ;
#9057 = EDGE_CURVE ( 'NONE', #2161, #539, #4289, .T. ) ;
#9058 = VERTEX_POINT ( 'NONE', #5557 ) ;
#9059 = DIRECTION ( 'NONE',  ( 0.000000000000000000, -0.000000000000000000, -1.000000000000000000 ) ) ;
#9060 = EDGE_CURVE ( 'NONE', #3623, #8999, #4661, .T. ) ;
#9061 = ADVANCED_FACE ( 'NONE', ( #1618 ), #9320, .F. ) ;
#9062 = CARTESIAN_POINT ( 'NONE',  ( -13.24999999999984190, -3.061088502595133765, 1.000000000000000000 ) ) ;
#9063 = CARTESIAN_POINT ( 'NONE',  ( -5.499999999999799272, -7.061088502595134209, -3.000000000000000000 ) ) ;
#9064 = VERTEX_POINT ( 'NONE', #4617 ) ;
#9065 = CIRCLE ( 'NONE', #5903, 0.7500000000000006661 ) ;
#9066 = EDGE_LOOP ( 'NONE', ( #2755, #2931 ) ) ;
#9067 = FACE_BOUND ( 'NONE', #4124, .T. ) ;
#9068 = VERTEX_POINT ( 'NONE', #177 ) ;
#9069 = CARTESIAN_POINT ( 'NONE',  ( 20.00000000000000000, -15.00000000000000000, 2.000000000000000000 ) ) ;
#9070 = AXIS2_PLACEMENT_3D ( 'NONE', #5337, #9709, #7539 ) ;
#9071 = CARTESIAN_POINT ( 'NONE',  ( 1.500000000000159206, -3.061088502595133765, 1.000000000000000000 ) ) ;
#9072 = FACE_OUTER_BOUND ( 'NONE', #7681, .T. ) ;
#9073 = CARTESIAN_POINT ( 'NONE',  ( -1.999999999999736433, -13.06108850259513510, 0.000000000000000000 ) ) ;
#9074 = CARTESIAN_POINT ( 'NONE',  ( -4.749999999999923617, 4.938911497404866680, 0.000000000000000000 ) ) ;
#9075 = CARTESIAN_POINT ( 'NONE',  ( 28.49999999999999645, -11.00000000000000178, 7.000000000000000000 ) ) ;
#9076 = ORIENTED_EDGE ( 'NONE', *, *, #4683, .T. ) ;
#9077 = VERTEX_POINT ( 'NONE', #7655 ) ;
#9078 = DIRECTION ( 'NONE',  ( 0.000000000000000000, -0.000000000000000000, -1.000000000000000000 ) ) ;
#9079 = DIRECTION ( 'NONE',  ( 1.000000000000000000, 0.000000000000000000, 0.000000000000000000 ) ) ;
#9080 = CYLINDRICAL_SURFACE ( 'NONE', #6522, 0.7500000000000006661 ) ;
#9081 = EDGE_LOOP ( 'NONE', ( #6066, #7832, #8037, #248 ) ) ;
#9082 = CARTESIAN_POINT ( 'NONE',  ( 11.25000000000011724, 0.9389114974048662354, -3.000000000000000000 ) ) ;
#9083 = ADVANCED_FACE ( 'NONE', ( #3878 ), #6907, .F. ) ;
#9084 = EDGE_CURVE ( 'NONE', #46, #9484, #123, .T. ) ;
#9085 = DIRECTION ( 'NONE',  ( -0.000000000000000000, 0.000000000000000000, 1.000000000000000000 ) ) ;
#9086 = CYLINDRICAL_SURFACE ( 'NONE', #2194, 0.7500000000000006661 ) ;
#9087 = ORIENTED_EDGE ( 'NONE', *, *, #4589, .F. ) ;
#9088 = ORIENTED_EDGE ( 'NONE', *, *, #5539, .T. ) ;
#9089 = CARTESIAN_POINT ( 'NONE',  ( -32.50000000000000000, -17.50000000000000000, 0.000000000000000000 ) ) ;
#9090 = EDGE_LOOP ( 'NONE', ( #4436, #6145, #7855, #4343 ) ) ;
#9091 = DIRECTION ( 'NONE',  ( -0.000000000000000000, 0.000000000000000000, 1.000000000000000000 ) ) ;
#9092 = FACE_OUTER_BOUND ( 'NONE', #1503, .T. ) ;
#9093 = VERTEX_POINT ( 'NONE', #3202 ) ;
#9094 = ORIENTED_EDGE ( 'NONE', *, *, #4988, .F. ) ;
#9095 = DIRECTION ( 'NONE',  ( 0.000000000000000000, -0.000000000000000000, -1.000000000000000000 ) ) ;
#9096 = ORIENTED_EDGE ( 'NONE', *, *, #5894, .T. ) ;
#9097 = ADVANCED_FACE ( 'NONE', ( #6211 ), #4707, .F. ) ;
#9098 = LINE ( 'NONE', #4733, #1887 ) ;
#9099 = CYLINDRICAL_SURFACE ( 'NONE', #331, 0.7500000000000004441 ) ;
#9100 = EDGE_LOOP ( 'NONE', ( #4953, #4921 ) ) ;
#9101 = DIRECTION ( 'NONE',  ( 1.000000000000000000, 0.000000000000000000, 0.000000000000000000 ) ) ;
#9102 = CYLINDRICAL_SURFACE ( 'NONE', #643, 0.7500000000000006661 ) ;
#9103 = DIRECTION ( 'NONE',  ( 1.000000000000000000, 0.000000000000000000, -0.000000000000000000 ) ) ;
#9104 = EDGE_LOOP ( 'NONE', ( #1652, #5837, #2275, #2966 ) ) ;
#9105 = ORIENTED_EDGE ( 'NONE', *, *, #6614, .F. ) ;
#9106 = ADVANCED_FACE ( 'NONE', ( #8534 ), #4768, .F. ) ;
#9107 = EDGE_CURVE ( 'NONE', #5131, #3217, #8100, .T. ) ;
#9108 = FACE_BOUND ( 'NONE', #2213, .T. ) ;
#9109 = ORIENTED_EDGE ( 'NONE', *, *, #8061, .T. ) ;
#9110 = FACE_BOUND ( 'NONE', #422, .T. ) ;
#9111 = DIRECTION ( 'NONE',  ( 0.000000000000000000, -0.000000000000000000, -1.000000000000000000 ) ) ;
#9112 = DIRECTION ( 'NONE',  ( 0.000000000000000000, -0.000000000000000000, -1.000000000000000000 ) ) ;
#9113 =( GEOMETRIC_REPRESENTATION_CONTEXT ( 3 ) GLOBAL_UNCERTAINTY_ASSIGNED_CONTEXT ( ( #1560 ) ) GLOBAL_UNIT_ASSIGNED_CONTEXT ( ( #558, #6694, #8958 ) ) REPRESENTATION_CONTEXT ( 'NONE', 'WORKASPACE' ) );
#9114 = CARTESIAN_POINT ( 'NONE',  ( 5.750000000000036415, 8.938911497404866680, 0.000000000000000000 ) ) ;
#9115 = DIRECTION ( 'NONE',  ( 1.000000000000000000, 0.000000000000000000, 0.000000000000000000 ) ) ;
#9116 = DIRECTION ( 'NONE',  ( -0.000000000000000000, -0.000000000000000000, 1.000000000000000000 ) ) ;
#9117 = VERTEX_POINT ( 'NONE', #7307 ) ;
#9118 = EDGE_CURVE ( 'NONE', #2270, #1594, #9569, .T. ) ;
#9119 = ORIENTED_EDGE ( 'NONE', *, *, #3489, .F. ) ;
#9120 = CYLINDRICAL_SURFACE ( 'NONE', #4724, 0.7500000000000006661 ) ;
#9121 = DIRECTION ( 'NONE',  ( -1.000000000000000000, -0.000000000000000000, -0.000000000000000000 ) ) ;
#9122 = DIRECTION ( 'NONE',  ( 1.000000000000000000, 0.000000000000000000, 0.000000000000000000 ) ) ;
#9123 = ORIENTED_EDGE ( 'NONE', *, *, #5662, .T. ) ;
#9124 = CARTESIAN_POINT ( 'NONE',  ( -1.999999999999882094, 0.9389114974048661244, -3.000000000000000000 ) ) ;
#9125 = CYLINDRICAL_SURFACE ( 'NONE', #5050, 0.7500000000000006661 ) ;
#9126 = FACE_OUTER_BOUND ( 'NONE', #7675, .T. ) ;
#9127 = VERTEX_POINT ( 'NONE', #1263 ) ;
#9128 = VERTEX_POINT ( 'NONE', #4961 ) ;
#9129 = AXIS2_PLACEMENT_3D ( 'NONE', #7353, #3580, #2845 ) ;
#9130 = EDGE_CURVE ( 'NONE', #7919, #8906, #4892, .T. ) ;
#9131 = CARTESIAN_POINT ( 'NONE',  ( -12.49999999999977796, -9.061088502595131544, -3.000000000000000000 ) ) ;
#9132 = ORIENTED_EDGE ( 'NONE', *, *, #2381, .F. ) ;
#9133 = EDGE_CURVE ( 'NONE', #2842, #2673, #5800, .T. ) ;
#9134 = DIRECTION ( 'NONE',  ( 1.000000000000000000, 0.000000000000000000, 0.000000000000000000 ) ) ;
#9135 = DIRECTION ( 'NONE',  ( -0.000000000000000000, -0.000000000000000000, 1.000000000000000000 ) ) ;
#9136 = EDGE_LOOP ( 'NONE', ( #3087, #2692 ) ) ;
#9137 = ORIENTED_EDGE ( 'NONE', *, *, #8358, .F. ) ;
#9138 = CARTESIAN_POINT ( 'NONE',  ( 12.75000000000026468, -13.06108850259513510, -3.000000000000000000 ) ) ;
#9139 = ORIENTED_EDGE ( 'NONE', *, *, #3713, .F. ) ;
#9140 = CARTESIAN_POINT ( 'NONE',  ( -12.50000000000000711, 12.93891149740486668, 0.000000000000000000 ) ) ;
#9141 = CARTESIAN_POINT ( 'NONE',  ( -2.000000000000007105, 12.93891149740486668, -3.000000000000000000 ) ) ;
#9142 = VECTOR ( 'NONE', #202, 1000.000000000000000 ) ;
#9143 = ORIENTED_EDGE ( 'NONE', *, *, #1449, .F. ) ;
#9144 = EDGE_LOOP ( 'NONE', ( #7334, #3990 ) ) ;
#9145 = CARTESIAN_POINT ( 'NONE',  ( 7.750000000000118128, 0.9389114974048662354, 0.000000000000000000 ) ) ;
#9146 = FACE_OUTER_BOUND ( 'NONE', #7638, .T. ) ;
#9147 = EDGE_CURVE ( 'NONE', #6753, #1366, #4269, .T. ) ;
#9148 = CYLINDRICAL_SURFACE ( 'NONE', #748, 0.7500000000000006661 ) ;
#9149 = EDGE_LOOP ( 'NONE', ( #3291, #9088 ) ) ;
#9150 = CIRCLE ( 'NONE', #7111, 0.7500000000000006661 ) ;
#9151 = ORIENTED_EDGE ( 'NONE', *, *, #4799, .T. ) ;
#9152 = CIRCLE ( 'NONE', #5221, 0.7500000000000006661 ) ;
#9153 = CIRCLE ( 'NONE', #2225, 0.7500000000000006661 ) ;
#9154 = FACE_BOUND ( 'NONE', #9754, .T. ) ;
#9155 = ORIENTED_EDGE ( 'NONE', *, *, #395, .F. ) ;
#9156 = FACE_BOUND ( 'NONE', #7861, .T. ) ;
#9157 = DIRECTION ( 'NONE',  ( 1.000000000000000000, 0.000000000000000000, 0.000000000000000000 ) ) ;
#9158 = DIRECTION ( 'NONE',  ( 1.000000000000000000, 0.000000000000000000, 0.000000000000000000 ) ) ;
#9159 = AXIS2_PLACEMENT_3D ( 'NONE', #6950, #3979, #9170 ) ;
#9160 = AXIS2_PLACEMENT_3D ( 'NONE', #1075, #3986, #3929 ) ;
#9161 = DIRECTION ( 'NONE',  ( 1.000000000000000000, 0.000000000000000000, 0.000000000000000000 ) ) ;
#9162 = EDGE_CURVE ( 'NONE', #5046, #2884, #4173, .T. ) ;
#9163 = DIRECTION ( 'NONE',  ( 0.000000000000000000, -1.000000000000000000, 0.000000000000000000 ) ) ;
#9164 = CARTESIAN_POINT ( 'NONE',  ( 28.49999999999999645, 10.99999999999999822, 7.000000000000000000 ) ) ;
#9165 = CIRCLE ( 'NONE', #1305, 0.7500000000000006661 ) ;
#9166 = EDGE_LOOP ( 'NONE', ( #7562, #9714, #9297, #224 ) ) ;
#9167 = CIRCLE ( 'NONE', #6501, 0.7500000000000006661 ) ;
#9168 = CIRCLE ( 'NONE', #2559, 0.7500000000000006661 ) ;
#9169 = EDGE_LOOP ( 'NONE', ( #7208, #3113, #4814, #2583 ) ) ;
#9170 = DIRECTION ( 'NONE',  ( 1.000000000000000000, 0.000000000000000000, 0.000000000000000000 ) ) ;
#9171 = DIRECTION ( 'NONE',  ( -0.000000000000000000, -0.000000000000000000, 1.000000000000000000 ) ) ;
#9172 = CARTESIAN_POINT ( 'NONE',  ( 1.122271676406722647E-14, 12.93891149740488444, 0.000000000000000000 ) ) ;
#9173 = CARTESIAN_POINT ( 'NONE',  ( 5.750000000000161648, -3.061088502595133765, 0.000000000000000000 ) ) ;
#9174 = EDGE_LOOP ( 'NONE', ( #3710, #7244, #1288, #5292 ) ) ;
#9175 = CARTESIAN_POINT ( 'NONE',  ( 9.250000000000056843, 6.938911497404866680, -3.000000000000000000 ) ) ;
#9176 = EDGE_CURVE ( 'NONE', #1637, #779, #3814, .T. ) ;
#9177 = CIRCLE ( 'NONE', #3647, 0.7500000000000006661 ) ;
#9178 = EDGE_CURVE ( 'NONE', #2253, #7390, #3543, .T. ) ;
#9179 = EDGE_CURVE ( 'NONE', #6626, #1885, #803, .T. ) ;
#9180 = CYLINDRICAL_SURFACE ( 'NONE', #9011, 0.7500000000000004441 ) ;
#9181 = CIRCLE ( 'NONE', #6817, 0.7500000000000006661 ) ;
#9182 = ORIENTED_EDGE ( 'NONE', *, *, #5739, .F. ) ;
#9183 = DIRECTION ( 'NONE',  ( 1.000000000000000000, 0.000000000000000000, 0.000000000000000000 ) ) ;
#9184 = ORIENTED_EDGE ( 'NONE', *, *, #4633, .F. ) ;
#9185 = AXIS2_PLACEMENT_3D ( 'NONE', #6363, #6257, #9378 ) ;
#9186 = DIRECTION ( 'NONE',  ( 1.000000000000000000, 0.000000000000000000, 0.000000000000000000 ) ) ;
#9187 = FACE_OUTER_BOUND ( 'NONE', #7030, .T. ) ;
#9188 = ORIENTED_EDGE ( 'NONE', *, *, #8938, .T. ) ;
#9189 = ORIENTED_EDGE ( 'NONE', *, *, #2520, .T. ) ;
#9190 = AXIS2_PLACEMENT_3D ( 'NONE', #574, #5056, #5196 ) ;
#9191 = CARTESIAN_POINT ( 'NONE',  ( -5.499999999999799272, -7.061088502595134209, 0.000000000000000000 ) ) ;
#9192 = CIRCLE ( 'NONE', #361, 0.7500000000000006661 ) ;
#9193 = ORIENTED_EDGE ( 'NONE', *, *, #2319, .F. ) ;
#9194 = ORIENTED_EDGE ( 'NONE', *, *, #8308, .T. ) ;
#9195 = DIRECTION ( 'NONE',  ( -0.000000000000000000, -0.000000000000000000, 1.000000000000000000 ) ) ;
#9196 = DIRECTION ( 'NONE',  ( -0.000000000000000000, 0.000000000000000000, 1.000000000000000000 ) ) ;
#9197 = EDGE_LOOP ( 'NONE', ( #4859, #728, #3516, #4085 ) ) ;
#9198 = PRODUCT ( 'waveshare_esp32_holder', 'waveshare_esp32_holder', '', ( #9436 ) ) ;
#9199 = ORIENTED_EDGE ( 'NONE', *, *, #9565, .T. ) ;
#9200 = DIRECTION ( 'NONE',  ( 1.000000000000000000, 0.000000000000000000, 0.000000000000000000 ) ) ;
#9201 = DIRECTION ( 'NONE',  ( -1.000000000000000000, -4.336808689942017736E-16, -0.000000000000000000 ) ) ;
#9202 = DIRECTION ( 'NONE',  ( 1.000000000000000000, 0.000000000000000000, 0.000000000000000000 ) ) ;
#9203 = EDGE_LOOP ( 'NONE', ( #4819, #4160, #2509, #7468 ) ) ;
#9204 = EDGE_CURVE ( 'NONE', #2745, #4526, #647, .T. ) ;
#9205 = EDGE_CURVE ( 'NONE', #2038, #6576, #6362, .T. ) ;
#9206 = ORIENTED_EDGE ( 'NONE', *, *, #9057, .F. ) ;
#9207 = CIRCLE ( 'NONE', #1332, 0.7500000000000006661 ) ;
#9208 = FACE_BOUND ( 'NONE', #8968, .T. ) ;
#9209 = VERTEX_POINT ( 'NONE', #5758 ) ;
#9210 = FACE_BOUND ( 'NONE', #108, .T. ) ;
#9211 = LINE ( 'NONE', #2451, #336 ) ;
#9212 = DIRECTION ( 'NONE',  ( 0.000000000000000000, -0.000000000000000000, -1.000000000000000000 ) ) ;
#9213 = CIRCLE ( 'NONE', #7812, 0.7500000000000006661 ) ;
#9214 = DIRECTION ( 'NONE',  ( 0.000000000000000000, -0.000000000000000000, -1.000000000000000000 ) ) ;
#9215 = DIRECTION ( 'NONE',  ( 1.000000000000000000, 0.000000000000000000, 0.000000000000000000 ) ) ;
#9216 = CARTESIAN_POINT ( 'NONE',  ( -30.49999999999999645, -12.99999999999999645, 2.000000000000000000 ) ) ;
#9217 = ORIENTED_EDGE ( 'NONE', *, *, #6701, .T. ) ;
#9218 = VECTOR ( 'NONE', #4964, 1000.000000000000000 ) ;
#9219 = EDGE_CURVE ( 'NONE', #4803, #2842, #9635, .T. ) ;
#9220 = EDGE_LOOP ( 'NONE', ( #9578, #459 ) ) ;
#9221 = DIRECTION ( 'NONE',  ( -0.000000000000000000, 0.000000000000000000, 1.000000000000000000 ) ) ;
#9222 = DIRECTION ( 'NONE',  ( -0.000000000000000000, 0.000000000000000000, 1.000000000000000000 ) ) ;
#9223 = DIRECTION ( 'NONE',  ( 1.000000000000000000, 0.000000000000000000, 0.000000000000000000 ) ) ;
#9224 = DIRECTION ( 'NONE',  ( -0.000000000000000000, -0.000000000000000000, 1.000000000000000000 ) ) ;
#9225 = ORIENTED_EDGE ( 'NONE', *, *, #1568, .F. ) ;
#9226 = CARTESIAN_POINT ( 'NONE',  ( 8.500000000000202505, -7.061088502595134209, -3.000000000000000000 ) ) ;
#9227 = CARTESIAN_POINT ( 'NONE',  ( 0.7500000000001378897, -1.061088502595133765, 1.000000000000000000 ) ) ;
#9228 = DIRECTION ( 'NONE',  ( -0.000000000000000000, 0.000000000000000000, 1.000000000000000000 ) ) ;
#9229 = EDGE_CURVE ( 'NONE', #5168, #1793, #3441, .T. ) ;
#9230 = EDGE_CURVE ( 'NONE', #482, #9637, #8827, .T. ) ;
#9231 = VERTEX_POINT ( 'NONE', #4911 ) ;
#9232 = CARTESIAN_POINT ( 'NONE',  ( -5.499999999999861444, -1.061088502595133765, 1.000000000000000000 ) ) ;
#9233 = ORIENTED_EDGE ( 'NONE', *, *, #1101, .F. ) ;
#9234 = LINE ( 'NONE', #986, #9502 ) ;
#9235 = CYLINDRICAL_SURFACE ( 'NONE', #4586, 0.7500000000000006661 ) ;
#9236 = EDGE_LOOP ( 'NONE', ( #4064, #9499, #5428, #399 ) ) ;
#9237 = EDGE_LOOP ( 'NONE', ( #254, #2642 ) ) ;
#9238 = CYLINDRICAL_SURFACE ( 'NONE', #3803, 0.7500000000000006661 ) ;
#9239 = ORIENTED_EDGE ( 'NONE', *, *, #8888, .T. ) ;
#9240 = ORIENTED_EDGE ( 'NONE', *, *, #1336, .T. ) ;
#9241 = EDGE_CURVE ( 'NONE', #8631, #8569, #8856, .T. ) ;
#9242 = ORIENTED_EDGE ( 'NONE', *, *, #6579, .T. ) ;
#9243 = CARTESIAN_POINT ( 'NONE',  ( -9.749999999999925393, 4.938911497404866680, 0.000000000000000000 ) ) ;
#9244 = VERTEX_POINT ( 'NONE', #3350 ) ;
#9245 = DIRECTION ( 'NONE',  ( -0.000000000000000000, -0.000000000000000000, -1.000000000000000000 ) ) ;
#9246 = ORIENTED_EDGE ( 'NONE', *, *, #217, .F. ) ;
#9247 = ORIENTED_EDGE ( 'NONE', *, *, #7898, .F. ) ;
#9248 = FACE_OUTER_BOUND ( 'NONE', #2611, .T. ) ;
#9249 = CARTESIAN_POINT ( 'NONE',  ( 7.750000000000159872, -3.061088502595133765, -3.000000000000000000 ) ) ;
#9250 = CARTESIAN_POINT ( 'NONE',  ( 8.499999999999992895, 12.93891149740486668, -3.000000000000000000 ) ) ;
#9251 = VERTEX_POINT ( 'NONE', #9377 ) ;
#9252 = EDGE_LOOP ( 'NONE', ( #5585, #2598, #3748, #2300 ) ) ;
#9253 = FACE_BOUND ( 'NONE', #1362, .T. ) ;
#9254 = ORIENTED_EDGE ( 'NONE', *, *, #4943, .F. ) ;
#9255 = ADVANCED_FACE ( 'NONE', ( #7949 ), #2614, .F. ) ;
#9256 = FACE_BOUND ( 'NONE', #1678, .T. ) ;
#9257 = EDGE_CURVE ( 'NONE', #6450, #3299, #1860, .T. ) ;
#9258 = DIRECTION ( 'NONE',  ( -0.000000000000000000, -0.000000000000000000, 1.000000000000000000 ) ) ;
#9259 = CARTESIAN_POINT ( 'NONE',  ( -30.49999999999999645, -12.99999999999999645, 12.00000000000000000 ) ) ;
#9260 = DIRECTION ( 'NONE',  ( 1.000000000000000000, 0.000000000000000000, 0.000000000000000000 ) ) ;
#9261 = DIRECTION ( 'NONE',  ( 1.000000000000000000, 0.000000000000000000, -0.000000000000000000 ) ) ;
#9262 = CARTESIAN_POINT ( 'NONE',  ( 4.250000000000159872, -3.061088502595133765, -3.000000000000000000 ) ) ;
#9263 = VERTEX_POINT ( 'NONE', #4857 ) ;
#9264 = ORIENTED_EDGE ( 'NONE', *, *, #5754, .T. ) ;
#9265 = AXIS2_PLACEMENT_3D ( 'NONE', #2152, #9644, #6641 ) ;
#9266 = CARTESIAN_POINT ( 'NONE',  ( 5.750000000000078160, 4.938911497404866680, -3.000000000000000000 ) ) ;
#9267 = DIRECTION ( 'NONE',  ( -0.000000000000000000, 0.000000000000000000, 1.000000000000000000 ) ) ;
#9268 = DIRECTION ( 'NONE',  ( 1.000000000000000000, 0.000000000000000000, 0.000000000000000000 ) ) ;
#9269 = DIRECTION ( 'NONE',  ( 1.000000000000000000, 0.000000000000000000, 0.000000000000000000 ) ) ;
#9270 = ORIENTED_EDGE ( 'NONE', *, *, #198, .T. ) ;
#9271 = CARTESIAN_POINT ( 'NONE',  ( 26.50000000000000711, 13.00000000000000178, 12.00000000000000000 ) ) ;
#9272 = CARTESIAN_POINT ( 'NONE',  ( -8.249999999999944933, 6.938911497404866680, -3.000000000000000000 ) ) ;
#9273 = CIRCLE ( 'NONE', #1855, 0.7500000000000006661 ) ;
#9274 = DIRECTION ( 'NONE',  ( 1.000000000000000000, 0.000000000000000000, 0.000000000000000000 ) ) ;
#9275 = EDGE_CURVE ( 'NONE', #1009, #8703, #6030, .T. ) ;
#9276 = EDGE_LOOP ( 'NONE', ( #5591, #1260 ) ) ;
#9277 = DIRECTION ( 'NONE',  ( 1.000000000000000000, 0.000000000000000000, 0.000000000000000000 ) ) ;
#9278 = CARTESIAN_POINT ( 'NONE',  ( 8.500000000000264677, -13.06108850259513510, 1.000000000000000000 ) ) ;
#9279 = DIRECTION ( 'NONE',  ( -0.000000000000000000, -0.000000000000000000, 1.000000000000000000 ) ) ;
#9280 = VECTOR ( 'NONE', #5250, 1000.000000000000000 ) ;
#9281 = VERTEX_POINT ( 'NONE', #1407 ) ;
#9282 = EDGE_LOOP ( 'NONE', ( #9206, #3158, #6134, #9741 ) ) ;
#9283 = FACE_OUTER_BOUND ( 'NONE', #3965, .T. ) ;
#9284 = EDGE_CURVE ( 'NONE', #1788, #9478, #5360, .T. ) ;
#9285 = AXIS2_PLACEMENT_3D ( 'NONE', #8036, #5846, #5044 ) ;
#9286 = VERTEX_POINT ( 'NONE', #2902 ) ;
#9287 = DIRECTION ( 'NONE',  ( 1.000000000000000000, -8.673617379884027583E-16, 0.000000000000000000 ) ) ;
#9288 = VERTEX_POINT ( 'NONE', #4465 ) ;
#9289 = DIRECTION ( 'NONE',  ( 0.000000000000000000, -0.000000000000000000, -1.000000000000000000 ) ) ;
#9290 = ORIENTED_EDGE ( 'NONE', *, *, #6592, .T. ) ;
#9291 = ORIENTED_EDGE ( 'NONE', *, *, #7980, .F. ) ;
#9292 = CYLINDRICAL_SURFACE ( 'NONE', #5898, 0.7500000000000006661 ) ;
#9293 = CIRCLE ( 'NONE', #2514, 0.7500000000000006661 ) ;
#9294 = LINE ( 'NONE', #8420, #2386 ) ;
#9295 = EDGE_CURVE ( 'NONE', #610, #5004, #3010, .T. ) ;
#9296 = EDGE_CURVE ( 'NONE', #4529, #8653, #6828, .T. ) ;
#9297 = ORIENTED_EDGE ( 'NONE', *, *, #3594, .T. ) ;
#9298 = AXIS2_PLACEMENT_3D ( 'NONE', #4978, #4876, #7183 ) ;
#9299 = PLANE ( 'NONE',  #4228 ) ;
#9300 = ORIENTED_EDGE ( 'NONE', *, *, #2124, .T. ) ;
#9301 = FACE_BOUND ( 'NONE', #6805, .T. ) ;
#9302 = CARTESIAN_POINT ( 'NONE',  ( 12.00000000000007638, 4.938911497404866680, 0.000000000000000000 ) ) ;
#9303 = FACE_OUTER_BOUND ( 'NONE', #2286, .T. ) ;
#9304 = CARTESIAN_POINT ( 'NONE',  ( 1.500000000000075939, 4.938911497404866680, 1.000000000000000000 ) ) ;
#9305 = DIRECTION ( 'NONE',  ( -0.000000000000000000, -0.000000000000000000, 1.000000000000000000 ) ) ;
#9306 = VECTOR ( 'NONE', #1184, 1000.000000000000000 ) ;
#9307 = FACE_OUTER_BOUND ( 'NONE', #840, .T. ) ;
#9308 = ADVANCED_FACE ( 'NONE', ( #1368 ), #1321, .F. ) ;
#9309 = ORIENTED_EDGE ( 'NONE', *, *, #6113, .T. ) ;
#9310 = EDGE_CURVE ( 'NONE', #8808, #6699, #5074, .T. ) ;
#9311 = EDGE_LOOP ( 'NONE', ( #9010, #8843, #4093, #8564 ) ) ;
#9312 = ORIENTED_EDGE ( 'NONE', *, *, #3005, .F. ) ;
#9313 = FACE_OUTER_BOUND ( 'NONE', #6164, .T. ) ;
#9314 = ORIENTED_EDGE ( 'NONE', *, *, #3060, .T. ) ;
#9315 = AXIS2_PLACEMENT_3D ( 'NONE', #5554, #4959, #4815 ) ;
#9316 = CARTESIAN_POINT ( 'NONE',  ( 12.75000000000003553, 8.938911497404866680, 0.000000000000000000 ) ) ;
#9317 = CARTESIAN_POINT ( 'NONE',  ( 5.750000000000056843, 6.938911497404866680, 0.000000000000000000 ) ) ;
#9318 = VECTOR ( 'NONE', #1545, 1000.000000000000000 ) ;
#9319 = VECTOR ( 'NONE', #8918, 1000.000000000000000 ) ;
#9320 = CYLINDRICAL_SURFACE ( 'NONE', #7591, 0.7500000000000006661 ) ;
#9321 = DIRECTION ( 'NONE',  ( 1.000000000000000000, 0.000000000000000000, 0.000000000000000000 ) ) ;
#9322 = ORIENTED_EDGE ( 'NONE', *, *, #3578, .F. ) ;
#9323 = FACE_OUTER_BOUND ( 'NONE', #3069, .T. ) ;
#9324 = DIRECTION ( 'NONE',  ( 1.000000000000000000, 0.000000000000000000, 0.000000000000000000 ) ) ;
#9325 = DIRECTION ( 'NONE',  ( 0.000000000000000000, -0.000000000000000000, -1.000000000000000000 ) ) ;
#9326 = VECTOR ( 'NONE', #7546, 1000.000000000000000 ) ;
#9327 = CIRCLE ( 'NONE', #5047, 0.7500000000000004441 ) ;
#9328 = ADVANCED_FACE ( 'NONE', ( #8928 ), #3763, .F. ) ;
#9329 = ADVANCED_FACE ( 'NONE', ( #2163 ), #2118, .F. ) ;
#9330 = VECTOR ( 'NONE', #7702, 1000.000000000000000 ) ;
#9331 = AXIS2_PLACEMENT_3D ( 'NONE', #7528, #8962, #5180 ) ;
#9332 = ORIENTED_EDGE ( 'NONE', *, *, #6143, .F. ) ;
#9333 = CYLINDRICAL_SURFACE ( 'NONE', #3160, 0.7500000000000006661 ) ;
#9334 = AXIS2_PLACEMENT_3D ( 'NONE', #571, #4362, #6607 ) ;
#9335 = EDGE_CURVE ( 'NONE', #2678, #3443, #5688, .T. ) ;
#9336 = DIRECTION ( 'NONE',  ( -0.000000000000000000, -0.000000000000000000, 1.000000000000000000 ) ) ;
#9337 = VECTOR ( 'NONE', #49, 1000.000000000000000 ) ;
#9338 = DIRECTION ( 'NONE',  ( -0.000000000000000000, -0.000000000000000000, 1.000000000000000000 ) ) ;
#9339 = ORIENTED_EDGE ( 'NONE', *, *, #9016, .F. ) ;
#9340 = VECTOR ( 'NONE', #6053, 1000.000000000000000 ) ;
#9342 = VERTEX_POINT ( 'NONE', #2207 ) ;
#9341 = AXIS2_PLACEMENT_3D ( 'NONE', #9343, #3943, #4632 ) ;
#9343 = CARTESIAN_POINT ( 'NONE',  ( -1.999999999999798828, -7.061088502595134209, -3.000000000000000000 ) ) ;
#9344 = AXIS2_PLACEMENT_3D ( 'NONE', #8893, #2217, #3776 ) ;
#9345 = VECTOR ( 'NONE', #5540, 1000.000000000000000 ) ;
#9346 = DIRECTION ( 'NONE',  ( -0.000000000000000000, -0.000000000000000000, 1.000000000000000000 ) ) ;
#9347 = EDGE_CURVE ( 'NONE', #6525, #340, #6747, .T. ) ;
#9348 = CARTESIAN_POINT ( 'NONE',  ( -1.249999999999735989, -13.06108850259513510, 0.000000000000000000 ) ) ;
#9349 = EDGE_CURVE ( 'NONE', #5828, #5970, #1758, .T. ) ;
#9350 = ORIENTED_EDGE ( 'NONE', *, *, #8961, .F. ) ;
#9351 = ORIENTED_EDGE ( 'NONE', *, *, #8497, .T. ) ;
#9352 = CYLINDRICAL_SURFACE ( 'NONE', #377, 0.7500000000000006661 ) ;
#9353 = AXIS2_PLACEMENT_3D ( 'NONE', #1767, #2463, #2417 ) ;
#9354 = LINE ( 'NONE', #9249, #5852 ) ;
#9355 = AXIS2_PLACEMENT_3D ( 'NONE', #3586, #8882, #5152 ) ;
#9356 = VERTEX_POINT ( 'NONE', #4507 ) ;
#9357 = CARTESIAN_POINT ( 'NONE',  ( 0.000000000000000000, 0.000000000000000000, 1.000000000000000000 ) ) ;
#9358 = EDGE_CURVE ( 'NONE', #4250, #1561, #3583, .T. ) ;
#9359 = ORIENTED_EDGE ( 'NONE', *, *, #6054, .T. ) ;
#9360 = EDGE_CURVE ( 'NONE', #9440, #1819, #6811, .T. ) ;
#9361 = FACE_BOUND ( 'NONE', #6575, .T. ) ;
#9362 = DIRECTION ( 'NONE',  ( 1.000000000000000000, 0.000000000000000000, 0.000000000000000000 ) ) ;
#9363 = CARTESIAN_POINT ( 'NONE',  ( -12.49999999999973710, -13.06108850259513510, 0.000000000000000000 ) ) ;
#9364 = AXIS2_PLACEMENT_3D ( 'NONE', #8331, #3917, #165 ) ;
#9365 = DIRECTION ( 'NONE',  ( 1.000000000000000000, 0.000000000000000000, 0.000000000000000000 ) ) ;
#9366 = CARTESIAN_POINT ( 'NONE',  ( 7.750000000000076383, 4.938911497404866680, 1.000000000000000000 ) ) ;
#9367 = DIRECTION ( 'NONE',  ( 0.000000000000000000, 0.000000000000000000, -1.000000000000000000 ) ) ;
#9368 = AXIS2_PLACEMENT_3D ( 'NONE', #3285, #6137, #9158 ) ;
#9369 = EDGE_LOOP ( 'NONE', ( #6162, #1231, #5358, #1874 ) ) ;
#9370 = VECTOR ( 'NONE', #3301, 1000.000000000000000 ) ;
#9371 = CARTESIAN_POINT ( 'NONE',  ( 30.50000000000000711, -8.999999999999996447, 2.000000000000000000 ) ) ;
#9372 = EDGE_CURVE ( 'NONE', #2970, #2689, #8076, .T. ) ;
#9373 = EDGE_LOOP ( 'NONE', ( #1620, #1890 ) ) ;
#9374 = CARTESIAN_POINT ( 'NONE',  ( 8.500000000000138556, -1.061088502595133765, 1.000000000000000000 ) ) ;
#9375 = CARTESIAN_POINT ( 'NONE',  ( 26.50000000000000711, -12.99999999999999645, 12.00000000000000000 ) ) ;
#9376 = VECTOR ( 'NONE', #1996, 1000.000000000000000 ) ;
#9377 = CARTESIAN_POINT ( 'NONE',  ( 0.7500000000001171285, 0.9389114974048662354, 1.000000000000000000 ) ) ;
#9378 = DIRECTION ( 'NONE',  ( 1.000000000000000000, 0.000000000000000000, 0.000000000000000000 ) ) ;
#9379 = EDGE_LOOP ( 'NONE', ( #3132, #1035, #8596, #3575 ) ) ;
#9380 = DIRECTION ( 'NONE',  ( 1.000000000000000000, 0.000000000000000000, 0.000000000000000000 ) ) ;
#9381 = CYLINDRICAL_SURFACE ( 'NONE', #516, 0.7500000000000004441 ) ;
#9382 = CARTESIAN_POINT ( 'NONE',  ( -5.499999999999882760, 0.9389114974048661244, 0.000000000000000000 ) ) ;
#9383 = AXIS2_PLACEMENT_3D ( 'NONE', #530, #5761, #2769 ) ;
#9384 = CARTESIAN_POINT ( 'NONE',  ( -6.249999999999924505, 4.938911497404866680, -3.000000000000000000 ) ) ;
#9385 = DIRECTION ( 'NONE',  ( -0.000000000000000000, 0.000000000000000000, 1.000000000000000000 ) ) ;
#9386 = CYLINDRICAL_SURFACE ( 'NONE', #3187, 0.7500000000000006661 ) ;
#9387 = EDGE_CURVE ( 'NONE', #4138, #275, #1601, .T. ) ;
#9388 = VERTEX_POINT ( 'NONE', #5853 ) ;
#9389 = EDGE_CURVE ( 'NONE', #1024, #8409, #617, .T. ) ;
#9390 = CIRCLE ( 'NONE', #547, 0.7500000000000006661 ) ;
#9391 = CARTESIAN_POINT ( 'NONE',  ( 26.50000000000000711, -8.999999999999996447, 2.000000000000000000 ) ) ;
#9392 = CARTESIAN_POINT ( 'NONE',  ( -5.499999999999819700, -5.061088502595135985, 1.000000000000000000 ) ) ;
#9393 = CARTESIAN_POINT ( 'NONE',  ( -8.999999999999944933, 6.938911497404866680, 1.000000000000000000 ) ) ;
#9394 = ORIENTED_EDGE ( 'NONE', *, *, #1596, .T. ) ;
#9395 = CARTESIAN_POINT ( 'NONE',  ( -4.749999999999923617, 4.938911497404866680, 1.000000000000000000 ) ) ;
#9396 = ORIENTED_EDGE ( 'NONE', *, *, #2962, .F. ) ;
#9397 = ORIENTED_EDGE ( 'NONE', *, *, #9107, .T. ) ;
#9398 = CARTESIAN_POINT ( 'NONE',  ( -13.24999999999979927, -7.061088502595134209, 1.000000000000000000 ) ) ;
#9399 = CARTESIAN_POINT ( 'NONE',  ( 4.250000000000243361, -11.06108850259513332, 0.000000000000000000 ) ) ;
#9400 = EDGE_CURVE ( 'NONE', #6615, #4603, #3625, .T. ) ;
#9401 = VERTEX_POINT ( 'NONE', #7447 ) ;
#9402 = FACE_BOUND ( 'NONE', #2833, .T. ) ;
#9403 = ORIENTED_EDGE ( 'NONE', *, *, #8157, .F. ) ;
#9404 = CARTESIAN_POINT ( 'NONE',  ( 20.00000000000000000, -15.00000000000000000, 1.000000000000000000 ) ) ;
#9405 = CARTESIAN_POINT ( 'NONE',  ( 12.75000000000009770, 2.938911497404866235, -3.000000000000000000 ) ) ;
#9406 = CYLINDRICAL_SURFACE ( 'NONE', #701, 0.7500000000000006661 ) ;
#9407 = CARTESIAN_POINT ( 'NONE',  ( 2.250000000000201617, -7.061088502595134209, 1.000000000000000000 ) ) ;
#9408 = CARTESIAN_POINT ( 'NONE',  ( -4.749999999999944045, 6.938911497404866680, 0.000000000000000000 ) ) ;
#9409 = EDGE_CURVE ( 'NONE', #2483, #8165, #9490, .T. ) ;
#9410 = ORIENTED_EDGE ( 'NONE', *, *, #3060, .F. ) ;
#9411 = EDGE_LOOP ( 'NONE', ( #6274, #137 ) ) ;
#9412 = DIRECTION ( 'NONE',  ( 0.000000000000000000, 1.000000000000000000, 0.000000000000000000 ) ) ;
#9413 = ORIENTED_EDGE ( 'NONE', *, *, #5240, .F. ) ;
#9414 = DIRECTION ( 'NONE',  ( -0.000000000000000000, -0.000000000000000000, 1.000000000000000000 ) ) ;
#9415 = CARTESIAN_POINT ( 'NONE',  ( 5.000000000000264677, -13.06108850259513510, 0.000000000000000000 ) ) ;
#9416 = DIRECTION ( 'NONE',  ( -0.000000000000000000, 0.000000000000000000, 1.000000000000000000 ) ) ;
#9417 =( NAMED_UNIT ( * ) PLANE_ANGLE_UNIT ( ) SI_UNIT ( $, .RADIAN. ) );
#9418 = VERTEX_POINT ( 'NONE', #867 ) ;
#9419 = CARTESIAN_POINT ( 'NONE',  ( 5.000000000000056843, 6.938911497404866680, 1.000000000000000000 ) ) ;
#9420 = LINE ( 'NONE', #531, #5871 ) ;
#9421 = DIRECTION ( 'NONE',  ( 0.000000000000000000, -0.000000000000000000, -1.000000000000000000 ) ) ;
#9422 = ADVANCED_FACE ( 'NONE', ( #4550 ), #3821, .F. ) ;
#9423 = CIRCLE ( 'NONE', #8169, 0.7500000000000006661 ) ;
#9424 = DIRECTION ( 'NONE',  ( -0.000000000000000000, -0.000000000000000000, 1.000000000000000000 ) ) ;
#9425 = ORIENTED_EDGE ( 'NONE', *, *, #7962, .F. ) ;
#9426 = CARTESIAN_POINT ( 'NONE',  ( -5.499999999999778844, -9.061088502595131544, 0.000000000000000000 ) ) ;
#9427 = DIRECTION ( 'NONE',  ( 1.000000000000000000, 0.000000000000000000, 0.000000000000000000 ) ) ;
#9428 = ORIENTED_EDGE ( 'NONE', *, *, #2706, .F. ) ;
#9429 = DIRECTION ( 'NONE',  ( -0.000000000000000000, 0.000000000000000000, 1.000000000000000000 ) ) ;
#9430 = CARTESIAN_POINT ( 'NONE',  ( 7.750000000000263789, -13.06108850259513510, 0.000000000000000000 ) ) ;
#9431 = FACE_OUTER_BOUND ( 'NONE', #3042, .T. ) ;
#9432 = ADVANCED_FACE ( 'NONE', ( #1014 ), #6288, .F. ) ;
#9433 = EDGE_LOOP ( 'NONE', ( #232, #4728, #9233, #3173 ) ) ;
#9434 = EDGE_CURVE ( 'NONE', #6630, #5841, #7134, .T. ) ;
#9435 = EDGE_CURVE ( 'NONE', #8509, #4669, #6336, .T. ) ;
#9436 = PRODUCT_CONTEXT ( 'NONE', #8900, 'mechanical' ) ;
#9437 = CIRCLE ( 'NONE', #3448, 0.7500000000000006661 ) ;
#9438 = ORIENTED_EDGE ( 'NONE', *, *, #3631, .T. ) ;
#9439 = CYLINDRICAL_SURFACE ( 'NONE', #1256, 0.7500000000000006661 ) ;
#9440 = VERTEX_POINT ( 'NONE', #1656 ) ;
#9441 = DIRECTION ( 'NONE',  ( 1.000000000000000000, 0.000000000000000000, 0.000000000000000000 ) ) ;
#9442 = ORIENTED_EDGE ( 'NONE', *, *, #2531, .T. ) ;
#9443 = ORIENTED_EDGE ( 'NONE', *, *, #2124, .F. ) ;
#9444 = DIRECTION ( 'NONE',  ( 1.000000000000000000, 0.000000000000000000, 0.000000000000000000 ) ) ;
#9445 = LINE ( 'NONE', #4244, #4736 ) ;
#9446 = VECTOR ( 'NONE', #2597, 1000.000000000000000 ) ;
#9447 = ORIENTED_EDGE ( 'NONE', *, *, #8158, .F. ) ;
#9448 = ADVANCED_FACE ( 'NONE', ( #4650 ), #7583, .F. ) ;
#9449 = LINE ( 'NONE', #3471, #929 ) ;
#9450 = EDGE_LOOP ( 'NONE', ( #3428, #4874, #8655, #7716 ) ) ;
#9451 = AXIS2_PLACEMENT_3D ( 'NONE', #9733, #702, #4537 ) ;
#9452 = EDGE_CURVE ( 'NONE', #4526, #2745, #8701, .T. ) ;
#9453 = DIRECTION ( 'NONE',  ( 1.000000000000000000, 0.000000000000000000, 0.000000000000000000 ) ) ;
#9454 = DIRECTION ( 'NONE',  ( 0.000000000000000000, 0.000000000000000000, 1.000000000000000000 ) ) ;
#9455 = CARTESIAN_POINT ( 'NONE',  ( 7.749999999999992895, 12.93891149740486668, 1.000000000000000000 ) ) ;
#9456 = LINE ( 'NONE', #4115, #2109 ) ;
#9457 = EDGE_LOOP ( 'NONE', ( #446, #7106 ) ) ;
#9458 = DIRECTION ( 'NONE',  ( -0.000000000000000000, 0.000000000000000000, 1.000000000000000000 ) ) ;
#9459 = CIRCLE ( 'NONE', #5177, 0.7500000000000006661 ) ;
#9460 = EDGE_LOOP ( 'NONE', ( #2819, #6704, #4354, #8841 ) ) ;
#9461 = ORIENTED_EDGE ( 'NONE', *, *, #6465, .F. ) ;
#9462 = DIRECTION ( 'NONE',  ( 0.000000000000000000, -0.000000000000000000, -1.000000000000000000 ) ) ;
#9463 = ORIENTED_EDGE ( 'NONE', *, *, #8937, .F. ) ;
#9464 = CYLINDRICAL_SURFACE ( 'NONE', #3003, 0.7500000000000004441 ) ;
#9465 = CARTESIAN_POINT ( 'NONE',  ( 9.250000000000056843, 6.938911497404866680, 0.000000000000000000 ) ) ;
#9466 = EDGE_CURVE ( 'NONE', #340, #9288, #2718, .T. ) ;
#9467 = DIRECTION ( 'NONE',  ( -0.000000000000000000, 0.000000000000000000, 1.000000000000000000 ) ) ;
#9468 = LINE ( 'NONE', #2807, #5390 ) ;
#9469 = AXIS2_PLACEMENT_3D ( 'NONE', #7854, #5661, #2621 ) ;
#9470 = VERTEX_POINT ( 'NONE', #3242 ) ;
#9471 = DIRECTION ( 'NONE',  ( 1.000000000000000000, 0.000000000000000000, 0.000000000000000000 ) ) ;
#9472 = DIRECTION ( 'NONE',  ( 0.000000000000000000, -0.000000000000000000, -1.000000000000000000 ) ) ;
#9473 = DIRECTION ( 'NONE',  ( -0.000000000000000000, 0.000000000000000000, 1.000000000000000000 ) ) ;
#9474 = AXIS2_PLACEMENT_3D ( 'NONE', #1261, #1857, #7304 ) ;
#9475 = CIRCLE ( 'NONE', #8066, 0.7500000000000006661 ) ;
#9476 = VECTOR ( 'NONE', #9599, 1000.000000000000000 ) ;
#9477 = FACE_OUTER_BOUND ( 'NONE', #9169, .T. ) ;
#9478 = VERTEX_POINT ( 'NONE', #3189 ) ;
#9479 = ORIENTED_EDGE ( 'NONE', *, *, #7625, .T. ) ;
#9480 = EDGE_CURVE ( 'NONE', #9520, #5975, #4276, .T. ) ;
#9481 = CARTESIAN_POINT ( 'NONE',  ( 7.750000000000138556, -1.061088502595133765, 1.000000000000000000 ) ) ;
#9482 = FACE_OUTER_BOUND ( 'NONE', #1029, .T. ) ;
#9483 = EDGE_CURVE ( 'NONE', #4544, #1238, #5444, .T. ) ;
#9484 = VERTEX_POINT ( 'NONE', #2544 ) ;
#9485 = DIRECTION ( 'NONE',  ( -0.000000000000000000, -0.000000000000000000, 1.000000000000000000 ) ) ;
#9486 = CARTESIAN_POINT ( 'NONE',  ( -12.49999999999984190, -3.061088502595133765, 0.000000000000000000 ) ) ;
#9487 = CIRCLE ( 'NONE', #2711, 0.7500000000000006661 ) ;
#9488 = CARTESIAN_POINT ( 'NONE',  ( 12.00000000000013856, -1.061088502595133765, 1.000000000000000000 ) ) ;
#9489 = VECTOR ( 'NONE', #9201, 1000.000000000000000 ) ;
#9490 = CIRCLE ( 'NONE', #3020, 0.7500000000000006661 ) ;
#9491 = CIRCLE ( 'NONE', #3497, 0.7500000000000006661 ) ;
#9492 = ORIENTED_EDGE ( 'NONE', *, *, #7575, .T. ) ;
#9493 = DIRECTION ( 'NONE',  ( 1.000000000000000000, 0.000000000000000000, 0.000000000000000000 ) ) ;
#9494 = VERTEX_POINT ( 'NONE', #2349 ) ;
#9495 = VECTOR ( 'NONE', #4166, 1000.000000000000000 ) ;
#9496 = CIRCLE ( 'NONE', #5064, 0.7500000000000006661 ) ;
#9497 = CARTESIAN_POINT ( 'NONE',  ( 12.00000000000026468, -13.06108850259513510, 1.000000000000000000 ) ) ;
#9498 = VERTEX_POINT ( 'NONE', #3914 ) ;
#9499 = ORIENTED_EDGE ( 'NONE', *, *, #7900, .T. ) ;
#9500 = DIRECTION ( 'NONE',  ( 1.000000000000000000, 0.000000000000000000, 0.000000000000000000 ) ) ;
#9501 = FACE_OUTER_BOUND ( 'NONE', #2787, .T. ) ;
#9502 = VECTOR ( 'NONE', #886, 1000.000000000000000 ) ;
#9503 = AXIS2_PLACEMENT_3D ( 'NONE', #2173, #580, #3503 ) ;
#9504 = AXIS2_PLACEMENT_3D ( 'NONE', #5307, #8343, #1570 ) ;
#9505 = EDGE_LOOP ( 'NONE', ( #4004, #8139 ) ) ;
#9506 = LINE ( 'NONE', #8129, #4865 ) ;
#9507 = AXIS2_PLACEMENT_3D ( 'NONE', #4139, #7959, #579 ) ;
#9508 = VECTOR ( 'NONE', #7747, 1000.000000000000000 ) ;
#9509 = DIRECTION ( 'NONE',  ( -0.000000000000000000, -0.000000000000000000, 1.000000000000000000 ) ) ;
#9510 = CARTESIAN_POINT ( 'NONE',  ( -30.49999999999999645, 13.00000000000000533, 2.000000000000000000 ) ) ;
#9511 = ADVANCED_FACE ( 'NONE', ( #3970 ), #5335, .F. ) ;
#9512 = ORIENTED_EDGE ( 'NONE', *, *, #7198, .T. ) ;
#9513 = EDGE_CURVE ( 'NONE', #244, #8245, #8547, .T. ) ;
#9514 = DIRECTION ( 'NONE',  ( -0.000000000000000000, 0.000000000000000000, 1.000000000000000000 ) ) ;
#9515 = CARTESIAN_POINT ( 'NONE',  ( 0.7500000000000546230, 6.938911497404866680, -3.000000000000000000 ) ) ;
#9516 = ORIENTED_EDGE ( 'NONE', *, *, #2148, .F. ) ;
#9517 = EDGE_LOOP ( 'NONE', ( #4693, #641 ) ) ;
#9518 = STYLED_ITEM ( 'NONE', ( #1369 ), #3091 ) ;
#9519 = LINE ( 'NONE', #6651, #3910 ) ;
#9520 = VERTEX_POINT ( 'NONE', #6197 ) ;
#9521 = CARTESIAN_POINT ( 'NONE',  ( 27.69999999999999929, 10.99999999999999822, 7.000000000000000000 ) ) ;
#9522 = DIRECTION ( 'NONE',  ( 4.336808689942017736E-16, -1.000000000000000000, 0.000000000000000000 ) ) ;
#9523 = DIRECTION ( 'NONE',  ( 1.000000000000000000, 0.000000000000000000, 0.000000000000000000 ) ) ;
#9524 = CARTESIAN_POINT ( 'NONE',  ( 9.250000000000035527, 8.938911497404866680, 1.000000000000000000 ) ) ;
#9525 = ORIENTED_EDGE ( 'NONE', *, *, #217, .T. ) ;
#9526 = AXIS2_PLACEMENT_3D ( 'NONE', #4350, #5284, #7385 ) ;
#9527 = DIRECTION ( 'NONE',  ( -0.000000000000000000, -0.000000000000000000, 1.000000000000000000 ) ) ;
#9528 = DIRECTION ( 'NONE',  ( -0.000000000000000000, -0.000000000000000000, 1.000000000000000000 ) ) ;
#9529 = DIRECTION ( 'NONE',  ( -0.000000000000000000, -0.000000000000000000, 1.000000000000000000 ) ) ;
#9530 = CIRCLE ( 'NONE', #685, 0.7500000000000006661 ) ;
#9531 = EDGE_CURVE ( 'NONE', #3623, #7532, #3343, .T. ) ;
#9532 = CIRCLE ( 'NONE', #7335, 0.7500000000000006661 ) ;
#9533 = CARTESIAN_POINT ( 'NONE',  ( -5.499999999999757527, -11.06108850259513332, 0.000000000000000000 ) ) ;
#9534 = CARTESIAN_POINT ( 'NONE',  ( -30.49999999999999645, 13.00000000000000533, 12.00000000000000000 ) ) ;
#9535 = DIRECTION ( 'NONE',  ( 0.000000000000000000, -0.000000000000000000, -1.000000000000000000 ) ) ;
#9536 = ORIENTED_EDGE ( 'NONE', *, *, #6845, .F. ) ;
#9537 = CYLINDRICAL_SURFACE ( 'NONE', #1330, 0.7500000000000006661 ) ;
#9539 = PLANE ( 'NONE',  #476 ) ;
#9538 = AXIS2_PLACEMENT_3D ( 'NONE', #8661, #2684, #8711 ) ;
#9540 = EDGE_CURVE ( 'NONE', #5495, #2483, #9211, .T. ) ;
#9541 = EDGE_CURVE ( 'NONE', #7386, #1488, #2404, .T. ) ;
#9542 = ORIENTED_EDGE ( 'NONE', *, *, #6055, .T. ) ;
#9543 = CARTESIAN_POINT ( 'NONE',  ( -1.249999999999944045, 6.938911497404866680, 0.000000000000000000 ) ) ;
#9544 = ORIENTED_EDGE ( 'NONE', *, *, #2733, .T. ) ;
#9545 = VECTOR ( 'NONE', #9527, 1000.000000000000000 ) ;
#9546 = CARTESIAN_POINT ( 'NONE',  ( 20.00000000000000000, -15.00000000000000000, 1.000000000000000000 ) ) ;
#9547 = FACE_BOUND ( 'NONE', #989, .T. ) ;
#9548 = ORIENTED_EDGE ( 'NONE', *, *, #7980, .T. ) ;
#9549 = ORIENTED_EDGE ( 'NONE', *, *, #6210, .F. ) ;
#9550 = FACE_OUTER_BOUND ( 'NONE', #2667, .T. ) ;
#9551 = DIRECTION ( 'NONE',  ( -0.000000000000000000, 0.000000000000000000, 1.000000000000000000 ) ) ;
#9552 = ADVANCED_FACE ( 'NONE', ( #957 ), #4755, .F. ) ;
#9553 = ORIENTED_EDGE ( 'NONE', *, *, #1530, .T. ) ;
#9554 = CARTESIAN_POINT ( 'NONE',  ( -12.49999999999975842, -11.06108850259513332, 1.000000000000000000 ) ) ;
#9555 = FACE_OUTER_BOUND ( 'NONE', #9282, .T. ) ;
#9556 = PLANE ( 'NONE',  #5726 ) ;
#9557 = EDGE_LOOP ( 'NONE', ( #7100, #380, #2626, #1137 ) ) ;
#9558 = DIRECTION ( 'NONE',  ( 1.000000000000000000, 0.000000000000000000, 0.000000000000000000 ) ) ;
#9559 = LINE ( 'NONE', #3574, #5564 ) ;
#9560 = ORIENTED_EDGE ( 'NONE', *, *, #6912, .F. ) ;
#9561 = ORIENTED_EDGE ( 'NONE', *, *, #22, .T. ) ;
#9562 = ORIENTED_EDGE ( 'NONE', *, *, #4989, .T. ) ;
#9563 = EDGE_CURVE ( 'NONE', #560, #8344, #170, .T. ) ;
#9564 = DIRECTION ( 'NONE',  ( 1.000000000000000000, 0.000000000000000000, 0.000000000000000000 ) ) ;
#9565 = EDGE_CURVE ( 'NONE', #7375, #565, #3473, .T. ) ;
#9566 = VERTEX_POINT ( 'NONE', #4948 ) ;
#9567 = CARTESIAN_POINT ( 'NONE',  ( 5.750000000000223821, -9.061088502595131544, 0.000000000000000000 ) ) ;
#9568 = CARTESIAN_POINT ( 'NONE',  ( -8.249999999999882760, 0.9389114974048661244, 1.000000000000000000 ) ) ;
#9569 = LINE ( 'NONE', #1912, #4109 ) ;
#9570 = DIRECTION ( 'NONE',  ( 1.000000000000000000, 0.000000000000000000, 0.000000000000000000 ) ) ;
#9571 = ORIENTED_EDGE ( 'NONE', *, *, #6831, .F. ) ;
#9572 = CARTESIAN_POINT ( 'NONE',  ( 28.49999999999999645, 10.99999999999999822, 7.000000000000000000 ) ) ;
#9573 = CARTESIAN_POINT ( 'NONE',  ( -13.24999999999992539, 4.938911497404866680, 0.000000000000000000 ) ) ;
#9574 = FACE_OUTER_BOUND ( 'NONE', #9629, .T. ) ;
#9575 = DIRECTION ( 'NONE',  ( 1.000000000000000000, 0.000000000000000000, 0.000000000000000000 ) ) ;
#9576 = CARTESIAN_POINT ( 'NONE',  ( 28.49999999999999645, -11.00000000000000178, 7.000000000000000000 ) ) ;
#9577 = CARTESIAN_POINT ( 'NONE',  ( 2.250000000000201617, -7.061088502595134209, 0.000000000000000000 ) ) ;
#9578 = ORIENTED_EDGE ( 'NONE', *, *, #3119, .T. ) ;
#9579 = ADVANCED_FACE ( 'NONE', ( #1161 ), #3526, .F. ) ;
#9580 = CARTESIAN_POINT ( 'NONE',  ( 8.500000000000056843, 6.938911497404866680, -3.000000000000000000 ) ) ;
#9581 = CARTESIAN_POINT ( 'NONE',  ( -9.749999999999863221, -1.061088502595133765, 1.000000000000000000 ) ) ;
#9582 = CARTESIAN_POINT ( 'NONE',  ( -13.24999999999988276, 0.9389114974048662354, -3.000000000000000000 ) ) ;
#9583 = EDGE_LOOP ( 'NONE', ( #8925, #3475 ) ) ;
#9584 = DIRECTION ( 'NONE',  ( -0.000000000000000000, -0.000000000000000000, 1.000000000000000000 ) ) ;
#9585 = FACE_BOUND ( 'NONE', #906, .T. ) ;
#9586 = AXIS2_PLACEMENT_3D ( 'NONE', #8575, #1057, #3387 ) ;
#9587 = EDGE_LOOP ( 'NONE', ( #3716, #6825 ) ) ;
#9588 = EDGE_CURVE ( 'NONE', #7532, #3623, #431, .T. ) ;
#9589 = ORIENTED_EDGE ( 'NONE', *, *, #4656, .T. ) ;
#9590 = CARTESIAN_POINT ( 'NONE',  ( -26.49999999999999645, -8.999999999999996447, 2.000000000000000000 ) ) ;
#9591 = LINE ( 'NONE', #4885, #1284 ) ;
#9592 = ORIENTED_EDGE ( 'NONE', *, *, #7170, .F. ) ;
#9593 = DIRECTION ( 'NONE',  ( 1.000000000000000000, 0.000000000000000000, 0.000000000000000000 ) ) ;
#9594 = DIRECTION ( 'NONE',  ( -0.000000000000000000, 0.000000000000000000, 1.000000000000000000 ) ) ;
#9595 = ADVANCED_FACE ( 'NONE', ( #9555 ), #7091, .F. ) ;
#9596 = CARTESIAN_POINT ( 'NONE',  ( -6.249999999999883649, 0.9389114974048662354, 1.000000000000000000 ) ) ;
#9597 = AXIS2_PLACEMENT_3D ( 'NONE', #5190, #8182, #7496 ) ;
#9598 = EDGE_CURVE ( 'NONE', #1993, #2433, #6904, .T. ) ;
#9599 = DIRECTION ( 'NONE',  ( -0.000000000000000000, -0.000000000000000000, 1.000000000000000000 ) ) ;
#9600 = DIRECTION ( 'NONE',  ( 1.000000000000000000, 0.000000000000000000, 0.000000000000000000 ) ) ;
#9601 = EDGE_LOOP ( 'NONE', ( #1661, #517 ) ) ;
#9602 = ORIENTED_EDGE ( 'NONE', *, *, #2953, .F. ) ;
#9603 = LINE ( 'NONE', #2705, #4076 ) ;
#9604 = ORIENTED_EDGE ( 'NONE', *, *, #6962, .F. ) ;
#9605 = CARTESIAN_POINT ( 'NONE',  ( -11.74999999999988276, 0.9389114974048661244, -3.000000000000000000 ) ) ;
#9606 = CARTESIAN_POINT ( 'NONE',  ( -5.499999999999799272, -7.061088502595134209, 1.000000000000000000 ) ) ;
#9607 = CARTESIAN_POINT ( 'NONE',  ( -8.999999999999904077, 2.938911497404866235, 1.000000000000000000 ) ) ;
#9608 = LINE ( 'NONE', #2263, #4297 ) ;
#9609 = AXIS2_PLACEMENT_3D ( 'NONE', #4094, #142, #2585 ) ;
#9610 = ADVANCED_FACE ( 'NONE', ( #5543 ), #363, .F. ) ;
#9611 = CARTESIAN_POINT ( 'NONE',  ( 12.75000000000003553, 8.938911497404866680, -3.000000000000000000 ) ) ;
#9612 = ORIENTED_EDGE ( 'NONE', *, *, #7221, .F. ) ;
#9613 = AXIS2_PLACEMENT_3D ( 'NONE', #8256, #4483, #6721 ) ;
#9614 = DIRECTION ( 'NONE',  ( -0.000000000000000000, -0.000000000000000000, 1.000000000000000000 ) ) ;
#9615 = EDGE_LOOP ( 'NONE', ( #1399, #9525, #1914, #2063 ) ) ;
#9616 = DIRECTION ( 'NONE',  ( 1.000000000000000000, 0.000000000000000000, 0.000000000000000000 ) ) ;
#9617 = DIRECTION ( 'NONE',  ( 1.000000000000000000, 0.000000000000000000, 0.000000000000000000 ) ) ;
#9618 = ORIENTED_EDGE ( 'NONE', *, *, #5059, .T. ) ;
#9619 = CARTESIAN_POINT ( 'NONE',  ( 11.25000000000022204, -9.061088502595131544, -3.000000000000000000 ) ) ;
#9620 = ADVANCED_FACE ( 'NONE', ( #1249 ), #1805, .F. ) ;
#9621 = ADVANCED_FACE ( 'NONE', ( #1955 ), #6499, .F. ) ;
#9622 = LINE ( 'NONE', #4189, #2701 ) ;
#9623 = CIRCLE ( 'NONE', #1265, 0.7500000000000006661 ) ;
#9624 = CARTESIAN_POINT ( 'NONE',  ( 1.500000000000034195, 8.938911497404866680, 0.000000000000000000 ) ) ;
#9625 = ORIENTED_EDGE ( 'NONE', *, *, #3873, .F. ) ;
#9626 = CYLINDRICAL_SURFACE ( 'NONE', #3966, 0.7500000000000006661 ) ;
#9627 = AXIS2_PLACEMENT_3D ( 'NONE', #34, #6666, #6806 ) ;
#9628 = FACE_BOUND ( 'NONE', #4786, .T. ) ;
#9629 = EDGE_LOOP ( 'NONE', ( #1091, #5373, #7667, #5955 ) ) ;
#9630 = AXIS2_PLACEMENT_3D ( 'NONE', #3694, #2221, #9722 ) ;
#9632 = VERTEX_POINT ( 'NONE', #3332 ) ;
#9631 = CIRCLE ( 'NONE', #2858, 0.7500000000000006661 ) ;
#9633 = DIRECTION ( 'NONE',  ( 1.000000000000000000, 0.000000000000000000, 0.000000000000000000 ) ) ;
#9634 = DIRECTION ( 'NONE',  ( -0.000000000000000000, -0.000000000000000000, 1.000000000000000000 ) ) ;
#9635 = CIRCLE ( 'NONE', #37, 0.7500000000000006661 ) ;
#9636 = AXIS2_PLACEMENT_3D ( 'NONE', #7568, #6562, #8315 ) ;
#9637 = VERTEX_POINT ( 'NONE', #4110 ) ;
#9638 = VERTEX_POINT ( 'NONE', #6346 ) ;
#9639 = AXIS2_PLACEMENT_3D ( 'NONE', #1108, #2605, #369 ) ;
#9640 = EDGE_CURVE ( 'NONE', #129, #5699, #5945, .T. ) ;
#9641 = AXIS2_PLACEMENT_3D ( 'NONE', #8070, #7192, #3424 ) ;
#9642 = EDGE_CURVE ( 'NONE', #9388, #5935, #8329, .T. ) ;
#9643 = DIRECTION ( 'NONE',  ( 1.000000000000000000, 0.000000000000000000, 0.000000000000000000 ) ) ;
#9644 = DIRECTION ( 'NONE',  ( -0.000000000000000000, -0.000000000000000000, 1.000000000000000000 ) ) ;
#9645 = DIRECTION ( 'NONE',  ( 0.000000000000000000, -0.000000000000000000, -1.000000000000000000 ) ) ;
#9646 = CIRCLE ( 'NONE', #341, 0.7500000000000006661 ) ;
#9647 = CARTESIAN_POINT ( 'NONE',  ( 2.250000000000035083, 8.938911497404866680, 1.000000000000000000 ) ) ;
#9648 = CARTESIAN_POINT ( 'NONE',  ( -1.999999999999861222, -1.061088502595133765, 0.000000000000000000 ) ) ;
#9649 = AXIS2_PLACEMENT_3D ( 'NONE', #8605, #4145, #4087 ) ;
#9650 = VERTEX_POINT ( 'NONE', #2693 ) ;
#9651 = VERTEX_POINT ( 'NONE', #9404 ) ;
#9652 = ORIENTED_EDGE ( 'NONE', *, *, #4078, .T. ) ;
#9653 = EDGE_CURVE ( 'NONE', #5245, #4557, #2643, .T. ) ;
#9654 = EDGE_CURVE ( 'NONE', #6870, #7460, #4893, .T. ) ;
#9655 = AXIS2_PLACEMENT_3D ( 'NONE', #7457, #5913, #679 ) ;
#9656 = EDGE_CURVE ( 'NONE', #3715, #7189, #7538, .T. ) ;
#9657 = FACE_OUTER_BOUND ( 'NONE', #564, .T. ) ;
#9658 = CIRCLE ( 'NONE', #6988, 0.7500000000000006661 ) ;
#9659 = ORIENTED_EDGE ( 'NONE', *, *, #5290, .F. ) ;
#9660 = DIRECTION ( 'NONE',  ( -0.000000000000000000, -0.000000000000000000, 1.000000000000000000 ) ) ;
#9661 = DIRECTION ( 'NONE',  ( -0.000000000000000000, 1.000000000000000000, -0.000000000000000000 ) ) ;
#9662 = CARTESIAN_POINT ( 'NONE',  ( 0.7499999999999922284, 12.93891149740486668, 1.000000000000000000 ) ) ;
#9663 = CIRCLE ( 'NONE', #4599, 0.7500000000000006661 ) ;
#9664 = DIRECTION ( 'NONE',  ( 0.000000000000000000, -0.000000000000000000, -1.000000000000000000 ) ) ;
#9665 = FACE_OUTER_BOUND ( 'NONE', #4836, .T. ) ;
#9666 = DIRECTION ( 'NONE',  ( -0.000000000000000000, 0.000000000000000000, 1.000000000000000000 ) ) ;
#9667 = AXIS2_PLACEMENT_3D ( 'NONE', #7849, #6303, #9321 ) ;
#9668 = ORIENTED_EDGE ( 'NONE', *, *, #112, .T. ) ;
#9669 = EDGE_CURVE ( 'NONE', #1525, #1793, #1694, .T. ) ;
#9670 = CIRCLE ( 'NONE', #5395, 0.7500000000000004441 ) ;
#9671 = DIRECTION ( 'NONE',  ( 1.000000000000000000, 0.000000000000000000, 0.000000000000000000 ) ) ;
#9672 = EDGE_LOOP ( 'NONE', ( #8122, #6431 ) ) ;
#9673 = AXIS2_PLACEMENT_3D ( 'NONE', #8813, #455, #1162 ) ;
#9674 = DIRECTION ( 'NONE',  ( -0.000000000000000000, -0.000000000000000000, 1.000000000000000000 ) ) ;
#9675 = DIRECTION ( 'NONE',  ( -0.000000000000000000, 0.000000000000000000, 1.000000000000000000 ) ) ;
#9676 = ORIENTED_EDGE ( 'NONE', *, *, #911, .T. ) ;
#9677 = DIRECTION ( 'NONE',  ( 0.000000000000000000, -0.000000000000000000, -1.000000000000000000 ) ) ;
#9678 = DIRECTION ( 'NONE',  ( 0.000000000000000000, -0.000000000000000000, -1.000000000000000000 ) ) ;
#9679 = VECTOR ( 'NONE', #6930, 1000.000000000000000 ) ;
#9680 = EDGE_CURVE ( 'NONE', #2423, #2150, #5308, .T. ) ;
#9681 = CARTESIAN_POINT ( 'NONE',  ( -18.50000000000000355, 12.93891149740487023, 1.000000000000000000 ) ) ;
#9682 = VERTEX_POINT ( 'NONE', #7342 ) ;
#9683 = EDGE_CURVE ( 'NONE', #5935, #9388, #9423, .T. ) ;
#9684 = CARTESIAN_POINT ( 'NONE',  ( -4.749999999999881872, 0.9389114974048661244, 0.000000000000000000 ) ) ;
#9685 = FACE_BOUND ( 'NONE', #1092, .T. ) ;
#9686 = ORIENTED_EDGE ( 'NONE', *, *, #8333, .T. ) ;
#9687 = AXIS2_PLACEMENT_3D ( 'NONE', #9226, #7165, #1863 ) ;
#9688 = ORIENTED_EDGE ( 'NONE', *, *, #7321, .T. ) ;
#9689 = CARTESIAN_POINT ( 'NONE',  ( 5.750000000000265565, -13.06108850259513510, 0.000000000000000000 ) ) ;
#9690 = DIRECTION ( 'NONE',  ( 1.000000000000000000, 0.000000000000000000, 0.000000000000000000 ) ) ;
#9691 = ORIENTED_EDGE ( 'NONE', *, *, #6088, .F. ) ;
#9692 = VERTEX_POINT ( 'NONE', #7484 ) ;
#9693 = VECTOR ( 'NONE', #8310, 1000.000000000000000 ) ;
#9694 = DIRECTION ( 'NONE',  ( 1.000000000000000000, 0.000000000000000000, 0.000000000000000000 ) ) ;
#9695 = CARTESIAN_POINT ( 'NONE',  ( -8.999999999999882760, 0.9389114974048661244, 1.000000000000000000 ) ) ;
#9696 = DIRECTION ( 'NONE',  ( -0.000000000000000000, -0.000000000000000000, 1.000000000000000000 ) ) ;
#9697 = DIRECTION ( 'NONE',  ( -0.000000000000000000, -0.000000000000000000, 1.000000000000000000 ) ) ;
#9698 = ADVANCED_FACE ( 'NONE', ( #8915 ), #7384, .F. ) ;
#9699 = CARTESIAN_POINT ( 'NONE',  ( -30.49999999999999645, 9.000000000000005329, 12.00000000000000000 ) ) ;
#9700 = ORIENTED_EDGE ( 'NONE', *, *, #543, .F. ) ;
#9701 = ORIENTED_EDGE ( 'NONE', *, *, #926, .F. ) ;
#9702 = ORIENTED_EDGE ( 'NONE', *, *, #683, .F. ) ;
#9703 = ORIENTED_EDGE ( 'NONE', *, *, #4988, .T. ) ;
#9704 = FACE_BOUND ( 'NONE', #1843, .T. ) ;
#9705 = EDGE_LOOP ( 'NONE', ( #2323, #2914, #2640, #7351 ) ) ;
#9706 = CARTESIAN_POINT ( 'NONE',  ( -13.24999999999990408, 2.938911497404866235, 1.000000000000000000 ) ) ;
#9707 = DIRECTION ( 'NONE',  ( -0.000000000000000000, -0.000000000000000000, 1.000000000000000000 ) ) ;
#9708 = DIRECTION ( 'NONE',  ( -0.000000000000000000, 0.000000000000000000, 1.000000000000000000 ) ) ;
#9709 = DIRECTION ( 'NONE',  ( -0.000000000000000000, 0.000000000000000000, 1.000000000000000000 ) ) ;
#9710 = EDGE_CURVE ( 'NONE', #1862, #7662, #905, .T. ) ;
#9711 = CARTESIAN_POINT ( 'NONE',  ( 5.750000000000098588, 2.938911497404866235, 0.000000000000000000 ) ) ;
#9712 = CARTESIAN_POINT ( 'NONE',  ( -32.50000000000000000, 17.50000000000000000, 2.000000000000000000 ) ) ;
#9713 = EDGE_CURVE ( 'NONE', #79, #6206, #1538, .T. ) ;
#9714 = ORIENTED_EDGE ( 'NONE', *, *, #1051, .T. ) ;
#9715 = ORIENTED_EDGE ( 'NONE', *, *, #9680, .T. ) ;
#9716 = DIRECTION ( 'NONE',  ( 1.000000000000000000, 0.000000000000000000, 0.000000000000000000 ) ) ;
#9717 = DIRECTION ( 'NONE',  ( 1.000000000000000000, 0.000000000000000000, 0.000000000000000000 ) ) ;
#9718 = CARTESIAN_POINT ( 'NONE',  ( -8.249999999999799272, -7.061088502595134209, 0.000000000000000000 ) ) ;
#9719 = ORIENTED_EDGE ( 'NONE', *, *, #4212, .F. ) ;
#9720 = DIRECTION ( 'NONE',  ( -0.000000000000000000, 0.000000000000000000, 1.000000000000000000 ) ) ;
#9721 = ADVANCED_FACE ( 'NONE', ( #2934 ), #6735, .F. ) ;
#9722 = DIRECTION ( 'NONE',  ( 1.000000000000000000, 0.000000000000000000, 0.000000000000000000 ) ) ;
#9723 = CARTESIAN_POINT ( 'NONE',  ( 12.75000000000024336, -11.06108850259513332, 1.000000000000000000 ) ) ;
#9724 = VERTEX_POINT ( 'NONE', #6596 ) ;
#9725 = CARTESIAN_POINT ( 'NONE',  ( -13.24999999999977973, -9.061088502595131544, -3.000000000000000000 ) ) ;
#9726 = CARTESIAN_POINT ( 'NONE',  ( 0.000000000000000000, -13.06108850259512977, 0.000000000000000000 ) ) ;
#9727 = ORIENTED_EDGE ( 'NONE', *, *, #7915, .T. ) ;
#9728 = ORIENTED_EDGE ( 'NONE', *, *, #6990, .F. ) ;
#9729 = DIRECTION ( 'NONE',  ( 1.000000000000000000, 0.000000000000000000, 0.000000000000000000 ) ) ;
#9730 = DIRECTION ( 'NONE',  ( 1.000000000000000000, 0.000000000000000000, 0.000000000000000000 ) ) ;
#9731 = EDGE_CURVE ( 'NONE', #5103, #5455, #3570, .T. ) ;
#9732 = ORIENTED_EDGE ( 'NONE', *, *, #7392, .T. ) ;
#9733 = CARTESIAN_POINT ( 'NONE',  ( 12.00000000000022204, -9.061088502595131544, -3.000000000000000000 ) ) ;
#9734 = DIRECTION ( 'NONE',  ( -0.000000000000000000, -0.000000000000000000, 1.000000000000000000 ) ) ;
#9735 = DIRECTION ( 'NONE',  ( -0.000000000000000000, -0.000000000000000000, 1.000000000000000000 ) ) ;
#9736 = ORIENTED_EDGE ( 'NONE', *, *, #9204, .T. ) ;
#9737 = CARTESIAN_POINT ( 'NONE',  ( -1.249999999999985789, 10.93891149740486668, -3.000000000000000000 ) ) ;
#9738 = AXIS2_PLACEMENT_3D ( 'NONE', #659, #6739, #9600 ) ;
#9739 = CARTESIAN_POINT ( 'NONE',  ( 7.750000000000200728, -7.061088502595134209, 0.000000000000000000 ) ) ;
#9740 = DIRECTION ( 'NONE',  ( 1.000000000000000000, 0.000000000000000000, 0.000000000000000000 ) ) ;
#9741 = ORIENTED_EDGE ( 'NONE', *, *, #5162, .F. ) ;
#9742 = VERTEX_POINT ( 'NONE', #8172 ) ;
#9743 = FACE_BOUND ( 'NONE', #7076, .T. ) ;
#9744 = ADVANCED_FACE ( 'NONE', ( #4449 ), #1394, .F. ) ;
#9745 = ORIENTED_EDGE ( 'NONE', *, *, #1336, .F. ) ;
#9746 = VECTOR ( 'NONE', #1367, 1000.000000000000000 ) ;
#9747 = CARTESIAN_POINT ( 'NONE',  ( -11.74999999999994493, 6.938911497404866680, -3.000000000000000000 ) ) ;
#9748 = CARTESIAN_POINT ( 'NONE',  ( -9.749999999999758415, -11.06108850259513332, -3.000000000000000000 ) ) ;
#9749 = FACE_OUTER_BOUND ( 'NONE', #6045, .T. ) ;
#9750 = FACE_OUTER_BOUND ( 'NONE', #4902, .T. ) ;
#9751 = CARTESIAN_POINT ( 'NONE',  ( -12.49999999999986144, -1.061088502595133765, -3.000000000000000000 ) ) ;
#9752 = DIRECTION ( 'NONE',  ( -0.000000000000000000, 0.000000000000000000, 1.000000000000000000 ) ) ;
#9753 = AXIS2_PLACEMENT_3D ( 'NONE', #214, #1696, #4802 ) ;
#9754 = EDGE_LOOP ( 'NONE', ( #8029, #5460 ) ) ;
#9755 = EDGE_CURVE ( 'NONE', #8818, #1763, #6436, .T. ) ;
#9756 = ORIENTED_EDGE ( 'NONE', *, *, #7395, .T. ) ;
#9757 = FACE_OUTER_BOUND ( 'NONE', #401, .T. ) ;
#9758 = EDGE_LOOP ( 'NONE', ( #3075, #5899, #1826, #8249 ) ) ;
#9759 = DIRECTION ( 'NONE',  ( 1.000000000000000000, 0.000000000000000000, 0.000000000000000000 ) ) ;
#9760 = CARTESIAN_POINT ( 'NONE',  ( -5.499999999999778844, -9.061088502595131544, 1.000000000000000000 ) ) ;
#9761 = AXIS2_PLACEMENT_3D ( 'NONE', #5931, #5976, #6881 ) ;
#9762 = ORIENTED_EDGE ( 'NONE', *, *, #8401, .T. ) ;
#9763 = CARTESIAN_POINT ( 'NONE',  ( 0.7500000000002003953, -7.061088502595134209, 1.000000000000000000 ) ) ;
#9764 = CYLINDRICAL_SURFACE ( 'NONE', #6978, 0.7500000000000006661 ) ;
#9765 = ORIENTED_EDGE ( 'NONE', *, *, #1614, .F. ) ;
#9766 = CIRCLE ( 'NONE', #6945, 0.7500000000000004441 ) ;
#9767 = EDGE_CURVE ( 'NONE', #1168, #3310, #2973, .T. ) ;
#9768 = EDGE_CURVE ( 'NONE', #1811, #8020, #6600, .T. ) ;
#9769 = DIRECTION ( 'NONE',  ( -0.000000000000000000, -0.000000000000000000, 1.000000000000000000 ) ) ;
#9770 = ORIENTED_EDGE ( 'NONE', *, *, #9483, .T. ) ;
#9771 = FACE_OUTER_BOUND ( 'NONE', #6725, .T. ) ;
#9772 = DIRECTION ( 'NONE',  ( 1.000000000000000000, 0.000000000000000000, 0.000000000000000000 ) ) ;
#9773 = ORIENTED_EDGE ( 'NONE', *, *, #2294, .F. ) ;
#9774 = EDGE_LOOP ( 'NONE', ( #2168, #7358 ) ) ;
#9775 = CARTESIAN_POINT ( 'NONE',  ( 9.250000000000223821, -9.061088502595131544, 0.000000000000000000 ) ) ;
#9776 = AXIS2_PLACEMENT_3D ( 'NONE', #2574, #5567, #7067 ) ;
#9777 = CARTESIAN_POINT ( 'NONE',  ( -8.999999999999841904, -3.061088502595133765, -3.000000000000000000 ) ) ;
ENDSEC;
END-ISO-10303-21;
