ISO-10303-21;
HEADER;
FILE_DESCRIPTION (( 'STEP AP214' ),
    '1' );
FILE_NAME ('alternate_connector.STEP',
    '2026-09-26T16:40:38',
    ( '' ),
    ( '' ),
    'SwSTEP 2.0',
    'SolidWorks 2026',
    '' );
FILE_SCHEMA (( 'AUTOMOTIVE_DESIGN' ));
ENDSEC;

DATA;
#1 = ORIENTED_EDGE ( 'NONE', *, *, #959, .T. ) ;
#2 = DIRECTION ( 'NONE',  ( 0.000000000000000000, 0.000000000000000000, 1.000000000000000000 ) ) ;
#3 = EDGE_CURVE ( 'NONE', #2170, #2469, #1349, .T. ) ;
#4 = AXIS2_PLACEMENT_3D ( 'NONE', #47, #2276, #879 ) ;
#5 = VERTEX_POINT ( 'NONE', #2197 ) ;
#6 = VECTOR ( 'NONE', #1861, 1000.000000000000000 ) ;
#7 = CARTESIAN_POINT ( 'NONE',  ( -12.50000000000000000, -27.99999999999999645, 3.000000000000001332 ) ) ;
#8 = EDGE_CURVE ( 'NONE', #612, #2543, #1565, .T. ) ;
#9 = EDGE_LOOP ( 'NONE', ( #1502, #1458, #783, #1317 ) ) ;
#10 = LINE ( 'NONE', #629, #933 ) ;
#11 = DIRECTION ( 'NONE',  ( -0.000000000000000000, 1.000000000000000000, -0.000000000000000000 ) ) ;
#12 = VECTOR ( 'NONE', #1063, 1000.000000000000000 ) ;
#13 = CARTESIAN_POINT ( 'NONE',  ( 10.99999999999999822, -15.99999999999999289, 42.12500000000000000 ) ) ;
#14 = DIRECTION ( 'NONE',  ( 0.000000000000000000, 1.000000000000000000, 0.000000000000000000 ) ) ;
#15 = VECTOR ( 'NONE', #419, 1000.000000000000000 ) ;
#16 = ORIENTED_EDGE ( 'NONE', *, *, #1193, .T. ) ;
#17 = AXIS2_PLACEMENT_3D ( 'NONE', #2403, #2601, #2198 ) ;
#18 = EDGE_LOOP ( 'NONE', ( #2379, #772, #266, #251 ) ) ;
#19 = DIRECTION ( 'NONE',  ( 0.000000000000000000, 1.000000000000000000, 0.000000000000000000 ) ) ;
#20 = AXIS2_PLACEMENT_3D ( 'NONE', #1725, #1991, #1538 ) ;
#21 = APPLICATION_CONTEXT ( 'automotive_design' ) ;
#22 = ADVANCED_FACE ( 'NONE', ( #1138 ), #1580, .F. ) ;
#23 = CARTESIAN_POINT ( 'NONE',  ( -20.00000000000000000, -2.983724378680108202E-14, -23.60172293928852127 ) ) ;
#24 = ORIENTED_EDGE ( 'NONE', *, *, #779, .T. ) ;
#25 = DIRECTION ( 'NONE',  ( 0.000000000000000000, 1.000000000000000000, 0.000000000000000000 ) ) ;
#26 = LINE ( 'NONE', #231, #2660 ) ;
#27 = FACE_BOUND ( 'NONE', #552, .T. ) ;
#28 = DIRECTION ( 'NONE',  ( 0.000000000000000000, 1.000000000000000000, 0.000000000000000000 ) ) ;
#29 = VECTOR ( 'NONE', #2457, 1000.000000000000000 ) ;
#30 = VERTEX_POINT ( 'NONE', #919 ) ;
#31 = LINE ( 'NONE', #252, #2503 ) ;
#32 = ORIENTED_EDGE ( 'NONE', *, *, #1871, .T. ) ;
#33 = CARTESIAN_POINT ( 'NONE',  ( -12.50000000000000355, 18.00000000000000355, 43.00000000000000000 ) ) ;
#34 = ORIENTED_EDGE ( 'NONE', *, *, #532, .F. ) ;
#35 = EDGE_CURVE ( 'NONE', #1623, #878, #121, .T. ) ;
#36 = CARTESIAN_POINT ( 'NONE',  ( -20.00000000000000000, 6.383782391594651370E-14, -36.39827706071164215 ) ) ;
#37 = DIRECTION ( 'NONE',  ( 0.000000000000000000, 0.000000000000000000, 1.000000000000000000 ) ) ;
#38 = EDGE_CURVE ( 'NONE', #594, #5, #733, .T. ) ;
#39 = CARTESIAN_POINT ( 'NONE',  ( -19.99999999999999645, -8.023277060711574649, -30.00000000000012790 ) ) ;
#40 = DIRECTION ( 'NONE',  ( 2.775557561562891351E-16, -1.000000000000000000, 0.000000000000000000 ) ) ;
#41 = PLANE ( 'NONE',  #838 ) ;
#42 = EDGE_CURVE ( 'NONE', #1663, #671, #250, .T. ) ;
#43 = ORIENTED_EDGE ( 'NONE', *, *, #1499, .F. ) ;
#44 = DIRECTION ( 'NONE',  ( 1.000000000000000000, -1.387778780781445676E-16, 0.000000000000000000 ) ) ;
#45 = ORIENTED_EDGE ( 'NONE', *, *, #1943, .T. ) ;
#46 = ORIENTED_EDGE ( 'NONE', *, *, #1127, .T. ) ;
#47 = CARTESIAN_POINT ( 'NONE',  ( -9.749999999999998224, -22.00000000000000000, 80.49999999999998579 ) ) ;
#48 = VECTOR ( 'NONE', #1129, 1000.000000000000000 ) ;
#49 = DIRECTION ( 'NONE',  ( -1.000000000000000000, -0.000000000000000000, -0.000000000000000000 ) ) ;
#50 = DIRECTION ( 'NONE',  ( 1.000000000000000000, 0.000000000000000000, 0.000000000000000000 ) ) ;
#51 = LINE ( 'NONE', #2292, #1996 ) ;
#52 = DIRECTION ( 'NONE',  ( 1.000000000000000000, 2.775557561562890858E-16, 0.000000000000000000 ) ) ;
#53 = EDGE_CURVE ( 'NONE', #594, #965, #794, .T. ) ;
#54 = DIRECTION ( 'NONE',  ( -0.000000000000000000, -0.000000000000000000, -1.000000000000000000 ) ) ;
#55 = ORIENTED_EDGE ( 'NONE', *, *, #532, .T. ) ;
#56 = VERTEX_POINT ( 'NONE', #1632 ) ;
#57 = CARTESIAN_POINT ( 'NONE',  ( -11.00000000000000355, -17.99999999999999645, 41.50000000000000000 ) ) ;
#58 = VERTEX_POINT ( 'NONE', #1443 ) ;
#59 = ORIENTED_EDGE ( 'NONE', *, *, #2057, .F. ) ;
#60 = VECTOR ( 'NONE', #1868, 1000.000000000000000 ) ;
#61 = LINE ( 'NONE', #1733, #2275 ) ;
#62 = ORIENTED_EDGE ( 'NONE', *, *, #2228, .F. ) ;
#63 = CARTESIAN_POINT ( 'NONE',  ( -11.00000000000000355, -17.99999999999999645, 21.00000000000000000 ) ) ;
#64 = CARTESIAN_POINT ( 'NONE',  ( -20.00000000000000355, 12.49999999999999289, -30.00000000000000000 ) ) ;
#65 = VERTEX_POINT ( 'NONE', #1218 ) ;
#66 = DIRECTION ( 'NONE',  ( -2.775557561562891351E-16, 1.000000000000000000, 0.000000000000000000 ) ) ;
#67 = CARTESIAN_POINT ( 'NONE',  ( 17.99999999999999645, -12.49999999999999467, 0.000000000000000000 ) ) ;
#68 = CARTESIAN_POINT ( 'NONE',  ( -12.50000000000000355, 16.00000000000000000, 3.000000000000000000 ) ) ;
#69 = VERTEX_POINT ( 'NONE', #1429 ) ;
#70 = EDGE_CURVE ( 'NONE', #1548, #403, #2642, .T. ) ;
#71 = VERTEX_POINT ( 'NONE', #2267 ) ;
#72 = DIRECTION ( 'NONE',  ( -1.000000000000000000, -2.775557561562890858E-16, -0.000000000000000000 ) ) ;
#73 = EDGE_LOOP ( 'NONE', ( #43, #229, #1309, #280 ) ) ;
#74 = COLOUR_RGB ( '',0.7921568627450980005, 0.8196078431372548767, 0.9333333333333333481 ) ;
#75 = EDGE_LOOP ( 'NONE', ( #362, #1495 ) ) ;
#76 = ADVANCED_FACE ( 'NONE', ( #168 ), #1015, .F. ) ;
#77 = CARTESIAN_POINT ( 'NONE',  ( -19.99999999999999645, -12.49999999999999822, 0.000000000000000000 ) ) ;
#78 = VERTEX_POINT ( 'NONE', #1204 ) ;
#79 = ORIENTED_EDGE ( 'NONE', *, *, #1215, .F. ) ;
#80 = CARTESIAN_POINT ( 'NONE',  ( -11.00000000000000355, -18.99999999999999289, 41.50000000000000000 ) ) ;
#81 = DIRECTION ( 'NONE',  ( -1.000000000000000000, -2.312964634635741971E-16, 0.000000000000000000 ) ) ;
#82 = ORIENTED_EDGE ( 'NONE', *, *, #729, .F. ) ;
#83 = CARTESIAN_POINT ( 'NONE',  ( 17.99999999999999645, 6.398277060711569320, -30.00000000000000000 ) ) ;
#84 = FILL_AREA_STYLE ('',( #318 ) ) ;
#85 = CARTESIAN_POINT ( 'NONE',  ( -12.50000000000000000, -17.99999999999999645, 43.00000000000000000 ) ) ;
#86 = CYLINDRICAL_SURFACE ( 'NONE', #1889, 0.6250000000000005551 ) ;
#87 = ORIENTED_EDGE ( 'NONE', *, *, #2557, .F. ) ;
#88 = ORIENTED_EDGE ( 'NONE', *, *, #1337, .F. ) ;
#89 = DIRECTION ( 'NONE',  ( 0.000000000000000000, 0.000000000000000000, 1.000000000000000000 ) ) ;
#90 = EDGE_CURVE ( 'NONE', #889, #1056, #2442, .T. ) ;
#91 = EDGE_LOOP ( 'NONE', ( #826, #1607, #2644, #1885, #1355, #1178, #264, #1332, #1666, #1182, #273, #420 ) ) ;
#92 = EDGE_LOOP ( 'NONE', ( #1166, #1774, #1405, #1101 ) ) ;
#93 = CARTESIAN_POINT ( 'NONE',  ( -20.00000000000000000, -5.551115123125781124E-15, -30.00000000000000000 ) ) ;
#94 = ADVANCED_FACE ( 'NONE', ( #1388 ), #386, .F. ) ;
#95 = ORIENTED_EDGE ( 'NONE', *, *, #332, .F. ) ;
#96 = CIRCLE ( 'NONE', #182, 0.6250000000000005551 ) ;
#97 = CARTESIAN_POINT ( 'NONE',  ( 12.49999999999999645, 18.00000000000000355, 3.000000000000000000 ) ) ;
#98 = CARTESIAN_POINT ( 'NONE',  ( -30.00000000000000711, 12.49999999999999822, 0.000000000000000000 ) ) ;
#99 = CIRCLE ( 'NONE', #1615, 0.6250000000000005551 ) ;
#100 = ORIENTED_EDGE ( 'NONE', *, *, #2189, .T. ) ;
#101 = DIRECTION ( 'NONE',  ( -1.000000000000000000, 0.000000000000000000, 0.000000000000000000 ) ) ;
#102 = CIRCLE ( 'NONE', #2234, 3.000000000000001332 ) ;
#103 = ORIENTED_EDGE ( 'NONE', *, *, #1007, .F. ) ;
#104 = PLANE ( 'NONE',  #402 ) ;
#105 = ORIENTED_EDGE ( 'NONE', *, *, #813, .F. ) ;
#106 = VERTEX_POINT ( 'NONE', #373 ) ;
#107 = ADVANCED_FACE ( 'NONE', ( #2047 ), #2061, .F. ) ;
#108 = AXIS2_PLACEMENT_3D ( 'NONE', #2643, #2159, #293 ) ;
#109 = CYLINDRICAL_SURFACE ( 'NONE', #1877, 1.625000000000003997 ) ;
#110 = VERTEX_POINT ( 'NONE', #1839 ) ;
#111 = AXIS2_PLACEMENT_3D ( 'NONE', #1977, #521, #66 ) ;
#112 = CYLINDRICAL_SURFACE ( 'NONE', #1541, 0.6250000000000005551 ) ;
#113 = APPLICATION_PROTOCOL_DEFINITION ( 'draft international standard', 'automotive_design', 1998, #806 ) ;
#114 = DIRECTION ( 'NONE',  ( 0.000000000000000000, 0.000000000000000000, 1.000000000000000000 ) ) ;
#115 = DIRECTION ( 'NONE',  ( 0.000000000000000000, 0.000000000000000000, 1.000000000000000000 ) ) ;
#116 = ORIENTED_EDGE ( 'NONE', *, *, #356, .T. ) ;
#117 = VECTOR ( 'NONE', #885, 1000.000000000000000 ) ;
#118 = DIRECTION ( 'NONE',  ( 0.000000000000000000, 1.000000000000000000, 0.000000000000000000 ) ) ;
#119 = VERTEX_POINT ( 'NONE', #1800 ) ;
#120 = ORIENTED_EDGE ( 'NONE', *, *, #2404, .T. ) ;
#121 = CIRCLE ( 'NONE', #2474, 1.625000000000004885 ) ;
#122 = DIRECTION ( 'NONE',  ( 0.000000000000000000, 1.000000000000000000, 0.000000000000000000 ) ) ;
#123 = ORIENTED_EDGE ( 'NONE', *, *, #608, .F. ) ;
#124 = ADVANCED_FACE ( 'NONE', ( #769 ), #1605, .T. ) ;
#125 = AXIS2_PLACEMENT_3D ( 'NONE', #1918, #449, #261 ) ;
#126 = DIRECTION ( 'NONE',  ( 0.000000000000000000, 1.000000000000000000, 0.000000000000000000 ) ) ;
#127 = ORIENTED_EDGE ( 'NONE', *, *, #493, .T. ) ;
#128 = DIRECTION ( 'NONE',  ( 0.000000000000000000, 1.000000000000000000, 0.000000000000000000 ) ) ;
#129 = ORIENTED_EDGE ( 'NONE', *, *, #1587, .T. ) ;
#130 = EDGE_CURVE ( 'NONE', #2693, #181, #601, .T. ) ;
#131 = ORIENTED_EDGE ( 'NONE', *, *, #592, .T. ) ;
#132 = FACE_OUTER_BOUND ( 'NONE', #1876, .T. ) ;
#133 = VECTOR ( 'NONE', #1465, 1000.000000000000000 ) ;
#134 = LINE ( 'NONE', #1199, #2676 ) ;
#135 = ORIENTED_EDGE ( 'NONE', *, *, #1181, .F. ) ;
#136 = DIRECTION ( 'NONE',  ( -1.000000000000000000, 4.625929269271485914E-16, -0.000000000000000000 ) ) ;
#137 = ORIENTED_EDGE ( 'NONE', *, *, #1351, .F. ) ;
#138 = LINE ( 'NONE', #972, #2146 ) ;
#139 = DIRECTION ( 'NONE',  ( -0.000000000000000000, -0.000000000000000000, -1.000000000000000000 ) ) ;
#140 = DIRECTION ( 'NONE',  ( 0.000000000000000000, 0.000000000000000000, 1.000000000000000000 ) ) ;
#141 = ADVANCED_FACE ( 'NONE', ( #2684 ), #975, .F. ) ;
#142 = DIRECTION ( 'NONE',  ( 0.000000000000000000, 1.000000000000000000, 0.000000000000000000 ) ) ;
#143 = ORIENTED_EDGE ( 'NONE', *, *, #923, .T. ) ;
#144 = ORIENTED_EDGE ( 'NONE', *, *, #332, .T. ) ;
#145 = FACE_OUTER_BOUND ( 'NONE', #91, .T. ) ;
#146 = DIRECTION ( 'NONE',  ( -0.000000000000000000, 0.000000000000000000, -1.000000000000000000 ) ) ;
#147 = AXIS2_PLACEMENT_3D ( 'NONE', #1223, #2506, #1020 ) ;
#148 = DIRECTION ( 'NONE',  ( 1.000000000000000000, 2.775557561562890858E-16, -0.000000000000000000 ) ) ;
#149 = ORIENTED_EDGE ( 'NONE', *, *, #1325, .F. ) ;
#150 = CARTESIAN_POINT ( 'NONE',  ( -12.50000000000000000, -27.99999999999999645, 3.000000000000001332 ) ) ;
#151 = CARTESIAN_POINT ( 'NONE',  ( -9.749999999999998224, -15.99999999999999289, 43.00000000000000000 ) ) ;
#152 = AXIS2_PLACEMENT_3D ( 'NONE', #83, #945, #126 ) ;
#153 = EDGE_LOOP ( 'NONE', ( #609, #2248, #1257, #620 ) ) ;
#154 = DIRECTION ( 'NONE',  ( 0.000000000000000000, 0.000000000000000000, 1.000000000000000000 ) ) ;
#155 = CARTESIAN_POINT ( 'NONE',  ( 9.750000000000001776, 18.00000000000000355, 43.00000000000000000 ) ) ;
#156 = VERTEX_POINT ( 'NONE', #2669 ) ;
#157 = PRODUCT ( 'alternate_connector', 'alternate_connector', '', ( #1578 ) ) ;
#158 = ADVANCED_FACE ( 'NONE', ( #988 ), #576, .F. ) ;
#159 = ORIENTED_EDGE ( 'NONE', *, *, #1672, .F. ) ;
#160 = DIRECTION ( 'NONE',  ( -0.000000000000000000, 1.000000000000000000, -0.000000000000000000 ) ) ;
#161 = DIRECTION ( 'NONE',  ( 1.000000000000000000, 2.775557561562890858E-16, -0.000000000000000000 ) ) ;
#162 = EDGE_CURVE ( 'NONE', #1768, #1517, #1853, .T. ) ;
#163 = CYLINDRICAL_SURFACE ( 'NONE', #442, 0.6250000000000005551 ) ;
#164 = EDGE_CURVE ( 'NONE', #1811, #1512, #1401, .T. ) ;
#165 = VECTOR ( 'NONE', #780, 1000.000000000000000 ) ;
#166 = CARTESIAN_POINT ( 'NONE',  ( 17.99999999999999645, 8.023277060711572872, -30.00000000000000000 ) ) ;
#167 = CARTESIAN_POINT ( 'NONE',  ( 20.00000000000000000, 7.494005416219806648E-14, -36.39827706071164215 ) ) ;
#168 = FACE_OUTER_BOUND ( 'NONE', #2656, .T. ) ;
#169 = CARTESIAN_POINT ( 'NONE',  ( 12.50000000000000000, -12.49999999999999645, 3.000000000000000000 ) ) ;
#170 = VERTEX_POINT ( 'NONE', #618 ) ;
#171 = EDGE_LOOP ( 'NONE', ( #506, #2269, #720, #2244 ) ) ;
#172 = CARTESIAN_POINT ( 'NONE',  ( 17.99999999999999289, -1.624999999999927613, -36.39827706071164215 ) ) ;
#173 = PLANE ( 'NONE',  #1482 ) ;
#174 = VECTOR ( 'NONE', #2290, 1000.000000000000000 ) ;
#175 = EDGE_CURVE ( 'NONE', #1156, #1157, #414, .T. ) ;
#176 = CYLINDRICAL_SURFACE ( 'NONE', #2054, 1.625000000000001776 ) ;
#177 = DIRECTION ( 'NONE',  ( 0.000000000000000000, -1.000000000000000000, 0.000000000000000000 ) ) ;
#178 = CARTESIAN_POINT ( 'NONE',  ( 30.00000000000000000, 12.50000000000000888, 3.000000000000000000 ) ) ;
#179 = DIRECTION ( 'NONE',  ( 0.000000000000000000, 1.000000000000000000, 0.000000000000000000 ) ) ;
#180 = DIRECTION ( 'NONE',  ( 1.000000000000000000, 2.775557561562890858E-16, -0.000000000000000000 ) ) ;
#181 = VERTEX_POINT ( 'NONE', #1686 ) ;
#182 = AXIS2_PLACEMENT_3D ( 'NONE', #1261, #2325, #445 ) ;
#183 = VERTEX_POINT ( 'NONE', #1867 ) ;
#184 = AXIS2_PLACEMENT_3D ( 'NONE', #354, #2453, #1427 ) ;
#185 = CARTESIAN_POINT ( 'NONE',  ( 10.99999999999999822, -17.99999999999999645, 21.62500000000000355 ) ) ;
#186 = FACE_BOUND ( 'NONE', #198, .T. ) ;
#187 = CARTESIAN_POINT ( 'NONE',  ( -11.00000000000000355, 15.00000000000000355, 42.12500000000000000 ) ) ;
#188 = ORIENTED_EDGE ( 'NONE', *, *, #1713, .T. ) ;
#189 = EDGE_CURVE ( 'NONE', #1301, #1110, #469, .T. ) ;
#190 = CIRCLE ( 'NONE', #540, 3.000000000000001332 ) ;
#191 = CARTESIAN_POINT ( 'NONE',  ( 10.99999999999999822, -17.99999999999999645, 20.37500000000000000 ) ) ;
#192 = CARTESIAN_POINT ( 'NONE',  ( -11.00000000000000355, -15.99999999999999289, 21.00000000000000000 ) ) ;
#193 = EDGE_CURVE ( 'NONE', #2509, #1313, #2501, .T. ) ;
#194 = DIRECTION ( 'NONE',  ( 0.000000000000000000, 0.000000000000000000, 1.000000000000000000 ) ) ;
#195 = CIRCLE ( 'NONE', #2685, 1.625000000000001110 ) ;
#196 = CYLINDRICAL_SURFACE ( 'NONE', #2196, 0.6250000000000005551 ) ;
#197 = EDGE_LOOP ( 'NONE', ( #1095, #2081 ) ) ;
#198 = EDGE_LOOP ( 'NONE', ( #1720, #2617 ) ) ;
#199 = LINE ( 'NONE', #1033, #15 ) ;
#200 = ORIENTED_EDGE ( 'NONE', *, *, #638, .T. ) ;
#201 = FACE_OUTER_BOUND ( 'NONE', #538, .T. ) ;
#202 = DIRECTION ( 'NONE',  ( 1.000000000000000000, 2.775557561562890858E-16, -0.000000000000000000 ) ) ;
#203 = FACE_OUTER_BOUND ( 'NONE', #1843, .T. ) ;
#204 = ADVANCED_FACE ( 'NONE', ( #1292 ), #206, .F. ) ;
#205 = STYLED_ITEM ( 'NONE', ( #510 ), #1611 ) ;
#206 = CYLINDRICAL_SURFACE ( 'NONE', #2212, 0.6250000000000005551 ) ;
#207 = FACE_OUTER_BOUND ( 'NONE', #1804, .T. ) ;
#208 = EDGE_CURVE ( 'NONE', #530, #1957, #51, .T. ) ;
#209 = ORIENTED_EDGE ( 'NONE', *, *, #2089, .T. ) ;
#210 = ORIENTED_EDGE ( 'NONE', *, *, #413, .F. ) ;
#211 = DIRECTION ( 'NONE',  ( -0.000000000000000000, -0.000000000000000000, -1.000000000000000000 ) ) ;
#212 = EDGE_CURVE ( 'NONE', #1110, #1301, #2341, .T. ) ;
#213 = ORIENTED_EDGE ( 'NONE', *, *, #1819, .F. ) ;
#214 = DIRECTION ( 'NONE',  ( 0.000000000000000000, 1.000000000000000000, 0.000000000000000000 ) ) ;
#215 = ORIENTED_EDGE ( 'NONE', *, *, #1753, .T. ) ;
#216 = LINE ( 'NONE', #1050, #1604 ) ;
#217 = LINE ( 'NONE', #1916, #2219 ) ;
#218 = AXIS2_PLACEMENT_3D ( 'NONE', #1365, #2633, #1183 ) ;
#219 = DIRECTION ( 'NONE',  ( 1.000000000000000000, 2.775557561562890858E-16, -0.000000000000000000 ) ) ;
#220 = DIRECTION ( 'NONE',  ( -0.000000000000000000, -0.000000000000000000, -1.000000000000000000 ) ) ;
#221 = ORIENTED_EDGE ( 'NONE', *, *, #1975, .T. ) ;
#222 = EDGE_CURVE ( 'NONE', #368, #1938, #1864, .T. ) ;
#223 = ORIENTED_EDGE ( 'NONE', *, *, #1060, .F. ) ;
#224 = CARTESIAN_POINT ( 'NONE',  ( -12.50000000000000355, 18.00000000000000355, 3.000000000000000000 ) ) ;
#225 = AXIS2_PLACEMENT_3D ( 'NONE', #1820, #2042, #1613 ) ;
#226 = ORIENTED_EDGE ( 'NONE', *, *, #2010, .F. ) ;
#227 = CIRCLE ( 'NONE', #1659, 0.6250000000000005551 ) ;
#228 = CYLINDRICAL_SURFACE ( 'NONE', #2445, 1.625000000000001110 ) ;
#229 = ORIENTED_EDGE ( 'NONE', *, *, #1887, .T. ) ;
#230 = LINE ( 'NONE', #1242, #584 ) ;
#231 = CARTESIAN_POINT ( 'NONE',  ( -12.50000000000000355, 18.00000000000000355, 3.000000000000000000 ) ) ;
#232 = VECTOR ( 'NONE', #561, 1000.000000000000000 ) ;
#233 = DIRECTION ( 'NONE',  ( -0.000000000000000000, 1.000000000000000000, -0.000000000000000000 ) ) ;
#234 = DIRECTION ( 'NONE',  ( 0.000000000000000000, 1.000000000000000000, 0.000000000000000000 ) ) ;
#235 = AXIS2_PLACEMENT_3D ( 'NONE', #949, #2629, #2211 ) ;
#236 = ORIENTED_EDGE ( 'NONE', *, *, #1601, .T. ) ;
#237 = CARTESIAN_POINT ( 'NONE',  ( -20.00000000000000000, 2.999999999999995559, -30.00000000000000000 ) ) ;
#238 = VECTOR ( 'NONE', #397, 1000.000000000000000 ) ;
#239 = EDGE_CURVE ( 'NONE', #1765, #69, #1425, .T. ) ;
#240 = VERTEX_POINT ( 'NONE', #13 ) ;
#241 = LINE ( 'NONE', #1901, #2494 ) ;
#242 = ADVANCED_FACE ( 'NONE', ( #27, #2123, #2525, #883, #426 ), #1040, .F. ) ;
#243 = DIRECTION ( 'NONE',  ( -0.000000000000000000, 1.000000000000000000, -0.000000000000000000 ) ) ;
#244 = DIRECTION ( 'NONE',  ( 0.000000000000000000, 0.000000000000000000, 1.000000000000000000 ) ) ;
#245 = ADVANCED_FACE ( 'NONE', ( #1710 ), #1456, .F. ) ;
#246 = CARTESIAN_POINT ( 'NONE',  ( -11.00000000000000355, -15.99999999999999289, 21.00000000000000000 ) ) ;
#247 = VECTOR ( 'NONE', #2124, 1000.000000000000000 ) ;
#248 = CARTESIAN_POINT ( 'NONE',  ( 19.99999999999999645, 6.398277060711570208, -30.00000000000000000 ) ) ;
#249 = CARTESIAN_POINT ( 'NONE',  ( -12.50000000000000000, -15.99999999999999289, 43.00000000000000000 ) ) ;
#250 = CIRCLE ( 'NONE', #1291, 1.625000000000001776 ) ;
#251 = ORIENTED_EDGE ( 'NONE', *, *, #1123, .T. ) ;
#252 = CARTESIAN_POINT ( 'NONE',  ( 12.50000000000000000, -27.99999999999999645, 3.000000000000001332 ) ) ;
#253 = EDGE_LOOP ( 'NONE', ( #498, #2283 ) ) ;
#254 = VERTEX_POINT ( 'NONE', #478 ) ;
#255 = VECTOR ( 'NONE', #1592, 1000.000000000000000 ) ;
#256 = DIRECTION ( 'NONE',  ( 0.000000000000000000, 1.000000000000000000, 0.000000000000000000 ) ) ;
#257 = EDGE_CURVE ( 'NONE', #56, #756, #436, .T. ) ;
#258 = CYLINDRICAL_SURFACE ( 'NONE', #308, 1.625000000000001776 ) ;
#259 = FACE_BOUND ( 'NONE', #2339, .T. ) ;
#260 = CIRCLE ( 'NONE', #1002, 1.625000000000001110 ) ;
#261 = DIRECTION ( 'NONE',  ( 0.000000000000000000, 1.000000000000000000, 0.000000000000000000 ) ) ;
#262 = LINE ( 'NONE', #2515, #247 ) ;
#263 = FACE_BOUND ( 'NONE', #1298, .T. ) ;
#264 = ORIENTED_EDGE ( 'NONE', *, *, #574, .F. ) ;
#265 = DIRECTION ( 'NONE',  ( 1.000000000000000000, 3.154042683594197093E-16, -0.000000000000000000 ) ) ;
#266 = ORIENTED_EDGE ( 'NONE', *, *, #341, .T. ) ;
#267 = ORIENTED_EDGE ( 'NONE', *, *, #1439, .T. ) ;
#268 = CARTESIAN_POINT ( 'NONE',  ( 12.50000000000000000, -17.99999999999999645, 43.00000000000000000 ) ) ;
#269 = ORIENTED_EDGE ( 'NONE', *, *, #1552, .T. ) ;
#270 = AXIS2_PLACEMENT_3D ( 'NONE', #585, #996, #570 ) ;
#271 = CARTESIAN_POINT ( 'NONE',  ( -20.00000000000000000, 1.625000000000065725, -36.39827706071164215 ) ) ;
#272 = DIRECTION ( 'NONE',  ( 1.000000000000000000, 2.775557561562890858E-16, -0.000000000000000000 ) ) ;
#273 = ORIENTED_EDGE ( 'NONE', *, *, #474, .T. ) ;
#274 = EDGE_CURVE ( 'NONE', #1043, #1796, #1052, .T. ) ;
#275 = DIRECTION ( 'NONE',  ( -1.000000000000000000, 0.000000000000000000, -0.000000000000000000 ) ) ;
#276 = DIRECTION ( 'NONE',  ( -0.000000000000000000, -0.000000000000000000, -1.000000000000000000 ) ) ;
#277 = EDGE_LOOP ( 'NONE', ( #990, #1941 ) ) ;
#278 = AXIS2_PLACEMENT_3D ( 'NONE', #623, #1447, #1460 ) ;
#279 = LINE ( 'NONE', #701, #2680 ) ;
#280 = ORIENTED_EDGE ( 'NONE', *, *, #1891, .F. ) ;
#281 = EDGE_LOOP ( 'NONE', ( #2555, #2145 ) ) ;
#282 = CARTESIAN_POINT ( 'NONE',  ( -11.00000000000000355, -17.99999999999999645, 41.50000000000000000 ) ) ;
#283 = ORIENTED_EDGE ( 'NONE', *, *, #1734, .T. ) ;
#284 = EDGE_LOOP ( 'NONE', ( #2519, #1500 ) ) ;
#285 = CARTESIAN_POINT ( 'NONE',  ( -30.00000000000000711, 12.49999999999999822, 0.000000000000000000 ) ) ;
#286 = DIRECTION ( 'NONE',  ( 0.000000000000000000, -1.000000000000000000, 0.000000000000000000 ) ) ;
#287 = ORIENTED_EDGE ( 'NONE', *, *, #2477, .F. ) ;
#288 = LINE ( 'NONE', #2387, #503 ) ;
#289 = LINE ( 'NONE', #2581, #294 ) ;
#290 = CARTESIAN_POINT ( 'NONE',  ( -18.00000000000000355, -12.49999999999998934, 0.000000000000000000 ) ) ;
#291 = ORIENTED_EDGE ( 'NONE', *, *, #963, .T. ) ;
#292 = ADVANCED_FACE ( 'NONE', ( #663, #1881, #2534, #2316, #849, #1674 ), #2108, .F. ) ;
#293 = DIRECTION ( 'NONE',  ( 0.000000000000000000, 1.000000000000000000, 0.000000000000000000 ) ) ;
#294 = VECTOR ( 'NONE', #1786, 1000.000000000000000 ) ;
#295 = ORIENTED_EDGE ( 'NONE', *, *, #1970, .T. ) ;
#296 = EDGE_CURVE ( 'NONE', #2412, #1301, #2514, .T. ) ;
#297 = DIRECTION ( 'NONE',  ( -1.387778780781445676E-16, -1.000000000000000000, 0.000000000000000000 ) ) ;
#298 = EDGE_LOOP ( 'NONE', ( #361, #1900, #2333, #223 ) ) ;
#299 = ORIENTED_EDGE ( 'NONE', *, *, #580, .F. ) ;
#300 = CARTESIAN_POINT ( 'NONE',  ( 10.99999999999999822, 18.00000000000000355, 41.50000000000000000 ) ) ;
#301 = ORIENTED_EDGE ( 'NONE', *, *, #2393, .T. ) ;
#302 = CARTESIAN_POINT ( 'NONE',  ( -9.749999999999998224, -22.00000000000000000, 5.499999999999998224 ) ) ;
#303 =( NAMED_UNIT ( * ) SI_UNIT ( $, .STERADIAN. ) SOLID_ANGLE_UNIT ( ) );
#304 = CIRCLE ( 'NONE', #868, 0.6250000000000005551 ) ;
#305 = CARTESIAN_POINT ( 'NONE',  ( 30.00000000000000711, -12.49999999999999289, 0.000000000000000000 ) ) ;
#306 = DIRECTION ( 'NONE',  ( 1.000000000000000000, 0.000000000000000000, 0.000000000000000000 ) ) ;
#307 = ORIENTED_EDGE ( 'NONE', *, *, #2116, .T. ) ;
#308 = AXIS2_PLACEMENT_3D ( 'NONE', #1440, #202, #2521 ) ;
#309 = EDGE_CURVE ( 'NONE', #340, #2176, #2345, .T. ) ;
#310 = ORIENTED_EDGE ( 'NONE', *, *, #695, .F. ) ;
#311 = DIRECTION ( 'NONE',  ( 1.000000000000000000, 0.000000000000000000, -0.000000000000000000 ) ) ;
#312 = ORIENTED_EDGE ( 'NONE', *, *, #687, .F. ) ;
#313 = ORIENTED_EDGE ( 'NONE', *, *, #527, .T. ) ;
#314 = CARTESIAN_POINT ( 'NONE',  ( -20.00000000000000355, 12.49999999999999289, -30.00000000000000000 ) ) ;
#315 = ORIENTED_EDGE ( 'NONE', *, *, #890, .T. ) ;
#316 = CIRCLE ( 'NONE', #1745, 3.000000000000001332 ) ;
#317 = FACE_OUTER_BOUND ( 'NONE', #1575, .T. ) ;
#318 = FILL_AREA_STYLE_COLOUR ( '', #74 ) ;
#319 = VECTOR ( 'NONE', #2619, 1000.000000000000000 ) ;
#320 = DIRECTION ( 'NONE',  ( 1.000000000000000000, 0.000000000000000000, 0.000000000000000000 ) ) ;
#321 = LINE ( 'NONE', #1152, #2592 ) ;
#322 = AXIS2_PLACEMENT_3D ( 'NONE', #482, #44, #19 ) ;
#323 = ORIENTED_EDGE ( 'NONE', *, *, #1212, .T. ) ;
#324 = EDGE_CURVE ( 'NONE', #1378, #106, #1493, .T. ) ;
#325 = CARTESIAN_POINT ( 'NONE',  ( -12.50000000000000000, -27.99999999999999645, 3.000000000000001332 ) ) ;
#326 = ORIENTED_EDGE ( 'NONE', *, *, #744, .T. ) ;
#327 = ORIENTED_EDGE ( 'NONE', *, *, #1290, .F. ) ;
#328 = ADVANCED_FACE ( 'NONE', ( #1785 ), #112, .F. ) ;
#329 = DIRECTION ( 'NONE',  ( 0.000000000000000000, 1.000000000000000000, 0.000000000000000000 ) ) ;
#330 = ORIENTED_EDGE ( 'NONE', *, *, #592, .F. ) ;
#331 = DIRECTION ( 'NONE',  ( -0.000000000000000000, 1.000000000000000000, -0.000000000000000000 ) ) ;
#332 = EDGE_CURVE ( 'NONE', #1932, #1681, #288, .T. ) ;
#333 = EDGE_LOOP ( 'NONE', ( #2370, #929, #472, #1248, #137, #1959, #703, #1983 ) ) ;
#334 = DIRECTION ( 'NONE',  ( 0.000000000000000000, -0.000000000000000000, 1.000000000000000000 ) ) ;
#335 = ORIENTED_EDGE ( 'NONE', *, *, #437, .T. ) ;
#336 = DIRECTION ( 'NONE',  ( -1.000000000000000000, 1.387778780781445676E-16, -0.000000000000000000 ) ) ;
#337 = DIRECTION ( 'NONE',  ( 0.000000000000000000, 1.000000000000000000, 0.000000000000000000 ) ) ;
#338 = ORIENTED_EDGE ( 'NONE', *, *, #222, .F. ) ;
#339 = CARTESIAN_POINT ( 'NONE',  ( 0.000000000000000000, 0.000000000000000000, 43.00000000000000000 ) ) ;
#340 = VERTEX_POINT ( 'NONE', #2623 ) ;
#341 = EDGE_CURVE ( 'NONE', #964, #2026, #727, .T. ) ;
#342 = VECTOR ( 'NONE', #2696, 1000.000000000000000 ) ;
#343 = DIRECTION ( 'NONE',  ( -1.000000000000000000, 0.000000000000000000, 0.000000000000000000 ) ) ;
#344 = SURFACE_SIDE_STYLE ('',( #2168 ) ) ;
#345 = VERTEX_POINT ( 'NONE', #1120 ) ;
#346 = FACE_OUTER_BOUND ( 'NONE', #1167, .T. ) ;
#347 = ORIENTED_EDGE ( 'NONE', *, *, #2626, .F. ) ;
#348 = ORIENTED_EDGE ( 'NONE', *, *, #1244, .F. ) ;
#349 = CARTESIAN_POINT ( 'NONE',  ( -11.00000000000000355, -17.99999999999999645, 21.62500000000000355 ) ) ;
#350 = AXIS2_PLACEMENT_3D ( 'NONE', #533, #122, #2562 ) ;
#351 = DIRECTION ( 'NONE',  ( -0.000000000000000000, -0.000000000000000000, -1.000000000000000000 ) ) ;
#352 = DIRECTION ( 'NONE',  ( 0.000000000000000000, 0.000000000000000000, 1.000000000000000000 ) ) ;
#353 = UNCERTAINTY_MEASURE_WITH_UNIT (LENGTH_MEASURE( 1.000000000000000082E-05 ), #886, 'distance_accuracy_value', 'NONE');
#354 = CARTESIAN_POINT ( 'NONE',  ( -20.00000000000000000, 6.383782391594651370E-14, -36.39827706071164215 ) ) ;
#355 = FACE_OUTER_BOUND ( 'NONE', #396, .T. ) ;
#356 = EDGE_CURVE ( 'NONE', #878, #1623, #2105, .T. ) ;
#357 = VECTOR ( 'NONE', #928, 1000.000000000000000 ) ;
#358 = CARTESIAN_POINT ( 'NONE',  ( 10.99999999999999822, 16.00000000000000000, 17.50000000000000000 ) ) ;
#359 = AXIS2_PLACEMENT_3D ( 'NONE', #1422, #1570, #1625 ) ;
#360 = CARTESIAN_POINT ( 'NONE',  ( 17.99999999999999645, 12.50000000000000533, -30.00000000000000000 ) ) ;
#361 = ORIENTED_EDGE ( 'NONE', *, *, #544, .F. ) ;
#362 = ORIENTED_EDGE ( 'NONE', *, *, #1567, .T. ) ;
#363 = CARTESIAN_POINT ( 'NONE',  ( -19.99999999999999645, -8.023277060711574649, -30.00000000000012790 ) ) ;
#364 = CARTESIAN_POINT ( 'NONE',  ( -9.749999999999998224, -22.00000000000000000, 5.499999999999998224 ) ) ;
#365 = AXIS2_PLACEMENT_3D ( 'NONE', #36, #1904, #2289 ) ;
#366 = CIRCLE ( 'NONE', #1150, 1.625000000000001110 ) ;
#367 = FACE_OUTER_BOUND ( 'NONE', #480, .T. ) ;
#368 = VERTEX_POINT ( 'NONE', #1742 ) ;
#369 = CIRCLE ( 'NONE', #1989, 1.625000000000004885 ) ;
#370 = LINE ( 'NONE', #2264, #2243 ) ;
#371 = CARTESIAN_POINT ( 'NONE',  ( -11.00000000000000355, -17.99999999999999645, 20.37500000000000000 ) ) ;
#372 = VECTOR ( 'NONE', #2361, 1000.000000000000000 ) ;
#373 = CARTESIAN_POINT ( 'NONE',  ( 30.00000000000000711, -12.49999999999999289, 3.000000000000000000 ) ) ;
#374 = DIRECTION ( 'NONE',  ( 0.000000000000000000, 0.000000000000000000, 1.000000000000000000 ) ) ;
#375 = ORIENTED_EDGE ( 'NONE', *, *, #1520, .F. ) ;
#376 = ADVANCED_FACE ( 'NONE', ( #1576 ), #1135, .F. ) ;
#377 = VERTEX_POINT ( 'NONE', #97 ) ;
#378 = LINE ( 'NONE', #404, #1406 ) ;
#379 = CARTESIAN_POINT ( 'NONE',  ( -11.00000000000000711, 15.00000000000000355, 17.50000000000000000 ) ) ;
#380 = EDGE_CURVE ( 'NONE', #170, #465, #589, .T. ) ;
#381 = CARTESIAN_POINT ( 'NONE',  ( -12.50000000000000355, 28.00000000000000355, 0.000000000000000000 ) ) ;
#382 = ORIENTED_EDGE ( 'NONE', *, *, #1486, .F. ) ;
#383 = VECTOR ( 'NONE', #1151, 1000.000000000000000 ) ;
#384 = DIRECTION ( 'NONE',  ( 1.387778780781445676E-16, 1.000000000000000000, 0.000000000000000000 ) ) ;
#385 = CARTESIAN_POINT ( 'NONE',  ( -18.00000000000000355, 4.773277060711555997, -30.00000000000000000 ) ) ;
#386 = PLANE ( 'NONE',  #818 ) ;
#387 = DIRECTION ( 'NONE',  ( 0.000000000000000000, 0.000000000000000000, 1.000000000000000000 ) ) ;
#388 = ORIENTED_EDGE ( 'NONE', *, *, #2393, .F. ) ;
#389 = ORIENTED_EDGE ( 'NONE', *, *, #2010, .T. ) ;
#390 = CARTESIAN_POINT ( 'NONE',  ( -11.00000000000000355, 18.00000000000000355, 41.50000000000000000 ) ) ;
#391 = CARTESIAN_POINT ( 'NONE',  ( -20.00000000000000000, 1.624999999999971134, -23.60172293928852127 ) ) ;
#392 = ADVANCED_FACE ( 'NONE', ( #930 ), #1963, .F. ) ;
#393 = AXIS2_PLACEMENT_3D ( 'NONE', #1838, #2667, #1823 ) ;
#394 = DIRECTION ( 'NONE',  ( -0.000000000000000000, 0.000000000000000000, 1.000000000000000000 ) ) ;
#395 = ADVANCED_FACE ( 'NONE', ( #1550 ), #2413, .F. ) ;
#396 = EDGE_LOOP ( 'NONE', ( #710, #481, #1145, #991 ) ) ;
#397 = DIRECTION ( 'NONE',  ( -1.000000000000000000, -6.938893903907228378E-16, -0.000000000000000000 ) ) ;
#398 = DIRECTION ( 'NONE',  ( -0.000000000000000000, 1.000000000000000000, -0.000000000000000000 ) ) ;
#399 = CARTESIAN_POINT ( 'NONE',  ( -20.00000000000000000, 6.383782391594651370E-14, -36.39827706071164215 ) ) ;
#400 = FACE_OUTER_BOUND ( 'NONE', #2632, .T. ) ;
#401 = EDGE_LOOP ( 'NONE', ( #1133, #2671 ) ) ;
#402 = AXIS2_PLACEMENT_3D ( 'NONE', #939, #504, #311 ) ;
#403 = VERTEX_POINT ( 'NONE', #1307 ) ;
#404 = CARTESIAN_POINT ( 'NONE',  ( -30.00000000000000000, -12.50000000000000178, 3.000000000000000000 ) ) ;
#405 = DIRECTION ( 'NONE',  ( 1.000000000000000000, 0.000000000000000000, 0.000000000000000000 ) ) ;
#406 = EDGE_LOOP ( 'NONE', ( #1171, #2505 ) ) ;
#407 = EDGE_CURVE ( 'NONE', #1938, #368, #938, .T. ) ;
#408 = CARTESIAN_POINT ( 'NONE',  ( -11.00000000000000711, 16.00000000000000000, 18.12500000000000355 ) ) ;
#409 = ADVANCED_FACE ( 'NONE', ( #2137 ), #536, .F. ) ;
#410 = CIRCLE ( 'NONE', #1109, 1.625000000000003997 ) ;
#411 = CARTESIAN_POINT ( 'NONE',  ( 17.99999999999999289, 7.438494264988548821E-14, -36.39827706071164215 ) ) ;
#412 = DIRECTION ( 'NONE',  ( 1.000000000000000000, 2.775557561562890858E-16, 0.000000000000000000 ) ) ;
#413 = EDGE_CURVE ( 'NONE', #836, #254, #697, .T. ) ;
#414 = LINE ( 'NONE', #1245, #255 ) ;
#415 = AXIS2_PLACEMENT_3D ( 'NONE', #2074, #1042, #374 ) ;
#416 = FACE_OUTER_BOUND ( 'NONE', #2699, .T. ) ;
#417 = ORIENTED_EDGE ( 'NONE', *, *, #1860, .T. ) ;
#418 = EDGE_LOOP ( 'NONE', ( #1749, #1732, #2560, #2344 ) ) ;
#419 = DIRECTION ( 'NONE',  ( -1.000000000000000000, 0.000000000000000000, 0.000000000000000000 ) ) ;
#420 = ORIENTED_EDGE ( 'NONE', *, *, #1633, .T. ) ;
#421 = FACE_OUTER_BOUND ( 'NONE', #2365, .T. ) ;
#422 = LINE ( 'NONE', #1252, #435 ) ;
#423 = DIRECTION ( 'NONE',  ( 1.000000000000000000, 0.000000000000000000, 0.000000000000000000 ) ) ;
#424 = MECHANICAL_DESIGN_GEOMETRIC_PRESENTATION_REPRESENTATION (  '', ( #205 ), #1036 ) ;
#425 = EDGE_CURVE ( 'NONE', #926, #1663, #1934, .T. ) ;
#426 = FACE_OUTER_BOUND ( 'NONE', #2101, .T. ) ;
#427 = DIRECTION ( 'NONE',  ( 0.000000000000000000, 0.000000000000000000, 1.000000000000000000 ) ) ;
#428 = ORIENTED_EDGE ( 'NONE', *, *, #1734, .F. ) ;
#429 = ORIENTED_EDGE ( 'NONE', *, *, #611, .F. ) ;
#430 = DIRECTION ( 'NONE',  ( -0.000000000000000000, -0.000000000000000000, 1.000000000000000000 ) ) ;
#431 = DIRECTION ( 'NONE',  ( -0.000000000000000000, -0.000000000000000000, -1.000000000000000000 ) ) ;
#432 = EDGE_LOOP ( 'NONE', ( #1352, #2434, #1647, #1582 ) ) ;
#433 = DIRECTION ( 'NONE',  ( 0.000000000000000000, -1.000000000000000000, 0.000000000000000000 ) ) ;
#434 = DIRECTION ( 'NONE',  ( -1.000000000000000000, -6.938893903907228378E-16, -0.000000000000000000 ) ) ;
#435 = VECTOR ( 'NONE', #446, 1000.000000000000000 ) ;
#436 = LINE ( 'NONE', #872, #2121 ) ;
#437 = EDGE_CURVE ( 'NONE', #1972, #1272, #2374, .T. ) ;
#438 = CARTESIAN_POINT ( 'NONE',  ( -20.00000000000000355, 9.999999999999994671, -30.00000000000000000 ) ) ;
#439 = EDGE_LOOP ( 'NONE', ( #1960, #635 ) ) ;
#440 = ADVANCED_FACE ( 'NONE', ( #317 ), #1148, .T. ) ;
#441 = DIRECTION ( 'NONE',  ( 0.000000000000000000, 1.000000000000000000, 0.000000000000000000 ) ) ;
#442 = AXIS2_PLACEMENT_3D ( 'NONE', #2662, #1186, #352 ) ;
#443 = ADVANCED_FACE ( 'NONE', ( #916, #509, #2167, #2222, #2681, #1398 ), #803, .F. ) ;
#444 = VECTOR ( 'NONE', #351, 1000.000000000000000 ) ;
#445 = DIRECTION ( 'NONE',  ( 0.000000000000000000, 0.000000000000000000, 1.000000000000000000 ) ) ;
#446 = DIRECTION ( 'NONE',  ( 0.000000000000000000, 0.000000000000000000, -1.000000000000000000 ) ) ;
#447 = CARTESIAN_POINT ( 'NONE',  ( -12.50000000000000000, -17.99999999999999645, 43.00000000000000000 ) ) ;
#448 = AXIS2_PLACEMENT_3D ( 'NONE', #2235, #2032, #767 ) ;
#449 = DIRECTION ( 'NONE',  ( 1.000000000000000000, 2.775557561562890858E-16, 0.000000000000000000 ) ) ;
#450 = DIRECTION ( 'NONE',  ( 1.000000000000000000, 2.775557561562890858E-16, -0.000000000000000000 ) ) ;
#451 = DIRECTION ( 'NONE',  ( 0.000000000000000000, 0.000000000000000000, 1.000000000000000000 ) ) ;
#452 = CIRCLE ( 'NONE', #1065, 1.625000000000003109 ) ;
#453 = ORIENTED_EDGE ( 'NONE', *, *, #1819, .T. ) ;
#454 = DIRECTION ( 'NONE',  ( 0.000000000000000000, 1.000000000000000000, 0.000000000000000000 ) ) ;
#455 = ORIENTED_EDGE ( 'NONE', *, *, #1404, .T. ) ;
#456 = EDGE_CURVE ( 'NONE', #71, #2173, #370, .T. ) ;
#457 = CARTESIAN_POINT ( 'NONE',  ( -11.00000000000000355, -17.99999999999999645, 42.12500000000000000 ) ) ;
#458 = CARTESIAN_POINT ( 'NONE',  ( 20.00000000000000000, -1.873501354054951662E-14, -23.60172293928852127 ) ) ;
#459 = CARTESIAN_POINT ( 'NONE',  ( -11.00000000000000355, 16.00000000000000000, 40.87500000000000000 ) ) ;
#460 = DIRECTION ( 'NONE',  ( 0.000000000000000000, 0.000000000000000000, 1.000000000000000000 ) ) ;
#461 = AXIS2_PLACEMENT_3D ( 'NONE', #1919, #52, #1711 ) ;
#462 = DIRECTION ( 'NONE',  ( -2.775557561562891351E-16, 1.000000000000000000, -0.000000000000000000 ) ) ;
#463 = FACE_OUTER_BOUND ( 'NONE', #896, .T. ) ;
#464 = AXIS2_PLACEMENT_3D ( 'NONE', #1029, #2021, #1192 ) ;
#465 = VERTEX_POINT ( 'NONE', #166 ) ;
#466 = LINE ( 'NONE', #1297, #882 ) ;
#467 = ORIENTED_EDGE ( 'NONE', *, *, #2599, .T. ) ;
#468 = ORIENTED_EDGE ( 'NONE', *, *, #2334, .F. ) ;
#469 = CIRCLE ( 'NONE', #125, 1.625000000000003997 ) ;
#470 = EDGE_CURVE ( 'NONE', #71, #1056, #548, .T. ) ;
#471 = CARTESIAN_POINT ( 'NONE',  ( -12.50000000000000355, 12.50000000000000355, 3.000000000000000000 ) ) ;
#472 = ORIENTED_EDGE ( 'NONE', *, *, #2665, .T. ) ;
#473 = CARTESIAN_POINT ( 'NONE',  ( 17.99999999999999645, -9.999999999999994671, -30.00000000000000000 ) ) ;
#474 = EDGE_CURVE ( 'NONE', #1802, #851, #1630, .T. ) ;
#475 = DIRECTION ( 'NONE',  ( 0.000000000000000000, 0.000000000000000000, 1.000000000000000000 ) ) ;
#476 = EDGE_LOOP ( 'NONE', ( #607, #925 ) ) ;
#477 = CIRCLE ( 'NONE', #350, 0.6250000000000005551 ) ;
#478 = CARTESIAN_POINT ( 'NONE',  ( 20.00000000000000355, -9.999999999999994671, -30.00000000000000000 ) ) ;
#479 = DIRECTION ( 'NONE',  ( -1.000000000000000000, 4.625929269271485914E-16, -0.000000000000000000 ) ) ;
#480 = EDGE_LOOP ( 'NONE', ( #327, #1584, #761, #2673 ) ) ;
#481 = ORIENTED_EDGE ( 'NONE', *, *, #2178, .T. ) ;
#482 = CARTESIAN_POINT ( 'NONE',  ( 17.99999999999999289, 7.438494264988548821E-14, -36.39827706071164215 ) ) ;
#483 = ORIENTED_EDGE ( 'NONE', *, *, #580, .T. ) ;
#484 = VERTEX_POINT ( 'NONE', #1837 ) ;
#485 = CYLINDRICAL_SURFACE ( 'NONE', #1836, 3.000000000000001332 ) ;
#486 = VECTOR ( 'NONE', #89, 1000.000000000000000 ) ;
#487 = ORIENTED_EDGE ( 'NONE', *, *, #1158, .T. ) ;
#488 = ORIENTED_EDGE ( 'NONE', *, *, #2390, .F. ) ;
#489 = EDGE_CURVE ( 'NONE', #1506, #1390, #2208, .T. ) ;
#490 = AXIS2_PLACEMENT_3D ( 'NONE', #967, #994, #1597 ) ;
#491 = LINE ( 'NONE', #285, #1737 ) ;
#492 = DIRECTION ( 'NONE',  ( -0.000000000000000000, -0.000000000000000000, -1.000000000000000000 ) ) ;
#493 = EDGE_CURVE ( 'NONE', #1437, #1747, #138, .T. ) ;
#494 = DIRECTION ( 'NONE',  ( -3.469446951953614189E-16, 1.000000000000000000, 0.000000000000000000 ) ) ;
#495 =( LENGTH_UNIT ( ) NAMED_UNIT ( * ) SI_UNIT ( .MILLI., .METRE. ) );
#496 =( NAMED_UNIT ( * ) PLANE_ANGLE_UNIT ( ) SI_UNIT ( $, .RADIAN. ) );
#497 = ADVANCED_FACE ( 'NONE', ( #2652, #1821, #2428, #2470, #2666, #791 ), #1202, .F. ) ;
#498 = ORIENTED_EDGE ( 'NONE', *, *, #130, .T. ) ;
#499 = CIRCLE ( 'NONE', #2020, 1.625000000000001110 ) ;
#500 = DIRECTION ( 'NONE',  ( 1.000000000000000000, 2.775557561562890858E-16, -0.000000000000000000 ) ) ;
#501 = EDGE_LOOP ( 'NONE', ( #1714, #2128 ) ) ;
#502 = ORIENTED_EDGE ( 'NONE', *, *, #1478, .F. ) ;
#503 = VECTOR ( 'NONE', #1562, 1000.000000000000000 ) ;
#504 = DIRECTION ( 'NONE',  ( 0.000000000000000000, -0.000000000000000000, 1.000000000000000000 ) ) ;
#505 = ORIENTED_EDGE ( 'NONE', *, *, #726, .F. ) ;
#506 = ORIENTED_EDGE ( 'NONE', *, *, #1014, .T. ) ;
#507 = PLANE ( 'NONE',  #2302 ) ;
#508 = ORIENTED_EDGE ( 'NONE', *, *, #189, .T. ) ;
#509 = FACE_BOUND ( 'NONE', #75, .T. ) ;
#510 = PRESENTATION_STYLE_ASSIGNMENT (( #2414 ) ) ;
#511 = ADVANCED_FACE ( 'NONE', ( #1602 ), #1228, .F. ) ;
#512 = ORIENTED_EDGE ( 'NONE', *, *, #2599, .F. ) ;
#513 = LINE ( 'NONE', #962, #848 ) ;
#514 = EDGE_LOOP ( 'NONE', ( #1233, #135, #1262, #16 ) ) ;
#515 = EDGE_LOOP ( 'NONE', ( #2575, #483 ) ) ;
#516 = CARTESIAN_POINT ( 'NONE',  ( -20.00000000000000000, -5.551115123125781124E-15, -30.00000000000000000 ) ) ;
#517 = ORIENTED_EDGE ( 'NONE', *, *, #1045, .F. ) ;
#518 = ORIENTED_EDGE ( 'NONE', *, *, #2224, .F. ) ;
#519 = DIRECTION ( 'NONE',  ( 1.000000000000000000, 0.000000000000000000, 0.000000000000000000 ) ) ;
#520 = ORIENTED_EDGE ( 'NONE', *, *, #974, .T. ) ;
#521 = DIRECTION ( 'NONE',  ( 1.000000000000000000, 2.775557561562891351E-16, 0.000000000000000000 ) ) ;
#522 = LINE ( 'NONE', #728, #2335 ) ;
#523 = VECTOR ( 'NONE', #2107, 1000.000000000000000 ) ;
#524 = EDGE_CURVE ( 'NONE', #1043, #56, #1834, .T. ) ;
#525 = ORIENTED_EDGE ( 'NONE', *, *, #8, .T. ) ;
#526 = DIRECTION ( 'NONE',  ( -3.469446951953614189E-16, 1.000000000000000000, 0.000000000000000000 ) ) ;
#527 = EDGE_CURVE ( 'NONE', #2538, #1110, #1026, .T. ) ;
#528 = EDGE_LOOP ( 'NONE', ( #1815, #707, #221, #644 ) ) ;
#529 = DIRECTION ( 'NONE',  ( 1.000000000000000000, -1.387778780781445676E-16, 0.000000000000000000 ) ) ;
#530 = VERTEX_POINT ( 'NONE', #191 ) ;
#531 = ORIENTED_EDGE ( 'NONE', *, *, #341, .F. ) ;
#532 = EDGE_CURVE ( 'NONE', #2282, #2199, #1849, .T. ) ;
#533 = CARTESIAN_POINT ( 'NONE',  ( 10.99999999999999822, -17.99999999999999645, 21.00000000000000000 ) ) ;
#534 = ORIENTED_EDGE ( 'NONE', *, *, #470, .T. ) ;
#535 = AXIS2_PLACEMENT_3D ( 'NONE', #2559, #2354, #1114 ) ;
#536 = PLANE ( 'NONE',  #1627 ) ;
#537 = CYLINDRICAL_SURFACE ( 'NONE', #2294, 1.625000000000003997 ) ;
#538 = EDGE_LOOP ( 'NONE', ( #1445, #954, #2401, #87 ) ) ;
#539 = CARTESIAN_POINT ( 'NONE',  ( -20.00000000000000000, -5.551115123125781124E-15, -30.00000000000000000 ) ) ;
#540 = AXIS2_PLACEMENT_3D ( 'NONE', #1497, #2332, #1678 ) ;
#541 = ORIENTED_EDGE ( 'NONE', *, *, #1142, .F. ) ;
#542 = DIRECTION ( 'NONE',  ( -1.000000000000000000, 0.000000000000000000, 0.000000000000000000 ) ) ;
#543 = CARTESIAN_POINT ( 'NONE',  ( -18.00000000000000355, 12.50000000000000178, -40.00000000000000000 ) ) ;
#544 = EDGE_CURVE ( 'NONE', #2381, #2384, #102, .T. ) ;
#545 = ORIENTED_EDGE ( 'NONE', *, *, #1452, .F. ) ;
#546 = AXIS2_PLACEMENT_3D ( 'NONE', #2709, #619, #2241 ) ;
#547 = FACE_OUTER_BOUND ( 'NONE', #1525, .T. ) ;
#548 = LINE ( 'NONE', #1616, #1066 ) ;
#549 = DIRECTION ( 'NONE',  ( 0.000000000000000000, 0.000000000000000000, 1.000000000000000000 ) ) ;
#550 = DIRECTION ( 'NONE',  ( 0.000000000000000000, 1.000000000000000000, 0.000000000000000000 ) ) ;
#551 = DIRECTION ( 'NONE',  ( 1.000000000000000000, -1.387778780781445676E-16, 0.000000000000000000 ) ) ;
#552 = EDGE_LOOP ( 'NONE', ( #2351, #1677 ) ) ;
#553 = ORIENTED_EDGE ( 'NONE', *, *, #1484, .T. ) ;
#554 = DIRECTION ( 'NONE',  ( 0.000000000000000000, 0.000000000000000000, 1.000000000000000000 ) ) ;
#555 = CIRCLE ( 'NONE', #2114, 0.6250000000000005551 ) ;
#556 = DIRECTION ( 'NONE',  ( 0.000000000000000000, 0.000000000000000000, 1.000000000000000000 ) ) ;
#557 = ADVANCED_FACE ( 'NONE', ( #1797 ), #2694, .F. ) ;
#558 = DIRECTION ( 'NONE',  ( -0.000000000000000000, 1.000000000000000000, -0.000000000000000000 ) ) ;
#559 = EDGE_LOOP ( 'NONE', ( #2405, #1, #534, #2150 ) ) ;
#560 = ADVANCED_FACE ( 'NONE', ( #997 ), #1590, .F. ) ;
#561 = DIRECTION ( 'NONE',  ( -0.000000000000000000, 1.000000000000000000, -0.000000000000000000 ) ) ;
#562 = CARTESIAN_POINT ( 'NONE',  ( -20.00000000000000355, 9.999999999999994671, -30.00000000000000000 ) ) ;
#563 = DIRECTION ( 'NONE',  ( -0.000000000000000000, 1.000000000000000000, -0.000000000000000000 ) ) ;
#564 = CARTESIAN_POINT ( 'NONE',  ( 12.49999999999999645, 28.00000000000000355, 3.000000000000000000 ) ) ;
#565 = ORIENTED_EDGE ( 'NONE', *, *, #380, .F. ) ;
#566 = VERTEX_POINT ( 'NONE', #2018 ) ;
#567 = DIRECTION ( 'NONE',  ( 2.775557561562891351E-16, -1.000000000000000000, 0.000000000000000000 ) ) ;
#568 = FACE_OUTER_BOUND ( 'NONE', #1326, .T. ) ;
#569 = AXIS2_PLACEMENT_3D ( 'NONE', #2532, #1694, #616 ) ;
#570 = DIRECTION ( 'NONE',  ( -3.469446951953614189E-16, 1.000000000000000000, 0.000000000000000000 ) ) ;
#571 = VERTEX_POINT ( 'NONE', #150 ) ;
#572 = DIRECTION ( 'NONE',  ( 1.000000000000000000, 2.775557561562890858E-16, -0.000000000000000000 ) ) ;
#573 = CARTESIAN_POINT ( 'NONE',  ( -11.00000000000000355, 15.00000000000000355, 40.87500000000000000 ) ) ;
#574 = EDGE_CURVE ( 'NONE', #1340, #2050, #2326, .T. ) ;
#575 = AXIS2_PLACEMENT_3D ( 'NONE', #1890, #854, #1693 ) ;
#576 = PLANE ( 'NONE',  #2385 ) ;
#577 = VECTOR ( 'NONE', #2492, 1000.000000000000000 ) ;
#578 = DIRECTION ( 'NONE',  ( 0.000000000000000000, 1.000000000000000000, 0.000000000000000000 ) ) ;
#579 = ORIENTED_EDGE ( 'NONE', *, *, #380, .T. ) ;
#580 = EDGE_CURVE ( 'NONE', #926, #940, #1149, .T. ) ;
#581 = ORIENTED_EDGE ( 'NONE', *, *, #296, .F. ) ;
#582 = DIRECTION ( 'NONE',  ( 2.775557561562891351E-16, -1.000000000000000000, 0.000000000000000000 ) ) ;
#583 = FACE_OUTER_BOUND ( 'NONE', #1622, .T. ) ;
#584 = VECTOR ( 'NONE', #857, 1000.000000000000000 ) ;
#585 = CARTESIAN_POINT ( 'NONE',  ( -20.00000000000000000, -5.551115123125781124E-15, -30.00000000000000000 ) ) ;
#586 = VECTOR ( 'NONE', #180, 1000.000000000000000 ) ;
#587 = DIRECTION ( 'NONE',  ( 0.000000000000000000, 1.000000000000000000, 0.000000000000000000 ) ) ;
#588 = DIRECTION ( 'NONE',  ( 0.000000000000000000, 1.000000000000000000, 0.000000000000000000 ) ) ;
#589 = CIRCLE ( 'NONE', #152, 1.625000000000003997 ) ;
#590 = ORIENTED_EDGE ( 'NONE', *, *, #775, .F. ) ;
#591 = CARTESIAN_POINT ( 'NONE',  ( 10.99999999999999822, 15.00000000000000355, 42.12500000000000000 ) ) ;
#592 = EDGE_CURVE ( 'NONE', #893, #30, #1488, .T. ) ;
#593 = DIRECTION ( 'NONE',  ( 1.000000000000000000, 2.775557561562890858E-16, -0.000000000000000000 ) ) ;
#594 = VERTEX_POINT ( 'NONE', #1038 ) ;
#595 = ORIENTED_EDGE ( 'NONE', *, *, #2120, .T. ) ;
#596 = CARTESIAN_POINT ( 'NONE',  ( 20.00000000000000000, 1.624999999999982458, -23.60172293928852127 ) ) ;
#597 = CARTESIAN_POINT ( 'NONE',  ( -18.00000000000000355, -12.49999999999998934, -40.00000000000000000 ) ) ;
#598 = CIRCLE ( 'NONE', #2427, 1.625000000000001332 ) ;
#599 = FACE_OUTER_BOUND ( 'NONE', #737, .T. ) ;
#600 = ORIENTED_EDGE ( 'NONE', *, *, #1903, .F. ) ;
#601 = CIRCLE ( 'NONE', #1993, 0.6250000000000005551 ) ;
#602 = DIRECTION ( 'NONE',  ( 1.000000000000000000, -1.387778780781445676E-16, 0.000000000000000000 ) ) ;
#603 = DIRECTION ( 'NONE',  ( -0.000000000000000000, 1.000000000000000000, -0.000000000000000000 ) ) ;
#604 = AXIS2_PLACEMENT_3D ( 'NONE', #834, #1254, #1477 ) ;
#605 = DIRECTION ( 'NONE',  ( 0.000000000000000000, 1.000000000000000000, 0.000000000000000000 ) ) ;
#606 = CYLINDRICAL_SURFACE ( 'NONE', #415, 0.6250000000000005551 ) ;
#607 = ORIENTED_EDGE ( 'NONE', *, *, #38, .T. ) ;
#608 = EDGE_CURVE ( 'NONE', #1747, #1595, #10, .T. ) ;
#609 = ORIENTED_EDGE ( 'NONE', *, *, #2711, .F. ) ;
#610 = CARTESIAN_POINT ( 'NONE',  ( -11.00000000000000355, -15.99999999999999289, 41.50000000000000000 ) ) ;
#611 = EDGE_CURVE ( 'NONE', #1340, #1378, #1288, .T. ) ;
#612 = VERTEX_POINT ( 'NONE', #1464 ) ;
#613 = VECTOR ( 'NONE', #1027, 1000.000000000000000 ) ;
#614 = DIRECTION ( 'NONE',  ( 0.000000000000000000, 0.000000000000000000, 1.000000000000000000 ) ) ;
#615 = EDGE_CURVE ( 'NONE', #1517, #1766, #1453, .T. ) ;
#616 = DIRECTION ( 'NONE',  ( 0.000000000000000000, 1.000000000000000000, 0.000000000000000000 ) ) ;
#617 = LINE ( 'NONE', #2236, #1812 ) ;
#618 = CARTESIAN_POINT ( 'NONE',  ( 17.99999999999999645, 4.773277060711565767, -30.00000000000000000 ) ) ;
#619 = DIRECTION ( 'NONE',  ( 1.000000000000000000, 2.775557561562890858E-16, -0.000000000000000000 ) ) ;
#620 = ORIENTED_EDGE ( 'NONE', *, *, #356, .F. ) ;
#621 = AXIS2_PLACEMENT_3D ( 'NONE', #1274, #2529, #866 ) ;
#622 = VERTEX_POINT ( 'NONE', #660 ) ;
#623 = CARTESIAN_POINT ( 'NONE',  ( -18.00000000000000355, 6.398277060711559550, -30.00000000000000000 ) ) ;
#624 = DIRECTION ( 'NONE',  ( 0.000000000000000000, 1.000000000000000000, 0.000000000000000000 ) ) ;
#625 = ORIENTED_EDGE ( 'NONE', *, *, #2465, .T. ) ;
#626 = ADVANCED_FACE ( 'NONE', ( #1893 ), #2277, .F. ) ;
#627 = CARTESIAN_POINT ( 'NONE',  ( -12.50000000000000355, 12.50000000000000355, 3.000000000000000000 ) ) ;
#628 = VECTOR ( 'NONE', #2099, 1000.000000000000000 ) ;
#629 = CARTESIAN_POINT ( 'NONE',  ( -30.00000000000000711, 12.49999999999999822, 0.000000000000000000 ) ) ;
#630 = DIRECTION ( 'NONE',  ( 0.000000000000000000, 0.000000000000000000, 1.000000000000000000 ) ) ;
#631 = DIRECTION ( 'NONE',  ( 0.000000000000000000, 0.000000000000000000, 1.000000000000000000 ) ) ;
#632 = CARTESIAN_POINT ( 'NONE',  ( -30.00000000000000711, 12.49999999999999822, 3.000000000000000000 ) ) ;
#633 = ORIENTED_EDGE ( 'NONE', *, *, #2072, .F. ) ;
#634 = FACE_OUTER_BOUND ( 'NONE', #2177, .T. ) ;
#635 = ORIENTED_EDGE ( 'NONE', *, *, #189, .F. ) ;
#636 = DIRECTION ( 'NONE',  ( 0.000000000000000000, -0.000000000000000000, 1.000000000000000000 ) ) ;
#637 = EDGE_LOOP ( 'NONE', ( #2229, #215 ) ) ;
#638 = EDGE_CURVE ( 'NONE', #2132, #1829, #1884, .T. ) ;
#639 = DIRECTION ( 'NONE',  ( 1.000000000000000000, 2.775557561562890858E-16, -0.000000000000000000 ) ) ;
#640 = CARTESIAN_POINT ( 'NONE',  ( 19.99999999999999645, 12.50000000000000178, -30.00000000000000000 ) ) ;
#641 = EDGE_CURVE ( 'NONE', #1791, #867, #1534, .T. ) ;
#642 = DIRECTION ( 'NONE',  ( 1.000000000000000000, 2.775557561562890858E-16, -0.000000000000000000 ) ) ;
#643 = CARTESIAN_POINT ( 'NONE',  ( -11.00000000000000711, 15.00000000000000355, 18.12500000000000355 ) ) ;
#644 = ORIENTED_EDGE ( 'NONE', *, *, #1618, .F. ) ;
#645 = CARTESIAN_POINT ( 'NONE',  ( -11.00000000000000355, -18.99999999999999289, 21.62500000000000355 ) ) ;
#646 = ORIENTED_EDGE ( 'NONE', *, *, #1450, .F. ) ;
#647 = DIRECTION ( 'NONE',  ( 0.000000000000000000, 1.000000000000000000, 0.000000000000000000 ) ) ;
#648 = AXIS2_PLACEMENT_3D ( 'NONE', #1949, #2411, #81 ) ;
#649 = CARTESIAN_POINT ( 'NONE',  ( 12.50000000000000000, -12.49999999999999645, 3.000000000000000000 ) ) ;
#650 = FACE_BOUND ( 'NONE', #2490, .T. ) ;
#651 = VECTOR ( 'NONE', #832, 1000.000000000000000 ) ;
#652 = DIRECTION ( 'NONE',  ( 0.000000000000000000, 0.000000000000000000, 1.000000000000000000 ) ) ;
#653 = DIRECTION ( 'NONE',  ( 0.000000000000000000, 0.000000000000000000, 1.000000000000000000 ) ) ;
#654 = EDGE_CURVE ( 'NONE', #1542, #1431, #713, .T. ) ;
#655 = EDGE_LOOP ( 'NONE', ( #633, #1208, #123, #672, #646, #718, #1608, #512 ) ) ;
#656 = CARTESIAN_POINT ( 'NONE',  ( 20.00000000000000000, -1.873501354054951662E-14, -23.60172293928852127 ) ) ;
#657 = VECTOR ( 'NONE', #1239, 1000.000000000000000 ) ;
#658 = AXIS2_PLACEMENT_3D ( 'NONE', #325, #735, #1556 ) ;
#659 = LINE ( 'NONE', #2080, #2140 ) ;
#660 = CARTESIAN_POINT ( 'NONE',  ( -12.50000000000000000, -12.49999999999999822, 0.000000000000000000 ) ) ;
#661 = CARTESIAN_POINT ( 'NONE',  ( 12.50000000000000000, -15.99999999999999289, 43.00000000000000000 ) ) ;
#662 = AXIS2_PLACEMENT_3D ( 'NONE', #670, #1470, #2554 ) ;
#663 = FACE_BOUND ( 'NONE', #2426, .T. ) ;
#664 = CARTESIAN_POINT ( 'NONE',  ( -20.00000000000000000, -3.000000000000007105, -30.00000000000000000 ) ) ;
#665 = DIRECTION ( 'NONE',  ( 1.000000000000000000, 2.775557561562890858E-16, -0.000000000000000000 ) ) ;
#666 = EDGE_LOOP ( 'NONE', ( #1998, #2563 ) ) ;
#667 = ADVANCED_FACE ( 'NONE', ( #2092 ), #1276, .F. ) ;
#668 = VECTOR ( 'NONE', #1232, 1000.000000000000000 ) ;
#669 = ORIENTED_EDGE ( 'NONE', *, *, #732, .F. ) ;
#670 = CARTESIAN_POINT ( 'NONE',  ( 10.99999999999999822, -15.99999999999999289, 21.00000000000000000 ) ) ;
#671 = VERTEX_POINT ( 'NONE', #2106 ) ;
#672 = ORIENTED_EDGE ( 'NONE', *, *, #493, .F. ) ;
#673 = EDGE_CURVE ( 'NONE', #254, #798, #230, .T. ) ;
#674 = DIRECTION ( 'NONE',  ( 1.000000000000000000, 2.775557561562890858E-16, -0.000000000000000000 ) ) ;
#675 = EDGE_LOOP ( 'NONE', ( #62, #669, #2126, #188 ) ) ;
#676 = PLANE ( 'NONE',  #1928 ) ;
#677 = CARTESIAN_POINT ( 'NONE',  ( -18.00000000000000355, -3.000000000000006661, -30.00000000000000000 ) ) ;
#678 = ORIENTED_EDGE ( 'NONE', *, *, #1822, .T. ) ;
#679 = DIRECTION ( 'NONE',  ( 0.000000000000000000, 1.000000000000000000, 0.000000000000000000 ) ) ;
#680 = VECTOR ( 'NONE', #1758, 1000.000000000000000 ) ;
#681 = CARTESIAN_POINT ( 'NONE',  ( -12.50000000000000000, -12.49999999999999822, 3.000000000000000000 ) ) ;
#682 = DIRECTION ( 'NONE',  ( 1.000000000000000000, 6.938893903907227392E-16, 0.000000000000000000 ) ) ;
#683 = ORIENTED_EDGE ( 'NONE', *, *, #175, .T. ) ;
#684 = ORIENTED_EDGE ( 'NONE', *, *, #944, .F. ) ;
#685 = CARTESIAN_POINT ( 'NONE',  ( 10.99999999999999822, -15.99999999999999289, 40.87500000000000000 ) ) ;
#686 = EDGE_LOOP ( 'NONE', ( #295, #2700 ) ) ;
#687 = EDGE_CURVE ( 'NONE', #1557, #1247, #2097, .T. ) ;
#688 = ORIENTED_EDGE ( 'NONE', *, *, #1225, .T. ) ;
#689 = AXIS2_PLACEMENT_3D ( 'NONE', #246, #679, #631 ) ;
#690 = CARTESIAN_POINT ( 'NONE',  ( -12.50000000000000000, -15.99999999999999289, 43.00000000000000000 ) ) ;
#691 = ADVANCED_FACE ( 'NONE', ( #1683 ), #258, .F. ) ;
#692 = ORIENTED_EDGE ( 'NONE', *, *, #2228, .T. ) ;
#693 = CARTESIAN_POINT ( 'NONE',  ( -18.00000000000000355, 8.023277060711562214, -30.00000000000000000 ) ) ;
#694 = CARTESIAN_POINT ( 'NONE',  ( -19.99999999999999645, -12.50000000000001066, -30.00000000000000000 ) ) ;
#695 = EDGE_CURVE ( 'NONE', #1517, #2050, #1865, .T. ) ;
#696 = AXIS2_PLACEMENT_3D ( 'NONE', #2593, #519, #709 ) ;
#697 = LINE ( 'NONE', #1106, #1670 ) ;
#698 = FACE_OUTER_BOUND ( 'NONE', #153, .T. ) ;
#699 = DIRECTION ( 'NONE',  ( 0.000000000000000000, 0.000000000000000000, 1.000000000000000000 ) ) ;
#700 = ORIENTED_EDGE ( 'NONE', *, *, #729, .T. ) ;
#701 = CARTESIAN_POINT ( 'NONE',  ( 30.00000000000000000, 12.50000000000000888, 3.000000000000000000 ) ) ;
#702 = ORIENTED_EDGE ( 'NONE', *, *, #1536, .F. ) ;
#703 = ORIENTED_EDGE ( 'NONE', *, *, #1633, .F. ) ;
#704 = DIRECTION ( 'NONE',  ( 0.000000000000000000, 0.000000000000000000, -1.000000000000000000 ) ) ;
#705 = AXIS2_PLACEMENT_3D ( 'NONE', #2608, #1357, #1521 ) ;
#706 = ORIENTED_EDGE ( 'NONE', *, *, #1891, .T. ) ;
#707 = ORIENTED_EDGE ( 'NONE', *, *, #708, .F. ) ;
#708 = EDGE_CURVE ( 'NONE', #1768, #1553, #422, .T. ) ;
#709 = DIRECTION ( 'NONE',  ( 0.000000000000000000, 0.000000000000000000, -1.000000000000000000 ) ) ;
#710 = ORIENTED_EDGE ( 'NONE', *, *, #2648, .F. ) ;
#711 = DIRECTION ( 'NONE',  ( -1.000000000000000000, 0.000000000000000000, 0.000000000000000000 ) ) ;
#712 = CARTESIAN_POINT ( 'NONE',  ( -20.00000000000000355, 6.398277060711558661, -30.00000000000000000 ) ) ;
#713 = CIRCLE ( 'NONE', #1403, 0.6250000000000005551 ) ;
#714 = ORIENTED_EDGE ( 'NONE', *, *, #1598, .F. ) ;
#715 = DIRECTION ( 'NONE',  ( -1.000000000000000000, 0.000000000000000000, 0.000000000000000000 ) ) ;
#716 = AXIS2_PLACEMENT_3D ( 'NONE', #1940, #72, #2112 ) ;
#717 = LINE ( 'NONE', #2171, #60 ) ;
#718 = ORIENTED_EDGE ( 'NONE', *, *, #2224, .T. ) ;
#719 = AXIS2_PLACEMENT_3D ( 'NONE', #731, #142, #334 ) ;
#720 = ORIENTED_EDGE ( 'NONE', *, *, #1286, .F. ) ;
#721 = AXIS2_PLACEMENT_3D ( 'NONE', #2611, #740, #494 ) ;
#722 = LINE ( 'NONE', #1515, #837 ) ;
#723 = EDGE_LOOP ( 'NONE', ( #2210, #116 ) ) ;
#724 = ORIENTED_EDGE ( 'NONE', *, *, #2616, .F. ) ;
#725 = FACE_OUTER_BOUND ( 'NONE', #1024, .T. ) ;
#726 = EDGE_CURVE ( 'NONE', #1115, #1154, #216, .T. ) ;
#727 = LINE ( 'NONE', #957, #2595 ) ;
#728 = CARTESIAN_POINT ( 'NONE',  ( 19.99999999999999645, 10.00000000000000533, -30.00000000000000000 ) ) ;
#729 = EDGE_CURVE ( 'NONE', #1247, #743, #1074, .T. ) ;
#730 = VERTEX_POINT ( 'NONE', #2406 ) ;
#731 = CARTESIAN_POINT ( 'NONE',  ( -12.49999999999999822, -17.99999999999999645, 3.000000000000000000 ) ) ;
#732 = EDGE_CURVE ( 'NONE', #810, #1736, #2087, .T. ) ;
#733 = CIRCLE ( 'NONE', #1423, 0.6250000000000005551 ) ;
#734 = VERTEX_POINT ( 'NONE', #2646 ) ;
#735 = DIRECTION ( 'NONE',  ( 0.000000000000000000, 0.000000000000000000, -1.000000000000000000 ) ) ;
#736 = AXIS2_PLACEMENT_3D ( 'NONE', #1896, #2084, #2550 ) ;
#737 = EDGE_LOOP ( 'NONE', ( #2572, #1981, #1872, #131 ) ) ;
#738 = ORIENTED_EDGE ( 'NONE', *, *, #1181, .T. ) ;
#739 = CARTESIAN_POINT ( 'NONE',  ( -11.00000000000000711, 18.00000000000000355, 18.12500000000000355 ) ) ;
#740 = DIRECTION ( 'NONE',  ( 1.000000000000000000, 2.775557561562890858E-16, -0.000000000000000000 ) ) ;
#741 = FACE_OUTER_BOUND ( 'NONE', #852, .T. ) ;
#742 = VECTOR ( 'NONE', #1684, 1000.000000000000000 ) ;
#743 = VERTEX_POINT ( 'NONE', #2215 ) ;
#744 = EDGE_CURVE ( 'NONE', #1426, #836, #1137, .T. ) ;
#745 = DIRECTION ( 'NONE',  ( 0.000000000000000000, 0.000000000000000000, 1.000000000000000000 ) ) ;
#746 = ORIENTED_EDGE ( 'NONE', *, *, #1682, .F. ) ;
#747 = PRODUCT_DEFINITION ( 'UNKNOWN', '', #2030, #2425 ) ;
#748 = CARTESIAN_POINT ( 'NONE',  ( 0.000000000000000000, 0.000000000000000000, 3.000000000000000000 ) ) ;
#749 = CARTESIAN_POINT ( 'NONE',  ( -9.749999999999998224, -17.99999999999999645, 43.00000000000000000 ) ) ;
#750 = ORIENTED_EDGE ( 'NONE', *, *, #2025, .T. ) ;
#751 = LINE ( 'NONE', #314, #1143 ) ;
#752 = VERTEX_POINT ( 'NONE', #897 ) ;
#753 = AXIS2_PLACEMENT_3D ( 'NONE', #1779, #529, #118 ) ;
#754 = DIRECTION ( 'NONE',  ( 0.000000000000000000, 0.000000000000000000, 1.000000000000000000 ) ) ;
#755 = LINE ( 'NONE', #1577, #2165 ) ;
#756 = VERTEX_POINT ( 'NONE', #693 ) ;
#757 = CARTESIAN_POINT ( 'NONE',  ( -11.00000000000000355, 18.00000000000000355, 42.12500000000000000 ) ) ;
#758 = ORIENTED_EDGE ( 'NONE', *, *, #1922, .F. ) ;
#759 = ADVANCED_FACE ( 'NONE', ( #1569 ), #1380, .F. ) ;
#760 = VECTOR ( 'NONE', #430, 1000.000000000000000 ) ;
#761 = ORIENTED_EDGE ( 'NONE', *, *, #1351, .T. ) ;
#762 = DIRECTION ( 'NONE',  ( 1.000000000000000000, 2.775557561562890858E-16, -0.000000000000000000 ) ) ;
#763 = FACE_BOUND ( 'NONE', #1883, .T. ) ;
#764 = EDGE_CURVE ( 'NONE', #940, #671, #1948, .T. ) ;
#765 = CARTESIAN_POINT ( 'NONE',  ( 9.750000000000001776, -17.99999999999999645, 43.00000000000000000 ) ) ;
#766 = UNCERTAINTY_MEASURE_WITH_UNIT (LENGTH_MEASURE( 1.000000000000000082E-05 ), #495, 'distance_accuracy_value', 'NONE');
#767 = DIRECTION ( 'NONE',  ( 1.000000000000000000, 0.000000000000000000, 0.000000000000000000 ) ) ;
#768 = LINE ( 'NONE', #1591, #2129 ) ;
#769 = FACE_OUTER_BOUND ( 'NONE', #9, .T. ) ;
#770 = FACE_BOUND ( 'NONE', #1459, .T. ) ;
#771 = EDGE_LOOP ( 'NONE', ( #934, #1955 ) ) ;
#772 = ORIENTED_EDGE ( 'NONE', *, *, #1970, .F. ) ;
#773 = DIRECTION ( 'NONE',  ( -0.000000000000000000, -1.000000000000000000, -0.000000000000000000 ) ) ;
#774 = LINE ( 'NONE', #597, #319 ) ;
#775 = EDGE_CURVE ( 'NONE', #2170, #1555, #2340, .T. ) ;
#776 = CARTESIAN_POINT ( 'NONE',  ( -11.00000000000000355, -15.99999999999999289, 42.12500000000000000 ) ) ;
#777 = ORIENTED_EDGE ( 'NONE', *, *, #1855, .F. ) ;
#778 = DIRECTION ( 'NONE',  ( 0.000000000000000000, 0.000000000000000000, -1.000000000000000000 ) ) ;
#779 = EDGE_CURVE ( 'NONE', #2227, #968, #1260, .T. ) ;
#780 = DIRECTION ( 'NONE',  ( 1.000000000000000000, 2.775557561562890858E-16, -0.000000000000000000 ) ) ;
#781 = DIRECTION ( 'NONE',  ( -0.000000000000000000, 0.000000000000000000, 1.000000000000000000 ) ) ;
#782 = DIRECTION ( 'NONE',  ( 0.000000000000000000, 1.000000000000000000, 0.000000000000000000 ) ) ;
#783 = ORIENTED_EDGE ( 'NONE', *, *, #2338, .T. ) ;
#784 = ORIENTED_EDGE ( 'NONE', *, *, #1935, .T. ) ;
#785 = CARTESIAN_POINT ( 'NONE',  ( -12.50000000000000000, -17.99999999999999645, 3.000000000000001332 ) ) ;
#786 = LINE ( 'NONE', #364, #2186 ) ;
#787 = AXIS2_PLACEMENT_3D ( 'NONE', #63, #1722, #2027 ) ;
#788 = CARTESIAN_POINT ( 'NONE',  ( 19.99999999999999645, 10.00000000000000533, -30.00000000000000000 ) ) ;
#789 = ORIENTED_EDGE ( 'NONE', *, *, #923, .F. ) ;
#790 = EDGE_CURVE ( 'NONE', #1270, #2154, #1006, .T. ) ;
#791 = FACE_OUTER_BOUND ( 'NONE', #1128, .T. ) ;
#792 = CARTESIAN_POINT ( 'NONE',  ( -18.00000000000000355, -12.49999999999998934, -30.00000000000000000 ) ) ;
#793 = CIRCLE ( 'NONE', #2672, 0.6250000000000005551 ) ;
#794 = LINE ( 'NONE', #591, #2035 ) ;
#795 = VECTOR ( 'NONE', #54, 1000.000000000000000 ) ;
#796 = CARTESIAN_POINT ( 'NONE',  ( 20.00000000000000355, -8.023277060711562214, -30.00000000000012790 ) ) ;
#797 = ORIENTED_EDGE ( 'NONE', *, *, #70, .F. ) ;
#798 = VERTEX_POINT ( 'NONE', #1930 ) ;
#799 = CARTESIAN_POINT ( 'NONE',  ( 17.99999999999999289, -1.625000000000020428, -23.60172293928852127 ) ) ;
#800 = DIRECTION ( 'NONE',  ( 3.154042683594197093E-16, -1.000000000000000000, 0.000000000000000000 ) ) ;
#801 = VECTOR ( 'NONE', #433, 1000.000000000000000 ) ;
#802 = DIRECTION ( 'NONE',  ( 0.000000000000000000, 1.000000000000000000, 0.000000000000000000 ) ) ;
#803 = PLANE ( 'NONE',  #1892 ) ;
#804 = CARTESIAN_POINT ( 'NONE',  ( 12.50000000000000000, -12.49999999999999645, 0.000000000000000000 ) ) ;
#805 = EDGE_CURVE ( 'NONE', #2384, #2381, #2664, .T. ) ;
#806 = APPLICATION_CONTEXT ( 'automotive_design' ) ;
#807 = CARTESIAN_POINT ( 'NONE',  ( 12.49999999999999645, 18.00000000000000355, 3.000000000000000000 ) ) ;
#808 = LINE ( 'NONE', #360, #1933 ) ;
#809 = EDGE_CURVE ( 'NONE', #2635, #2558, #1585, .T. ) ;
#810 = VERTEX_POINT ( 'NONE', #349 ) ;
#811 = ORIENTED_EDGE ( 'NONE', *, *, #1917, .T. ) ;
#812 = CARTESIAN_POINT ( 'NONE',  ( 10.99999999999999822, 18.00000000000000355, 42.12500000000000000 ) ) ;
#813 = EDGE_CURVE ( 'NONE', #566, #1962, #1387, .T. ) ;
#814 = CARTESIAN_POINT ( 'NONE',  ( 0.000000000000000000, 0.000000000000000000, 0.000000000000000000 ) ) ;
#815 = VECTOR ( 'NONE', #2109, 1000.000000000000000 ) ;
#816 = CARTESIAN_POINT ( 'NONE',  ( -18.00000000000000355, -10.00000000000000533, -30.00000000000000000 ) ) ;
#817 = ORIENTED_EDGE ( 'NONE', *, *, #1256, .T. ) ;
#818 = AXIS2_PLACEMENT_3D ( 'NONE', #1645, #2034, #1826 ) ;
#819 = CARTESIAN_POINT ( 'NONE',  ( -20.00000000000000355, 12.50000000000000711, 3.000000000000000000 ) ) ;
#820 = CYLINDRICAL_SURFACE ( 'NONE', #1335, 0.6250000000000005551 ) ;
#821 = VECTOR ( 'NONE', #2073, 1000.000000000000000 ) ;
#822 = CARTESIAN_POINT ( 'NONE',  ( 30.00000000000000000, 12.50000000000000888, 0.000000000000000000 ) ) ;
#823 = DIRECTION ( 'NONE',  ( -0.000000000000000000, 1.000000000000000000, -0.000000000000000000 ) ) ;
#824 = EDGE_LOOP ( 'NONE', ( #1031, #1945, #1112, #1909 ) ) ;
#825 = EDGE_CURVE ( 'NONE', #1747, #1420, #491, .T. ) ;
#826 = ORIENTED_EDGE ( 'NONE', *, *, #809, .F. ) ;
#827 = CARTESIAN_POINT ( 'NONE',  ( -18.00000000000000355, 12.50000000000000178, -30.00000000000000000 ) ) ;
#828 = DIRECTION ( 'NONE',  ( 0.000000000000000000, 0.000000000000000000, 1.000000000000000000 ) ) ;
#829 = ORIENTED_EDGE ( 'NONE', *, *, #2060, .T. ) ;
#830 = CIRCLE ( 'NONE', #1648, 0.6250000000000005551 ) ;
#831 = FACE_OUTER_BOUND ( 'NONE', #418, .T. ) ;
#832 = DIRECTION ( 'NONE',  ( -0.000000000000000000, -0.000000000000000000, -1.000000000000000000 ) ) ;
#833 = CARTESIAN_POINT ( 'NONE',  ( 9.750000000000001776, -22.00000000000000000, 5.499999999999998224 ) ) ;
#834 = CARTESIAN_POINT ( 'NONE',  ( -12.50000000000000355, 18.00000000000000355, 3.000000000000000000 ) ) ;
#835 = CARTESIAN_POINT ( 'NONE',  ( -20.00000000000000000, -2.983724378680108202E-14, -23.60172293928852127 ) ) ;
#836 = VERTEX_POINT ( 'NONE', #473 ) ;
#837 = VECTOR ( 'NONE', #1546, 1000.000000000000000 ) ;
#838 = AXIS2_PLACEMENT_3D ( 'NONE', #874, #1845, #682 ) ;
#839 = ORIENTED_EDGE ( 'NONE', *, *, #1087, .F. ) ;
#840 = LINE ( 'NONE', #992, #2589 ) ;
#841 = EDGE_CURVE ( 'NONE', #58, #1973, #1999, .T. ) ;
#842 = CARTESIAN_POINT ( 'NONE',  ( 12.49999999999999645, 16.00000000000000000, 43.00000000000000000 ) ) ;
#843 = ADVANCED_FACE ( 'NONE', ( #132 ), #966, .F. ) ;
#844 = VERTEX_POINT ( 'NONE', #363 ) ;
#845 = VECTOR ( 'NONE', #2014, 1000.000000000000000 ) ;
#846 = CARTESIAN_POINT ( 'NONE',  ( -20.00000000000000000, 2.999999999999995559, -30.00000000000000000 ) ) ;
#847 = LINE ( 'NONE', #1673, #2524 ) ;
#848 = VECTOR ( 'NONE', #1789, 1000.000000000000000 ) ;
#849 = FACE_BOUND ( 'NONE', #1532, .T. ) ;
#850 = DIRECTION ( 'NONE',  ( 0.000000000000000000, 0.000000000000000000, 1.000000000000000000 ) ) ;
#851 = VERTEX_POINT ( 'NONE', #2577 ) ;
#852 = EDGE_LOOP ( 'NONE', ( #1780, #1195, #1509, #382 ) ) ;
#853 = CARTESIAN_POINT ( 'NONE',  ( -20.00000000000000000, -3.000000000000007105, -30.00000000000000000 ) ) ;
#854 = DIRECTION ( 'NONE',  ( 1.000000000000000000, 2.775557561562890858E-16, -0.000000000000000000 ) ) ;
#855 = EDGE_LOOP ( 'NONE', ( #1310, #2043 ) ) ;
#856 = ADVANCED_FACE ( 'NONE', ( #145 ), #676, .T. ) ;
#857 = DIRECTION ( 'NONE',  ( -0.000000000000000000, -1.000000000000000000, -0.000000000000000000 ) ) ;
#858 = CARTESIAN_POINT ( 'NONE',  ( 10.99999999999999822, 18.00000000000000355, 41.50000000000000000 ) ) ;
#859 = AXIS2_PLACEMENT_3D ( 'NONE', #807, #2487, #154 ) ;
#860 = EDGE_CURVE ( 'NONE', #1972, #1018, #981, .T. ) ;
#861 = DIRECTION ( 'NONE',  ( 1.000000000000000000, 2.775557561562890858E-16, -0.000000000000000000 ) ) ;
#862 = LINE ( 'NONE', #1936, #1709 ) ;
#863 = ORIENTED_EDGE ( 'NONE', *, *, #1259, .T. ) ;
#864 = DIRECTION ( 'NONE',  ( -0.000000000000000000, -0.000000000000000000, 1.000000000000000000 ) ) ;
#865 = VERTEX_POINT ( 'NONE', #1596 ) ;
#866 = DIRECTION ( 'NONE',  ( 0.000000000000000000, 0.000000000000000000, 1.000000000000000000 ) ) ;
#867 = VERTEX_POINT ( 'NONE', #271 ) ;
#868 = AXIS2_PLACEMENT_3D ( 'NONE', #300, #329, #1132 ) ;
#869 = DIRECTION ( 'NONE',  ( 1.000000000000000000, 0.000000000000000000, 0.000000000000000000 ) ) ;
#870 = FACE_OUTER_BOUND ( 'NONE', #899, .T. ) ;
#871 = EDGE_CURVE ( 'NONE', #1154, #2130, #1102, .T. ) ;
#872 = CARTESIAN_POINT ( 'NONE',  ( -20.00000000000000355, 8.023277060711562214, -30.00000000000000000 ) ) ;
#873 = CARTESIAN_POINT ( 'NONE',  ( 10.99999999999999822, 18.00000000000000355, 16.87500000000000000 ) ) ;
#874 = CARTESIAN_POINT ( 'NONE',  ( 12.49999999999999645, 12.50000000000000000, 3.000000000000000000 ) ) ;
#875 = EDGE_LOOP ( 'NONE', ( #1842, #2585, #2369, #46 ) ) ;
#876 = CARTESIAN_POINT ( 'NONE',  ( -20.00000000000000355, 4.773277060711555109, -30.00000000000000000 ) ) ;
#877 = EDGE_LOOP ( 'NONE', ( #625, #1331, #2542, #525 ) ) ;
#878 = VERTEX_POINT ( 'NONE', #2245 ) ;
#879 = DIRECTION ( 'NONE',  ( -0.000000000000000000, 0.000000000000000000, 1.000000000000000000 ) ) ;
#880 = DIRECTION ( 'NONE',  ( -0.000000000000000000, 0.000000000000000000, 1.000000000000000000 ) ) ;
#881 = CARTESIAN_POINT ( 'NONE',  ( -12.50000000000000000, -27.99999999999999645, 0.000000000000000000 ) ) ;
#882 = VECTOR ( 'NONE', #1096, 1000.000000000000000 ) ;
#883 = FACE_BOUND ( 'NONE', #1735, .T. ) ;
#884 = ADVANCED_FACE ( 'NONE', ( #1639 ), #2491, .F. ) ;
#885 = DIRECTION ( 'NONE',  ( -0.000000000000000000, 1.000000000000000000, -0.000000000000000000 ) ) ;
#886 =( LENGTH_UNIT ( ) NAMED_UNIT ( * ) SI_UNIT ( .MILLI., .METRE. ) );
#887 = VERTEX_POINT ( 'NONE', #2078 ) ;
#888 = VECTOR ( 'NONE', #2023, 1000.000000000000000 ) ;
#889 = VERTEX_POINT ( 'NONE', #1434 ) ;
#890 = EDGE_CURVE ( 'NONE', #1420, #2509, #378, .T. ) ;
#891 = CARTESIAN_POINT ( 'NONE',  ( 9.750000000000001776, -22.00000000000000000, 5.499999999999998224 ) ) ;
#892 = ORIENTED_EDGE ( 'NONE', *, *, #2172, .T. ) ;
#893 = VERTEX_POINT ( 'NONE', #596 ) ;
#894 = ADVANCED_FACE ( 'NONE', ( #634 ), #2447, .F. ) ;
#895 = PLANE ( 'NONE',  #535 ) ;
#896 = EDGE_LOOP ( 'NONE', ( #777, #1446, #1635, #2147, #1828, #2353, #1449, #1281 ) ) ;
#897 = CARTESIAN_POINT ( 'NONE',  ( -20.00000000000000000, 1.624999999999971134, -23.60172293928852127 ) ) ;
#898 = CARTESIAN_POINT ( 'NONE',  ( -11.00000000000000355, -18.99999999999999289, 40.87500000000000000 ) ) ;
#899 = EDGE_LOOP ( 'NONE', ( #2024, #1637, #200, #2142, #467, #1953 ) ) ;
#900 = CARTESIAN_POINT ( 'NONE',  ( -18.00000000000000355, -6.398277060711570208, -30.00000000000012790 ) ) ;
#901 = VECTOR ( 'NONE', #139, 1000.000000000000000 ) ;
#902 = LINE ( 'NONE', #2304, #2076 ) ;
#903 = LINE ( 'NONE', #1920, #2449 ) ;
#904 = ORIENTED_EDGE ( 'NONE', *, *, #2648, .T. ) ;
#905 = ORIENTED_EDGE ( 'NONE', *, *, #1127, .F. ) ;
#906 = DIRECTION ( 'NONE',  ( -3.154042683594197093E-16, 1.000000000000000000, 0.000000000000000000 ) ) ;
#907 = EDGE_LOOP ( 'NONE', ( #269, #1084, #2620, #2530 ) ) ;
#908 = EDGE_CURVE ( 'NONE', #1802, #106, #1873, .T. ) ;
#909 = VERTEX_POINT ( 'NONE', #1651 ) ;
#910 = FACE_OUTER_BOUND ( 'NONE', #1299, .T. ) ;
#911 = ORIENTED_EDGE ( 'NONE', *, *, #1268, .F. ) ;
#912 = ORIENTED_EDGE ( 'NONE', *, *, #309, .T. ) ;
#913 = DIRECTION ( 'NONE',  ( 0.000000000000000000, 0.000000000000000000, 1.000000000000000000 ) ) ;
#914 = DIRECTION ( 'NONE',  ( 0.000000000000000000, 0.000000000000000000, -1.000000000000000000 ) ) ;
#915 = ORIENTED_EDGE ( 'NONE', *, *, #524, .F. ) ;
#916 = FACE_BOUND ( 'NONE', #281, .T. ) ;
#917 = CARTESIAN_POINT ( 'NONE',  ( 12.49999999999999645, 18.00000000000000355, 3.000000000000000000 ) ) ;
#918 = AXIS2_PLACEMENT_3D ( 'NONE', #2561, #336, #1198 ) ;
#919 = CARTESIAN_POINT ( 'NONE',  ( 20.00000000000000000, -1.625000000000019762, -23.60172293928852127 ) ) ;
#920 = CARTESIAN_POINT ( 'NONE',  ( 10.99999999999999822, 15.00000000000000355, 41.50000000000000000 ) ) ;
#921 = ORIENTED_EDGE ( 'NONE', *, *, #871, .T. ) ;
#922 = ORIENTED_EDGE ( 'NONE', *, *, #70, .T. ) ;
#923 = EDGE_CURVE ( 'NONE', #1925, #2199, #1361, .T. ) ;
#924 = LINE ( 'NONE', #951, #486 ) ;
#925 = ORIENTED_EDGE ( 'NONE', *, *, #1922, .T. ) ;
#926 = VERTEX_POINT ( 'NONE', #172 ) ;
#927 = EDGE_CURVE ( 'NONE', #2154, #1270, #1196, .T. ) ;
#928 = DIRECTION ( 'NONE',  ( -0.000000000000000000, 1.000000000000000000, -0.000000000000000000 ) ) ;
#929 = ORIENTED_EDGE ( 'NONE', *, *, #1409, .F. ) ;
#930 = FACE_OUTER_BOUND ( 'NONE', #1783, .T. ) ;
#931 = ADVANCED_FACE ( 'NONE', ( #2051 ), #1249, .T. ) ;
#932 = FACE_OUTER_BOUND ( 'NONE', #907, .T. ) ;
#933 = VECTOR ( 'NONE', #639, 1000.000000000000000 ) ;
#934 = ORIENTED_EDGE ( 'NONE', *, *, #2057, .T. ) ;
#935 = CARTESIAN_POINT ( 'NONE',  ( 17.99999999999999645, 12.50000000000000178, -30.00000000000000000 ) ) ;
#936 = AXIS2_PLACEMENT_3D ( 'NONE', #2062, #2502, #1430 ) ;
#937 = ORIENTED_EDGE ( 'NONE', *, *, #239, .T. ) ;
#938 = CIRCLE ( 'NONE', #20, 0.6250000000000005551 ) ;
#939 = CARTESIAN_POINT ( 'NONE',  ( -19.99999999999999645, -12.50000000000001066, -30.00000000000000000 ) ) ;
#940 = VERTEX_POINT ( 'NONE', #1236 ) ;
#941 = ORIENTED_EDGE ( 'NONE', *, *, #1514, .F. ) ;
#942 = FACE_OUTER_BOUND ( 'NONE', #1371, .T. ) ;
#943 = ORIENTED_EDGE ( 'NONE', *, *, #2041, .F. ) ;
#944 = EDGE_CURVE ( 'NONE', #2543, #798, #1830, .T. ) ;
#945 = DIRECTION ( 'NONE',  ( 1.000000000000000000, -1.387778780781445676E-16, 0.000000000000000000 ) ) ;
#946 = ADVANCED_BREP_SHAPE_REPRESENTATION ( 'alternate_connector', ( #1611, #1851 ), #987 ) ;
#947 = AXIS2_PLACEMENT_3D ( 'NONE', #2551, #28, #427 ) ;
#948 = DIRECTION ( 'NONE',  ( 0.000000000000000000, 1.000000000000000000, 0.000000000000000000 ) ) ;
#949 = CARTESIAN_POINT ( 'NONE',  ( 10.99999999999999822, -17.99999999999999645, 41.50000000000000000 ) ) ;
#950 = EDGE_LOOP ( 'NONE', ( #2143, #1761, #2688, #688, #912, #2478 ) ) ;
#951 = CARTESIAN_POINT ( 'NONE',  ( -9.749999999999998224, 16.00000000000000000, 43.00000000000000000 ) ) ;
#952 = VECTOR ( 'NONE', #642, 1000.000000000000000 ) ;
#953 = ORIENTED_EDGE ( 'NONE', *, *, #1259, .F. ) ;
#954 = ORIENTED_EDGE ( 'NONE', *, *, #1087, .T. ) ;
#955 = LINE ( 'NONE', #898, #357 ) ;
#956 = ORIENTED_EDGE ( 'NONE', *, *, #1193, .F. ) ;
#957 = CARTESIAN_POINT ( 'NONE',  ( 10.99999999999999822, -18.99999999999999289, 21.62500000000000355 ) ) ;
#958 = CYLINDRICAL_SURFACE ( 'NONE', #1121, 1.625000000000003997 ) ;
#959 = EDGE_CURVE ( 'NONE', #1973, #71, #2674, .T. ) ;
#960 = VECTOR ( 'NONE', #423, 1000.000000000000000 ) ;
#961 = VERTEX_POINT ( 'NONE', #799 ) ;
#962 = CARTESIAN_POINT ( 'NONE',  ( -12.50000000000000000, -12.49999999999999822, 3.000000000000000000 ) ) ;
#963 = EDGE_CURVE ( 'NONE', #1555, #730, #199, .T. ) ;
#964 = VERTEX_POINT ( 'NONE', #185 ) ;
#965 = VERTEX_POINT ( 'NONE', #812 ) ;
#966 = CYLINDRICAL_SURFACE ( 'NONE', #1799, 0.6250000000000005551 ) ;
#967 = CARTESIAN_POINT ( 'NONE',  ( -20.00000000000000000, -2.983724378680108202E-14, -23.60172293928852127 ) ) ;
#968 = VERTEX_POINT ( 'NONE', #2702 ) ;
#969 = CARTESIAN_POINT ( 'NONE',  ( -11.00000000000000711, 18.00000000000000355, 17.50000000000000000 ) ) ;
#970 = VERTEX_POINT ( 'NONE', #827 ) ;
#971 = VECTOR ( 'NONE', #614, 1000.000000000000000 ) ;
#972 = CARTESIAN_POINT ( 'NONE',  ( -30.00000000000000711, 12.49999999999999822, 3.000000000000000000 ) ) ;
#973 = CARTESIAN_POINT ( 'NONE',  ( -18.00000000000000355, -4.773277060711566655, -30.00000000000012790 ) ) ;
#974 = EDGE_CURVE ( 'NONE', #1796, #756, #2281, .T. ) ;
#975 = PLANE ( 'NONE',  #859 ) ;
#976 = CARTESIAN_POINT ( 'NONE',  ( 17.99999999999999645, 6.398277060711569320, -30.00000000000000000 ) ) ;
#977 = ORIENTED_EDGE ( 'NONE', *, *, #615, .F. ) ;
#978 = EDGE_CURVE ( 'NONE', #968, #2227, #1322, .T. ) ;
#979 = VECTOR ( 'NONE', #211, 1000.000000000000000 ) ;
#980 = ORIENTED_EDGE ( 'NONE', *, *, #527, .F. ) ;
#981 = LINE ( 'NONE', #1805, #2540 ) ;
#982 = DIRECTION ( 'NONE',  ( -0.000000000000000000, 1.000000000000000000, -0.000000000000000000 ) ) ;
#983 = EDGE_CURVE ( 'NONE', #851, #1115, #840, .T. ) ;
#984 = DIRECTION ( 'NONE',  ( -0.000000000000000000, 1.000000000000000000, -0.000000000000000000 ) ) ;
#985 = DIRECTION ( 'NONE',  ( -1.000000000000000000, -0.000000000000000000, -0.000000000000000000 ) ) ;
#986 = LINE ( 'NONE', #792, #1302 ) ;
#987 =( GEOMETRIC_REPRESENTATION_CONTEXT ( 3 ) GLOBAL_UNCERTAINTY_ASSIGNED_CONTEXT ( ( #353 ) ) GLOBAL_UNIT_ASSIGNED_CONTEXT ( ( #886, #496, #2347 ) ) REPRESENTATION_CONTEXT ( 'NONE', 'WORKASPACE' ) );
#988 = FACE_OUTER_BOUND ( 'NONE', #559, .T. ) ;
#989 = FACE_OUTER_BOUND ( 'NONE', #18, .T. ) ;
#990 = ORIENTED_EDGE ( 'NONE', *, *, #732, .T. ) ;
#991 = ORIENTED_EDGE ( 'NONE', *, *, #1484, .F. ) ;
#992 = CARTESIAN_POINT ( 'NONE',  ( 12.49999999999999645, 12.50000000000000000, 3.000000000000000000 ) ) ;
#993 = VECTOR ( 'NONE', #2682, 1000.000000000000000 ) ;
#994 = DIRECTION ( 'NONE',  ( 1.000000000000000000, 2.775557561562890858E-16, -0.000000000000000000 ) ) ;
#995 = EDGE_CURVE ( 'NONE', #2489, #484, #2090, .T. ) ;
#996 = DIRECTION ( 'NONE',  ( 1.000000000000000000, 2.775557561562890858E-16, -0.000000000000000000 ) ) ;
#997 = FACE_OUTER_BOUND ( 'NONE', #1356, .T. ) ;
#998 = CARTESIAN_POINT ( 'NONE',  ( -11.00000000000000711, 16.00000000000000000, 16.87500000000000000 ) ) ;
#999 = CARTESIAN_POINT ( 'NONE',  ( 10.99999999999999822, 15.00000000000000355, 17.50000000000000000 ) ) ;
#1000 = CARTESIAN_POINT ( 'NONE',  ( 9.750000000000001776, 0.000000000000000000, 43.00000000000000000 ) ) ;
#1001 = ORIENTED_EDGE ( 'NONE', *, *, #162, .F. ) ;
#1002 = AXIS2_PLACEMENT_3D ( 'NONE', #1399, #412, #588 ) ;
#1003 = VERTEX_POINT ( 'NONE', #785 ) ;
#1004 = DIRECTION ( 'NONE',  ( 0.000000000000000000, 0.000000000000000000, 1.000000000000000000 ) ) ;
#1005 = CARTESIAN_POINT ( 'NONE',  ( 12.49999999999999645, 16.00000000000000000, 3.000000000000000000 ) ) ;
#1006 = CIRCLE ( 'NONE', #2571, 0.6250000000000005551 ) ;
#1007 = EDGE_CURVE ( 'NONE', #810, #69, #1609, .T. ) ;
#1008 = CARTESIAN_POINT ( 'NONE',  ( -20.00000000000000000, 6.383782391594651370E-14, -36.39827706071164215 ) ) ;
#1009 = ORIENTED_EDGE ( 'NONE', *, *, #1895, .F. ) ;
#1010 = EDGE_CURVE ( 'NONE', #1811, #1802, #279, .T. ) ;
#1011 = CARTESIAN_POINT ( 'NONE',  ( -20.00000000000000355, 6.398277060711558661, -30.00000000000000000 ) ) ;
#1012 = FACE_OUTER_BOUND ( 'NONE', #1035, .T. ) ;
#1013 = VECTOR ( 'NONE', #1848, 1000.000000000000000 ) ;
#1014 = EDGE_CURVE ( 'NONE', #1555, #2489, #1899, .T. ) ;
#1015 = CYLINDRICAL_SURFACE ( 'NONE', #2252, 0.6250000000000005551 ) ;
#1016 = AXIS2_PLACEMENT_3D ( 'NONE', #1610, #2407, #2448 ) ;
#1017 = CARTESIAN_POINT ( 'NONE',  ( 12.50000000000000000, -17.99999999999999645, 3.000000000000000000 ) ) ;
#1018 = VERTEX_POINT ( 'NONE', #224 ) ;
#1019 = ORIENTED_EDGE ( 'NONE', *, *, #2626, .T. ) ;
#1020 = DIRECTION ( 'NONE',  ( -2.775557561562891351E-16, 1.000000000000000000, 0.000000000000000000 ) ) ;
#1021 = DIRECTION ( 'NONE',  ( -0.000000000000000000, -0.000000000000000000, 1.000000000000000000 ) ) ;
#1022 = VECTOR ( 'NONE', #582, 1000.000000000000000 ) ;
#1023 = DIRECTION ( 'NONE',  ( 0.000000000000000000, 0.000000000000000000, 1.000000000000000000 ) ) ;
#1024 = EDGE_LOOP ( 'NONE', ( #1752, #2202, #283, #488 ) ) ;
#1025 = AXIS2_PLACEMENT_3D ( 'NONE', #1125, #1139, #745 ) ;
#1026 = LINE ( 'NONE', #2640, #1974 ) ;
#1027 = DIRECTION ( 'NONE',  ( -0.000000000000000000, 1.000000000000000000, -0.000000000000000000 ) ) ;
#1028 = EDGE_CURVE ( 'NONE', #30, #893, #366, .T. ) ;
#1029 = CARTESIAN_POINT ( 'NONE',  ( 0.000000000000000000, 0.000000000000000000, 43.00000000000000000 ) ) ;
#1030 = FACE_OUTER_BOUND ( 'NONE', #1119, .T. ) ;
#1031 = ORIENTED_EDGE ( 'NONE', *, *, #1215, .T. ) ;
#1032 = ORIENTED_EDGE ( 'NONE', *, *, #2513, .F. ) ;
#1033 = CARTESIAN_POINT ( 'NONE',  ( -12.49999999999999822, -17.99999999999999645, 5.499999999999998224 ) ) ;
#1034 = CARTESIAN_POINT ( 'NONE',  ( -19.99999999999999645, -8.023277060711574649, -30.00000000000012790 ) ) ;
#1035 = EDGE_LOOP ( 'NONE', ( #2591, #1147, #1328, #1081 ) ) ;
#1036 =( GEOMETRIC_REPRESENTATION_CONTEXT ( 3 ) GLOBAL_UNCERTAINTY_ASSIGNED_CONTEXT ( ( #766 ) ) GLOBAL_UNIT_ASSIGNED_CONTEXT ( ( #495, #1979, #303 ) ) REPRESENTATION_CONTEXT ( 'NONE', 'WORKASPACE' ) );
#1037 = PLANE ( 'NONE',  #4 ) ;
#1038 = CARTESIAN_POINT ( 'NONE',  ( 10.99999999999999822, 16.00000000000000000, 42.12500000000000000 ) ) ;
#1039 = PLANE ( 'NONE',  #2707 ) ;
#1040 = PLANE ( 'NONE',  #604 ) ;
#1041 = EDGE_CURVE ( 'NONE', #2158, #1778, #31, .T. ) ;
#1042 = DIRECTION ( 'NONE',  ( -0.000000000000000000, 1.000000000000000000, -0.000000000000000000 ) ) ;
#1043 = VERTEX_POINT ( 'NONE', #876 ) ;
#1044 = ORIENTED_EDGE ( 'NONE', *, *, #2255, .F. ) ;
#1045 = EDGE_CURVE ( 'NONE', #2160, #254, #1706, .T. ) ;
#1046 = DIRECTION ( 'NONE',  ( -1.000000000000000000, 0.000000000000000000, 0.000000000000000000 ) ) ;
#1047 = VECTOR ( 'NONE', #1277, 1000.000000000000000 ) ;
#1048 = AXIS2_PLACEMENT_3D ( 'NONE', #2420, #542, #1738 ) ;
#1049 = DIRECTION ( 'NONE',  ( 1.000000000000000000, 2.775557561562890858E-16, -0.000000000000000000 ) ) ;
#1050 = CARTESIAN_POINT ( 'NONE',  ( 12.49999999999999645, 18.00000000000000355, 0.000000000000000000 ) ) ;
#1051 = CARTESIAN_POINT ( 'NONE',  ( 10.99999999999999822, 15.00000000000000355, 18.12500000000000355 ) ) ;
#1052 = LINE ( 'NONE', #1077, #2257 ) ;
#1053 = CARTESIAN_POINT ( 'NONE',  ( -9.749999999999998224, -15.99999999999999289, 5.499999999999998224 ) ) ;
#1054 = CIRCLE ( 'NONE', #2312, 3.000000000000001332 ) ;
#1055 = VECTOR ( 'NONE', #1021, 1000.000000000000000 ) ;
#1056 = VERTEX_POINT ( 'NONE', #1082 ) ;
#1057 = DIRECTION ( 'NONE',  ( 1.000000000000000000, 2.775557561562890858E-16, 0.000000000000000000 ) ) ;
#1058 = EDGE_CURVE ( 'NONE', #961, #30, #1070, .T. ) ;
#1059 = DIRECTION ( 'NONE',  ( 1.000000000000000000, 2.775557561562890858E-16, -0.000000000000000000 ) ) ;
#1060 = EDGE_CURVE ( 'NONE', #2384, #1187, #1886, .T. ) ;
#1061 = ORIENTED_EDGE ( 'NONE', *, *, #790, .T. ) ;
#1062 = VECTOR ( 'NONE', #2258, 1000.000000000000000 ) ;
#1063 = DIRECTION ( 'NONE',  ( -0.000000000000000000, 1.000000000000000000, -0.000000000000000000 ) ) ;
#1064 = CARTESIAN_POINT ( 'NONE',  ( 12.50000000000000000, -27.99999999999999645, 0.000000000000000000 ) ) ;
#1065 = AXIS2_PLACEMENT_3D ( 'NONE', #1165, #1995, #2417 ) ;
#1066 = VECTOR ( 'NONE', #177, 1000.000000000000000 ) ;
#1067 = CARTESIAN_POINT ( 'NONE',  ( -11.00000000000000355, 16.00000000000000000, 41.50000000000000000 ) ) ;
#1068 = LINE ( 'NONE', #1107, #815 ) ;
#1069 = ORIENTED_EDGE ( 'NONE', *, *, #2493, .F. ) ;
#1070 = LINE ( 'NONE', #1910, #1665 ) ;
#1071 = EDGE_CURVE ( 'NONE', #961, #1731, #499, .T. ) ;
#1072 = CARTESIAN_POINT ( 'NONE',  ( 20.00000000000000000, 5.551115123125781124E-15, -30.00000000000000000 ) ) ;
#1073 = ORIENTED_EDGE ( 'NONE', *, *, #130, .F. ) ;
#1074 = LINE ( 'NONE', #846, #2179 ) ;
#1075 = DIRECTION ( 'NONE',  ( 0.000000000000000000, 1.000000000000000000, 0.000000000000000000 ) ) ;
#1076 = CLOSED_SHELL ( 'NONE', ( #2263, #2573, #2207, #1649, #894, #2523, #2203, #511, #1366, #1655, #395, #759, #1419, #843, #2319, #204, #1369, #1685, #292, #443, #1240, #242, #2085, #2169, #2631, #94, #557, #376, #1978, #141, #2498, #1383, #1090, #856, #2697, #2376, #2535, #124, #2596, #1284, #1777, #76, #1176, #1400, #328, #2104, #1939, #497, #1321, #2053, #691, #2380, #440, #2357, #2455, #2220, #1273, #1653, #107, #2006, #1807, #2157, #2260, #560, #158, #667, #409, #884, #1990, #2343, #245, #2305, #2460, #22, #1573, #392, #626, #931 ) ) ;
#1077 = CARTESIAN_POINT ( 'NONE',  ( -20.00000000000000355, 4.773277060711555109, -30.00000000000000000 ) ) ;
#1078 = CARTESIAN_POINT ( 'NONE',  ( -11.00000000000000355, -17.99999999999999645, 21.00000000000000000 ) ) ;
#1079 = FACE_BOUND ( 'NONE', #1463, .T. ) ;
#1080 = AXIS2_PLACEMENT_3D ( 'NONE', #1906, #1507, #1265 ) ;
#1081 = ORIENTED_EDGE ( 'NONE', *, *, #1773, .F. ) ;
#1082 = CARTESIAN_POINT ( 'NONE',  ( -9.749999999999998224, 16.00000000000000000, 43.00000000000000000 ) ) ;
#1083 = ORIENTED_EDGE ( 'NONE', *, *, #764, .F. ) ;
#1084 = ORIENTED_EDGE ( 'NONE', *, *, #2120, .F. ) ;
#1085 = LINE ( 'NONE', #33, #2496 ) ;
#1086 = CIRCLE ( 'NONE', #2618, 1.625000000000001776 ) ;
#1087 = EDGE_CURVE ( 'NONE', #1376, #156, #1485, .T. ) ;
#1088 = CARTESIAN_POINT ( 'NONE',  ( -12.50000000000000000, -15.99999999999999289, 3.000000000000000000 ) ) ;
#1089 = LINE ( 'NONE', #833, #174 ) ;
#1090 = ADVANCED_FACE ( 'NONE', ( #1527 ), #2323, .F. ) ;
#1091 = DIRECTION ( 'NONE',  ( 1.000000000000000000, 2.775557561562890858E-16, 0.000000000000000000 ) ) ;
#1092 = CARTESIAN_POINT ( 'NONE',  ( 19.99999999999999645, 12.50000000000000533, 0.000000000000000000 ) ) ;
#1093 = DIRECTION ( 'NONE',  ( 0.000000000000000000, -0.000000000000000000, -1.000000000000000000 ) ) ;
#1094 = EDGE_CURVE ( 'NONE', #940, #926, #1448, .T. ) ;
#1095 = ORIENTED_EDGE ( 'NONE', *, *, #1740, .F. ) ;
#1096 = DIRECTION ( 'NONE',  ( -0.000000000000000000, 1.000000000000000000, -0.000000000000000000 ) ) ;
#1097 = ORIENTED_EDGE ( 'NONE', *, *, #1667, .F. ) ;
#1098 = AXIS2_PLACEMENT_3D ( 'NONE', #2508, #2704, #636 ) ;
#1099 = EDGE_LOOP ( 'NONE', ( #1339, #1923, #1568, #590 ) ) ;
#1100 = LINE ( 'NONE', #1944, #48 ) ;
#1101 = ORIENTED_EDGE ( 'NONE', *, *, #2404, .F. ) ;
#1102 = LINE ( 'NONE', #2271, #1062 ) ;
#1103 = DIRECTION ( 'NONE',  ( 0.000000000000000000, 1.000000000000000000, 0.000000000000000000 ) ) ;
#1104 = ORIENTED_EDGE ( 'NONE', *, *, #2513, .T. ) ;
#1105 = AXIS2_PLACEMENT_3D ( 'NONE', #2284, #1046, #2 ) ;
#1106 = CARTESIAN_POINT ( 'NONE',  ( -19.99999999999999645, -10.00000000000000533, -30.00000000000000000 ) ) ;
#1107 = CARTESIAN_POINT ( 'NONE',  ( -12.50000000000000355, 28.00000000000000355, 0.000000000000000000 ) ) ;
#1108 = EDGE_CURVE ( 'NONE', #2381, #183, #1715, .T. ) ;
#1109 = AXIS2_PLACEMENT_3D ( 'NONE', #2350, #2518, #2144 ) ;
#1110 = VERTEX_POINT ( 'NONE', #1271 ) ;
#1111 = DIRECTION ( 'NONE',  ( -0.000000000000000000, 1.000000000000000000, -0.000000000000000000 ) ) ;
#1112 = ORIENTED_EDGE ( 'NONE', *, *, #437, .F. ) ;
#1113 = ORIENTED_EDGE ( 'NONE', *, *, #162, .T. ) ;
#1114 = DIRECTION ( 'NONE',  ( 1.000000000000000000, 0.000000000000000000, 0.000000000000000000 ) ) ;
#1115 = VERTEX_POINT ( 'NONE', #1327 ) ;
#1116 = ORIENTED_EDGE ( 'NONE', *, *, #2060, .F. ) ;
#1117 = CARTESIAN_POINT ( 'NONE',  ( -9.749999999999998224, 18.00000000000000355, 5.499999999999998224 ) ) ;
#1118 = FACE_OUTER_BOUND ( 'NONE', #1946, .T. ) ;
#1119 = EDGE_LOOP ( 'NONE', ( #1044, #2273, #678, #531 ) ) ;
#1120 = CARTESIAN_POINT ( 'NONE',  ( -12.50000000000000355, 12.50000000000000355, 0.000000000000000000 ) ) ;
#1121 = AXIS2_PLACEMENT_3D ( 'NONE', #712, #2156, #1162 ) ;
#1122 = CYLINDRICAL_SURFACE ( 'NONE', #2651, 1.625000000000003997 ) ;
#1123 = EDGE_CURVE ( 'NONE', #2026, #1957, #1579, .T. ) ;
#1124 = ORIENTED_EDGE ( 'NONE', *, *, #1225, .F. ) ;
#1125 = CARTESIAN_POINT ( 'NONE',  ( -11.00000000000000355, -18.99999999999999289, 41.50000000000000000 ) ) ;
#1126 = EDGE_LOOP ( 'NONE', ( #1950, #2622, #2600, #1222 ) ) ;
#1127 = EDGE_CURVE ( 'NONE', #1187, #183, #190, .T. ) ;
#1128 = EDGE_LOOP ( 'NONE', ( #326, #2331, #1510, #922, #468, #2187 ) ) ;
#1129 = DIRECTION ( 'NONE',  ( 0.000000000000000000, 1.000000000000000000, 0.000000000000000000 ) ) ;
#1130 = ORIENTED_EDGE ( 'NONE', *, *, #1852, .F. ) ;
#1131 = ORIENTED_EDGE ( 'NONE', *, *, #1601, .F. ) ;
#1132 = DIRECTION ( 'NONE',  ( 0.000000000000000000, 0.000000000000000000, 1.000000000000000000 ) ) ;
#1133 = ORIENTED_EDGE ( 'NONE', *, *, #1303, .T. ) ;
#1134 = VECTOR ( 'NONE', #1333, 1000.000000000000000 ) ;
#1135 = PLANE ( 'NONE',  #2462 ) ;
#1136 = LINE ( 'NONE', #917, #1375 ) ;
#1137 = CIRCLE ( 'NONE', #918, 10.00000000000000000 ) ;
#1138 = FACE_OUTER_BOUND ( 'NONE', #1703, .T. ) ;
#1139 = DIRECTION ( 'NONE',  ( -0.000000000000000000, 1.000000000000000000, -0.000000000000000000 ) ) ;
#1140 = EDGE_LOOP ( 'NONE', ( #159, #2297, #2355, #784 ) ) ;
#1141 = FACE_OUTER_BOUND ( 'NONE', #2214, .T. ) ;
#1142 = EDGE_CURVE ( 'NONE', #2549, #240, #466, .T. ) ;
#1143 = VECTOR ( 'NONE', #1146, 1000.000000000000000 ) ;
#1144 = ORIENTED_EDGE ( 'NONE', *, *, #944, .T. ) ;
#1145 = ORIENTED_EDGE ( 'NONE', *, *, #813, .T. ) ;
#1146 = DIRECTION ( 'NONE',  ( 1.000000000000000000, 2.775557561562890858E-16, -0.000000000000000000 ) ) ;
#1147 = ORIENTED_EDGE ( 'NONE', *, *, #1718, .F. ) ;
#1148 = CYLINDRICAL_SURFACE ( 'NONE', #721, 10.00000000000000000 ) ;
#1149 = CIRCLE ( 'NONE', #2586, 1.625000000000001776 ) ;
#1150 = AXIS2_PLACEMENT_3D ( 'NONE', #656, #1057, #2366 ) ;
#1151 = DIRECTION ( 'NONE',  ( -1.000000000000000000, -2.775557561562890858E-16, -0.000000000000000000 ) ) ;
#1152 = CARTESIAN_POINT ( 'NONE',  ( 30.00000000000000000, 12.50000000000000888, 0.000000000000000000 ) ) ;
#1153 = CIRCLE ( 'NONE', #936, 1.625000000000001776 ) ;
#1154 = VERTEX_POINT ( 'NONE', #1924 ) ;
#1155 = CARTESIAN_POINT ( 'NONE',  ( -12.50000000000000000, -17.99999999999999645, 3.000000000000001332 ) ) ;
#1156 = VERTEX_POINT ( 'NONE', #1312 ) ;
#1157 = VERTEX_POINT ( 'NONE', #685 ) ;
#1158 = EDGE_CURVE ( 'NONE', #865, #2282, #2410, .T. ) ;
#1159 = DIRECTION ( 'NONE',  ( 1.000000000000000000, 2.312964634635741971E-16, 0.000000000000000000 ) ) ;
#1160 = EDGE_CURVE ( 'NONE', #2538, #2412, #410, .T. ) ;
#1161 = DIRECTION ( 'NONE',  ( 0.000000000000000000, 0.000000000000000000, 1.000000000000000000 ) ) ;
#1162 = DIRECTION ( 'NONE',  ( 0.000000000000000000, 1.000000000000000000, 0.000000000000000000 ) ) ;
#1163 = PRESENTATION_LAYER_ASSIGNMENT (  '', '', ( #205 ) ) ;
#1164 = VERTEX_POINT ( 'NONE', #2308 ) ;
#1165 = CARTESIAN_POINT ( 'NONE',  ( 19.99999999999999645, 6.398277060711570208, -30.00000000000000000 ) ) ;
#1166 = ORIENTED_EDGE ( 'NONE', *, *, #1290, .T. ) ;
#1167 = EDGE_LOOP ( 'NONE', ( #1116, #2630, #55, #1787 ) ) ;
#1168 = DIRECTION ( 'NONE',  ( 0.000000000000000000, 0.000000000000000000, 1.000000000000000000 ) ) ;
#1169 = LINE ( 'NONE', #543, #1055 ) ;
#1170 = AXIS2_PLACEMENT_3D ( 'NONE', #1067, #1278, #460 ) ;
#1171 = ORIENTED_EDGE ( 'NONE', *, *, #790, .F. ) ;
#1172 = CARTESIAN_POINT ( 'NONE',  ( -30.00000000000000000, -12.50000000000000178, 0.000000000000000000 ) ) ;
#1173 = VERTEX_POINT ( 'NONE', #935 ) ;
#1174 = EDGE_CURVE ( 'NONE', #887, #156, #2022, .T. ) ;
#1175 = CARTESIAN_POINT ( 'NONE',  ( 17.99999999999999645, 12.50000000000000533, -40.00000000000000000 ) ) ;
#1176 = ADVANCED_FACE ( 'NONE', ( #346 ), #2432, .F. ) ;
#1177 = VECTOR ( 'NONE', #1491, 1000.000000000000000 ) ;
#1178 = ORIENTED_EDGE ( 'NONE', *, *, #1268, .T. ) ;
#1179 = CARTESIAN_POINT ( 'NONE',  ( 20.00000000000000000, 3.000000000000007105, -30.00000000000000000 ) ) ;
#1180 = ORIENTED_EDGE ( 'NONE', *, *, #1667, .T. ) ;
#1181 = EDGE_CURVE ( 'NONE', #2549, #1156, #1583, .T. ) ;
#1182 = ORIENTED_EDGE ( 'NONE', *, *, #908, .F. ) ;
#1183 = DIRECTION ( 'NONE',  ( 0.000000000000000000, 0.000000000000000000, 1.000000000000000000 ) ) ;
#1184 = CARTESIAN_POINT ( 'NONE',  ( -30.00000000000000000, -12.50000000000000178, 3.000000000000000000 ) ) ;
#1185 = VECTOR ( 'NONE', #492, 1000.000000000000000 ) ;
#1186 = DIRECTION ( 'NONE',  ( -0.000000000000000000, 1.000000000000000000, -0.000000000000000000 ) ) ;
#1187 = VERTEX_POINT ( 'NONE', #1179 ) ;
#1188 = VECTOR ( 'NONE', #2139, 1000.000000000000000 ) ;
#1189 = DIRECTION ( 'NONE',  ( 0.000000000000000000, 1.000000000000000000, 0.000000000000000000 ) ) ;
#1190 = DIRECTION ( 'NONE',  ( 0.000000000000000000, 0.000000000000000000, 1.000000000000000000 ) ) ;
#1191 = ORIENTED_EDGE ( 'NONE', *, *, #2683, .F. ) ;
#1192 = DIRECTION ( 'NONE',  ( 1.000000000000000000, 0.000000000000000000, 0.000000000000000000 ) ) ;
#1193 = EDGE_CURVE ( 'NONE', #240, #1157, #2324, .T. ) ;
#1194 = CARTESIAN_POINT ( 'NONE',  ( -19.99999999999999645, -6.398277060711571096, -30.00000000000012790 ) ) ;
#1195 = ORIENTED_EDGE ( 'NONE', *, *, #2711, .T. ) ;
#1196 = CIRCLE ( 'NONE', #2237, 0.6250000000000005551 ) ;
#1197 = ORIENTED_EDGE ( 'NONE', *, *, #1903, .T. ) ;
#1198 = DIRECTION ( 'NONE',  ( 0.000000000000000000, 1.000000000000000000, 0.000000000000000000 ) ) ;
#1199 = CARTESIAN_POINT ( 'NONE',  ( -12.50000000000000000, -12.49999999999999822, 0.000000000000000000 ) ) ;
#1200 = VECTOR ( 'NONE', #1646, 1000.000000000000000 ) ;
#1201 = CYLINDRICAL_SURFACE ( 'NONE', #225, 3.000000000000001332 ) ;
#1202 = PLANE ( 'NONE',  #1234 ) ;
#1203 = DIRECTION ( 'NONE',  ( 1.000000000000000000, 2.775557561562890858E-16, 0.000000000000000000 ) ) ;
#1204 = CARTESIAN_POINT ( 'NONE',  ( -18.00000000000000355, 12.50000000000000533, 0.000000000000000000 ) ) ;
#1205 = DIRECTION ( 'NONE',  ( -0.000000000000000000, 1.000000000000000000, -0.000000000000000000 ) ) ;
#1206 = ORIENTED_EDGE ( 'NONE', *, *, #1860, .F. ) ;
#1207 = EDGE_CURVE ( 'NONE', #1969, #2286, #2009, .T. ) ;
#1208 = ORIENTED_EDGE ( 'NONE', *, *, #2539, .F. ) ;
#1209 = CARTESIAN_POINT ( 'NONE',  ( -9.749999999999998224, -22.00000000000000000, 5.499999999999998224 ) ) ;
#1210 = DIRECTION ( 'NONE',  ( -0.000000000000000000, 1.000000000000000000, -0.000000000000000000 ) ) ;
#1211 = VECTOR ( 'NONE', #320, 1000.000000000000000 ) ;
#1212 = EDGE_CURVE ( 'NONE', #2262, #622, #1762, .T. ) ;
#1213 = LINE ( 'NONE', #187, #1612 ) ;
#1214 = ORIENTED_EDGE ( 'NONE', *, *, #890, .F. ) ;
#1215 = EDGE_CURVE ( 'NONE', #1018, #377, #1566, .T. ) ;
#1216 = CARTESIAN_POINT ( 'NONE',  ( -20.00000000000000000, -2.983724378680108202E-14, -23.60172293928852127 ) ) ;
#1217 = CARTESIAN_POINT ( 'NONE',  ( -19.99999999999999645, -10.00000000000000533, -30.00000000000000000 ) ) ;
#1218 = CARTESIAN_POINT ( 'NONE',  ( -20.00000000000000355, 9.999999999999994671, -30.00000000000000000 ) ) ;
#1219 = LINE ( 'NONE', #1017, #1846 ) ;
#1220 = ORIENTED_EDGE ( 'NONE', *, *, #860, .F. ) ;
#1221 = AXIS2_PLACEMENT_3D ( 'NONE', #2327, #1075, #475 ) ;
#1222 = ORIENTED_EDGE ( 'NONE', *, *, #978, .F. ) ;
#1223 = CARTESIAN_POINT ( 'NONE',  ( 30.00000000000000000, 8.326672684688674053E-15, 0.000000000000000000 ) ) ;
#1224 = CYLINDRICAL_SURFACE ( 'NONE', #1269, 0.6250000000000005551 ) ;
#1225 = EDGE_CURVE ( 'NONE', #65, #340, #1626, .T. ) ;
#1226 = LINE ( 'NONE', #2437, #2360 ) ;
#1227 = EDGE_LOOP ( 'NONE', ( #1469, #1113, #1344, #1869 ) ) ;
#1228 = CYLINDRICAL_SURFACE ( 'NONE', #184, 1.625000000000001776 ) ;
#1229 = CARTESIAN_POINT ( 'NONE',  ( -19.99999999999999645, -12.50000000000001066, -30.00000000000000000 ) ) ;
#1230 = AXIS2_PLACEMENT_3D ( 'NONE', #339, #394, #2638 ) ;
#1231 = DIRECTION ( 'NONE',  ( 1.000000000000000000, 2.775557561562890858E-16, -0.000000000000000000 ) ) ;
#1232 = DIRECTION ( 'NONE',  ( -0.000000000000000000, -0.000000000000000000, -1.000000000000000000 ) ) ;
#1233 = ORIENTED_EDGE ( 'NONE', *, *, #175, .F. ) ;
#1234 = AXIS2_PLACEMENT_3D ( 'NONE', #1175, #602, #384 ) ;
#1235 = ORIENTED_EDGE ( 'NONE', *, *, #296, .T. ) ;
#1236 = CARTESIAN_POINT ( 'NONE',  ( 17.99999999999999289, 1.625000000000076161, -36.39827706071164215 ) ) ;
#1237 = AXIS2_PLACEMENT_3D ( 'NONE', #57, #441, #1511 ) ;
#1238 = ORIENTED_EDGE ( 'NONE', *, *, #1788, .T. ) ;
#1239 = DIRECTION ( 'NONE',  ( -1.000000000000000000, -0.000000000000000000, -0.000000000000000000 ) ) ;
#1240 = ADVANCED_FACE ( 'NONE', ( #2378, #1350, #2185, #770, #1967 ), #1363, .F. ) ;
#1241 = AXIS2_PLACEMENT_3D ( 'NONE', #539, #1801, #526 ) ;
#1242 = CARTESIAN_POINT ( 'NONE',  ( 20.00000000000000355, -12.50000000000000000, -30.00000000000000000 ) ) ;
#1243 = CARTESIAN_POINT ( 'NONE',  ( 17.99999999999999289, 1.624999999999981792, -23.60172293928852127 ) ) ;
#1244 = EDGE_CURVE ( 'NONE', #909, #119, #452, .T. ) ;
#1245 = CARTESIAN_POINT ( 'NONE',  ( 10.99999999999999822, -18.99999999999999289, 40.87500000000000000 ) ) ;
#1246 = FACE_OUTER_BOUND ( 'NONE', #1629, .T. ) ;
#1247 = VERTEX_POINT ( 'NONE', #1954 ) ;
#1248 = ORIENTED_EDGE ( 'NONE', *, *, #2089, .F. ) ;
#1249 = PLANE ( 'NONE',  #147 ) ;
#1250 = VECTOR ( 'NONE', #450, 1000.000000000000000 ) ;
#1251 = LINE ( 'NONE', #1462, #2531 ) ;
#1252 = CARTESIAN_POINT ( 'NONE',  ( -9.749999999999998224, -15.99999999999999289, 43.00000000000000000 ) ) ;
#1253 = LINE ( 'NONE', #1264, #133 ) ;
#1254 = DIRECTION ( 'NONE',  ( 0.000000000000000000, -1.000000000000000000, 0.000000000000000000 ) ) ;
#1255 = DIRECTION ( 'NONE',  ( 1.000000000000000000, 2.775557561562890858E-16, -0.000000000000000000 ) ) ;
#1256 = EDGE_CURVE ( 'NONE', #612, #1811, #321, .T. ) ;
#1257 = ORIENTED_EDGE ( 'NONE', *, *, #1486, .T. ) ;
#1258 = DIRECTION ( 'NONE',  ( -0.000000000000000000, -0.000000000000000000, -1.000000000000000000 ) ) ;
#1259 = EDGE_CURVE ( 'NONE', #465, #170, #2458, .T. ) ;
#1260 = CIRCLE ( 'NONE', #1048, 1.625000000000001332 ) ;
#1261 = CARTESIAN_POINT ( 'NONE',  ( 10.99999999999999822, -17.99999999999999645, 21.00000000000000000 ) ) ;
#1262 = ORIENTED_EDGE ( 'NONE', *, *, #1142, .T. ) ;
#1263 = DIRECTION ( 'NONE',  ( 1.000000000000000000, -1.387778780781445676E-16, 0.000000000000000000 ) ) ;
#1264 = CARTESIAN_POINT ( 'NONE',  ( -20.00000000000000355, 12.49999999999999289, -30.00000000000000000 ) ) ;
#1265 = DIRECTION ( 'NONE',  ( 2.775557561562890858E-16, -1.000000000000000000, 0.000000000000000000 ) ) ;
#1266 = LINE ( 'NONE', #1293, #1679 ) ;
#1267 = CIRCLE ( 'NONE', #2184, 1.625000000000003997 ) ;
#1268 = EDGE_CURVE ( 'NONE', #1313, #2050, #513, .T. ) ;
#1269 = AXIS2_PLACEMENT_3D ( 'NONE', #379, #1210, #556 ) ;
#1270 = VERTEX_POINT ( 'NONE', #757 ) ;
#1271 = CARTESIAN_POINT ( 'NONE',  ( 20.00000000000000355, -4.773277060711555997, -30.00000000000012790 ) ) ;
#1272 = VERTEX_POINT ( 'NONE', #564 ) ;
#1273 = ADVANCED_FACE ( 'NONE', ( #1581 ), #1377, .F. ) ;
#1274 = CARTESIAN_POINT ( 'NONE',  ( 10.99999999999999822, 15.00000000000000355, 17.50000000000000000 ) ) ;
#1275 = AXIS2_PLACEMENT_3D ( 'NONE', #2499, #1490, #2119 ) ;
#1276 = PLANE ( 'NONE',  #1754 ) ;
#1277 = DIRECTION ( 'NONE',  ( -0.000000000000000000, -0.000000000000000000, -1.000000000000000000 ) ) ;
#1278 = DIRECTION ( 'NONE',  ( 0.000000000000000000, 1.000000000000000000, 0.000000000000000000 ) ) ;
#1279 = CARTESIAN_POINT ( 'NONE',  ( -30.00000000000000000, -12.50000000000000178, 0.000000000000000000 ) ) ;
#1280 = LINE ( 'NONE', #1294, #6 ) ;
#1281 = ORIENTED_EDGE ( 'NONE', *, *, #1540, .T. ) ;
#1282 = DIRECTION ( 'NONE',  ( -0.000000000000000000, 1.000000000000000000, -0.000000000000000000 ) ) ;
#1283 = ORIENTED_EDGE ( 'NONE', *, *, #425, .F. ) ;
#1284 = ADVANCED_FACE ( 'NONE', ( #1338 ), #86, .F. ) ;
#1285 = FACE_OUTER_BOUND ( 'NONE', #73, .T. ) ;
#1286 = EDGE_CURVE ( 'NONE', #730, #1553, #717, .T. ) ;
#1287 = AXIS2_PLACEMENT_3D ( 'NONE', #248, #2526, #14 ) ;
#1288 = LINE ( 'NONE', #649, #12 ) ;
#1289 = LINE ( 'NONE', #881, #1177 ) ;
#1290 = EDGE_CURVE ( 'NONE', #1969, #1391, #2226, .T. ) ;
#1291 = AXIS2_PLACEMENT_3D ( 'NONE', #2614, #1813, #1416 ) ;
#1292 = FACE_OUTER_BOUND ( 'NONE', #1858, .T. ) ;
#1293 = CARTESIAN_POINT ( 'NONE',  ( 19.99999999999999645, 12.50000000000000533, 3.000000000000000000 ) ) ;
#1294 = CARTESIAN_POINT ( 'NONE',  ( -19.99999999999999645, -12.50000000000001066, -30.00000000000000000 ) ) ;
#1295 = VECTOR ( 'NONE', #1359, 1000.000000000000000 ) ;
#1296 = ORIENTED_EDGE ( 'NONE', *, *, #2288, .T. ) ;
#1297 = CARTESIAN_POINT ( 'NONE',  ( 10.99999999999999822, -18.99999999999999289, 42.12500000000000000 ) ) ;
#1298 = EDGE_LOOP ( 'NONE', ( #2254, #789 ) ) ;
#1299 = EDGE_LOOP ( 'NONE', ( #2602, #129, #375, #2064 ) ) ;
#1300 = DIRECTION ( 'NONE',  ( 0.000000000000000000, -0.000000000000000000, 1.000000000000000000 ) ) ;
#1301 = VERTEX_POINT ( 'NONE', #796 ) ;
#1302 = VECTOR ( 'NONE', #1617, 1000.000000000000000 ) ;
#1303 = EDGE_CURVE ( 'NONE', #867, #1791, #1153, .T. ) ;
#1304 = DIRECTION ( 'NONE',  ( -0.000000000000000000, 0.000000000000000000, 1.000000000000000000 ) ) ;
#1305 = DIRECTION ( 'NONE',  ( 0.000000000000000000, 1.000000000000000000, 0.000000000000000000 ) ) ;
#1306 = ORIENTED_EDGE ( 'NONE', *, *, #2477, .T. ) ;
#1307 = CARTESIAN_POINT ( 'NONE',  ( 17.99999999999999645, 12.50000000000000533, 0.000000000000000000 ) ) ;
#1308 = DIRECTION ( 'NONE',  ( 0.000000000000000000, 0.000000000000000000, 1.000000000000000000 ) ) ;
#1309 = ORIENTED_EDGE ( 'NONE', *, *, #2613, .T. ) ;
#1310 = ORIENTED_EDGE ( 'NONE', *, *, #805, .T. ) ;
#1311 = CIRCLE ( 'NONE', #1526, 0.6250000000000005551 ) ;
#1312 = CARTESIAN_POINT ( 'NONE',  ( 10.99999999999999822, -17.99999999999999645, 40.87500000000000000 ) ) ;
#1313 = VERTEX_POINT ( 'NONE', #2686 ) ;
#1314 = ORIENTED_EDGE ( 'NONE', *, *, #2557, .T. ) ;
#1315 = DIRECTION ( 'NONE',  ( -1.000000000000000000, -0.000000000000000000, -0.000000000000000000 ) ) ;
#1316 = ORIENTED_EDGE ( 'NONE', *, *, #2274, .F. ) ;
#1317 = ORIENTED_EDGE ( 'NONE', *, *, #90, .T. ) ;
#1318 = VECTOR ( 'NONE', #343, 1000.000000000000000 ) ;
#1319 = DIRECTION ( 'NONE',  ( 0.000000000000000000, 0.000000000000000000, -1.000000000000000000 ) ) ;
#1320 = CARTESIAN_POINT ( 'NONE',  ( -12.50000000000000355, 28.00000000000000355, 3.000000000000000000 ) ) ;
#1321 = ADVANCED_FACE ( 'NONE', ( #416 ), #2488, .F. ) ;
#1322 = CIRCLE ( 'NONE', #1105, 1.625000000000001332 ) ;
#1323 = CARTESIAN_POINT ( 'NONE',  ( 12.50000000000000000, -12.49999999999999645, 3.000000000000000000 ) ) ;
#1324 = DIRECTION ( 'NONE',  ( 0.000000000000000000, 1.000000000000000000, 0.000000000000000000 ) ) ;
#1325 = EDGE_CURVE ( 'NONE', #170, #909, #2048, .T. ) ;
#1326 = EDGE_LOOP ( 'NONE', ( #2507, #2687, #2657, #1368 ) ) ;
#1327 = CARTESIAN_POINT ( 'NONE',  ( 12.49999999999999645, 12.50000000000000000, 0.000000000000000000 ) ) ;
#1328 = ORIENTED_EDGE ( 'NONE', *, *, #2072, .T. ) ;
#1329 = ORIENTED_EDGE ( 'NONE', *, *, #2172, .F. ) ;
#1330 = LINE ( 'NONE', #1531, #1700 ) ;
#1331 = ORIENTED_EDGE ( 'NONE', *, *, #164, .F. ) ;
#1332 = ORIENTED_EDGE ( 'NONE', *, *, #611, .T. ) ;
#1333 = DIRECTION ( 'NONE',  ( -0.000000000000000000, -0.000000000000000000, -1.000000000000000000 ) ) ;
#1334 = DIRECTION ( 'NONE',  ( 0.000000000000000000, 0.000000000000000000, 1.000000000000000000 ) ) ;
#1335 = AXIS2_PLACEMENT_3D ( 'NONE', #2223, #2033, #1190 ) ;
#1336 = DIRECTION ( 'NONE',  ( 0.000000000000000000, 0.000000000000000000, 1.000000000000000000 ) ) ;
#1337 = EDGE_CURVE ( 'NONE', #752, #1376, #195, .T. ) ;
#1338 = FACE_OUTER_BOUND ( 'NONE', #1140, .T. ) ;
#1339 = ORIENTED_EDGE ( 'NONE', *, *, #1478, .T. ) ;
#1340 = VERTEX_POINT ( 'NONE', #1634 ) ;
#1341 = EDGE_CURVE ( 'NONE', #1173, #1426, #808, .T. ) ;
#1342 = DIRECTION ( 'NONE',  ( 0.000000000000000000, 1.000000000000000000, 0.000000000000000000 ) ) ;
#1343 = ORIENTED_EDGE ( 'NONE', *, *, #2544, .F. ) ;
#1344 = ORIENTED_EDGE ( 'NONE', *, *, #615, .T. ) ;
#1345 = DIRECTION ( 'NONE',  ( 1.000000000000000000, 0.000000000000000000, -0.000000000000000000 ) ) ;
#1346 = CIRCLE ( 'NONE', #1221, 0.6250000000000005551 ) ;
#1347 = CARTESIAN_POINT ( 'NONE',  ( 10.99999999999999822, -18.99999999999999289, 41.50000000000000000 ) ) ;
#1348 = CARTESIAN_POINT ( 'NONE',  ( -20.00000000000000355, 12.50000000000000711, 0.000000000000000000 ) ) ;
#1349 = LINE ( 'NONE', #85, #1211 ) ;
#1350 = FACE_BOUND ( 'NONE', #686, .T. ) ;
#1351 = EDGE_CURVE ( 'NONE', #2286, #2433, #1417, .T. ) ;
#1352 = ORIENTED_EDGE ( 'NONE', *, *, #274, .F. ) ;
#1353 = DIRECTION ( 'NONE',  ( 1.000000000000000000, 0.000000000000000000, -0.000000000000000000 ) ) ;
#1354 = VECTOR ( 'NONE', #431, 1000.000000000000000 ) ;
#1355 = ORIENTED_EDGE ( 'NONE', *, *, #193, .T. ) ;
#1356 = EDGE_LOOP ( 'NONE', ( #839, #88, #1314, #1756 ) ) ;
#1357 = DIRECTION ( 'NONE',  ( -0.000000000000000000, 0.000000000000000000, 1.000000000000000000 ) ) ;
#1358 = ORIENTED_EDGE ( 'NONE', *, *, #1094, .F. ) ;
#1359 = DIRECTION ( 'NONE',  ( 1.000000000000000000, 2.312964634635741971E-16, 0.000000000000000000 ) ) ;
#1360 = FACE_OUTER_BOUND ( 'NONE', #1594, .T. ) ;
#1361 = CIRCLE ( 'NONE', #2637, 0.6250000000000005551 ) ;
#1362 = ORIENTED_EDGE ( 'NONE', *, *, #193, .F. ) ;
#1363 = PLANE ( 'NONE',  #719 ) ;
#1364 = ORIENTED_EDGE ( 'NONE', *, *, #959, .F. ) ;
#1365 = CARTESIAN_POINT ( 'NONE',  ( -11.00000000000000711, 18.00000000000000355, 17.50000000000000000 ) ) ;
#1366 = ADVANCED_FACE ( 'NONE', ( #207 ), #2280, .F. ) ;
#1367 = FACE_OUTER_BOUND ( 'NONE', #2567, .T. ) ;
#1368 = ORIENTED_EDGE ( 'NONE', *, *, #2661, .F. ) ;
#1369 = ADVANCED_FACE ( 'NONE', ( #1246 ), #606, .F. ) ;
#1370 = CARTESIAN_POINT ( 'NONE',  ( -19.99999999999999645, -6.398277060711571096, -30.00000000000012790 ) ) ;
#1371 = EDGE_LOOP ( 'NONE', ( #502, #2115, #1180, #1306 ) ) ;
#1372 = CARTESIAN_POINT ( 'NONE',  ( 12.49999999999999645, 12.50000000000000000, 3.000000000000000000 ) ) ;
#1373 = EDGE_CURVE ( 'NONE', #2635, #2383, #1661, .T. ) ;
#1374 = DIRECTION ( 'NONE',  ( 0.000000000000000000, 0.000000000000000000, 1.000000000000000000 ) ) ;
#1375 = VECTOR ( 'NONE', #2182, 1000.000000000000000 ) ;
#1376 = VERTEX_POINT ( 'NONE', #1827 ) ;
#1377 = CYLINDRICAL_SURFACE ( 'NONE', #108, 1.625000000000003997 ) ;
#1378 = VERTEX_POINT ( 'NONE', #169 ) ;
#1379 = ORIENTED_EDGE ( 'NONE', *, *, #1409, .T. ) ;
#1380 = CYLINDRICAL_SURFACE ( 'NONE', #2306, 0.6250000000000005551 ) ;
#1381 = LINE ( 'NONE', #391, #1880 ) ;
#1382 = LINE ( 'NONE', #2217, #1966 ) ;
#1383 = ADVANCED_FACE ( 'NONE', ( #400 ), #2670, .F. ) ;
#1384 = DIRECTION ( 'NONE',  ( 1.000000000000000000, 2.775557561562890858E-16, 0.000000000000000000 ) ) ;
#1385 = DIRECTION ( 'NONE',  ( 1.000000000000000000, 0.000000000000000000, -0.000000000000000000 ) ) ;
#1386 = PRODUCT_RELATED_PRODUCT_CATEGORY ( 'part', '', ( #157 ) ) ;
#1387 = CIRCLE ( 'NONE', #218, 0.6250000000000005551 ) ;
#1388 = FACE_OUTER_BOUND ( 'NONE', #655, .T. ) ;
#1389 = CARTESIAN_POINT ( 'NONE',  ( -20.00000000000000355, 4.773277060711555109, -30.00000000000000000 ) ) ;
#1390 = VERTEX_POINT ( 'NONE', #2253 ) ;
#1391 = VERTEX_POINT ( 'NONE', #155 ) ;
#1392 = DIRECTION ( 'NONE',  ( -0.000000000000000000, 1.000000000000000000, -0.000000000000000000 ) ) ;
#1393 = FACE_BOUND ( 'NONE', #476, .T. ) ;
#1394 = VECTOR ( 'NONE', #2649, 1000.000000000000000 ) ;
#1395 = FACE_OUTER_BOUND ( 'NONE', #1407, .T. ) ;
#1396 = ORIENTED_EDGE ( 'NONE', *, *, #1698, .T. ) ;
#1397 = AXIS2_PLACEMENT_3D ( 'NONE', #2040, #1806, #828 ) ;
#1398 = FACE_OUTER_BOUND ( 'NONE', #950, .T. ) ;
#1399 = CARTESIAN_POINT ( 'NONE',  ( -20.00000000000000000, -2.983724378680108202E-14, -23.60172293928852127 ) ) ;
#1400 = ADVANCED_FACE ( 'NONE', ( #989 ), #1840, .F. ) ;
#1401 = LINE ( 'NONE', #822, #2610 ) ;
#1402 = CARTESIAN_POINT ( 'NONE',  ( 10.99999999999999822, -18.99999999999999289, 21.00000000000000000 ) ) ;
#1403 = AXIS2_PLACEMENT_3D ( 'NONE', #2070, #25, #1915 ) ;
#1404 = EDGE_CURVE ( 'NONE', #2469, #1778, #1219, .T. ) ;
#1405 = ORIENTED_EDGE ( 'NONE', *, *, #1943, .F. ) ;
#1406 = VECTOR ( 'NONE', #1844, 1000.000000000000000 ) ;
#1407 = EDGE_LOOP ( 'NONE', ( #428, #1124, #100, #1862 ) ) ;
#1408 = DIRECTION ( 'NONE',  ( 0.000000000000000000, 1.000000000000000000, 0.000000000000000000 ) ) ;
#1409 = EDGE_CURVE ( 'NONE', #1272, #1154, #2698, .T. ) ;
#1410 = CYLINDRICAL_SURFACE ( 'NONE', #490, 1.625000000000001110 ) ;
#1411 = AXIS2_PLACEMENT_3D ( 'NONE', #900, #711, #1951 ) ;
#1412 = CARTESIAN_POINT ( 'NONE',  ( 12.50000000000000000, -15.99999999999999289, 43.00000000000000000 ) ) ;
#1413 = ORIENTED_EDGE ( 'NONE', *, *, #2338, .F. ) ;
#1414 = CARTESIAN_POINT ( 'NONE',  ( 17.99999999999999289, 4.996003610813201276E-15, -30.00000000000000000 ) ) ;
#1415 = CARTESIAN_POINT ( 'NONE',  ( -11.00000000000000355, 15.00000000000000355, 41.50000000000000000 ) ) ;
#1416 = DIRECTION ( 'NONE',  ( 0.000000000000000000, 1.000000000000000000, 0.000000000000000000 ) ) ;
#1417 = LINE ( 'NONE', #2443, #2415 ) ;
#1418 = ORIENTED_EDGE ( 'NONE', *, *, #1404, .F. ) ;
#1419 = ADVANCED_FACE ( 'NONE', ( #1030 ), #196, .F. ) ;
#1420 = VERTEX_POINT ( 'NONE', #1279 ) ;
#1421 = DIRECTION ( 'NONE',  ( 1.000000000000000000, 2.775557561562890858E-16, -0.000000000000000000 ) ) ;
#1422 = CARTESIAN_POINT ( 'NONE',  ( -12.50000000000000355, 16.00000000000000000, 43.00000000000000000 ) ) ;
#1423 = AXIS2_PLACEMENT_3D ( 'NONE', #2377, #948, #1336 ) ;
#1424 = CYLINDRICAL_SURFACE ( 'NONE', #1656, 1.625000000000001110 ) ;
#1425 = CIRCLE ( 'NONE', #689, 0.6250000000000005551 ) ;
#1426 = VERTEX_POINT ( 'NONE', #1675 ) ;
#1427 = DIRECTION ( 'NONE',  ( 0.000000000000000000, 1.000000000000000000, 0.000000000000000000 ) ) ;
#1428 = LINE ( 'NONE', #2485, #993 ) ;
#1429 = CARTESIAN_POINT ( 'NONE',  ( -11.00000000000000355, -15.99999999999999289, 21.62500000000000355 ) ) ;
#1430 = DIRECTION ( 'NONE',  ( 0.000000000000000000, 1.000000000000000000, 0.000000000000000000 ) ) ;
#1431 = VERTEX_POINT ( 'NONE', #873 ) ;
#1432 = VECTOR ( 'NONE', #1798, 1000.000000000000000 ) ;
#1433 = EDGE_LOOP ( 'NONE', ( #299, #2663, #1874, #1083 ) ) ;
#1434 = CARTESIAN_POINT ( 'NONE',  ( -12.50000000000000355, 16.00000000000000000, 43.00000000000000000 ) ) ;
#1435 = APPLICATION_PROTOCOL_DEFINITION ( 'draft international standard', 'automotive_design', 1998, #21 ) ;
#1436 = EDGE_CURVE ( 'NONE', #1791, #968, #862, .T. ) ;
#1437 = VERTEX_POINT ( 'NONE', #632 ) ;
#1438 = DIRECTION ( 'NONE',  ( -0.000000000000000000, -0.000000000000000000, -1.000000000000000000 ) ) ;
#1439 = EDGE_CURVE ( 'NONE', #756, #1796, #369, .T. ) ;
#1440 = CARTESIAN_POINT ( 'NONE',  ( -20.00000000000000000, 6.383782391594651370E-14, -36.39827706071164215 ) ) ;
#1441 = DIRECTION ( 'NONE',  ( 0.000000000000000000, 1.000000000000000000, 0.000000000000000000 ) ) ;
#1442 = VECTOR ( 'NONE', #297, 1000.000000000000000 ) ;
#1443 = CARTESIAN_POINT ( 'NONE',  ( 9.750000000000001776, 18.00000000000000355, 5.499999999999998224 ) ) ;
#1444 = DIRECTION ( 'NONE',  ( -0.000000000000000000, 1.000000000000000000, -0.000000000000000000 ) ) ;
#1445 = ORIENTED_EDGE ( 'NONE', *, *, #1753, .F. ) ;
#1446 = ORIENTED_EDGE ( 'NONE', *, *, #2334, .T. ) ;
#1447 = DIRECTION ( 'NONE',  ( -1.000000000000000000, 0.000000000000000000, 0.000000000000000000 ) ) ;
#1448 = CIRCLE ( 'NONE', #322, 1.625000000000001776 ) ;
#1449 = ORIENTED_EDGE ( 'NONE', *, *, #164, .T. ) ;
#1450 = EDGE_CURVE ( 'NONE', #2383, #1437, #2293, .T. ) ;
#1451 = LINE ( 'NONE', #627, #1354 ) ;
#1452 = EDGE_CURVE ( 'NONE', #1736, #810, #555, .T. ) ;
#1453 = LINE ( 'NONE', #2300, #801 ) ;
#1454 = CARTESIAN_POINT ( 'NONE',  ( 9.750000000000001776, 18.00000000000000355, 80.49999999999998579 ) ) ;
#1455 = EDGE_CURVE ( 'NONE', #2130, #1972, #1068, .T. ) ;
#1456 = PLANE ( 'NONE',  #736 ) ;
#1457 = CARTESIAN_POINT ( 'NONE',  ( -20.00000000000000355, 6.398277060711558661, -30.00000000000000000 ) ) ;
#1458 = ORIENTED_EDGE ( 'NONE', *, *, #456, .T. ) ;
#1459 = EDGE_LOOP ( 'NONE', ( #738, #2389 ) ) ;
#1460 = DIRECTION ( 'NONE',  ( 0.000000000000000000, 0.000000000000000000, 1.000000000000000000 ) ) ;
#1461 = EDGE_LOOP ( 'NONE', ( #545, #692, #937, #103 ) ) ;
#1462 = CARTESIAN_POINT ( 'NONE',  ( -20.00000000000000000, 1.625000000000065725, -36.39827706071164215 ) ) ;
#1463 = EDGE_LOOP ( 'NONE', ( #956, #347 ) ) ;
#1464 = CARTESIAN_POINT ( 'NONE',  ( 30.00000000000000711, -12.49999999999999289, 0.000000000000000000 ) ) ;
#1465 = DIRECTION ( 'NONE',  ( 1.000000000000000000, 2.775557561562890858E-16, -0.000000000000000000 ) ) ;
#1466 = EDGE_CURVE ( 'NONE', #56, #1043, #2472, .T. ) ;
#1467 = CARTESIAN_POINT ( 'NONE',  ( -19.99999999999999645, -12.50000000000001066, -30.00000000000000000 ) ) ;
#1468 = DIRECTION ( 'NONE',  ( 1.000000000000000000, 2.775557561562890858E-16, -0.000000000000000000 ) ) ;
#1469 = ORIENTED_EDGE ( 'NONE', *, *, #1975, .F. ) ;
#1470 = DIRECTION ( 'NONE',  ( 0.000000000000000000, 1.000000000000000000, 0.000000000000000000 ) ) ;
#1471 = CIRCLE ( 'NONE', #1912, 0.6250000000000005551 ) ;
#1472 = EDGE_LOOP ( 'NONE', ( #312, #1104, #724, #82 ) ) ;
#1473 = AXIS2_PLACEMENT_3D ( 'NONE', #2200, #1519, #2152 ) ;
#1474 = FACE_OUTER_BOUND ( 'NONE', #2213, .T. ) ;
#1475 = DIRECTION ( 'NONE',  ( 1.000000000000000000, 0.000000000000000000, 0.000000000000000000 ) ) ;
#1476 = LINE ( 'NONE', #1051, #2570 ) ;
#1477 = DIRECTION ( 'NONE',  ( 0.000000000000000000, -0.000000000000000000, -1.000000000000000000 ) ) ;
#1478 = EDGE_CURVE ( 'NONE', #2170, #484, #262, .T. ) ;
#1479 = CARTESIAN_POINT ( 'NONE',  ( -18.00000000000000355, 6.398277060711559550, -30.00000000000000000 ) ) ;
#1480 = CARTESIAN_POINT ( 'NONE',  ( 10.99999999999999822, 16.00000000000000000, 18.12500000000000355 ) ) ;
#1481 = CIRCLE ( 'NONE', #2579, 1.625000000000001110 ) ;
#1482 = AXIS2_PLACEMENT_3D ( 'NONE', #2436, #2246, #146 ) ;
#1483 = ORIENTED_EDGE ( 'NONE', *, *, #1160, .F. ) ;
#1484 = EDGE_CURVE ( 'NONE', #2356, #1962, #1897, .T. ) ;
#1485 = LINE ( 'NONE', #2541, #1888 ) ;
#1486 = EDGE_CURVE ( 'NONE', #110, #1623, #902, .T. ) ;
#1487 = DIRECTION ( 'NONE',  ( 1.000000000000000000, 2.775557561562890858E-16, 0.000000000000000000 ) ) ;
#1488 = CIRCLE ( 'NONE', #1621, 1.625000000000001110 ) ;
#1489 = AXIS2_PLACEMENT_3D ( 'NONE', #2568, #265, #906 ) ;
#1490 = DIRECTION ( 'NONE',  ( 1.000000000000000000, -0.000000000000000000, -0.000000000000000000 ) ) ;
#1491 = DIRECTION ( 'NONE',  ( 1.000000000000000000, 0.000000000000000000, 0.000000000000000000 ) ) ;
#1492 = AXIS2_PLACEMENT_3D ( 'NONE', #1402, #1205, #387 ) ;
#1493 = LINE ( 'NONE', #2194, #1295 ) ;
#1494 = LINE ( 'NONE', #2329, #1857 ) ;
#1495 = ORIENTED_EDGE ( 'NONE', *, *, #2291, .T. ) ;
#1496 = ORIENTED_EDGE ( 'NONE', *, *, #90, .F. ) ;
#1497 = CARTESIAN_POINT ( 'NONE',  ( 20.00000000000000000, 5.551115123125781124E-15, -30.00000000000000000 ) ) ;
#1498 = ORIENTED_EDGE ( 'NONE', *, *, #1688, .F. ) ;
#1499 = EDGE_CURVE ( 'NONE', #181, #2693, #1770, .T. ) ;
#1500 = ORIENTED_EDGE ( 'NONE', *, *, #239, .F. ) ;
#1501 = CARTESIAN_POINT ( 'NONE',  ( 19.99999999999999645, 12.50000000000000533, 0.000000000000000000 ) ) ;
#1502 = ORIENTED_EDGE ( 'NONE', *, *, #470, .F. ) ;
#1503 = VECTOR ( 'NONE', #220, 1000.000000000000000 ) ;
#1504 = DIRECTION ( 'NONE',  ( 0.000000000000000000, 1.000000000000000000, 0.000000000000000000 ) ) ;
#1505 = LINE ( 'NONE', #2093, #523 ) ;
#1506 = VERTEX_POINT ( 'NONE', #2086 ) ;
#1507 = DIRECTION ( 'NONE',  ( -1.000000000000000000, -2.775557561562890858E-16, 0.000000000000000000 ) ) ;
#1508 = DIRECTION ( 'NONE',  ( 1.000000000000000000, 2.775557561562890858E-16, 0.000000000000000000 ) ) ;
#1509 = ORIENTED_EDGE ( 'NONE', *, *, #35, .F. ) ;
#1510 = ORIENTED_EDGE ( 'NONE', *, *, #1688, .T. ) ;
#1511 = DIRECTION ( 'NONE',  ( 0.000000000000000000, 0.000000000000000000, 1.000000000000000000 ) ) ;
#1512 = VERTEX_POINT ( 'NONE', #1092 ) ;
#1513 = ORIENTED_EDGE ( 'NONE', *, *, #1822, .F. ) ;
#1514 = EDGE_CURVE ( 'NONE', #119, #909, #1636, .T. ) ;
#1515 = CARTESIAN_POINT ( 'NONE',  ( -12.50000000000000355, 18.00000000000000355, 43.00000000000000000 ) ) ;
#1516 = ORIENTED_EDGE ( 'NONE', *, *, #2133, .T. ) ;
#1517 = VERTEX_POINT ( 'NONE', #2317 ) ;
#1518 = CIRCLE ( 'NONE', #393, 0.6250000000000005551 ) ;
#1519 = DIRECTION ( 'NONE',  ( 1.000000000000000000, -1.387778780781445676E-16, 0.000000000000000000 ) ) ;
#1520 = EDGE_CURVE ( 'NONE', #1426, #2160, #2138, .T. ) ;
#1521 = DIRECTION ( 'NONE',  ( 1.000000000000000000, 0.000000000000000000, 0.000000000000000000 ) ) ;
#1522 = CARTESIAN_POINT ( 'NONE',  ( -20.00000000000000000, -1.624999999999938050, -36.39827706071164215 ) ) ;
#1523 = CARTESIAN_POINT ( 'NONE',  ( -19.99999999999999645, -6.398277060711571096, -30.00000000000012790 ) ) ;
#1524 = FACE_OUTER_BOUND ( 'NONE', #1641, .T. ) ;
#1525 = EDGE_LOOP ( 'NONE', ( #581, #1483, #313, #2504 ) ) ;
#1526 = AXIS2_PLACEMENT_3D ( 'NONE', #282, #2188, #1958 ) ;
#1527 = FACE_OUTER_BOUND ( 'NONE', #1728, .T. ) ;
#1528 = ORIENTED_EDGE ( 'NONE', *, *, #1041, .F. ) ;
#1529 = VECTOR ( 'NONE', #1315, 1000.000000000000000 ) ;
#1530 = ORIENTED_EDGE ( 'NONE', *, *, #2493, .T. ) ;
#1531 = CARTESIAN_POINT ( 'NONE',  ( -12.50000000000000355, 18.00000000000000355, 0.000000000000000000 ) ) ;
#1532 = EDGE_LOOP ( 'NONE', ( #330, #2098 ) ) ;
#1533 = ORIENTED_EDGE ( 'NONE', *, *, #2133, .F. ) ;
#1534 = CIRCLE ( 'NONE', #365, 1.625000000000001776 ) ;
#1535 = DIRECTION ( 'NONE',  ( 0.000000000000000000, -0.000000000000000000, 1.000000000000000000 ) ) ;
#1536 = EDGE_CURVE ( 'NONE', #1313, #622, #2346, .T. ) ;
#1537 = AXIS2_PLACEMENT_3D ( 'NONE', #1209, #1859, #2296 ) ;
#1538 = DIRECTION ( 'NONE',  ( 0.000000000000000000, 0.000000000000000000, 1.000000000000000000 ) ) ;
#1539 = CARTESIAN_POINT ( 'NONE',  ( -18.00000000000000355, -2.928213227448850375E-14, -23.60172293928852127 ) ) ;
#1540 = EDGE_CURVE ( 'NONE', #1512, #1929, #1266, .T. ) ;
#1541 = AXIS2_PLACEMENT_3D ( 'NONE', #2155, #2597, #754 ) ;
#1542 = VERTEX_POINT ( 'NONE', #1907 ) ;
#1543 = CARTESIAN_POINT ( 'NONE',  ( -19.99999999999999645, -12.49999999999999645, 0.000000000000000000 ) ) ;
#1544 = ORIENTED_EDGE ( 'NONE', *, *, #2116, .F. ) ;
#1545 = ORIENTED_EDGE ( 'NONE', *, *, #1436, .T. ) ;
#1546 = DIRECTION ( 'NONE',  ( -1.000000000000000000, -0.000000000000000000, -0.000000000000000000 ) ) ;
#1547 = ORIENTED_EDGE ( 'NONE', *, *, #841, .T. ) ;
#1548 = VERTEX_POINT ( 'NONE', #67 ) ;
#1549 = DIRECTION ( 'NONE',  ( -1.000000000000000000, 0.000000000000000000, 0.000000000000000000 ) ) ;
#1550 = FACE_OUTER_BOUND ( 'NONE', #2476, .T. ) ;
#1551 = CARTESIAN_POINT ( 'NONE',  ( 30.00000000000000711, -12.49999999999999289, 3.000000000000000000 ) ) ;
#1552 = EDGE_CURVE ( 'NONE', #1595, #2418, #2096, .T. ) ;
#1553 = VERTEX_POINT ( 'NONE', #1053 ) ;
#1554 = DIRECTION ( 'NONE',  ( 1.000000000000000000, 0.000000000000000000, 0.000000000000000000 ) ) ;
#1555 = VERTEX_POINT ( 'NONE', #2536 ) ;
#1556 = DIRECTION ( 'NONE',  ( -1.000000000000000000, 0.000000000000000000, -0.000000000000000000 ) ) ;
#1557 = VERTEX_POINT ( 'NONE', #664 ) ;
#1558 = ORIENTED_EDGE ( 'NONE', *, *, #695, .T. ) ;
#1559 = LINE ( 'NONE', #2398, #2046 ) ;
#1560 = ORIENTED_EDGE ( 'NONE', *, *, #2029, .T. ) ;
#1561 = CIRCLE ( 'NONE', #2486, 0.6250000000000005551 ) ;
#1562 = DIRECTION ( 'NONE',  ( -0.000000000000000000, 1.000000000000000000, -0.000000000000000000 ) ) ;
#1563 = CARTESIAN_POINT ( 'NONE',  ( -19.99999999999999645, -6.398277060711571096, -30.00000000000012790 ) ) ;
#1564 = EDGE_CURVE ( 'NONE', #2509, #1437, #1494, .T. ) ;
#1565 = LINE ( 'NONE', #305, #383 ) ;
#1566 = LINE ( 'NONE', #1775, #2240 ) ;
#1567 = EDGE_CURVE ( 'NONE', #110, #844, #2603, .T. ) ;
#1568 = ORIENTED_EDGE ( 'NONE', *, *, #1014, .F. ) ;
#1569 = FACE_OUTER_BOUND ( 'NONE', #1461, .T. ) ;
#1570 = DIRECTION ( 'NONE',  ( 0.000000000000000000, 1.000000000000000000, 0.000000000000000000 ) ) ;
#1571 = CIRCLE ( 'NONE', #753, 1.625000000000003997 ) ;
#1572 = ORIENTED_EDGE ( 'NONE', *, *, #744, .F. ) ;
#1573 = ADVANCED_FACE ( 'NONE', ( #932 ), #2624, .F. ) ;
#1574 = CARTESIAN_POINT ( 'NONE',  ( 10.99999999999999822, -15.99999999999999289, 20.37500000000000000 ) ) ;
#1575 = EDGE_LOOP ( 'NONE', ( #1704, #2295, #210, #1572 ) ) ;
#1576 = FACE_OUTER_BOUND ( 'NONE', #1669, .T. ) ;
#1577 = CARTESIAN_POINT ( 'NONE',  ( 10.99999999999999822, 15.00000000000000355, 40.87500000000000000 ) ) ;
#1578 = PRODUCT_CONTEXT ( 'NONE', #21, 'mechanical' ) ;
#1579 = CIRCLE ( 'NONE', #662, 0.6250000000000005551 ) ;
#1580 = PLANE ( 'NONE',  #2607 ) ;
#1581 = FACE_OUTER_BOUND ( 'NONE', #432, .T. ) ;
#1582 = ORIENTED_EDGE ( 'NONE', *, *, #974, .F. ) ;
#1583 = CIRCLE ( 'NONE', #235, 0.6250000000000005551 ) ;
#1584 = ORIENTED_EDGE ( 'NONE', *, *, #1207, .T. ) ;
#1585 = LINE ( 'NONE', #2435, #1825 ) ;
#1586 = LINE ( 'NONE', #2015, #444 ) ;
#1587 = EDGE_CURVE ( 'NONE', #1929, #2160, #522, .T. ) ;
#1588 = VECTOR ( 'NONE', #665, 1000.000000000000000 ) ;
#1589 = CARTESIAN_POINT ( 'NONE',  ( 17.99999999999999289, -1.929012505286209805E-14, -23.60172293928852127 ) ) ;
#1590 = CYLINDRICAL_SURFACE ( 'NONE', #2320, 1.625000000000001110 ) ;
#1591 = CARTESIAN_POINT ( 'NONE',  ( -12.50000000000000355, 16.00000000000000000, 43.00000000000000000 ) ) ;
#1592 = DIRECTION ( 'NONE',  ( -0.000000000000000000, 1.000000000000000000, -0.000000000000000000 ) ) ;
#1593 = CARTESIAN_POINT ( 'NONE',  ( -18.00000000000000355, -2.928213227448850375E-14, -23.60172293928852127 ) ) ;
#1594 = EDGE_LOOP ( 'NONE', ( #565, #2397, #2113, #1329 ) ) ;
#1595 = VERTEX_POINT ( 'NONE', #1348 ) ;
#1596 = CARTESIAN_POINT ( 'NONE',  ( -11.00000000000000355, -17.99999999999999645, 40.87500000000000000 ) ) ;
#1597 = DIRECTION ( 'NONE',  ( 0.000000000000000000, 1.000000000000000000, 0.000000000000000000 ) ) ;
#1598 = EDGE_CURVE ( 'NONE', #2286, #2558, #2362, .T. ) ;
#1599 = FACE_OUTER_BOUND ( 'NONE', #298, .T. ) ;
#1600 = ORIENTED_EDGE ( 'NONE', *, *, #2439, .F. ) ;
#1601 = EDGE_CURVE ( 'NONE', #106, #612, #2375, .T. ) ;
#1602 = FACE_OUTER_BOUND ( 'NONE', #1433, .T. ) ;
#1603 = CARTESIAN_POINT ( 'NONE',  ( -20.00000000000000000, -1.624999999999938050, -36.39827706071164215 ) ) ;
#1604 = VECTOR ( 'NONE', #243, 1000.000000000000000 ) ;
#1605 = PLANE ( 'NONE',  #464 ) ;
#1606 = CARTESIAN_POINT ( 'NONE',  ( -12.50000000000000355, 18.00000000000000355, 3.000000000000000000 ) ) ;
#1607 = ORIENTED_EDGE ( 'NONE', *, *, #1373, .T. ) ;
#1608 = ORIENTED_EDGE ( 'NONE', *, *, #2100, .T. ) ;
#1609 = LINE ( 'NONE', #645, #2192 ) ;
#1610 = CARTESIAN_POINT ( 'NONE',  ( -20.00000000000000000, -5.551115123125781124E-15, -30.00000000000000000 ) ) ;
#1611 = MANIFOLD_SOLID_BREP ( 'Boss-Extrude7', #1076 ) ;
#1612 = VECTOR ( 'NONE', #558, 1000.000000000000000 ) ;
#1613 = DIRECTION ( 'NONE',  ( 0.000000000000000000, 1.000000000000000000, 0.000000000000000000 ) ) ;
#1614 = ORIENTED_EDGE ( 'NONE', *, *, #324, .F. ) ;
#1615 = AXIS2_PLACEMENT_3D ( 'NONE', #2690, #1727, #699 ) ;
#1616 = CARTESIAN_POINT ( 'NONE',  ( -9.749999999999998224, 0.000000000000000000, 43.00000000000000000 ) ) ;
#1617 = DIRECTION ( 'NONE',  ( 0.000000000000000000, 1.000000000000000000, 0.000000000000000000 ) ) ;
#1618 = EDGE_CURVE ( 'NONE', #730, #2517, #2612, .T. ) ;
#1619 = CARTESIAN_POINT ( 'NONE',  ( -12.50000000000000355, 16.00000000000000000, 43.00000000000000000 ) ) ;
#1620 = DIRECTION ( 'NONE',  ( 2.312964634635743943E-16, 1.000000000000000000, -0.000000000000000000 ) ) ;
#1621 = AXIS2_PLACEMENT_3D ( 'NONE', #458, #2511, #1878 ) ;
#1622 = EDGE_LOOP ( 'NONE', ( #1781, #600, #553, #1516 ) ) ;
#1623 = VERTEX_POINT ( 'NONE', #973 ) ;
#1624 = CARTESIAN_POINT ( 'NONE',  ( 30.00000000000000000, 12.50000000000000888, 3.000000000000000000 ) ) ;
#1625 = DIRECTION ( 'NONE',  ( 0.000000000000000000, -0.000000000000000000, 1.000000000000000000 ) ) ;
#1626 = CIRCLE ( 'NONE', #1241, 10.00000000000000000 ) ;
#1627 = AXIS2_PLACEMENT_3D ( 'NONE', #302, #2181, #275 ) ;
#1628 = CARTESIAN_POINT ( 'NONE',  ( -20.00000000000000355, 9.999999999999994671, -30.00000000000000000 ) ) ;
#1629 = EDGE_LOOP ( 'NONE', ( #758, #1689, #1560, #2256 ) ) ;
#1630 = LINE ( 'NONE', #1372, #238 ) ;
#1631 = DIRECTION ( 'NONE',  ( 0.000000000000000000, -0.000000000000000000, 1.000000000000000000 ) ) ;
#1632 = CARTESIAN_POINT ( 'NONE',  ( -20.00000000000000355, 8.023277060711562214, -30.00000000000000000 ) ) ;
#1633 = EDGE_CURVE ( 'NONE', #851, #2558, #1136, .T. ) ;
#1634 = CARTESIAN_POINT ( 'NONE',  ( 12.50000000000000000, -15.99999999999999289, 3.000000000000000000 ) ) ;
#1635 = ORIENTED_EDGE ( 'NONE', *, *, #1852, .T. ) ;
#1636 = CIRCLE ( 'NONE', #1287, 1.625000000000003109 ) ;
#1637 = ORIENTED_EDGE ( 'NONE', *, *, #2390, .T. ) ;
#1638 = EDGE_CURVE ( 'NONE', #156, #887, #598, .T. ) ;
#1639 = FACE_OUTER_BOUND ( 'NONE', #171, .T. ) ;
#1640 = DIRECTION ( 'NONE',  ( -0.000000000000000000, -1.000000000000000000, -0.000000000000000000 ) ) ;
#1641 = EDGE_LOOP ( 'NONE', ( #811, #1716, #287, #453, #2569, #310, #1001, #1712 ) ) ;
#1642 = CARTESIAN_POINT ( 'NONE',  ( -11.00000000000000355, 18.00000000000000355, 40.87500000000000000 ) ) ;
#1643 = DIRECTION ( 'NONE',  ( 1.000000000000000000, 2.775557561562890858E-16, -0.000000000000000000 ) ) ;
#1644 = DIRECTION ( 'NONE',  ( -0.000000000000000000, 1.000000000000000000, -0.000000000000000000 ) ) ;
#1645 = CARTESIAN_POINT ( 'NONE',  ( -20.00000000000000355, 12.50000000000000711, 3.000000000000000000 ) ) ;
#1646 = DIRECTION ( 'NONE',  ( 0.000000000000000000, 1.000000000000000000, -0.000000000000000000 ) ) ;
#1647 = ORIENTED_EDGE ( 'NONE', *, *, #257, .T. ) ;
#1648 = AXIS2_PLACEMENT_3D ( 'NONE', #2533, #1879, #2314 ) ;
#1649 = ADVANCED_FACE ( 'NONE', ( #741 ), #1122, .F. ) ;
#1650 = ORIENTED_EDGE ( 'NONE', *, *, #1895, .T. ) ;
#1651 = CARTESIAN_POINT ( 'NONE',  ( 19.99999999999999645, 4.773277060711566655, -30.00000000000000000 ) ) ;
#1652 = DIRECTION ( 'NONE',  ( 0.000000000000000000, 1.000000000000000000, 0.000000000000000000 ) ) ;
#1653 = ADVANCED_FACE ( 'NONE', ( #698 ), #537, .F. ) ;
#1654 = DIRECTION ( 'NONE',  ( -0.000000000000000000, -0.000000000000000000, 1.000000000000000000 ) ) ;
#1655 = ADVANCED_FACE ( 'NONE', ( #1360 ), #958, .F. ) ;
#1656 = AXIS2_PLACEMENT_3D ( 'NONE', #2298, #1059, #214 ) ;
#1657 = CARTESIAN_POINT ( 'NONE',  ( 30.00000000000000000, 12.50000000000000888, 0.000000000000000000 ) ) ;
#1658 = LINE ( 'NONE', #1454, #1691 ) ;
#1659 = AXIS2_PLACEMENT_3D ( 'NONE', #2703, #624, #2537 ) ;
#1660 = CARTESIAN_POINT ( 'NONE',  ( 20.00000000000000355, -6.398277060711559550, -30.00000000000012790 ) ) ;
#1661 = LINE ( 'NONE', #1606, #888 ) ;
#1662 = ORIENTED_EDGE ( 'NONE', *, *, #2373, .F. ) ;
#1663 = VERTEX_POINT ( 'NONE', #1992 ) ;
#1664 = CARTESIAN_POINT ( 'NONE',  ( -9.749999999999998224, 18.00000000000000355, 80.49999999999998579 ) ) ;
#1665 = VECTOR ( 'NONE', #1702, 1000.000000000000000 ) ;
#1666 = ORIENTED_EDGE ( 'NONE', *, *, #324, .T. ) ;
#1667 = EDGE_CURVE ( 'NONE', #2469, #2205, #289, .T. ) ;
#1668 = CARTESIAN_POINT ( 'NONE',  ( -19.99999999999999645, -6.398277060711571096, -30.00000000000012790 ) ) ;
#1669 = EDGE_LOOP ( 'NONE', ( #144, #2307, #429, #213, #1097, #455, #1528, #1985 ) ) ;
#1670 = VECTOR ( 'NONE', #1757, 1000.000000000000000 ) ;
#1671 = DIRECTION ( 'NONE',  ( 1.000000000000000000, 2.775557561562890858E-16, -0.000000000000000000 ) ) ;
#1672 = EDGE_CURVE ( 'NONE', #5, #1164, #755, .T. ) ;
#1673 = CARTESIAN_POINT ( 'NONE',  ( -12.50000000000000000, -15.99999999999999289, 5.499999999999998224 ) ) ;
#1674 = FACE_OUTER_BOUND ( 'NONE', #2691, .T. ) ;
#1675 = CARTESIAN_POINT ( 'NONE',  ( 17.99999999999999645, 9.999999999999994671, -30.00000000000000000 ) ) ;
#1676 = VERTEX_POINT ( 'NONE', #998 ) ;
#1677 = ORIENTED_EDGE ( 'NONE', *, *, #2613, .F. ) ;
#1678 = DIRECTION ( 'NONE',  ( 0.000000000000000000, 1.000000000000000000, 0.000000000000000000 ) ) ;
#1679 = VECTOR ( 'NONE', #276, 1000.000000000000000 ) ;
#1680 = CARTESIAN_POINT ( 'NONE',  ( -18.00000000000000355, -12.49999999999998934, 0.000000000000000000 ) ) ;
#1681 = VERTEX_POINT ( 'NONE', #804 ) ;
#1682 = EDGE_CURVE ( 'NONE', #571, #1003, #617, .T. ) ;
#1683 = FACE_OUTER_BOUND ( 'NONE', #2037, .T. ) ;
#1684 = DIRECTION ( 'NONE',  ( -0.000000000000000000, -0.000000000000000000, -1.000000000000000000 ) ) ;
#1685 = ADVANCED_FACE ( 'NONE', ( #355 ), #820, .F. ) ;
#1686 = CARTESIAN_POINT ( 'NONE',  ( 10.99999999999999822, 16.00000000000000000, 16.87500000000000000 ) ) ;
#1687 = DIRECTION ( 'NONE',  ( -1.000000000000000000, 0.000000000000000000, 0.000000000000000000 ) ) ;
#1688 = EDGE_CURVE ( 'NONE', #2527, #1548, #1428, .T. ) ;
#1689 = ORIENTED_EDGE ( 'NONE', *, *, #1672, .T. ) ;
#1690 = CARTESIAN_POINT ( 'NONE',  ( 17.99999999999999289, -1.929012505286209805E-14, -23.60172293928852127 ) ) ;
#1691 = VECTOR ( 'NONE', #914, 1000.000000000000000 ) ;
#1692 = ORIENTED_EDGE ( 'NONE', *, *, #1788, .F. ) ;
#1693 = DIRECTION ( 'NONE',  ( 0.000000000000000000, 1.000000000000000000, 0.000000000000000000 ) ) ;
#1694 = DIRECTION ( 'NONE',  ( 1.000000000000000000, 2.775557561562890858E-16, 0.000000000000000000 ) ) ;
#1695 = DIRECTION ( 'NONE',  ( -1.000000000000000000, 0.000000000000000000, 0.000000000000000000 ) ) ;
#1696 = CARTESIAN_POINT ( 'NONE',  ( -11.00000000000000355, 15.00000000000000355, 41.50000000000000000 ) ) ;
#1697 = DIRECTION ( 'NONE',  ( 0.000000000000000000, 1.000000000000000000, 0.000000000000000000 ) ) ;
#1698 = EDGE_CURVE ( 'NONE', #2176, #2606, #1850, .T. ) ;
#1699 = DIRECTION ( 'NONE',  ( 0.000000000000000000, -1.000000000000000000, 0.000000000000000000 ) ) ;
#1700 = VECTOR ( 'NONE', #2162, 1000.000000000000000 ) ;
#1701 = EDGE_LOOP ( 'NONE', ( #24, #2183 ) ) ;
#1702 = DIRECTION ( 'NONE',  ( 1.000000000000000000, 2.775557561562890858E-16, -0.000000000000000000 ) ) ;
#1703 = EDGE_LOOP ( 'NONE', ( #1296, #417, #1724, #1816 ) ) ;
#1704 = ORIENTED_EDGE ( 'NONE', *, *, #1520, .T. ) ;
#1705 = FACE_OUTER_BOUND ( 'NONE', #528, .T. ) ;
#1706 = CIRCLE ( 'NONE', #716, 10.00000000000000000 ) ;
#1707 = CARTESIAN_POINT ( 'NONE',  ( -11.00000000000000355, -18.99999999999999289, 21.00000000000000000 ) ) ;
#1708 = LINE ( 'NONE', #1905, #1047 ) ;
#1709 = VECTOR ( 'NONE', #1255, 1000.000000000000000 ) ;
#1710 = FACE_OUTER_BOUND ( 'NONE', #824, .T. ) ;
#1711 = DIRECTION ( 'NONE',  ( 0.000000000000000000, 1.000000000000000000, 0.000000000000000000 ) ) ;
#1712 = ORIENTED_EDGE ( 'NONE', *, *, #708, .T. ) ;
#1713 = EDGE_CURVE ( 'NONE', #69, #1765, #1870, .T. ) ;
#1714 = ORIENTED_EDGE ( 'NONE', *, *, #2141, .T. ) ;
#1715 = LINE ( 'NONE', #853, #1841 ) ;
#1716 = ORIENTED_EDGE ( 'NONE', *, *, #995, .T. ) ;
#1717 = ORIENTED_EDGE ( 'NONE', *, *, #2636, .F. ) ;
#1718 = EDGE_CURVE ( 'NONE', #2001, #65, #2045, .T. ) ;
#1719 = FACE_OUTER_BOUND ( 'NONE', #1227, .T. ) ;
#1720 = ORIENTED_EDGE ( 'NONE', *, *, #222, .T. ) ;
#1721 = AXIS2_PLACEMENT_3D ( 'NONE', #1457, #1508, #1697 ) ;
#1722 = DIRECTION ( 'NONE',  ( 0.000000000000000000, 1.000000000000000000, 0.000000000000000000 ) ) ;
#1723 = PLANE ( 'NONE',  #705 ) ;
#1724 = ORIENTED_EDGE ( 'NONE', *, *, #2136, .T. ) ;
#1725 = CARTESIAN_POINT ( 'NONE',  ( -11.00000000000000355, 16.00000000000000000, 41.50000000000000000 ) ) ;
#1726 = CARTESIAN_POINT ( 'NONE',  ( -20.00000000000000355, 12.50000000000000178, 0.000000000000000000 ) ) ;
#1727 = DIRECTION ( 'NONE',  ( 0.000000000000000000, 1.000000000000000000, 0.000000000000000000 ) ) ;
#1728 = EDGE_LOOP ( 'NONE', ( #1530, #2576, #2163, #226, #977, #1558, #911, #2446 ) ) ;
#1729 = EDGE_LOOP ( 'NONE', ( #2038, #1545, #2077, #2367 ) ) ;
#1730 = DIRECTION ( 'NONE',  ( 1.000000000000000000, -1.387778780781445676E-16, 0.000000000000000000 ) ) ;
#1731 = VERTEX_POINT ( 'NONE', #1243 ) ;
#1732 = ORIENTED_EDGE ( 'NONE', *, *, #673, .T. ) ;
#1733 = CARTESIAN_POINT ( 'NONE',  ( 9.750000000000001776, 16.00000000000000000, 43.00000000000000000 ) ) ;
#1734 = EDGE_CURVE ( 'NONE', #340, #2132, #2441, .T. ) ;
#1735 = EDGE_LOOP ( 'NONE', ( #1533, #105 ) ) ;
#1736 = VERTEX_POINT ( 'NONE', #371 ) ;
#1737 = VECTOR ( 'NONE', #567, 1000.000000000000000 ) ;
#1738 = DIRECTION ( 'NONE',  ( 0.000000000000000000, 0.000000000000000000, 1.000000000000000000 ) ) ;
#1739 = FACE_OUTER_BOUND ( 'NONE', #1099, .T. ) ;
#1740 = EDGE_CURVE ( 'NONE', #671, #1663, #1086, .T. ) ;
#1741 = ORIENTED_EDGE ( 'NONE', *, *, #1803, .T. ) ;
#1742 = CARTESIAN_POINT ( 'NONE',  ( -11.00000000000000355, 16.00000000000000000, 42.12500000000000000 ) ) ;
#1743 = DIRECTION ( 'NONE',  ( 1.000000000000000000, 2.775557561562890858E-16, -0.000000000000000000 ) ) ;
#1744 = DIRECTION ( 'NONE',  ( 0.000000000000000000, -0.000000000000000000, 1.000000000000000000 ) ) ;
#1745 = AXIS2_PLACEMENT_3D ( 'NONE', #1072, #1487, #2287 ) ;
#1746 = DIRECTION ( 'NONE',  ( -0.000000000000000000, 1.000000000000000000, -0.000000000000000000 ) ) ;
#1747 = VERTEX_POINT ( 'NONE', #2019 ) ;
#1748 = CIRCLE ( 'NONE', #2094, 0.6250000000000005551 ) ;
#1749 = ORIENTED_EDGE ( 'NONE', *, *, #413, .T. ) ;
#1750 = LINE ( 'NONE', #1155, #2012 ) ;
#1751 = ORIENTED_EDGE ( 'NONE', *, *, #257, .F. ) ;
#1752 = ORIENTED_EDGE ( 'NONE', *, *, #1698, .F. ) ;
#1753 = EDGE_CURVE ( 'NONE', #1376, #752, #260, .T. ) ;
#1754 = AXIS2_PLACEMENT_3D ( 'NONE', #2705, #1475, #2484 ) ;
#1755 = CARTESIAN_POINT ( 'NONE',  ( -9.749999999999998224, 18.00000000000000355, 5.499999999999998224 ) ) ;
#1756 = ORIENTED_EDGE ( 'NONE', *, *, #1638, .F. ) ;
#1757 = DIRECTION ( 'NONE',  ( 1.000000000000000000, 2.775557561562890858E-16, -0.000000000000000000 ) ) ;
#1758 = DIRECTION ( 'NONE',  ( 0.000000000000000000, 0.000000000000000000, -1.000000000000000000 ) ) ;
#1759 = VECTOR ( 'NONE', #2391, 1000.000000000000000 ) ;
#1760 = AXIS2_PLACEMENT_3D ( 'NONE', #1347, #331, #1161 ) ;
#1761 = ORIENTED_EDGE ( 'NONE', *, *, #2539, .T. ) ;
#1762 = LINE ( 'NONE', #1543, #1759 ) ;
#1763 = ORIENTED_EDGE ( 'NONE', *, *, #673, .F. ) ;
#1764 = LINE ( 'NONE', #2604, #1442 ) ;
#1765 = VERTEX_POINT ( 'NONE', #2695 ) ;
#1766 = VERTEX_POINT ( 'NONE', #2071 ) ;
#1767 = DIRECTION ( 'NONE',  ( 1.000000000000000000, 2.775557561562890858E-16, 0.000000000000000000 ) ) ;
#1768 = VERTEX_POINT ( 'NONE', #151 ) ;
#1769 = EDGE_CURVE ( 'NONE', #2199, #1925, #1518, .T. ) ;
#1770 = CIRCLE ( 'NONE', #947, 0.6250000000000005551 ) ;
#1771 = CARTESIAN_POINT ( 'NONE',  ( -12.50000000000000355, 28.00000000000000355, 3.000000000000000000 ) ) ;
#1772 = VECTOR ( 'NONE', #2225, 1000.000000000000000 ) ;
#1773 = EDGE_CURVE ( 'NONE', #1829, #970, #986, .T. ) ;
#1774 = ORIENTED_EDGE ( 'NONE', *, *, #1956, .T. ) ;
#1775 = CARTESIAN_POINT ( 'NONE',  ( -12.50000000000000355, 18.00000000000000355, 3.000000000000000000 ) ) ;
#1776 = AXIS2_PLACEMENT_3D ( 'NONE', #1660, #1091, #2303 ) ;
#1777 = ADVANCED_FACE ( 'NONE', ( #203 ), #2471, .F. ) ;
#1778 = VERTEX_POINT ( 'NONE', #1810 ) ;
#1779 = CARTESIAN_POINT ( 'NONE',  ( 17.99999999999999645, -6.398277060711560438, -30.00000000000012790 ) ) ;
#1780 = ORIENTED_EDGE ( 'NONE', *, *, #2291, .F. ) ;
#1781 = ORIENTED_EDGE ( 'NONE', *, *, #2178, .F. ) ;
#1782 = CARTESIAN_POINT ( 'NONE',  ( 10.99999999999999822, -15.99999999999999289, 21.62500000000000355 ) ) ;
#1783 = EDGE_LOOP ( 'NONE', ( #2348, #127, #2242, #315 ) ) ;
#1784 = AXIS2_PLACEMENT_3D ( 'NONE', #1415, #398, #2250 ) ;
#1785 = FACE_OUTER_BOUND ( 'NONE', #675, .T. ) ;
#1786 = DIRECTION ( 'NONE',  ( -0.000000000000000000, 1.000000000000000000, -0.000000000000000000 ) ) ;
#1787 = ORIENTED_EDGE ( 'NONE', *, *, #1769, .T. ) ;
#1788 = EDGE_CURVE ( 'NONE', #1938, #2154, #2641, .T. ) ;
#1789 = DIRECTION ( 'NONE',  ( 3.154042683594197093E-16, -1.000000000000000000, 0.000000000000000000 ) ) ;
#1790 = ORIENTED_EDGE ( 'NONE', *, *, #1618, .T. ) ;
#1791 = VERTEX_POINT ( 'NONE', #1603 ) ;
#1792 = DIRECTION ( 'NONE',  ( 1.000000000000000000, 0.000000000000000000, 0.000000000000000000 ) ) ;
#1793 = CARTESIAN_POINT ( 'NONE',  ( 17.99999999999999645, -12.50000000000000000, -30.00000000000000000 ) ) ;
#1794 = ORIENTED_EDGE ( 'NONE', *, *, #2239, .F. ) ;
#1795 = DIRECTION ( 'NONE',  ( 0.000000000000000000, 1.000000000000000000, 0.000000000000000000 ) ) ;
#1796 = VERTEX_POINT ( 'NONE', #385 ) ;
#1797 = FACE_OUTER_BOUND ( 'NONE', #2456, .T. ) ;
#1798 = DIRECTION ( 'NONE',  ( 1.000000000000000000, 2.775557561562890858E-16, -0.000000000000000000 ) ) ;
#1799 = AXIS2_PLACEMENT_3D ( 'NONE', #80, #1392, #913 ) ;
#1800 = CARTESIAN_POINT ( 'NONE',  ( 19.99999999999999645, 8.023277060711572872, -30.00000000000000000 ) ) ;
#1801 = DIRECTION ( 'NONE',  ( -1.000000000000000000, -2.775557561562890858E-16, -0.000000000000000000 ) ) ;
#1802 = VERTEX_POINT ( 'NONE', #178 ) ;
#1803 = EDGE_CURVE ( 'NONE', #889, #2635, #768, .T. ) ;
#1804 = EDGE_LOOP ( 'NONE', ( #388, #1235, #508, #980 ) ) ;
#1805 = CARTESIAN_POINT ( 'NONE',  ( -12.50000000000000355, 28.00000000000000355, 3.000000000000000000 ) ) ;
#1806 = DIRECTION ( 'NONE',  ( -1.000000000000000000, 0.000000000000000000, 0.000000000000000000 ) ) ;
#1807 = ADVANCED_FACE ( 'NONE', ( #1012 ), #2430, .F. ) ;
#1808 = LINE ( 'NONE', #1628, #1394 ) ;
#1809 = CARTESIAN_POINT ( 'NONE',  ( -12.50000000000000355, 16.00000000000000000, 5.499999999999998224 ) ) ;
#1810 = CARTESIAN_POINT ( 'NONE',  ( 12.50000000000000000, -17.99999999999999645, 3.000000000000001332 ) ) ;
#1811 = VERTEX_POINT ( 'NONE', #2301 ) ;
#1812 = VECTOR ( 'NONE', #1644, 1000.000000000000000 ) ;
#1813 = DIRECTION ( 'NONE',  ( 1.000000000000000000, 2.775557561562890858E-16, 0.000000000000000000 ) ) ;
#1814 = DIRECTION ( 'NONE',  ( 1.000000000000000000, 2.775557561562890858E-16, 0.000000000000000000 ) ) ;
#1815 = ORIENTED_EDGE ( 'NONE', *, *, #1286, .T. ) ;
#1816 = ORIENTED_EDGE ( 'NONE', *, *, #2274, .T. ) ;
#1817 = CARTESIAN_POINT ( 'NONE',  ( 9.750000000000001776, -15.99999999999999289, 43.00000000000000000 ) ) ;
#1818 = CARTESIAN_POINT ( 'NONE',  ( 10.99999999999999822, -17.99999999999999645, 42.12500000000000000 ) ) ;
#1819 = EDGE_CURVE ( 'NONE', #2205, #1340, #1894, .T. ) ;
#1820 = CARTESIAN_POINT ( 'NONE',  ( -20.00000000000000000, -5.551115123125781124E-15, -30.00000000000000000 ) ) ;
#1821 = FACE_BOUND ( 'NONE', #855, .T. ) ;
#1822 = EDGE_CURVE ( 'NONE', #1957, #2026, #830, .T. ) ;
#1823 = DIRECTION ( 'NONE',  ( 0.000000000000000000, 0.000000000000000000, 1.000000000000000000 ) ) ;
#1824 = CIRCLE ( 'NONE', #2394, 3.000000000000002665 ) ;
#1825 = VECTOR ( 'NONE', #2358, 1000.000000000000000 ) ;
#1826 = DIRECTION ( 'NONE',  ( 1.000000000000000000, -4.625929269271485914E-16, 0.000000000000000000 ) ) ;
#1827 = CARTESIAN_POINT ( 'NONE',  ( -20.00000000000000000, -1.625000000000030864, -23.60172293928852127 ) ) ;
#1828 = ORIENTED_EDGE ( 'NONE', *, *, #474, .F. ) ;
#1829 = VERTEX_POINT ( 'NONE', #2500 ) ;
#1830 = LINE ( 'NONE', #2066, #979 ) ;
#1831 = CARTESIAN_POINT ( 'NONE',  ( -18.00000000000000355, -12.50000000000001066, -30.00000000000000000 ) ) ;
#1832 = DIRECTION ( 'NONE',  ( 1.000000000000000000, 2.775557561562890858E-16, -0.000000000000000000 ) ) ;
#1833 = ORIENTED_EDGE ( 'NONE', *, *, #2701, .T. ) ;
#1834 = CIRCLE ( 'NONE', #2007, 1.625000000000003997 ) ;
#1835 = EDGE_CURVE ( 'NONE', #1766, #2517, #2342, .T. ) ;
#1836 = AXIS2_PLACEMENT_3D ( 'NONE', #516, #674, #1342 ) ;
#1837 = CARTESIAN_POINT ( 'NONE',  ( 9.750000000000001776, -15.99999999999999289, 43.00000000000000000 ) ) ;
#1838 = CARTESIAN_POINT ( 'NONE',  ( -11.00000000000000355, -15.99999999999999289, 41.50000000000000000 ) ) ;
#1839 = CARTESIAN_POINT ( 'NONE',  ( -19.99999999999999645, -4.773277060711567543, -30.00000000000012790 ) ) ;
#1840 = CYLINDRICAL_SURFACE ( 'NONE', #1492, 0.6250000000000005551 ) ;
#1841 = VECTOR ( 'NONE', #500, 1000.000000000000000 ) ;
#1842 = ORIENTED_EDGE ( 'NONE', *, *, #1108, .F. ) ;
#1843 = EDGE_LOOP ( 'NONE', ( #1692, #338, #307, #1061 ) ) ;
#1844 = DIRECTION ( 'NONE',  ( -0.000000000000000000, -0.000000000000000000, 1.000000000000000000 ) ) ;
#1845 = DIRECTION ( 'NONE',  ( 6.938893903907227392E-16, -1.000000000000000000, 0.000000000000000000 ) ) ;
#1846 = VECTOR ( 'NONE', #2475, 1000.000000000000000 ) ;
#1847 = ORIENTED_EDGE ( 'NONE', *, *, #1041, .T. ) ;
#1848 = DIRECTION ( 'NONE',  ( 1.000000000000000000, 2.775557561562890858E-16, -0.000000000000000000 ) ) ;
#1849 = LINE ( 'NONE', #2440, #232 ) ;
#1850 = LINE ( 'NONE', #1229, #165 ) ;
#1851 = AXIS2_PLACEMENT_3D ( 'NONE', #814, #2272, #405 ) ;
#1852 = EDGE_CURVE ( 'NONE', #403, #1115, #217, .T. ) ;
#1853 = LINE ( 'NONE', #2279, #342 ) ;
#1854 = CARTESIAN_POINT ( 'NONE',  ( 10.99999999999999822, -18.99999999999999289, 21.00000000000000000 ) ) ;
#1855 = EDGE_CURVE ( 'NONE', #1173, #1929, #1253, .T. ) ;
#1856 = ORIENTED_EDGE ( 'NONE', *, *, #775, .T. ) ;
#1857 = VECTOR ( 'NONE', #462, 1000.000000000000000 ) ;
#1858 = EDGE_LOOP ( 'NONE', ( #2008, #1238, #1997, #1544 ) ) ;
#1859 = DIRECTION ( 'NONE',  ( 0.000000000000000000, 0.000000000000000000, -1.000000000000000000 ) ) ;
#1860 = EDGE_CURVE ( 'NONE', #734, #1932, #1289, .T. ) ;
#1861 = DIRECTION ( 'NONE',  ( 1.000000000000000000, 2.775557561562890858E-16, -0.000000000000000000 ) ) ;
#1862 = ORIENTED_EDGE ( 'NONE', *, *, #638, .F. ) ;
#1863 = PLANE ( 'NONE',  #1098 ) ;
#1864 = CIRCLE ( 'NONE', #1170, 0.6250000000000005551 ) ;
#1865 = LINE ( 'NONE', #2313, #651 ) ;
#1866 = CARTESIAN_POINT ( 'NONE',  ( -18.00000000000000355, -12.49999999999998934, -40.00000000000000000 ) ) ;
#1867 = CARTESIAN_POINT ( 'NONE',  ( 20.00000000000000000, -2.999999999999995559, -30.00000000000000000 ) ) ;
#1868 = DIRECTION ( 'NONE',  ( -0.000000000000000000, 1.000000000000000000, -0.000000000000000000 ) ) ;
#1869 = ORIENTED_EDGE ( 'NONE', *, *, #1835, .T. ) ;
#1870 = CIRCLE ( 'NONE', #2004, 0.6250000000000005551 ) ;
#1871 = EDGE_CURVE ( 'NONE', #2418, #2176, #1708, .T. ) ;
#1872 = ORIENTED_EDGE ( 'NONE', *, *, #2661, .T. ) ;
#1873 = LINE ( 'NONE', #1624, #1022 ) ;
#1874 = ORIENTED_EDGE ( 'NONE', *, *, #42, .T. ) ;
#1875 = CARTESIAN_POINT ( 'NONE',  ( -11.00000000000000355, -18.99999999999999289, 20.37500000000000000 ) ) ;
#1876 = EDGE_LOOP ( 'NONE', ( #2627, #829, #143, #34 ) ) ;
#1877 = AXIS2_PLACEMENT_3D ( 'NONE', #1370, #272, #2386 ) ;
#1878 = DIRECTION ( 'NONE',  ( 0.000000000000000000, 1.000000000000000000, 0.000000000000000000 ) ) ;
#1879 = DIRECTION ( 'NONE',  ( 0.000000000000000000, 1.000000000000000000, 0.000000000000000000 ) ) ;
#1880 = VECTOR ( 'NONE', #2466, 1000.000000000000000 ) ;
#1881 = FACE_BOUND ( 'NONE', #439, .T. ) ;
#1882 = CARTESIAN_POINT ( 'NONE',  ( -20.00000000000000355, 12.50000000000000711, 3.000000000000000000 ) ) ;
#1883 = EDGE_LOOP ( 'NONE', ( #1197, #904 ) ) ;
#1884 = CIRCLE ( 'NONE', #1275, 10.00000000000000178 ) ;
#1885 = ORIENTED_EDGE ( 'NONE', *, *, #1564, .F. ) ;
#1886 = LINE ( 'NONE', #237, #628 ) ;
#1887 = EDGE_CURVE ( 'NONE', #181, #1431, #1505, .T. ) ;
#1888 = VECTOR ( 'NONE', #2127, 1000.000000000000000 ) ;
#1889 = AXIS2_PLACEMENT_3D ( 'NONE', #920, #1746, #2584 ) ;
#1890 = CARTESIAN_POINT ( 'NONE',  ( -20.00000000000000000, -5.551115123125781124E-15, -30.00000000000000000 ) ) ;
#1891 = EDGE_CURVE ( 'NONE', #2693, #1542, #1476, .T. ) ;
#1892 = AXIS2_PLACEMENT_3D ( 'NONE', #819, #572, #2044 ) ;
#1893 = FACE_OUTER_BOUND ( 'NONE', #877, .T. ) ;
#1894 = LINE ( 'NONE', #661, #742 ) ;
#1895 = EDGE_CURVE ( 'NONE', #2173, #1018, #26, .T. ) ;
#1896 = CARTESIAN_POINT ( 'NONE',  ( -12.50000000000000355, 28.00000000000000355, 3.000000000000000000 ) ) ;
#1897 = LINE ( 'NONE', #643, #117 ) ;
#1898 = ORIENTED_EDGE ( 'NONE', *, *, #2100, .F. ) ;
#1899 = LINE ( 'NONE', #891, #2322 ) ;
#1900 = ORIENTED_EDGE ( 'NONE', *, *, #1108, .T. ) ;
#1901 = CARTESIAN_POINT ( 'NONE',  ( -12.50000000000000000, -27.99999999999999645, 0.000000000000000000 ) ) ;
#1902 = ORIENTED_EDGE ( 'NONE', *, *, #489, .F. ) ;
#1903 = EDGE_CURVE ( 'NONE', #2356, #1676, #1471, .T. ) ;
#1904 = DIRECTION ( 'NONE',  ( 1.000000000000000000, 2.775557561562890858E-16, 0.000000000000000000 ) ) ;
#1905 = CARTESIAN_POINT ( 'NONE',  ( -19.99999999999999645, -12.49999999999999645, 3.000000000000000000 ) ) ;
#1906 = CARTESIAN_POINT ( 'NONE',  ( 19.99999999999999645, 12.50000000000000533, 3.000000000000000000 ) ) ;
#1907 = CARTESIAN_POINT ( 'NONE',  ( 10.99999999999999822, 18.00000000000000355, 18.12500000000000355 ) ) ;
#1908 = CARTESIAN_POINT ( 'NONE',  ( 12.50000000000000000, -12.49999999999999645, 3.000000000000000000 ) ) ;
#1909 = ORIENTED_EDGE ( 'NONE', *, *, #860, .T. ) ;
#1910 = CARTESIAN_POINT ( 'NONE',  ( -20.00000000000000000, -1.625000000000030864, -23.60172293928852127 ) ) ;
#1911 = EDGE_LOOP ( 'NONE', ( #2056, #487 ) ) ;
#1912 = AXIS2_PLACEMENT_3D ( 'NONE', #2548, #2122, #244 ) ;
#1913 = ORIENTED_EDGE ( 'NONE', *, *, #2429, .F. ) ;
#1914 = DIRECTION ( 'NONE',  ( 1.000000000000000000, 2.775557561562890858E-16, -0.000000000000000000 ) ) ;
#1915 = DIRECTION ( 'NONE',  ( 0.000000000000000000, 0.000000000000000000, 1.000000000000000000 ) ) ;
#1916 = CARTESIAN_POINT ( 'NONE',  ( 12.49999999999999645, 12.50000000000000000, 0.000000000000000000 ) ) ;
#1917 = EDGE_CURVE ( 'NONE', #1553, #2489, #847, .T. ) ;
#1918 = CARTESIAN_POINT ( 'NONE',  ( 20.00000000000000355, -6.398277060711559550, -30.00000000000012790 ) ) ;
#1919 = CARTESIAN_POINT ( 'NONE',  ( -19.99999999999999645, -6.398277060711571096, -30.00000000000012790 ) ) ;
#1920 = CARTESIAN_POINT ( 'NONE',  ( 12.49999999999999645, 28.00000000000000355, 3.000000000000000000 ) ) ;
#1921 = VECTOR ( 'NONE', #2546, 1000.000000000000000 ) ;
#1922 = EDGE_CURVE ( 'NONE', #5, #594, #1346, .T. ) ;
#1923 = ORIENTED_EDGE ( 'NONE', *, *, #995, .F. ) ;
#1924 = CARTESIAN_POINT ( 'NONE',  ( 12.49999999999999645, 28.00000000000000355, 0.000000000000000000 ) ) ;
#1925 = VERTEX_POINT ( 'NONE', #2706 ) ;
#1926 = VERTEX_POINT ( 'NONE', #677 ) ;
#1927 = LINE ( 'NONE', #690, #1529 ) ;
#1928 = AXIS2_PLACEMENT_3D ( 'NONE', #748, #1304, #1792 ) ;
#1929 = VERTEX_POINT ( 'NONE', #640 ) ;
#1930 = CARTESIAN_POINT ( 'NONE',  ( 20.00000000000000355, -12.50000000000000000, -30.00000000000000000 ) ) ;
#1931 = PLANE ( 'NONE',  #648 ) ;
#1932 = VERTEX_POINT ( 'NONE', #1064 ) ;
#1933 = VECTOR ( 'NONE', #2036, 1000.000000000000000 ) ;
#1934 = LINE ( 'NONE', #1522, #2372 ) ;
#1935 = EDGE_CURVE ( 'NONE', #965, #1164, #1561, .T. ) ;
#1936 = CARTESIAN_POINT ( 'NONE',  ( -20.00000000000000000, -1.624999999999938050, -36.39827706071164215 ) ) ;
#1937 = LINE ( 'NONE', #2363, #577 ) ;
#1938 = VERTEX_POINT ( 'NONE', #459 ) ;
#1939 = ADVANCED_FACE ( 'NONE', ( #2522, #650, #2135, #2083, #259, #870 ), #1039, .F. ) ;
#1940 = CARTESIAN_POINT ( 'NONE',  ( 20.00000000000000000, 5.551115123125781124E-15, -30.00000000000000000 ) ) ;
#1941 = ORIENTED_EDGE ( 'NONE', *, *, #1452, .T. ) ;
#1942 = ORIENTED_EDGE ( 'NONE', *, *, #1803, .F. ) ;
#1943 = EDGE_CURVE ( 'NONE', #1506, #58, #1089, .T. ) ;
#1944 = CARTESIAN_POINT ( 'NONE',  ( -18.00000000000000355, -12.49999999999998934, -30.00000000000000000 ) ) ;
#1945 = ORIENTED_EDGE ( 'NONE', *, *, #2665, .F. ) ;
#1946 = EDGE_LOOP ( 'NONE', ( #1498, #2639, #684, #2710, #1131, #1614, #1833, #750 ) ) ;
#1947 = AXIS2_PLACEMENT_3D ( 'NONE', #98, #1374, #2598 ) ;
#1948 = LINE ( 'NONE', #2547, #2438 ) ;
#1949 = CARTESIAN_POINT ( 'NONE',  ( 12.50000000000000000, -12.49999999999999645, 3.000000000000000000 ) ) ;
#1950 = ORIENTED_EDGE ( 'NONE', *, *, #1436, .F. ) ;
#1951 = DIRECTION ( 'NONE',  ( 0.000000000000000000, 0.000000000000000000, 1.000000000000000000 ) ) ;
#1952 = CARTESIAN_POINT ( 'NONE',  ( 12.49999999999999645, 16.00000000000000000, 43.00000000000000000 ) ) ;
#1953 = ORIENTED_EDGE ( 'NONE', *, *, #2636, .T. ) ;
#1954 = CARTESIAN_POINT ( 'NONE',  ( -20.00000000000000000, 2.999999999999995559, -30.00000000000000000 ) ) ;
#1955 = ORIENTED_EDGE ( 'NONE', *, *, #687, .T. ) ;
#1956 = EDGE_CURVE ( 'NONE', #1391, #58, #1658, .T. ) ;
#1957 = VERTEX_POINT ( 'NONE', #1574 ) ;
#1958 = DIRECTION ( 'NONE',  ( 0.000000000000000000, 0.000000000000000000, 1.000000000000000000 ) ) ;
#1959 = ORIENTED_EDGE ( 'NONE', *, *, #1598, .T. ) ;
#1960 = ORIENTED_EDGE ( 'NONE', *, *, #212, .F. ) ;
#1961 = CARTESIAN_POINT ( 'NONE',  ( -18.00000000000000355, -4.996003610813203643E-15, -30.00000000000000000 ) ) ;
#1962 = VERTEX_POINT ( 'NONE', #739 ) ;
#1963 = PLANE ( 'NONE',  #111 ) ;
#1964 = DIRECTION ( 'NONE',  ( 0.000000000000000000, 0.000000000000000000, 1.000000000000000000 ) ) ;
#1965 = EDGE_LOOP ( 'NONE', ( #2161, #301 ) ) ;
#1966 = VECTOR ( 'NONE', #984, 1000.000000000000000 ) ;
#1967 = FACE_OUTER_BOUND ( 'NONE', #2299, .T. ) ;
#1968 = AXIS2_PLACEMENT_3D ( 'NONE', #249, #1699, #1093 ) ;
#1969 = VERTEX_POINT ( 'NONE', #2180 ) ;
#1970 = EDGE_CURVE ( 'NONE', #964, #530, #477, .T. ) ;
#1971 = PLANE ( 'NONE',  #658 ) ;
#1972 = VERTEX_POINT ( 'NONE', #1320 ) ;
#1973 = VERTEX_POINT ( 'NONE', #1755 ) ;
#1974 = VECTOR ( 'NONE', #2058, 1000.000000000000000 ) ;
#1975 = EDGE_CURVE ( 'NONE', #1768, #2517, #2153, .T. ) ;
#1976 = CARTESIAN_POINT ( 'NONE',  ( -12.50000000000000000, -15.99999999999999289, 3.000000000000000000 ) ) ;
#1977 = CARTESIAN_POINT ( 'NONE',  ( -30.00000000000000000, -8.326672684688674053E-15, 0.000000000000000000 ) ) ;
#1978 = ADVANCED_FACE ( 'NONE', ( #1118 ), #1931, .F. ) ;
#1979 =( NAMED_UNIT ( * ) PLANE_ANGLE_UNIT ( ) SI_UNIT ( $, .RADIAN. ) );
#1980 = AXIS2_PLACEMENT_3D ( 'NONE', #976, #551, #128 ) ;
#1981 = ORIENTED_EDGE ( 'NONE', *, *, #2141, .F. ) ;
#1982 = DIRECTION ( 'NONE',  ( -2.775557561562891351E-16, 1.000000000000000000, -0.000000000000000000 ) ) ;
#1983 = ORIENTED_EDGE ( 'NONE', *, *, #983, .T. ) ;
#1984 = LINE ( 'NONE', #1501, #2315 ) ;
#1985 = ORIENTED_EDGE ( 'NONE', *, *, #2136, .F. ) ;
#1986 = ORIENTED_EDGE ( 'NONE', *, *, #1455, .F. ) ;
#1987 = CARTESIAN_POINT ( 'NONE',  ( 12.49999999999999645, 18.00000000000000355, 3.000000000000000000 ) ) ;
#1988 = ORIENTED_EDGE ( 'NONE', *, *, #2616, .T. ) ;
#1989 = AXIS2_PLACEMENT_3D ( 'NONE', #1479, #1687, #653 ) ;
#1990 = ADVANCED_FACE ( 'NONE', ( #1739 ), #2578, .F. ) ;
#1991 = DIRECTION ( 'NONE',  ( 0.000000000000000000, 1.000000000000000000, 0.000000000000000000 ) ) ;
#1992 = CARTESIAN_POINT ( 'NONE',  ( 20.00000000000000000, -1.624999999999926947, -36.39827706071164215 ) ) ;
#1993 = AXIS2_PLACEMENT_3D ( 'NONE', #358, #605, #140 ) ;
#1994 = ORIENTED_EDGE ( 'NONE', *, *, #1439, .F. ) ;
#1995 = DIRECTION ( 'NONE',  ( 1.000000000000000000, 2.775557561562890858E-16, 0.000000000000000000 ) ) ;
#1996 = VECTOR ( 'NONE', #233, 1000.000000000000000 ) ;
#1997 = ORIENTED_EDGE ( 'NONE', *, *, #927, .T. ) ;
#1998 = ORIENTED_EDGE ( 'NONE', *, *, #1174, .T. ) ;
#1999 = LINE ( 'NONE', #1117, #845 ) ;
#2000 = CARTESIAN_POINT ( 'NONE',  ( 9.750000000000001776, -15.99999999999999289, 5.499999999999998224 ) ) ;
#2001 = VERTEX_POINT ( 'NONE', #64 ) ;
#2002 = FACE_OUTER_BOUND ( 'NONE', #514, .T. ) ;
#2003 = ORIENTED_EDGE ( 'NONE', *, *, #2510, .T. ) ;
#2004 = AXIS2_PLACEMENT_3D ( 'NONE', #192, #1441, #2059 ) ;
#2005 = DIRECTION ( 'NONE',  ( 1.000000000000000000, -1.387778780781445676E-16, 0.000000000000000000 ) ) ;
#2006 = ADVANCED_FACE ( 'NONE', ( #725 ), #507, .F. ) ;
#2007 = AXIS2_PLACEMENT_3D ( 'NONE', #1011, #1384, #587 ) ;
#2008 = ORIENTED_EDGE ( 'NONE', *, *, #407, .F. ) ;
#2009 = LINE ( 'NONE', #2615, #2285 ) ;
#2010 = EDGE_CURVE ( 'NONE', #1766, #1003, #2359, .T. ) ;
#2011 = EDGE_LOOP ( 'NONE', ( #863, #579 ) ) ;
#2012 = VECTOR ( 'NONE', #2148, 1000.000000000000000 ) ;
#2013 = ORIENTED_EDGE ( 'NONE', *, *, #3, .F. ) ;
#2014 = DIRECTION ( 'NONE',  ( -1.000000000000000000, -0.000000000000000000, -0.000000000000000000 ) ) ;
#2015 = CARTESIAN_POINT ( 'NONE',  ( -20.00000000000000355, 12.50000000000000711, 3.000000000000000000 ) ) ;
#2016 = CIRCLE ( 'NONE', #2582, 0.6250000000000005551 ) ;
#2017 = CYLINDRICAL_SURFACE ( 'NONE', #270, 10.00000000000000000 ) ;
#2018 = CARTESIAN_POINT ( 'NONE',  ( -11.00000000000000711, 18.00000000000000355, 16.87500000000000000 ) ) ;
#2019 = CARTESIAN_POINT ( 'NONE',  ( -30.00000000000000711, 12.49999999999999822, 0.000000000000000000 ) ) ;
#2020 = AXIS2_PLACEMENT_3D ( 'NONE', #1690, #1730, #454 ) ;
#2021 = DIRECTION ( 'NONE',  ( -0.000000000000000000, 0.000000000000000000, 1.000000000000000000 ) ) ;
#2022 = CIRCLE ( 'NONE', #2068, 1.625000000000001332 ) ;
#2023 = DIRECTION ( 'NONE',  ( 0.000000000000000000, -1.000000000000000000, 0.000000000000000000 ) ) ;
#2024 = ORIENTED_EDGE ( 'NONE', *, *, #2510, .F. ) ;
#2025 = EDGE_CURVE ( 'NONE', #1681, #1548, #1559, .T. ) ;
#2026 = VERTEX_POINT ( 'NONE', #1782 ) ;
#2027 = DIRECTION ( 'NONE',  ( 0.000000000000000000, 0.000000000000000000, 1.000000000000000000 ) ) ;
#2028 = CARTESIAN_POINT ( 'NONE',  ( -20.00000000000000000, -3.000000000000007105, -30.00000000000000000 ) ) ;
#2029 = EDGE_CURVE ( 'NONE', #1164, #965, #304, .T. ) ;
#2030 = PRODUCT_DEFINITION_FORMATION_WITH_SPECIFIED_SOURCE ( 'ANY', '', #157, .NOT_KNOWN. ) ;
#2031 = CARTESIAN_POINT ( 'NONE',  ( -12.50000000000000355, 18.00000000000000355, 43.00000000000000000 ) ) ;
#2032 = DIRECTION ( 'NONE',  ( -0.000000000000000000, 0.000000000000000000, 1.000000000000000000 ) ) ;
#2033 = DIRECTION ( 'NONE',  ( -0.000000000000000000, 1.000000000000000000, -0.000000000000000000 ) ) ;
#2034 = DIRECTION ( 'NONE',  ( -4.625929269271485914E-16, -1.000000000000000000, 0.000000000000000000 ) ) ;
#2035 = VECTOR ( 'NONE', #563, 1000.000000000000000 ) ;
#2036 = DIRECTION ( 'NONE',  ( -1.387778780781445676E-16, -1.000000000000000000, 0.000000000000000000 ) ) ;
#2037 = EDGE_LOOP ( 'NONE', ( #1283, #1358, #2482, #2079 ) ) ;
#2038 = ORIENTED_EDGE ( 'NONE', *, *, #641, .F. ) ;
#2039 = DIRECTION ( 'NONE',  ( 0.000000000000000000, 1.000000000000000000, 0.000000000000000000 ) ) ;
#2040 = CARTESIAN_POINT ( 'NONE',  ( -18.00000000000000355, -4.996003610813203643E-15, -30.00000000000000000 ) ) ;
#2041 = EDGE_CURVE ( 'NONE', #1926, #743, #1824, .T. ) ;
#2042 = DIRECTION ( 'NONE',  ( 1.000000000000000000, 2.775557561562890858E-16, -0.000000000000000000 ) ) ;
#2043 = ORIENTED_EDGE ( 'NONE', *, *, #544, .T. ) ;
#2044 = DIRECTION ( 'NONE',  ( -2.775557561562890858E-16, 1.000000000000000000, 0.000000000000000000 ) ) ;
#2045 = LINE ( 'NONE', #2265, #2174 ) ;
#2046 = VECTOR ( 'NONE', #1159, 1000.000000000000000 ) ;
#2047 = FACE_OUTER_BOUND ( 'NONE', #1126, .T. ) ;
#2048 = LINE ( 'NONE', #1389, #586 ) ;
#2049 = ORIENTED_EDGE ( 'NONE', *, *, #1587, .F. ) ;
#2050 = VERTEX_POINT ( 'NONE', #1976 ) ;
#2051 = FACE_OUTER_BOUND ( 'NONE', #2409, .T. ) ;
#2052 = LINE ( 'NONE', #2028, #2232 ) ;
#2053 = ADVANCED_FACE ( 'NONE', ( #547 ), #109, .F. ) ;
#2054 = AXIS2_PLACEMENT_3D ( 'NONE', #1008, #1832, #802 ) ;
#2055 = CARTESIAN_POINT ( 'NONE',  ( 12.50000000000000000, -27.99999999999999645, 0.000000000000000000 ) ) ;
#2056 = ORIENTED_EDGE ( 'NONE', *, *, #2421, .T. ) ;
#2057 = EDGE_CURVE ( 'NONE', #1247, #1557, #1054, .T. ) ;
#2058 = DIRECTION ( 'NONE',  ( 1.000000000000000000, 2.775557561562890858E-16, -0.000000000000000000 ) ) ;
#2059 = DIRECTION ( 'NONE',  ( 0.000000000000000000, 0.000000000000000000, 1.000000000000000000 ) ) ;
#2060 = EDGE_CURVE ( 'NONE', #865, #1925, #955, .T. ) ;
#2061 = CYLINDRICAL_SURFACE ( 'NONE', #2117, 1.625000000000001776 ) ;
#2062 = CARTESIAN_POINT ( 'NONE',  ( -20.00000000000000000, 6.383782391594651370E-14, -36.39827706071164215 ) ) ;
#2063 = VECTOR ( 'NONE', #2658, 1000.000000000000000 ) ;
#2064 = ORIENTED_EDGE ( 'NONE', *, *, #1341, .F. ) ;
#2065 = ORIENTED_EDGE ( 'NONE', *, *, #1123, .F. ) ;
#2066 = CARTESIAN_POINT ( 'NONE',  ( 20.00000000000000355, -12.49999999999999467, 3.000000000000000000 ) ) ;
#2067 = CARTESIAN_POINT ( 'NONE',  ( -11.00000000000000711, 16.00000000000000000, 17.50000000000000000 ) ) ;
#2068 = AXIS2_PLACEMENT_3D ( 'NONE', #1593, #101, #115 ) ;
#2069 = LINE ( 'NONE', #7, #657 ) ;
#2070 = CARTESIAN_POINT ( 'NONE',  ( 10.99999999999999822, 18.00000000000000355, 17.50000000000000000 ) ) ;
#2071 = CARTESIAN_POINT ( 'NONE',  ( -12.50000000000000000, -17.99999999999999645, 43.00000000000000000 ) ) ;
#2072 = EDGE_CURVE ( 'NONE', #2001, #970, #751, .T. ) ;
#2073 = DIRECTION ( 'NONE',  ( 1.000000000000000000, -2.312964634635743943E-16, 0.000000000000000000 ) ) ;
#2074 = CARTESIAN_POINT ( 'NONE',  ( 10.99999999999999822, 15.00000000000000355, 41.50000000000000000 ) ) ;
#2075 = ORIENTED_EDGE ( 'NONE', *, *, #2029, .F. ) ;
#2076 = VECTOR ( 'NONE', #1468, 1000.000000000000000 ) ;
#2077 = ORIENTED_EDGE ( 'NONE', *, *, #779, .F. ) ;
#2078 = CARTESIAN_POINT ( 'NONE',  ( -18.00000000000000355, 1.624999999999972022, -23.60172293928852127 ) ) ;
#2079 = ORIENTED_EDGE ( 'NONE', *, *, #1740, .T. ) ;
#2080 = CARTESIAN_POINT ( 'NONE',  ( 17.99999999999999645, 12.50000000000000533, -40.00000000000000000 ) ) ;
#2081 = ORIENTED_EDGE ( 'NONE', *, *, #42, .F. ) ;
#2082 = DIRECTION ( 'NONE',  ( 0.000000000000000000, 1.000000000000000000, 0.000000000000000000 ) ) ;
#2083 = FACE_BOUND ( 'NONE', #723, .T. ) ;
#2084 = DIRECTION ( 'NONE',  ( 0.000000000000000000, 0.000000000000000000, -1.000000000000000000 ) ) ;
#2085 = ADVANCED_FACE ( 'NONE', ( #942 ), #1723, .T. ) ;
#2086 = CARTESIAN_POINT ( 'NONE',  ( 9.750000000000001776, 16.00000000000000000, 5.499999999999998224 ) ) ;
#2087 = CIRCLE ( 'NONE', #787, 0.6250000000000005551 ) ;
#2088 = ORIENTED_EDGE ( 'NONE', *, *, #1935, .F. ) ;
#2089 = EDGE_CURVE ( 'NONE', #2433, #377, #2193, .T. ) ;
#2090 = LINE ( 'NONE', #1817, #2063 ) ;
#2091 = CYLINDRICAL_SURFACE ( 'NONE', #575, 3.000000000000001332 ) ;
#2092 = FACE_OUTER_BOUND ( 'NONE', #92, .T. ) ;
#2093 = CARTESIAN_POINT ( 'NONE',  ( 10.99999999999999822, 15.00000000000000355, 16.87500000000000000 ) ) ;
#2094 = AXIS2_PLACEMENT_3D ( 'NONE', #2067, #1652, #451 ) ;
#2095 = DIRECTION ( 'NONE',  ( -0.000000000000000000, -1.000000000000000000, -0.000000000000000000 ) ) ;
#2096 = LINE ( 'NONE', #1726, #2516 ) ;
#2097 = CIRCLE ( 'NONE', #569, 3.000000000000001332 ) ;
#2098 = ORIENTED_EDGE ( 'NONE', *, *, #1028, .F. ) ;
#2099 = DIRECTION ( 'NONE',  ( 1.000000000000000000, 2.775557561562890858E-16, -0.000000000000000000 ) ) ;
#2100 = EDGE_CURVE ( 'NONE', #345, #78, #1226, .T. ) ;
#2101 = EDGE_LOOP ( 'NONE', ( #79, #1009, #2605, #1364, #2650, #2349, #1600, #209 ) ) ;
#2102 = AXIS2_PLACEMENT_3D ( 'NONE', #2655, #1620, #2459 ) ;
#2103 = CARTESIAN_POINT ( 'NONE',  ( -18.00000000000000355, 1.625000000000066391, -36.39827706071164215 ) ) ;
#2104 = ADVANCED_FACE ( 'NONE', ( #2002 ), #163, .F. ) ;
#2105 = CIRCLE ( 'NONE', #1411, 1.625000000000004885 ) ;
#2106 = CARTESIAN_POINT ( 'NONE',  ( 20.00000000000000000, 1.625000000000076827, -36.39827706071164215 ) ) ;
#2107 = DIRECTION ( 'NONE',  ( -0.000000000000000000, 1.000000000000000000, -0.000000000000000000 ) ) ;
#2108 = PLANE ( 'NONE',  #1080 ) ;
#2109 = DIRECTION ( 'NONE',  ( 0.000000000000000000, 0.000000000000000000, 1.000000000000000000 ) ) ;
#2110 = PLANE ( 'NONE',  #1968 ) ;
#2111 = ORIENTED_EDGE ( 'NONE', *, *, #1373, .F. ) ;
#2112 = DIRECTION ( 'NONE',  ( -3.469446951953614189E-16, 1.000000000000000000, 0.000000000000000000 ) ) ;
#2113 = ORIENTED_EDGE ( 'NONE', *, *, #1244, .T. ) ;
#2114 = AXIS2_PLACEMENT_3D ( 'NONE', #1078, #234, #1308 ) ;
#2115 = ORIENTED_EDGE ( 'NONE', *, *, #3, .T. ) ;
#2116 = EDGE_CURVE ( 'NONE', #368, #1270, #1213, .T. ) ;
#2117 = AXIS2_PLACEMENT_3D ( 'NONE', #399, #1231, #179 ) ;
#2118 = DIRECTION ( 'NONE',  ( 0.000000000000000000, -1.000000000000000000, 0.000000000000000000 ) ) ;
#2119 = DIRECTION ( 'NONE',  ( 0.000000000000000000, 8.881784197001250351E-16, 1.000000000000000000 ) ) ;
#2120 = EDGE_CURVE ( 'NONE', #1420, #2418, #2483, .T. ) ;
#2121 = VECTOR ( 'NONE', #219, 1000.000000000000000 ) ;
#2122 = DIRECTION ( 'NONE',  ( 0.000000000000000000, 1.000000000000000000, 0.000000000000000000 ) ) ;
#2123 = FACE_BOUND ( 'NONE', #406, .T. ) ;
#2124 = DIRECTION ( 'NONE',  ( 0.000000000000000000, 1.000000000000000000, -0.000000000000000000 ) ) ;
#2125 = FACE_BOUND ( 'NONE', #284, .T. ) ;
#2126 = ORIENTED_EDGE ( 'NONE', *, *, #1007, .T. ) ;
#2127 = DIRECTION ( 'NONE',  ( 1.000000000000000000, 2.775557561562890858E-16, -0.000000000000000000 ) ) ;
#2128 = ORIENTED_EDGE ( 'NONE', *, *, #1071, .T. ) ;
#2129 = VECTOR ( 'NONE', #2653, 1000.000000000000000 ) ;
#2130 = VERTEX_POINT ( 'NONE', #381 ) ;
#2131 = CARTESIAN_POINT ( 'NONE',  ( 17.99999999999999645, -8.023277060711563990, -30.00000000000012790 ) ) ;
#2132 = VERTEX_POINT ( 'NONE', #816 ) ;
#2133 = EDGE_CURVE ( 'NONE', #1962, #566, #793, .T. ) ;
#2134 = CARTESIAN_POINT ( 'NONE',  ( 9.750000000000000000, -17.99999999999999645, 3.000000000000000000 ) ) ;
#2135 = FACE_BOUND ( 'NONE', #1701, .T. ) ;
#2136 = EDGE_CURVE ( 'NONE', #1932, #2158, #2450, .T. ) ;
#2137 = FACE_OUTER_BOUND ( 'NONE', #2392, .T. ) ;
#2138 = LINE ( 'NONE', #438, #1250 ) ;
#2139 = DIRECTION ( 'NONE',  ( -0.000000000000000000, -1.000000000000000000, -0.000000000000000000 ) ) ;
#2140 = VECTOR ( 'NONE', #1654, 1000.000000000000000 ) ;
#2141 = EDGE_CURVE ( 'NONE', #1731, #961, #1481, .T. ) ;
#2142 = ORIENTED_EDGE ( 'NONE', *, *, #1773, .T. ) ;
#2143 = ORIENTED_EDGE ( 'NONE', *, *, #1552, .F. ) ;
#2144 = DIRECTION ( 'NONE',  ( 0.000000000000000000, 1.000000000000000000, 0.000000000000000000 ) ) ;
#2145 = ORIENTED_EDGE ( 'NONE', *, *, #524, .T. ) ;
#2146 = VECTOR ( 'NONE', #778, 1000.000000000000000 ) ;
#2147 = ORIENTED_EDGE ( 'NONE', *, *, #983, .F. ) ;
#2148 = DIRECTION ( 'NONE',  ( -1.000000000000000000, -0.000000000000000000, -0.000000000000000000 ) ) ;
#2149 = AXIS2_PLACEMENT_3D ( 'NONE', #2480, #1421, #1408 ) ;
#2150 = ORIENTED_EDGE ( 'NONE', *, *, #2423, .F. ) ;
#2151 = ORIENTED_EDGE ( 'NONE', *, *, #1455, .T. ) ;
#2152 = DIRECTION ( 'NONE',  ( 0.000000000000000000, 1.000000000000000000, 0.000000000000000000 ) ) ;
#2153 = LINE ( 'NONE', #2166, #2266 ) ;
#2154 = VERTEX_POINT ( 'NONE', #1642 ) ;
#2155 = CARTESIAN_POINT ( 'NONE',  ( -11.00000000000000355, -18.99999999999999289, 21.00000000000000000 ) ) ;
#2156 = DIRECTION ( 'NONE',  ( 1.000000000000000000, 2.775557561562890858E-16, -0.000000000000000000 ) ) ;
#2157 = ADVANCED_FACE ( 'NONE', ( #1395 ), #2017, .T. ) ;
#2158 = VERTEX_POINT ( 'NONE', #2204 ) ;
#2159 = DIRECTION ( 'NONE',  ( 1.000000000000000000, 2.775557561562890858E-16, -0.000000000000000000 ) ) ;
#2160 = VERTEX_POINT ( 'NONE', #788 ) ;
#2161 = ORIENTED_EDGE ( 'NONE', *, *, #1160, .T. ) ;
#2162 = DIRECTION ( 'NONE',  ( 0.000000000000000000, -1.000000000000000000, 0.000000000000000000 ) ) ;
#2163 = ORIENTED_EDGE ( 'NONE', *, *, #1682, .T. ) ;
#2164 = ORIENTED_EDGE ( 'NONE', *, *, #871, .F. ) ;
#2165 = VECTOR ( 'NONE', #603, 1000.000000000000000 ) ;
#2166 = CARTESIAN_POINT ( 'NONE',  ( -9.749999999999998224, 0.000000000000000000, 43.00000000000000000 ) ) ;
#2167 = FACE_BOUND ( 'NONE', #401, .T. ) ;
#2168 = SURFACE_STYLE_FILL_AREA ( #84 ) ;
#2169 = ADVANCED_FACE ( 'NONE', ( #367 ), #2677, .T. ) ;
#2170 = VERTEX_POINT ( 'NONE', #765 ) ;
#2171 = CARTESIAN_POINT ( 'NONE',  ( -9.749999999999998224, -22.00000000000000000, 5.499999999999998224 ) ) ;
#2172 = EDGE_CURVE ( 'NONE', #465, #119, #2468, .T. ) ;
#2173 = VERTEX_POINT ( 'NONE', #2031 ) ;
#2174 = VECTOR ( 'NONE', #2278, 1000.000000000000000 ) ;
#2175 = CARTESIAN_POINT ( 'NONE',  ( 17.99999999999999289, 3.000000000000006661, -30.00000000000000000 ) ) ;
#2176 = VERTEX_POINT ( 'NONE', #2424 ) ;
#2177 = EDGE_LOOP ( 'NONE', ( #915, #2419, #1994, #1751 ) ) ;
#2178 = EDGE_CURVE ( 'NONE', #1676, #566, #1382, .T. ) ;
#2179 = VECTOR ( 'NONE', #1671, 1000.000000000000000 ) ;
#2180 = CARTESIAN_POINT ( 'NONE',  ( 9.750000000000001776, 16.00000000000000000, 43.00000000000000000 ) ) ;
#2181 = DIRECTION ( 'NONE',  ( 0.000000000000000000, 0.000000000000000000, -1.000000000000000000 ) ) ;
#2182 = DIRECTION ( 'NONE',  ( -0.000000000000000000, 1.000000000000000000, -0.000000000000000000 ) ) ;
#2183 = ORIENTED_EDGE ( 'NONE', *, *, #978, .T. ) ;
#2184 = AXIS2_PLACEMENT_3D ( 'NONE', #1668, #2520, #647 ) ;
#2185 = FACE_BOUND ( 'NONE', #277, .T. ) ;
#2186 = VECTOR ( 'NONE', #982, 1000.000000000000000 ) ;
#2187 = ORIENTED_EDGE ( 'NONE', *, *, #1341, .T. ) ;
#2188 = DIRECTION ( 'NONE',  ( 0.000000000000000000, 1.000000000000000000, 0.000000000000000000 ) ) ;
#2189 = EDGE_CURVE ( 'NONE', #65, #1829, #1808, .T. ) ;
#2190 = ORIENTED_EDGE ( 'NONE', *, *, #2373, .T. ) ;
#2191 = ORIENTED_EDGE ( 'NONE', *, *, #1010, .T. ) ;
#2192 = VECTOR ( 'NONE', #2528, 1000.000000000000000 ) ;
#2193 = LINE ( 'NONE', #1987, #1185 ) ;
#2194 = CARTESIAN_POINT ( 'NONE',  ( 12.50000000000000000, -12.49999999999999645, 3.000000000000000000 ) ) ;
#2195 = DIRECTION ( 'NONE',  ( 1.000000000000000000, 2.775557561562890858E-16, -0.000000000000000000 ) ) ;
#2196 = AXIS2_PLACEMENT_3D ( 'NONE', #1854, #823, #850 ) ;
#2197 = CARTESIAN_POINT ( 'NONE',  ( 10.99999999999999822, 16.00000000000000000, 40.87500000000000000 ) ) ;
#2198 = DIRECTION ( 'NONE',  ( 0.000000000000000000, 0.000000000000000000, 1.000000000000000000 ) ) ;
#2199 = VERTEX_POINT ( 'NONE', #776 ) ;
#2200 = CARTESIAN_POINT ( 'NONE',  ( 17.99999999999999289, 4.996003610813201276E-15, -30.00000000000000000 ) ) ;
#2201 = CARTESIAN_POINT ( 'NONE',  ( 10.99999999999999822, 18.00000000000000355, 17.50000000000000000 ) ) ;
#2202 = ORIENTED_EDGE ( 'NONE', *, *, #309, .F. ) ;
#2203 = ADVANCED_FACE ( 'NONE', ( #1599 ), #1201, .F. ) ;
#2204 = CARTESIAN_POINT ( 'NONE',  ( 12.50000000000000000, -27.99999999999999645, 3.000000000000001332 ) ) ;
#2205 = VERTEX_POINT ( 'NONE', #1412 ) ;
#2206 = VECTOR ( 'NONE', #549, 1000.000000000000000 ) ;
#2207 = ADVANCED_FACE ( 'NONE', ( #2247 ), #176, .F. ) ;
#2208 = LINE ( 'NONE', #1809, #1318 ) ;
#2209 = CARTESIAN_POINT ( 'NONE',  ( -9.749999999999998224, -17.99999999999999645, 3.000000000000000000 ) ) ;
#2210 = ORIENTED_EDGE ( 'NONE', *, *, #35, .T. ) ;
#2211 = DIRECTION ( 'NONE',  ( 0.000000000000000000, 0.000000000000000000, 1.000000000000000000 ) ) ;
#2212 = AXIS2_PLACEMENT_3D ( 'NONE', #1696, #2328, #652 ) ;
#2213 = EDGE_LOOP ( 'NONE', ( #2151, #335, #1379, #921 ) ) ;
#2214 = EDGE_LOOP ( 'NONE', ( #2590, #746, #1316, #1847 ) ) ;
#2215 = CARTESIAN_POINT ( 'NONE',  ( -18.00000000000000355, 2.999999999999996447, -30.00000000000000000 ) ) ;
#2216 = DIRECTION ( 'NONE',  ( 0.000000000000000000, 0.000000000000000000, 1.000000000000000000 ) ) ;
#2217 = CARTESIAN_POINT ( 'NONE',  ( -11.00000000000000711, 15.00000000000000355, 16.87500000000000000 ) ) ;
#2218 = ORIENTED_EDGE ( 'NONE', *, *, #2423, .T. ) ;
#2219 = VECTOR ( 'NONE', #434, 1000.000000000000000 ) ;
#2220 = ADVANCED_FACE ( 'NONE', ( #599 ), #1424, .F. ) ;
#2221 = VECTOR ( 'NONE', #1319, 1000.000000000000000 ) ;
#2222 = FACE_BOUND ( 'NONE', #771, .T. ) ;
#2223 = CARTESIAN_POINT ( 'NONE',  ( -11.00000000000000711, 15.00000000000000355, 17.50000000000000000 ) ) ;
#2224 = EDGE_CURVE ( 'NONE', #2383, #345, #1451, .T. ) ;
#2225 = DIRECTION ( 'NONE',  ( 1.000000000000000000, 0.000000000000000000, 0.000000000000000000 ) ) ;
#2226 = LINE ( 'NONE', #1000, #1200 ) ;
#2227 = VERTEX_POINT ( 'NONE', #2103 ) ;
#2228 = EDGE_CURVE ( 'NONE', #1736, #1765, #2497, .T. ) ;
#2229 = ORIENTED_EDGE ( 'NONE', *, *, #1337, .T. ) ;
#2230 = CARTESIAN_POINT ( 'NONE',  ( -11.00000000000000355, 18.00000000000000355, 41.50000000000000000 ) ) ;
#2231 = PLANE ( 'NONE',  #359 ) ;
#2232 = VECTOR ( 'NONE', #161, 1000.000000000000000 ) ;
#2233 = DIRECTION ( 'NONE',  ( 0.000000000000000000, 1.000000000000000000, 0.000000000000000000 ) ) ;
#2234 = AXIS2_PLACEMENT_3D ( 'NONE', #1414, #2005, #2249 ) ;
#2235 = CARTESIAN_POINT ( 'NONE',  ( 0.000000000000000000, 0.000000000000000000, 0.000000000000000000 ) ) ;
#2236 = CARTESIAN_POINT ( 'NONE',  ( -12.50000000000000000, -27.99999999999999645, 3.000000000000001332 ) ) ;
#2237 = AXIS2_PLACEMENT_3D ( 'NONE', #390, #2464, #1004 ) ;
#2238 = DIRECTION ( 'NONE',  ( -0.000000000000000000, 1.000000000000000000, -0.000000000000000000 ) ) ;
#2239 = EDGE_CURVE ( 'NONE', #183, #1187, #316, .T. ) ;
#2240 = VECTOR ( 'NONE', #1554, 1000.000000000000000 ) ;
#2241 = DIRECTION ( 'NONE',  ( 0.000000000000000000, 1.000000000000000000, 0.000000000000000000 ) ) ;
#2242 = ORIENTED_EDGE ( 'NONE', *, *, #825, .T. ) ;
#2243 = VECTOR ( 'NONE', #985, 1000.000000000000000 ) ;
#2244 = ORIENTED_EDGE ( 'NONE', *, *, #963, .F. ) ;
#2245 = CARTESIAN_POINT ( 'NONE',  ( -18.00000000000000355, -8.023277060711572872, -30.00000000000012790 ) ) ;
#2246 = DIRECTION ( 'NONE',  ( 1.000000000000000000, 0.000000000000000000, -0.000000000000000000 ) ) ;
#2247 = FACE_OUTER_BOUND ( 'NONE', #1729, .T. ) ;
#2248 = ORIENTED_EDGE ( 'NONE', *, *, #1567, .F. ) ;
#2249 = DIRECTION ( 'NONE',  ( 0.000000000000000000, 1.000000000000000000, 0.000000000000000000 ) ) ;
#2250 = DIRECTION ( 'NONE',  ( 0.000000000000000000, 0.000000000000000000, 1.000000000000000000 ) ) ;
#2251 = CARTESIAN_POINT ( 'NONE',  ( 17.99999999999999645, 12.50000000000000533, 0.000000000000000000 ) ) ;
#2252 = AXIS2_PLACEMENT_3D ( 'NONE', #999, #2238, #194 ) ;
#2253 = CARTESIAN_POINT ( 'NONE',  ( -9.749999999999998224, 16.00000000000000000, 5.499999999999998224 ) ) ;
#2254 = ORIENTED_EDGE ( 'NONE', *, *, #1769, .F. ) ;
#2255 = EDGE_CURVE ( 'NONE', #530, #964, #96, .T. ) ;
#2256 = ORIENTED_EDGE ( 'NONE', *, *, #53, .F. ) ;
#2257 = VECTOR ( 'NONE', #861, 1000.000000000000000 ) ;
#2258 = DIRECTION ( 'NONE',  ( -1.000000000000000000, -0.000000000000000000, -0.000000000000000000 ) ) ;
#2259 = CARTESIAN_POINT ( 'NONE',  ( 20.00000000000000355, -12.49999999999999467, 0.000000000000000000 ) ) ;
#2260 = ADVANCED_FACE ( 'NONE', ( #421 ), #2091, .F. ) ;
#2261 = CARTESIAN_POINT ( 'NONE',  ( -20.00000000000000355, 8.023277060711562214, -30.00000000000000000 ) ) ;
#2262 = VERTEX_POINT ( 'NONE', #1680 ) ;
#2263 = ADVANCED_FACE ( 'NONE', ( #201 ), #228, .F. ) ;
#2264 = CARTESIAN_POINT ( 'NONE',  ( -12.50000000000000355, 18.00000000000000355, 43.00000000000000000 ) ) ;
#2265 = CARTESIAN_POINT ( 'NONE',  ( -20.00000000000000355, 9.999999999999994671, -30.00000000000000000 ) ) ;
#2266 = VECTOR ( 'NONE', #286, 1000.000000000000000 ) ;
#2267 = CARTESIAN_POINT ( 'NONE',  ( -9.749999999999998224, 18.00000000000000355, 43.00000000000000000 ) ) ;
#2268 = CARTESIAN_POINT ( 'NONE',  ( 12.49999999999999645, 28.00000000000000355, 0.000000000000000000 ) ) ;
#2269 = ORIENTED_EDGE ( 'NONE', *, *, #1917, .F. ) ;
#2270 = ORIENTED_EDGE ( 'NONE', *, *, #1514, .T. ) ;
#2271 = CARTESIAN_POINT ( 'NONE',  ( -12.50000000000000355, 28.00000000000000355, 0.000000000000000000 ) ) ;
#2272 = DIRECTION ( 'NONE',  ( 0.000000000000000000, 0.000000000000000000, 1.000000000000000000 ) ) ;
#2273 = ORIENTED_EDGE ( 'NONE', *, *, #208, .T. ) ;
#2274 = EDGE_CURVE ( 'NONE', #2158, #571, #2069, .T. ) ;
#2275 = VECTOR ( 'NONE', #704, 1000.000000000000000 ) ;
#2276 = DIRECTION ( 'NONE',  ( -1.000000000000000000, 0.000000000000000000, -0.000000000000000000 ) ) ;
#2277 = PLANE ( 'NONE',  #2452 ) ;
#2278 = DIRECTION ( 'NONE',  ( -0.000000000000000000, -1.000000000000000000, -0.000000000000000000 ) ) ;
#2279 = CARTESIAN_POINT ( 'NONE',  ( -12.50000000000000000, -15.99999999999999289, 43.00000000000000000 ) ) ;
#2280 = CYLINDRICAL_SURFACE ( 'NONE', #2545, 1.625000000000003997 ) ;
#2281 = CIRCLE ( 'NONE', #278, 1.625000000000004885 ) ;
#2282 = VERTEX_POINT ( 'NONE', #457 ) ;
#2283 = ORIENTED_EDGE ( 'NONE', *, *, #1499, .T. ) ;
#2284 = CARTESIAN_POINT ( 'NONE',  ( -18.00000000000000355, 6.439293542825909197E-14, -36.39827706071164215 ) ) ;
#2285 = VECTOR ( 'NONE', #306, 1000.000000000000000 ) ;
#2286 = VERTEX_POINT ( 'NONE', #842 ) ;
#2287 = DIRECTION ( 'NONE',  ( 0.000000000000000000, 1.000000000000000000, 0.000000000000000000 ) ) ;
#2288 = EDGE_CURVE ( 'NONE', #571, #734, #241, .T. ) ;
#2289 = DIRECTION ( 'NONE',  ( 0.000000000000000000, 1.000000000000000000, 0.000000000000000000 ) ) ;
#2290 = DIRECTION ( 'NONE',  ( -0.000000000000000000, 1.000000000000000000, -0.000000000000000000 ) ) ;
#2291 = EDGE_CURVE ( 'NONE', #844, #110, #1267, .T. ) ;
#2292 = CARTESIAN_POINT ( 'NONE',  ( 10.99999999999999822, -18.99999999999999289, 20.37500000000000000 ) ) ;
#2293 = LINE ( 'NONE', #1882, #2556 ) ;
#2294 = AXIS2_PLACEMENT_3D ( 'NONE', #1563, #2195, #2400 ) ;
#2295 = ORIENTED_EDGE ( 'NONE', *, *, #1045, .T. ) ;
#2296 = DIRECTION ( 'NONE',  ( -1.000000000000000000, 0.000000000000000000, -0.000000000000000000 ) ) ;
#2297 = ORIENTED_EDGE ( 'NONE', *, *, #38, .F. ) ;
#2298 = CARTESIAN_POINT ( 'NONE',  ( -20.00000000000000000, -2.983724378680108202E-14, -23.60172293928852127 ) ) ;
#2299 = EDGE_LOOP ( 'NONE', ( #1913, #1418, #2013, #1856, #291, #1790, #2463, #389 ) ) ;
#2300 = CARTESIAN_POINT ( 'NONE',  ( -12.50000000000000000, -15.99999999999999289, 43.00000000000000000 ) ) ;
#2301 = CARTESIAN_POINT ( 'NONE',  ( 30.00000000000000000, 12.50000000000000888, 0.000000000000000000 ) ) ;
#2302 = AXIS2_PLACEMENT_3D ( 'NONE', #694, #1535, #1345 ) ;
#2303 = DIRECTION ( 'NONE',  ( 0.000000000000000000, 1.000000000000000000, 0.000000000000000000 ) ) ;
#2304 = CARTESIAN_POINT ( 'NONE',  ( -19.99999999999999645, -4.773277060711567543, -30.00000000000012790 ) ) ;
#2305 = ADVANCED_FACE ( 'NONE', ( #1474 ), #1863, .T. ) ;
#2306 = AXIS2_PLACEMENT_3D ( 'NONE', #1707, #160, #554 ) ;
#2307 = ORIENTED_EDGE ( 'NONE', *, *, #2701, .F. ) ;
#2308 = CARTESIAN_POINT ( 'NONE',  ( 10.99999999999999822, 18.00000000000000355, 40.87500000000000000 ) ) ;
#2309 = EDGE_CURVE ( 'NONE', #867, #2227, #1251, .T. ) ;
#2310 = EDGE_LOOP ( 'NONE', ( #2065, #1513 ) ) ;
#2311 = CYLINDRICAL_SURFACE ( 'NONE', #621, 0.6250000000000005551 ) ;
#2312 = AXIS2_PLACEMENT_3D ( 'NONE', #93, #1767, #1103 ) ;
#2313 = CARTESIAN_POINT ( 'NONE',  ( -12.50000000000000000, -15.99999999999999289, 43.00000000000000000 ) ) ;
#2314 = DIRECTION ( 'NONE',  ( 0.000000000000000000, 0.000000000000000000, 1.000000000000000000 ) ) ;
#2315 = VECTOR ( 'NONE', #2337, 1000.000000000000000 ) ;
#2316 = FACE_BOUND ( 'NONE', #2678, .T. ) ;
#2317 = CARTESIAN_POINT ( 'NONE',  ( -12.50000000000000000, -15.99999999999999289, 43.00000000000000000 ) ) ;
#2318 = LINE ( 'NONE', #290, #1188 ) ;
#2319 = ADVANCED_FACE ( 'NONE', ( #1285 ), #2311, .F. ) ;
#2320 = AXIS2_PLACEMENT_3D ( 'NONE', #1216, #1643, #1189 ) ;
#2321 = ORIENTED_EDGE ( 'NONE', *, *, #809, .T. ) ;
#2322 = VECTOR ( 'NONE', #1111, 1000.000000000000000 ) ;
#2323 = PLANE ( 'NONE',  #1489 ) ;
#2324 = CIRCLE ( 'NONE', #17, 0.6250000000000005551 ) ;
#2325 = DIRECTION ( 'NONE',  ( 0.000000000000000000, 1.000000000000000000, 0.000000000000000000 ) ) ;
#2326 = LINE ( 'NONE', #1088, #2679 ) ;
#2327 = CARTESIAN_POINT ( 'NONE',  ( 10.99999999999999822, 16.00000000000000000, 41.50000000000000000 ) ) ;
#2328 = DIRECTION ( 'NONE',  ( -0.000000000000000000, 1.000000000000000000, -0.000000000000000000 ) ) ;
#2329 = CARTESIAN_POINT ( 'NONE',  ( -30.00000000000000711, 12.49999999999999822, 3.000000000000000000 ) ) ;
#2330 = LINE ( 'NONE', #1034, #1588 ) ;
#2331 = ORIENTED_EDGE ( 'NONE', *, *, #2408, .T. ) ;
#2332 = DIRECTION ( 'NONE',  ( 1.000000000000000000, 2.775557561562890858E-16, 0.000000000000000000 ) ) ;
#2333 = ORIENTED_EDGE ( 'NONE', *, *, #2239, .T. ) ;
#2334 = EDGE_CURVE ( 'NONE', #1173, #403, #659, .T. ) ;
#2335 = VECTOR ( 'NONE', #2388, 1000.000000000000000 ) ;
#2336 = ORIENTED_EDGE ( 'NONE', *, *, #1887, .F. ) ;
#2337 = DIRECTION ( 'NONE',  ( -2.775557561562891351E-16, 1.000000000000000000, -0.000000000000000000 ) ) ;
#2338 = EDGE_CURVE ( 'NONE', #2173, #889, #1085, .T. ) ;
#2339 = EDGE_LOOP ( 'NONE', ( #267, #520 ) ) ;
#2340 = LINE ( 'NONE', #2134, #2221 ) ;
#2341 = CIRCLE ( 'NONE', #1776, 1.625000000000003997 ) ;
#2342 = LINE ( 'NONE', #447, #960 ) ;
#2343 = ADVANCED_FACE ( 'NONE', ( #1705 ), #1037, .F. ) ;
#2344 = ORIENTED_EDGE ( 'NONE', *, *, #2408, .F. ) ;
#2345 = LINE ( 'NONE', #1467, #2479 ) ;
#2346 = LINE ( 'NONE', #681, #1503 ) ;
#2347 =( NAMED_UNIT ( * ) SI_UNIT ( $, .STERADIAN. ) SOLID_ANGLE_UNIT ( ) );
#2348 = ORIENTED_EDGE ( 'NONE', *, *, #1564, .T. ) ;
#2349 = ORIENTED_EDGE ( 'NONE', *, *, #1956, .F. ) ;
#2350 = CARTESIAN_POINT ( 'NONE',  ( 17.99999999999999645, -6.398277060711560438, -30.00000000000012790 ) ) ;
#2351 = ORIENTED_EDGE ( 'NONE', *, *, #654, .F. ) ;
#2352 = AXIS2_PLACEMENT_3D ( 'NONE', #562, #1631, #1385 ) ;
#2353 = ORIENTED_EDGE ( 'NONE', *, *, #1010, .F. ) ;
#2354 = DIRECTION ( 'NONE',  ( -0.000000000000000000, 0.000000000000000000, 1.000000000000000000 ) ) ;
#2355 = ORIENTED_EDGE ( 'NONE', *, *, #53, .T. ) ;
#2356 = VERTEX_POINT ( 'NONE', #408 ) ;
#2357 = ADVANCED_FACE ( 'NONE', ( #831 ), #104, .F. ) ;
#2358 = DIRECTION ( 'NONE',  ( 1.000000000000000000, 0.000000000000000000, 0.000000000000000000 ) ) ;
#2359 = LINE ( 'NONE', #2371, #1134 ) ;
#2360 = VECTOR ( 'NONE', #136, 1000.000000000000000 ) ;
#2361 = DIRECTION ( 'NONE',  ( 1.000000000000000000, 0.000000000000000000, 0.000000000000000000 ) ) ;
#2362 = LINE ( 'NONE', #1952, #901 ) ;
#2363 = CARTESIAN_POINT ( 'NONE',  ( -20.00000000000000000, 1.624999999999971134, -23.60172293928852127 ) ) ;
#2364 = CIRCLE ( 'NONE', #1397, 3.000000000000002665 ) ;
#2365 = EDGE_LOOP ( 'NONE', ( #1032, #59, #700, #943 ) ) ;
#2366 = DIRECTION ( 'NONE',  ( 0.000000000000000000, 1.000000000000000000, 0.000000000000000000 ) ) ;
#2367 = ORIENTED_EDGE ( 'NONE', *, *, #2309, .F. ) ;
#2368 = CARTESIAN_POINT ( 'NONE',  ( 17.99999999999999289, -2.999999999999996447, -30.00000000000000000 ) ) ;
#2369 = ORIENTED_EDGE ( 'NONE', *, *, #1060, .T. ) ;
#2370 = ORIENTED_EDGE ( 'NONE', *, *, #726, .T. ) ;
#2371 = CARTESIAN_POINT ( 'NONE',  ( -12.49999999999999822, -17.99999999999999645, 3.000000000000000000 ) ) ;
#2372 = VECTOR ( 'NONE', #2564, 1000.000000000000000 ) ;
#2373 = EDGE_CURVE ( 'NONE', #2130, #345, #1330, .T. ) ;
#2374 = LINE ( 'NONE', #1771, #372 ) ;
#2375 = LINE ( 'NONE', #1551, #680 ) ;
#2376 = ADVANCED_FACE ( 'NONE', ( #1719 ), #895, .T. ) ;
#2377 = CARTESIAN_POINT ( 'NONE',  ( 10.99999999999999822, 16.00000000000000000, 41.50000000000000000 ) ) ;
#2378 = FACE_BOUND ( 'NONE', #1911, .T. ) ;
#2379 = ORIENTED_EDGE ( 'NONE', *, *, #208, .F. ) ;
#2380 = ADVANCED_FACE ( 'NONE', ( #910 ), #2395, .F. ) ;
#2381 = VERTEX_POINT ( 'NONE', #2368 ) ;
#2382 = FACE_OUTER_BOUND ( 'NONE', #875, .T. ) ;
#2383 = VERTEX_POINT ( 'NONE', #471 ) ;
#2384 = VERTEX_POINT ( 'NONE', #2175 ) ;
#2385 = AXIS2_PLACEMENT_3D ( 'NONE', #2473, #2654, #781 ) ;
#2386 = DIRECTION ( 'NONE',  ( 0.000000000000000000, 1.000000000000000000, 0.000000000000000000 ) ) ;
#2387 = CARTESIAN_POINT ( 'NONE',  ( 12.50000000000000000, -12.49999999999999645, 0.000000000000000000 ) ) ;
#2388 = DIRECTION ( 'NONE',  ( -0.000000000000000000, -1.000000000000000000, -0.000000000000000000 ) ) ;
#2389 = ORIENTED_EDGE ( 'NONE', *, *, #2683, .T. ) ;
#2390 = EDGE_CURVE ( 'NONE', #2606, #2132, #1100, .T. ) ;
#2391 = DIRECTION ( 'NONE',  ( 1.000000000000000000, -2.312964634635743943E-16, 0.000000000000000000 ) ) ;
#2392 = EDGE_LOOP ( 'NONE', ( #45, #1547, #1343, #1902 ) ) ;
#2393 = EDGE_CURVE ( 'NONE', #2412, #2538, #1571, .T. ) ;
#2394 = AXIS2_PLACEMENT_3D ( 'NONE', #1961, #1549, #2621 ) ;
#2395 = PLANE ( 'NONE',  #2402 ) ;
#2396 = EDGE_LOOP ( 'NONE', ( #2088, #2075 ) ) ;
#2397 = ORIENTED_EDGE ( 'NONE', *, *, #1325, .T. ) ;
#2398 = CARTESIAN_POINT ( 'NONE',  ( 12.50000000000000000, -12.49999999999999645, 0.000000000000000000 ) ) ;
#2399 = DIRECTION ( 'NONE',  ( -0.000000000000000000, 1.000000000000000000, -0.000000000000000000 ) ) ;
#2400 = DIRECTION ( 'NONE',  ( 0.000000000000000000, 1.000000000000000000, 0.000000000000000000 ) ) ;
#2401 = ORIENTED_EDGE ( 'NONE', *, *, #1174, .F. ) ;
#2402 = AXIS2_PLACEMENT_3D ( 'NONE', #2574, #1300, #1353 ) ;
#2403 = CARTESIAN_POINT ( 'NONE',  ( 10.99999999999999822, -15.99999999999999289, 41.50000000000000000 ) ) ;
#2404 = EDGE_CURVE ( 'NONE', #1969, #1506, #61, .T. ) ;
#2405 = ORIENTED_EDGE ( 'NONE', *, *, #2544, .T. ) ;
#2406 = CARTESIAN_POINT ( 'NONE',  ( -9.749999999999998224, -17.99999999999999645, 5.499999999999998224 ) ) ;
#2407 = DIRECTION ( 'NONE',  ( 1.000000000000000000, 2.775557561562890858E-16, -0.000000000000000000 ) ) ;
#2408 = EDGE_CURVE ( 'NONE', #836, #2527, #1764, .T. ) ;
#2409 = EDGE_LOOP ( 'NONE', ( #2587, #236, #817, #2191 ) ) ;
#2410 = CIRCLE ( 'NONE', #1237, 0.6250000000000005551 ) ;
#2411 = DIRECTION ( 'NONE',  ( -2.312964634635741971E-16, 1.000000000000000000, 0.000000000000000000 ) ) ;
#2412 = VERTEX_POINT ( 'NONE', #2131 ) ;
#2413 = CYLINDRICAL_SURFACE ( 'NONE', #1760, 0.6250000000000005551 ) ;
#2414 = SURFACE_STYLE_USAGE ( .BOTH. , #344 ) ;
#2415 = VECTOR ( 'NONE', #1444, 1000.000000000000000 ) ;
#2416 = CARTESIAN_POINT ( 'NONE',  ( 0.000000000000000000, -27.99999999999999645, 0.000000000000000000 ) ) ;
#2417 = DIRECTION ( 'NONE',  ( 0.000000000000000000, 1.000000000000000000, 0.000000000000000000 ) ) ;
#2418 = VERTEX_POINT ( 'NONE', #77 ) ;
#2419 = ORIENTED_EDGE ( 'NONE', *, *, #274, .T. ) ;
#2420 = CARTESIAN_POINT ( 'NONE',  ( -18.00000000000000355, 6.439293542825909197E-14, -36.39827706071164215 ) ) ;
#2421 = EDGE_CURVE ( 'NONE', #2282, #865, #1311, .T. ) ;
#2422 = FACE_OUTER_BOUND ( 'NONE', #1472, .T. ) ;
#2423 = EDGE_CURVE ( 'NONE', #1390, #1056, #924, .T. ) ;
#2424 = CARTESIAN_POINT ( 'NONE',  ( -19.99999999999999645, -12.50000000000001066, -30.00000000000000000 ) ) ;
#2425 = PRODUCT_DEFINITION_CONTEXT ( 'detailed design', #806, 'design' ) ;
#2426 = EDGE_LOOP ( 'NONE', ( #941, #348 ) ) ;
#2427 = AXIS2_PLACEMENT_3D ( 'NONE', #1539, #2565, #1964 ) ;
#2428 = FACE_BOUND ( 'NONE', #515, .T. ) ;
#2429 = EDGE_CURVE ( 'NONE', #1778, #1003, #1750, .T. ) ;
#2430 = PLANE ( 'NONE',  #2352 ) ;
#2431 = DIRECTION ( 'NONE',  ( -1.000000000000000000, -2.775557561562890858E-16, -0.000000000000000000 ) ) ;
#2432 = CYLINDRICAL_SURFACE ( 'NONE', #1025, 0.6250000000000005551 ) ;
#2433 = VERTEX_POINT ( 'NONE', #2588 ) ;
#2434 = ORIENTED_EDGE ( 'NONE', *, *, #1466, .F. ) ;
#2435 = CARTESIAN_POINT ( 'NONE',  ( -12.50000000000000355, 16.00000000000000000, 3.000000000000000000 ) ) ;
#2436 = CARTESIAN_POINT ( 'NONE',  ( -12.50000000000000355, 18.00000000000000355, 3.000000000000000000 ) ) ;
#2437 = CARTESIAN_POINT ( 'NONE',  ( -20.00000000000000355, 12.50000000000000711, 0.000000000000000000 ) ) ;
#2438 = VECTOR ( 'NONE', #762, 1000.000000000000000 ) ;
#2439 = EDGE_CURVE ( 'NONE', #2433, #1391, #722, .T. ) ;
#2440 = CARTESIAN_POINT ( 'NONE',  ( -11.00000000000000355, -18.99999999999999289, 42.12500000000000000 ) ) ;
#2441 = LINE ( 'NONE', #1217, #1432 ) ;
#2442 = LINE ( 'NONE', #1619, #1772 ) ;
#2443 = CARTESIAN_POINT ( 'NONE',  ( 12.49999999999999645, 18.00000000000000355, 43.00000000000000000 ) ) ;
#2444 = ORIENTED_EDGE ( 'NONE', *, *, #2025, .F. ) ;
#2445 = AXIS2_PLACEMENT_3D ( 'NONE', #23, #1049, #256 ) ;
#2446 = ORIENTED_EDGE ( 'NONE', *, *, #1536, .T. ) ;
#2447 = CYLINDRICAL_SURFACE ( 'NONE', #2149, 1.625000000000003997 ) ;
#2448 = DIRECTION ( 'NONE',  ( 0.000000000000000000, 1.000000000000000000, 0.000000000000000000 ) ) ;
#2449 = VECTOR ( 'NONE', #1640, 1000.000000000000000 ) ;
#2450 = LINE ( 'NONE', #2055, #971 ) ;
#2451 = ORIENTED_EDGE ( 'NONE', *, *, #1207, .F. ) ;
#2452 = AXIS2_PLACEMENT_3D ( 'NONE', #1657, #880, #869 ) ;
#2453 = DIRECTION ( 'NONE',  ( 1.000000000000000000, 2.775557561562890858E-16, -0.000000000000000000 ) ) ;
#2454 = DIRECTION ( 'NONE',  ( 0.000000000000000000, 1.000000000000000000, 0.000000000000000000 ) ) ;
#2455 = ADVANCED_FACE ( 'NONE', ( #2382 ), #485, .F. ) ;
#2456 = EDGE_LOOP ( 'NONE', ( #797, #2444, #95, #1206, #1069, #2495, #1717, #1898, #1662, #2164, #505, #1130 ) ) ;
#2457 = DIRECTION ( 'NONE',  ( 1.387778780781445676E-16, 1.000000000000000000, -0.000000000000000000 ) ) ;
#2458 = CIRCLE ( 'NONE', #1980, 1.625000000000003997 ) ;
#2459 = DIRECTION ( 'NONE',  ( -1.000000000000000000, 2.312964634635743943E-16, 0.000000000000000000 ) ) ;
#2460 = ADVANCED_FACE ( 'NONE', ( #1141 ), #1971, .F. ) ;
#2461 = ORIENTED_EDGE ( 'NONE', *, *, #489, .T. ) ;
#2462 = AXIS2_PLACEMENT_3D ( 'NONE', #1323, #2580, #1334 ) ;
#2463 = ORIENTED_EDGE ( 'NONE', *, *, #1835, .F. ) ;
#2464 = DIRECTION ( 'NONE',  ( 0.000000000000000000, 1.000000000000000000, 0.000000000000000000 ) ) ;
#2465 = EDGE_CURVE ( 'NONE', #2543, #1512, #1984, .T. ) ;
#2466 = DIRECTION ( 'NONE',  ( 1.000000000000000000, 2.775557561562890858E-16, -0.000000000000000000 ) ) ;
#2467 = PRODUCT_DEFINITION_SHAPE ( 'NONE', 'NONE',  #747 ) ;
#2468 = LINE ( 'NONE', #2261, #2628 ) ;
#2469 = VERTEX_POINT ( 'NONE', #268 ) ;
#2470 = FACE_BOUND ( 'NONE', #1965, .T. ) ;
#2471 = CYLINDRICAL_SURFACE ( 'NONE', #1784, 0.6250000000000005551 ) ;
#2472 = CIRCLE ( 'NONE', #1721, 1.625000000000003997 ) ;
#2473 = CARTESIAN_POINT ( 'NONE',  ( -9.749999999999998224, -22.00000000000000000, 80.49999999999998579 ) ) ;
#2474 = AXIS2_PLACEMENT_3D ( 'NONE', #2583, #715, #114 ) ;
#2475 = DIRECTION ( 'NONE',  ( -0.000000000000000000, -0.000000000000000000, -1.000000000000000000 ) ) ;
#2476 = EDGE_LOOP ( 'NONE', ( #1191, #683, #1019, #541 ) ) ;
#2477 = EDGE_CURVE ( 'NONE', #2205, #484, #1927, .T. ) ;
#2478 = ORIENTED_EDGE ( 'NONE', *, *, #1871, .F. ) ;
#2479 = VECTOR ( 'NONE', #2095, 1000.000000000000000 ) ;
#2480 = CARTESIAN_POINT ( 'NONE',  ( -20.00000000000000355, 6.398277060711558661, -30.00000000000000000 ) ) ;
#2481 = LINE ( 'NONE', #1908, #795 ) ;
#2482 = ORIENTED_EDGE ( 'NONE', *, *, #764, .T. ) ;
#2483 = LINE ( 'NONE', #1172, #1013 ) ;
#2484 = DIRECTION ( 'NONE',  ( 0.000000000000000000, 0.000000000000000000, -1.000000000000000000 ) ) ;
#2485 = CARTESIAN_POINT ( 'NONE',  ( 17.99999999999999289, -12.49999999999999645, -40.00000000000000000 ) ) ;
#2486 = AXIS2_PLACEMENT_3D ( 'NONE', #858, #1305, #37 ) ;
#2487 = DIRECTION ( 'NONE',  ( -1.000000000000000000, 0.000000000000000000, 0.000000000000000000 ) ) ;
#2488 = CYLINDRICAL_SURFACE ( 'NONE', #546, 1.625000000000003997 ) ;
#2489 = VERTEX_POINT ( 'NONE', #2000 ) ;
#2490 = EDGE_LOOP ( 'NONE', ( #1988, #2609 ) ) ;
#2491 = PLANE ( 'NONE',  #1537 ) ;
#2492 = DIRECTION ( 'NONE',  ( 1.000000000000000000, 2.775557561562890858E-16, -0.000000000000000000 ) ) ;
#2493 = EDGE_CURVE ( 'NONE', #622, #734, #134, .T. ) ;
#2494 = VECTOR ( 'NONE', #1438, 1000.000000000000000 ) ;
#2495 = ORIENTED_EDGE ( 'NONE', *, *, #1212, .F. ) ;
#2496 = VECTOR ( 'NONE', #2118, 1000.000000000000000 ) ;
#2497 = LINE ( 'NONE', #1875, #1921 ) ;
#2498 = ADVANCED_FACE ( 'NONE', ( #2675 ), #173, .F. ) ;
#2499 = CARTESIAN_POINT ( 'NONE',  ( -18.00000000000000355, -4.996003610813203643E-15, -30.00000000000000000 ) ) ;
#2500 = CARTESIAN_POINT ( 'NONE',  ( -18.00000000000000355, 9.999999999999994671, -30.00000000000000000 ) ) ;
#2501 = LINE ( 'NONE', #2708, #821 ) ;
#2502 = DIRECTION ( 'NONE',  ( 1.000000000000000000, 2.775557561562890858E-16, 0.000000000000000000 ) ) ;
#2503 = VECTOR ( 'NONE', #1282, 1000.000000000000000 ) ;
#2504 = ORIENTED_EDGE ( 'NONE', *, *, #212, .T. ) ;
#2505 = ORIENTED_EDGE ( 'NONE', *, *, #927, .F. ) ;
#2506 = DIRECTION ( 'NONE',  ( 1.000000000000000000, 2.775557561562891351E-16, 0.000000000000000000 ) ) ;
#2507 = ORIENTED_EDGE ( 'NONE', *, *, #1071, .F. ) ;
#2508 = CARTESIAN_POINT ( 'NONE',  ( 0.000000000000000000, 28.00000000000000355, 0.000000000000000000 ) ) ;
#2509 = VERTEX_POINT ( 'NONE', #1184 ) ;
#2510 = EDGE_CURVE ( 'NONE', #2606, #2262, #774, .T. ) ;
#2511 = DIRECTION ( 'NONE',  ( 1.000000000000000000, 2.775557561562890858E-16, 0.000000000000000000 ) ) ;
#2512 = DIRECTION ( 'NONE',  ( -0.000000000000000000, -0.000000000000000000, -1.000000000000000000 ) ) ;
#2513 = EDGE_CURVE ( 'NONE', #1557, #1926, #2052, .T. ) ;
#2514 = LINE ( 'NONE', #39, #952 ) ;
#2515 = CARTESIAN_POINT ( 'NONE',  ( 9.750000000000001776, 0.000000000000000000, 43.00000000000000000 ) ) ;
#2516 = VECTOR ( 'NONE', #40, 1000.000000000000000 ) ;
#2517 = VERTEX_POINT ( 'NONE', #749 ) ;
#2518 = DIRECTION ( 'NONE',  ( 1.000000000000000000, -1.387778780781445676E-16, 0.000000000000000000 ) ) ;
#2519 = ORIENTED_EDGE ( 'NONE', *, *, #1713, .F. ) ;
#2520 = DIRECTION ( 'NONE',  ( 1.000000000000000000, 2.775557561562890858E-16, 0.000000000000000000 ) ) ;
#2521 = DIRECTION ( 'NONE',  ( 0.000000000000000000, 1.000000000000000000, 0.000000000000000000 ) ) ;
#2522 = FACE_BOUND ( 'NONE', #666, .T. ) ;
#2523 = ADVANCED_FACE ( 'NONE', ( #568 ), #1410, .F. ) ;
#2524 = VECTOR ( 'NONE', #50, 1000.000000000000000 ) ;
#2525 = FACE_BOUND ( 'NONE', #2396, .T. ) ;
#2526 = DIRECTION ( 'NONE',  ( 1.000000000000000000, 2.775557561562890858E-16, 0.000000000000000000 ) ) ;
#2527 = VERTEX_POINT ( 'NONE', #1793 ) ;
#2528 = DIRECTION ( 'NONE',  ( -0.000000000000000000, 1.000000000000000000, -0.000000000000000000 ) ) ;
#2529 = DIRECTION ( 'NONE',  ( -0.000000000000000000, 1.000000000000000000, -0.000000000000000000 ) ) ;
#2530 = ORIENTED_EDGE ( 'NONE', *, *, #608, .T. ) ;
#2531 = VECTOR ( 'NONE', #1914, 1000.000000000000000 ) ;
#2532 = CARTESIAN_POINT ( 'NONE',  ( -20.00000000000000000, -5.551115123125781124E-15, -30.00000000000000000 ) ) ;
#2533 = CARTESIAN_POINT ( 'NONE',  ( 10.99999999999999822, -15.99999999999999289, 21.00000000000000000 ) ) ;
#2534 = FACE_BOUND ( 'NONE', #197, .T. ) ;
#2535 = ADVANCED_FACE ( 'NONE', ( #1367, #2647, #186, #1393, #763 ), #2231, .F. ) ;
#2536 = CARTESIAN_POINT ( 'NONE',  ( 9.750000000000001776, -17.99999999999999645, 5.499999999999998224 ) ) ;
#2537 = DIRECTION ( 'NONE',  ( 0.000000000000000000, 0.000000000000000000, 1.000000000000000000 ) ) ;
#2538 = VERTEX_POINT ( 'NONE', #2634 ) ;
#2539 = EDGE_CURVE ( 'NONE', #1595, #2001, #1586, .T. ) ;
#2540 = VECTOR ( 'NONE', #773, 1000.000000000000000 ) ;
#2541 = CARTESIAN_POINT ( 'NONE',  ( -20.00000000000000000, -1.625000000000030864, -23.60172293928852127 ) ) ;
#2542 = ORIENTED_EDGE ( 'NONE', *, *, #1256, .F. ) ;
#2543 = VERTEX_POINT ( 'NONE', #2259 ) ;
#2544 = EDGE_CURVE ( 'NONE', #1390, #1973, #786, .T. ) ;
#2545 = AXIS2_PLACEMENT_3D ( 'NONE', #1194, #593, #578 ) ;
#2546 = DIRECTION ( 'NONE',  ( -0.000000000000000000, 1.000000000000000000, -0.000000000000000000 ) ) ;
#2547 = CARTESIAN_POINT ( 'NONE',  ( -20.00000000000000000, 1.625000000000065725, -36.39827706071164215 ) ) ;
#2548 = CARTESIAN_POINT ( 'NONE',  ( -11.00000000000000711, 16.00000000000000000, 17.50000000000000000 ) ) ;
#2549 = VERTEX_POINT ( 'NONE', #1818 ) ;
#2550 = DIRECTION ( 'NONE',  ( -1.000000000000000000, 0.000000000000000000, -0.000000000000000000 ) ) ;
#2551 = CARTESIAN_POINT ( 'NONE',  ( 10.99999999999999822, 16.00000000000000000, 17.50000000000000000 ) ) ;
#2552 = ORIENTED_EDGE ( 'NONE', *, *, #1540, .F. ) ;
#2553 = EDGE_LOOP ( 'NONE', ( #2190, #518, #2111, #1942, #1413, #1650, #1220, #1986 ) ) ;
#2554 = DIRECTION ( 'NONE',  ( 0.000000000000000000, 0.000000000000000000, 1.000000000000000000 ) ) ;
#2555 = ORIENTED_EDGE ( 'NONE', *, *, #1466, .T. ) ;
#2556 = VECTOR ( 'NONE', #479, 1000.000000000000000 ) ;
#2557 = EDGE_CURVE ( 'NONE', #752, #887, #1381, .T. ) ;
#2558 = VERTEX_POINT ( 'NONE', #1005 ) ;
#2559 = CARTESIAN_POINT ( 'NONE',  ( 0.000000000000000000, 0.000000000000000000, 43.00000000000000000 ) ) ;
#2560 = ORIENTED_EDGE ( 'NONE', *, *, #2668, .F. ) ;
#2561 = CARTESIAN_POINT ( 'NONE',  ( 17.99999999999999289, 4.996003610813201276E-15, -30.00000000000000000 ) ) ;
#2562 = DIRECTION ( 'NONE',  ( 0.000000000000000000, 0.000000000000000000, 1.000000000000000000 ) ) ;
#2563 = ORIENTED_EDGE ( 'NONE', *, *, #1638, .T. ) ;
#2564 = DIRECTION ( 'NONE',  ( 1.000000000000000000, 2.775557561562890858E-16, -0.000000000000000000 ) ) ;
#2565 = DIRECTION ( 'NONE',  ( -1.000000000000000000, 0.000000000000000000, 0.000000000000000000 ) ) ;
#2566 = FACE_BOUND ( 'NONE', #2310, .T. ) ;
#2567 = EDGE_LOOP ( 'NONE', ( #2451, #120, #2461, #2218, #1496, #1741, #2321, #714 ) ) ;
#2568 = CARTESIAN_POINT ( 'NONE',  ( -12.50000000000000000, -12.49999999999999822, 3.000000000000000000 ) ) ;
#2569 = ORIENTED_EDGE ( 'NONE', *, *, #574, .T. ) ;
#2570 = VECTOR ( 'NONE', #11, 1000.000000000000000 ) ;
#2571 = AXIS2_PLACEMENT_3D ( 'NONE', #2230, #1504, #1168 ) ;
#2572 = ORIENTED_EDGE ( 'NONE', *, *, #1058, .F. ) ;
#2573 = ADVANCED_FACE ( 'NONE', ( #2422 ), #2659, .F. ) ;
#2574 = CARTESIAN_POINT ( 'NONE',  ( -20.00000000000000355, 9.999999999999994671, -30.00000000000000000 ) ) ;
#2575 = ORIENTED_EDGE ( 'NONE', *, *, #1094, .T. ) ;
#2576 = ORIENTED_EDGE ( 'NONE', *, *, #2288, .F. ) ;
#2577 = CARTESIAN_POINT ( 'NONE',  ( 12.49999999999999645, 12.50000000000000000, 3.000000000000000000 ) ) ;
#2578 = PLANE ( 'NONE',  #696 ) ;
#2579 = AXIS2_PLACEMENT_3D ( 'NONE', #1589, #2692, #2233 ) ;
#2580 = DIRECTION ( 'NONE',  ( -1.000000000000000000, 0.000000000000000000, 0.000000000000000000 ) ) ;
#2581 = CARTESIAN_POINT ( 'NONE',  ( 12.50000000000000000, -15.99999999999999289, 43.00000000000000000 ) ) ;
#2582 = AXIS2_PLACEMENT_3D ( 'NONE', #2201, #337, #2216 ) ;
#2583 = CARTESIAN_POINT ( 'NONE',  ( -18.00000000000000355, -6.398277060711570208, -30.00000000000012790 ) ) ;
#2584 = DIRECTION ( 'NONE',  ( 0.000000000000000000, 0.000000000000000000, 1.000000000000000000 ) ) ;
#2585 = ORIENTED_EDGE ( 'NONE', *, *, #805, .F. ) ;
#2586 = AXIS2_PLACEMENT_3D ( 'NONE', #411, #1263, #2082 ) ;
#2587 = ORIENTED_EDGE ( 'NONE', *, *, #908, .T. ) ;
#2588 = CARTESIAN_POINT ( 'NONE',  ( 12.49999999999999645, 18.00000000000000355, 43.00000000000000000 ) ) ;
#2589 = VECTOR ( 'NONE', #1258, 1000.000000000000000 ) ;
#2590 = ORIENTED_EDGE ( 'NONE', *, *, #2429, .T. ) ;
#2591 = ORIENTED_EDGE ( 'NONE', *, *, #2189, .F. ) ;
#2592 = VECTOR ( 'NONE', #1982, 1000.000000000000000 ) ;
#2593 = CARTESIAN_POINT ( 'NONE',  ( 9.750000000000001776, -22.00000000000000000, 80.49999999999998579 ) ) ;
#2594 = ORIENTED_EDGE ( 'NONE', *, *, #2465, .F. ) ;
#2595 = VECTOR ( 'NONE', #2399, 1000.000000000000000 ) ;
#2596 = ADVANCED_FACE ( 'NONE', ( #583 ), #1224, .F. ) ;
#2597 = DIRECTION ( 'NONE',  ( -0.000000000000000000, 1.000000000000000000, -0.000000000000000000 ) ) ;
#2598 = DIRECTION ( 'NONE',  ( 1.000000000000000000, 0.000000000000000000, -0.000000000000000000 ) ) ;
#2599 = EDGE_CURVE ( 'NONE', #970, #78, #1169, .T. ) ;
#2600 = ORIENTED_EDGE ( 'NONE', *, *, #2309, .T. ) ;
#2601 = DIRECTION ( 'NONE',  ( 0.000000000000000000, 1.000000000000000000, 0.000000000000000000 ) ) ;
#2602 = ORIENTED_EDGE ( 'NONE', *, *, #1855, .T. ) ;
#2603 = CIRCLE ( 'NONE', #461, 1.625000000000003997 ) ;
#2604 = CARTESIAN_POINT ( 'NONE',  ( 17.99999999999999645, 12.50000000000000533, -30.00000000000000000 ) ) ;
#2605 = ORIENTED_EDGE ( 'NONE', *, *, #456, .F. ) ;
#2606 = VERTEX_POINT ( 'NONE', #1831 ) ;
#2607 = AXIS2_PLACEMENT_3D ( 'NONE', #2416, #550, #1744 ) ;
#2608 = CARTESIAN_POINT ( 'NONE',  ( 0.000000000000000000, 0.000000000000000000, 43.00000000000000000 ) ) ;
#2609 = ORIENTED_EDGE ( 'NONE', *, *, #2041, .T. ) ;
#2610 = VECTOR ( 'NONE', #2431, 1000.000000000000000 ) ;
#2611 = CARTESIAN_POINT ( 'NONE',  ( -20.00000000000000000, -5.551115123125781124E-15, -30.00000000000000000 ) ) ;
#2612 = LINE ( 'NONE', #2209, #2206 ) ;
#2613 = EDGE_CURVE ( 'NONE', #1431, #1542, #2016, .T. ) ;
#2614 = CARTESIAN_POINT ( 'NONE',  ( 20.00000000000000000, 7.494005416219806648E-14, -36.39827706071164215 ) ) ;
#2615 = CARTESIAN_POINT ( 'NONE',  ( -12.50000000000000355, 16.00000000000000000, 43.00000000000000000 ) ) ;
#2616 = EDGE_CURVE ( 'NONE', #743, #1926, #2364, .T. ) ;
#2617 = ORIENTED_EDGE ( 'NONE', *, *, #407, .T. ) ;
#2618 = AXIS2_PLACEMENT_3D ( 'NONE', #167, #1203, #2454 ) ;
#2619 = DIRECTION ( 'NONE',  ( -0.000000000000000000, -0.000000000000000000, 1.000000000000000000 ) ) ;
#2620 = ORIENTED_EDGE ( 'NONE', *, *, #825, .F. ) ;
#2621 = DIRECTION ( 'NONE',  ( 0.000000000000000000, 0.000000000000000000, 1.000000000000000000 ) ) ;
#2622 = ORIENTED_EDGE ( 'NONE', *, *, #1303, .F. ) ;
#2623 = CARTESIAN_POINT ( 'NONE',  ( -19.99999999999999645, -10.00000000000000533, -30.00000000000000000 ) ) ;
#2624 = PLANE ( 'NONE',  #1947 ) ;
#2625 = SHAPE_DEFINITION_REPRESENTATION ( #2467, #946 ) ;
#2626 = EDGE_CURVE ( 'NONE', #1157, #240, #227, .T. ) ;
#2627 = ORIENTED_EDGE ( 'NONE', *, *, #1158, .F. ) ;
#2628 = VECTOR ( 'NONE', #148, 1000.000000000000000 ) ;
#2629 = DIRECTION ( 'NONE',  ( 0.000000000000000000, 1.000000000000000000, 0.000000000000000000 ) ) ;
#2630 = ORIENTED_EDGE ( 'NONE', *, *, #2421, .F. ) ;
#2631 = ADVANCED_FACE ( 'NONE', ( #463 ), #41, .F. ) ;
#2632 = EDGE_LOOP ( 'NONE', ( #1362, #1214, #595, #32, #1396, #2003, #323, #702 ) ) ;
#2633 = DIRECTION ( 'NONE',  ( 0.000000000000000000, 1.000000000000000000, 0.000000000000000000 ) ) ;
#2634 = CARTESIAN_POINT ( 'NONE',  ( 17.99999999999999645, -4.773277060711556885, -30.00000000000012790 ) ) ;
#2635 = VERTEX_POINT ( 'NONE', #68 ) ;
#2636 = EDGE_CURVE ( 'NONE', #78, #2262, #2318, .T. ) ;
#2637 = AXIS2_PLACEMENT_3D ( 'NONE', #610, #2039, #2689 ) ;
#2638 = DIRECTION ( 'NONE',  ( 1.000000000000000000, 0.000000000000000000, 0.000000000000000000 ) ) ;
#2639 = ORIENTED_EDGE ( 'NONE', *, *, #2668, .T. ) ;
#2640 = CARTESIAN_POINT ( 'NONE',  ( -19.99999999999999645, -4.773277060711567543, -30.00000000000012790 ) ) ;
#2641 = LINE ( 'NONE', #573, #613 ) ;
#2642 = LINE ( 'NONE', #2251, #29 ) ;
#2643 = CARTESIAN_POINT ( 'NONE',  ( -20.00000000000000355, 6.398277060711558661, -30.00000000000000000 ) ) ;
#2644 = ORIENTED_EDGE ( 'NONE', *, *, #1450, .T. ) ;
#2645 = ORIENTED_EDGE ( 'NONE', *, *, #654, .T. ) ;
#2646 = CARTESIAN_POINT ( 'NONE',  ( -12.50000000000000000, -27.99999999999999645, 0.000000000000000000 ) ) ;
#2647 = FACE_BOUND ( 'NONE', #253, .T. ) ;
#2648 = EDGE_CURVE ( 'NONE', #1676, #2356, #1748, .T. ) ;
#2649 = DIRECTION ( 'NONE',  ( 1.000000000000000000, 2.775557561562890858E-16, -0.000000000000000000 ) ) ;
#2650 = ORIENTED_EDGE ( 'NONE', *, *, #841, .F. ) ;
#2651 = AXIS2_PLACEMENT_3D ( 'NONE', #1523, #1743, #1324 ) ;
#2652 = FACE_BOUND ( 'NONE', #501, .T. ) ;
#2653 = DIRECTION ( 'NONE',  ( -0.000000000000000000, -0.000000000000000000, -1.000000000000000000 ) ) ;
#2654 = DIRECTION ( 'NONE',  ( -1.000000000000000000, 0.000000000000000000, -0.000000000000000000 ) ) ;
#2655 = CARTESIAN_POINT ( 'NONE',  ( -19.99999999999999645, -12.49999999999999645, 3.000000000000000000 ) ) ;
#2656 = EDGE_LOOP ( 'NONE', ( #2336, #1073, #706, #2645 ) ) ;
#2657 = ORIENTED_EDGE ( 'NONE', *, *, #1028, .T. ) ;
#2658 = DIRECTION ( 'NONE',  ( -0.000000000000000000, 0.000000000000000000, 1.000000000000000000 ) ) ;
#2659 = CYLINDRICAL_SURFACE ( 'NONE', #1016, 3.000000000000001332 ) ;
#2660 = VECTOR ( 'NONE', #2512, 1000.000000000000000 ) ;
#2661 = EDGE_CURVE ( 'NONE', #1731, #893, #1937, .T. ) ;
#2662 = CARTESIAN_POINT ( 'NONE',  ( 10.99999999999999822, -18.99999999999999289, 41.50000000000000000 ) ) ;
#2663 = ORIENTED_EDGE ( 'NONE', *, *, #425, .T. ) ;
#2664 = CIRCLE ( 'NONE', #1473, 3.000000000000001332 ) ;
#2665 = EDGE_CURVE ( 'NONE', #1272, #377, #903, .T. ) ;
#2666 = FACE_BOUND ( 'NONE', #2011, .T. ) ;
#2667 = DIRECTION ( 'NONE',  ( 0.000000000000000000, 1.000000000000000000, 0.000000000000000000 ) ) ;
#2668 = EDGE_CURVE ( 'NONE', #2527, #798, #1280, .T. ) ;
#2669 = CARTESIAN_POINT ( 'NONE',  ( -18.00000000000000355, -1.625000000000030198, -23.60172293928852127 ) ) ;
#2670 = PLANE ( 'NONE',  #2102 ) ;
#2671 = ORIENTED_EDGE ( 'NONE', *, *, #641, .T. ) ;
#2672 = AXIS2_PLACEMENT_3D ( 'NONE', #969, #1795, #1023 ) ;
#2673 = ORIENTED_EDGE ( 'NONE', *, *, #2439, .T. ) ;
#2674 = LINE ( 'NONE', #1664, #760 ) ;
#2675 = FACE_OUTER_BOUND ( 'NONE', #2553, .T. ) ;
#2676 = VECTOR ( 'NONE', #800, 1000.000000000000000 ) ;
#2677 = PLANE ( 'NONE',  #1230 ) ;
#2678 = EDGE_LOOP ( 'NONE', ( #905, #1794 ) ) ;
#2679 = VECTOR ( 'NONE', #49, 1000.000000000000000 ) ;
#2680 = VECTOR ( 'NONE', #864, 1000.000000000000000 ) ;
#2681 = FACE_BOUND ( 'NONE', #637, .T. ) ;
#2682 = DIRECTION ( 'NONE',  ( -0.000000000000000000, -0.000000000000000000, 1.000000000000000000 ) ) ;
#2683 = EDGE_CURVE ( 'NONE', #1156, #2549, #99, .T. ) ;
#2684 = FACE_OUTER_BOUND ( 'NONE', #333, .T. ) ;
#2685 = AXIS2_PLACEMENT_3D ( 'NONE', #835, #1814, #782 ) ;
#2686 = CARTESIAN_POINT ( 'NONE',  ( -12.50000000000000000, -12.49999999999999822, 3.000000000000000000 ) ) ;
#2687 = ORIENTED_EDGE ( 'NONE', *, *, #1058, .T. ) ;
#2688 = ORIENTED_EDGE ( 'NONE', *, *, #1718, .T. ) ;
#2689 = DIRECTION ( 'NONE',  ( 0.000000000000000000, 0.000000000000000000, 1.000000000000000000 ) ) ;
#2690 = CARTESIAN_POINT ( 'NONE',  ( 10.99999999999999822, -17.99999999999999645, 41.50000000000000000 ) ) ;
#2691 = EDGE_LOOP ( 'NONE', ( #2594, #1144, #1763, #517, #2049, #2552 ) ) ;
#2692 = DIRECTION ( 'NONE',  ( 1.000000000000000000, -1.387778780781445676E-16, 0.000000000000000000 ) ) ;
#2693 = VERTEX_POINT ( 'NONE', #1480 ) ;
#2694 = PLANE ( 'NONE',  #448 ) ;
#2695 = CARTESIAN_POINT ( 'NONE',  ( -11.00000000000000355, -15.99999999999999289, 20.37500000000000000 ) ) ;
#2696 = DIRECTION ( 'NONE',  ( -1.000000000000000000, -0.000000000000000000, -0.000000000000000000 ) ) ;
#2697 = ADVANCED_FACE ( 'NONE', ( #1079, #2125, #2566, #263, #1524 ), #2110, .F. ) ;
#2698 = LINE ( 'NONE', #2268, #668 ) ;
#2699 = EDGE_LOOP ( 'NONE', ( #149, #953, #892, #2270 ) ) ;
#2700 = ORIENTED_EDGE ( 'NONE', *, *, #2255, .T. ) ;
#2701 = EDGE_CURVE ( 'NONE', #1378, #1681, #2481, .T. ) ;
#2702 = CARTESIAN_POINT ( 'NONE',  ( -18.00000000000000355, -1.624999999999937383, -36.39827706071164215 ) ) ;
#2703 = CARTESIAN_POINT ( 'NONE',  ( 10.99999999999999822, -15.99999999999999289, 41.50000000000000000 ) ) ;
#2704 = DIRECTION ( 'NONE',  ( 0.000000000000000000, 1.000000000000000000, 0.000000000000000000 ) ) ;
#2705 = CARTESIAN_POINT ( 'NONE',  ( 9.750000000000001776, -22.00000000000000000, 80.49999999999998579 ) ) ;
#2706 = CARTESIAN_POINT ( 'NONE',  ( -11.00000000000000355, -15.99999999999999289, 40.87500000000000000 ) ) ;
#2707 = AXIS2_PLACEMENT_3D ( 'NONE', #1866, #1695, #630 ) ;
#2708 = CARTESIAN_POINT ( 'NONE',  ( -19.99999999999999645, -12.49999999999999645, 3.000000000000000000 ) ) ;
#2709 = CARTESIAN_POINT ( 'NONE',  ( -20.00000000000000355, 6.398277060711558661, -30.00000000000000000 ) ) ;
#2710 = ORIENTED_EDGE ( 'NONE', *, *, #8, .F. ) ;
#2711 = EDGE_CURVE ( 'NONE', #844, #878, #2330, .T. ) ;
ENDSEC;
END-ISO-10303-21;
